date,ret
1991-07-04,
1991-07-05,
1991-07-08,
1991-07-09,
1991-07-10,
1991-07-11,
1991-07-12,
1991-07-15,
1991-07-16,
1991-07-17,
1991-07-18,
1991-07-19,
1991-07-22,
1991-07-23,
1991-07-24,
1991-07-25,
1991-07-26,
1991-07-29,
1991-07-30,
1991-07-31,0.3
1991-08-01,0.35
1991-08-02,0.3
1991-08-05,0.35
1991-08-06,0.35
1991-08-07,0.35
1991-08-08,0.3
1991-08-09,0.3
1991-08-12,0.3
1991-08-13,0.35
1991-08-14,0.35
1991-08-15,0.4
1991-08-16,0.35
1991-08-19,0.35
1991-08-20,0.35
1991-08-21,0.3
1991-08-22,0.3
1991-08-23,0.3
1991-08-26,0.3
1991-08-27,0.3
1991-08-28,0.25
1991-08-29,0.2
1991-08-30,0.2
1991-09-02,0.2
1991-09-03,0.2
1991-09-04,0.25
1991-09-05,0.25
1991-09-06,0.25
1991-09-09,0.3
1991-09-10,0.3
1991-09-11,0.35
1991-09-12,0.35
1991-09-13,0.35
1991-09-16,0.3
1991-09-17,0.3
1991-09-18,0.3
1991-09-19,0.3
1991-09-20,0.3
1991-09-23,0.35
1991-09-24,0.35
1991-09-25,0.35
1991-09-26,0.35
1991-09-27,0.4
1991-09-30,0.4
1991-10-03,0.45
1991-10-04,0.4
1991-10-07,0.45
1991-10-08,0.5
1991-10-09,0.5
1991-10-10,0.45
1991-10-11,0.45
1991-10-14,0.45
1991-10-15,0.45
1991-10-16,0.45
1991-10-17,0.5
1991-10-18,0.55
1991-10-21,0.55
1991-10-22,0.55
1991-10-23,0.55
1991-10-24,0.6
1991-10-25,0.6
1991-10-28,0.65
1991-10-29,0.65
1991-10-30,0.65
1991-10-31,0.65
1991-11-01,0.7
1991-11-04,0.7
1991-11-05,0.65
1991-11-06,0.6
1991-11-07,0.65
1991-11-08,0.65
1991-11-11,0.6
1991-11-12,0.65
1991-11-13,0.7
1991-11-14,0.7
1991-11-15,0.65
1991-11-18,0.65
1991-11-19,0.7
1991-11-20,0.65
1991-11-21,0.6
1991-11-22,0.65
1991-11-25,0.6
1991-11-26,0.55
1991-11-27,0.55
1991-11-28,0.5
1991-11-29,0.5
1991-12-02,0.45
1991-12-03,0.5
1991-12-04,0.5
1991-12-05,0.45
1991-12-06,0.45
1991-12-09,0.5
1991-12-10,0.5
1991-12-11,0.45
1991-12-12,0.4
1991-12-13,0.4
1991-12-16,0.45
1991-12-17,0.4
1991-12-18,0.45
1991-12-19,0.45
1991-12-20,0.4
1991-12-23,0.45
1991-12-24,0.5
1991-12-25,0.45
1991-12-26,0.45
1991-12-27,0.45
1991-12-30,0.5
1991-12-31,0.45
1992-01-02,0.5
1992-01-03,0.55
1992-01-06,0.55
1992-01-07,0.55
1992-01-08,0.5
1992-01-09,0.5
1992-01-10,0.55
1992-01-13,0.55
1992-01-14,0.5
1992-01-15,0.5
1992-01-16,0.45
1992-01-17,0.45
1992-01-20,0.5
1992-01-21,0.45
1992-01-22,0.45
1992-01-23,0.5
1992-01-24,0.55
1992-01-27,0.5
1992-01-28,0.5
1992-01-29,0.55
1992-01-30,0.55
1992-01-31,0.55
1992-02-03,0.5
1992-02-07,0.45
1992-02-10,0.45
1992-02-11,0.45
1992-02-12,0.45
1992-02-13,0.5
1992-02-14,0.5
1992-02-17,0.5
1992-02-18,0.5
1992-02-19,0.55
1992-02-20,0.55
1992-02-21,0.55
1992-02-24,0.5
1992-02-25,0.45
1992-02-26,0.4
1992-02-27,0.45
1992-02-28,0.45
1992-03-02,0.4
1992-03-03,0.4
1992-03-04,0.35
1992-03-05,0.4
1992-03-06,0.4
1992-03-09,0.4
1992-03-10,0.45
1992-03-11,0.4
1992-03-12,0.4
1992-03-13,0.45
1992-03-16,0.5
1992-03-17,0.5
1992-03-18,0.5
1992-03-19,0.45
1992-03-20,0.45
1992-03-23,0.5
1992-03-24,0.55
1992-03-25,0.6
1992-03-26,0.6
1992-03-27,0.6
1992-03-30,0.65
1992-03-31,0.625
1992-04-01,0.625
1992-04-02,0.6
1992-04-03,0.65
1992-04-06,0.7
1992-04-07,0.7
1992-04-08,0.725
1992-04-09,0.7
1992-04-10,0.7
1992-04-13,0.7
1992-04-14,0.75
1992-04-15,0.725
1992-04-16,0.775
1992-04-17,0.825
1992-04-20,0.8
1992-04-21,0.775
1992-04-22,0.75
1992-04-23,0.75
1992-04-24,0.75
1992-04-27,0.725
1992-04-28,0.75
1992-04-29,0.8
1992-04-30,0.825
1992-05-04,0.825
1992-05-05,0.825
1992-05-06,0.8
1992-05-07,0.8
1992-05-08,0.825
1992-05-11,0.8
1992-05-12,0.8
1992-05-13,0.775
1992-05-14,0.775
1992-05-15,0.75
1992-05-18,0.725
1992-05-19,0.75
1992-05-20,0.75
1992-05-21,0.75
1992-05-22,0.725
1992-05-25,0.725
1992-05-26,0.725
1992-05-27,0.7
1992-05-28,0.65
1992-05-29,0.65
1992-06-01,0.625
1992-06-02,0.575
1992-06-03,0.55
1992-06-04,0.575
1992-06-05,0.55
1992-06-08,0.525
1992-06-09,0.5
1992-06-10,0.525
1992-06-11,0.5
1992-06-12,0.5
1992-06-15,0.5
1992-06-16,0.475
1992-06-17,0.475
1992-06-18,0.45
1992-06-19,0.475
1992-06-22,0.425
1992-06-23,0.425
1992-06-24,0.4
1992-06-25,0.45
1992-06-26,0.45
1992-06-29,0.4583333333333333
1992-06-30,0.4916666666666667
1992-07-01,0.5083333333333333
1992-07-02,0.4583333333333333
1992-07-03,0.4666666666666667
1992-07-06,0.4666666666666667
1992-07-07,0.475
1992-07-08,0.4416666666666667
1992-07-09,0.4583333333333333
1992-07-10,0.45
1992-07-13,0.4583333333333333
1992-07-14,0.45
1992-07-15,0.425
1992-07-16,0.475
1992-07-17,0.4583333333333333
1992-07-20,0.4916666666666666
1992-07-21,0.4833333333333333
1992-07-22,0.5
1992-07-23,0.5
1992-07-24,0.4666666666666666
1992-07-27,0.4833333333333334
1992-07-28,0.45
1992-07-29,0.4666666666666667
1992-07-30,0.5
1992-07-31,0.4833333333333333
1992-08-03,0.4833333333333333
1992-08-04,0.5
1992-08-05,0.4999999999999999
1992-08-06,0.4833333333333333
1992-08-07,0.5
1992-08-10,0.5
1992-08-11,0.4833333333333333
1992-08-12,0.5
1992-08-13,0.4666666666666666
1992-08-14,0.4833333333333333
1992-08-17,0.5
1992-08-18,0.5
1992-08-19,0.5166666666666666
1992-08-20,0.4666666666666666
1992-08-21,0.45
1992-08-24,0.4
1992-08-25,0.4
1992-08-26,0.41666666666666663
1992-08-27,0.4
1992-08-28,0.3833333333333333
1992-08-31,0.3833333333333333
1992-09-01,0.36666666666666664
1992-09-02,0.3833333333333333
1992-09-03,0.3833333333333333
1992-09-04,0.35
1992-09-07,0.31666666666666665
1992-09-08,0.35
1992-09-09,0.3666666666666667
1992-09-10,0.3833333333333333
1992-09-11,0.36666666666666664
1992-09-14,0.3333333333333333
1992-09-15,0.3333333333333333
1992-09-16,0.35
1992-09-17,0.3833333333333333
1992-09-18,0.3833333333333333
1992-09-21,0.3833333333333333
1992-09-22,0.3833333333333333
1992-09-23,0.36666666666666664
1992-09-24,0.4
1992-09-25,0.4166666666666667
1992-09-28,0.4166666666666667
1992-09-29,0.39999999999999997
1992-09-30,0.36666666666666664
1992-10-05,0.38333333333333336
1992-10-06,0.38333333333333336
1992-10-07,0.4166666666666667
1992-10-08,0.4
1992-10-09,0.39999999999999997
1992-10-12,0.4
1992-10-13,0.36666666666666664
1992-10-14,0.35
1992-10-15,0.3833333333333333
1992-10-16,0.35
1992-10-19,0.31666666666666665
1992-10-20,0.3333333333333333
1992-10-21,0.3333333333333333
1992-10-22,0.3333333333333333
1992-10-23,0.31666666666666665
1992-10-26,0.26666666666666666
1992-10-27,0.25
1992-10-28,0.2833333333333333
1992-10-29,0.3166666666666667
1992-10-30,0.3666666666666667
1992-11-02,0.35
1992-11-03,0.3833333333333333
1992-11-04,0.35
1992-11-05,0.3333333333333333
1992-11-06,0.3
1992-11-09,0.26666666666666666
1992-11-10,0.26666666666666666
1992-11-11,0.2833333333333333
1992-11-12,0.25
1992-11-13,0.23333333333333334
1992-11-16,0.23333333333333334
1992-11-17,0.2166666666666667
1992-11-18,0.2666666666666667
1992-11-19,0.3
1992-11-20,0.3
1992-11-23,0.31666666666666665
1992-11-24,0.36666666666666664
1992-11-25,0.3833333333333333
1992-11-26,0.36666666666666664
1992-11-27,0.35
1992-11-30,0.4
1992-12-01,0.4
1992-12-02,0.4
1992-12-03,0.4333333333333333
1992-12-04,0.4833333333333333
1992-12-07,0.5166666666666667
1992-12-08,0.5166666666666667
1992-12-09,0.5
1992-12-10,0.4833333333333334
1992-12-11,0.5333333333333334
1992-12-14,0.5333333333333334
1992-12-15,0.5333333333333334
1992-12-16,0.5333333333333334
1992-12-17,0.5166666666666666
1992-12-18,0.5333333333333334
1992-12-21,0.5666666666666667
1992-12-22,0.5166666666666666
1992-12-23,0.5
1992-12-24,0.5166666666666667
1992-12-25,0.5166666666666666
1992-12-28,0.4833333333333333
1992-12-29,0.5
1992-12-30,0.5333333333333333
1992-12-31,0.5333333333333333
1993-01-04,0.5166666666666667
1993-01-05,0.4999999999999999
1993-01-06,0.5333333333333333
1993-01-07,0.5708333333333333
1993-01-08,0.6083333333333333
1993-01-11,0.5958333333333333
1993-01-12,0.6208333333333333
1993-01-13,0.6708333333333333
1993-01-14,0.6458333333333333
1993-01-15,0.6541666666666667
1993-01-18,0.6458333333333334
1993-01-19,0.6208333333333333
1993-01-20,0.6541666666666667
1993-01-21,0.6541666666666666
1993-01-22,0.6208333333333333
1993-01-27,0.6208333333333333
1993-01-28,0.6041666666666666
1993-01-29,0.5875
1993-02-01,0.6041666666666667
1993-02-02,0.6208333333333333
1993-02-03,0.5875
1993-02-04,0.6083333333333334
1993-02-05,0.5875
1993-02-08,0.6
1993-02-09,0.5875
1993-02-10,0.5625
1993-02-11,0.55
1993-02-12,0.525
1993-02-15,0.55
1993-02-16,0.525
1993-02-17,0.5375
1993-02-18,0.525
1993-02-19,0.5166666666666667
1993-02-22,0.49333333333333335
1993-02-23,0.48666666666666664
1993-02-24,0.4533333333333333
1993-02-25,0.5033333333333333
1993-02-26,0.4699999999999999
1993-03-01,0.43
1993-03-02,0.41
1993-03-03,0.42000000000000004
1993-03-04,0.4025
1993-03-05,0.39
1993-03-08,0.39
1993-03-09,0.36500000000000005
1993-03-10,0.4025
1993-03-11,0.42000000000000004
1993-03-12,0.43500000000000005
1993-03-15,0.385
1993-03-16,0.425
1993-03-17,0.3975
1993-03-18,0.40499999999999997
1993-03-19,0.4
1993-03-22,0.39
1993-03-23,0.39
1993-03-24,0.39
1993-03-25,0.36
1993-03-26,0.41
1993-03-29,0.41000000000000003
1993-03-30,0.41
1993-03-31,0.42000000000000004
1993-04-01,0.43999999999999995
1993-04-02,0.45
1993-04-05,0.43
1993-04-06,0.47000000000000003
1993-04-07,0.45999999999999996
1993-04-08,0.45999999999999996
1993-04-09,0.44000000000000006
1993-04-12,0.4600000000000001
1993-04-13,0.45
1993-04-14,0.4600000000000001
1993-04-15,0.4600000000000001
1993-04-16,0.4600000000000001
1993-04-19,0.49000000000000005
1993-04-20,0.53
1993-04-21,0.55
1993-04-22,0.56
1993-04-23,0.51
1993-04-26,0.54
1993-04-27,0.54
1993-04-28,0.5599999999999999
1993-04-29,0.52
1993-04-30,0.53
1993-05-03,0.53
1993-05-04,0.49000000000000005
1993-05-05,0.475
1993-05-06,0.445
1993-05-07,0.4666666666666667
1993-05-10,0.45499999999999996
1993-05-11,0.45
1993-05-12,0.48
1993-05-13,0.51
1993-05-14,0.5066666666666666
1993-05-17,0.485
1993-05-18,0.45999999999999996
1993-05-19,0.47333333333333333
1993-05-20,0.4683333333333334
1993-05-21,0.4683333333333334
1993-05-24,0.4283333333333334
1993-05-25,0.41500000000000004
1993-05-26,0.3916666666666667
1993-05-27,0.3916666666666667
1993-05-28,0.4133333333333334
1993-05-31,0.39761904761904765
1993-06-01,0.40476190476190477
1993-06-02,0.42976190476190473
1993-06-03,0.4511904761904762
1993-06-04,0.4238095238095238
1993-06-07,0.4511904761904762
1993-06-08,0.4386904761904762
1993-06-09,0.4011904761904762
1993-06-10,0.3699404761904762
1993-06-11,0.3657738095238095
1993-06-14,0.3574404761904762
1993-06-15,0.3574404761904762
1993-06-16,0.3491071428571429
1993-06-17,0.34285714285714286
1993-06-18,0.37410714285714286
1993-06-21,0.37410714285714286
1993-06-22,0.4011904761904762
1993-06-23,0.42202380952380947
1993-06-24,0.4407738095238095
1993-06-25,0.4303571428571429
1993-06-28,0.42857142857142855
1993-06-29,0.46517857142857144
1993-06-30,0.42142857142857143
1993-07-01,0.40625
1993-07-02,0.4169642857142857
1993-07-05,0.3875
1993-07-06,0.375
1993-07-07,0.38125
1993-07-08,0.38125
1993-07-09,0.36875
1993-07-12,0.36875
1993-07-13,0.38125
1993-07-14,0.35625
1993-07-15,0.35625
1993-07-16,0.33125
1993-07-19,0.3375
1993-07-20,0.3
1993-07-21,0.28125
1993-07-22,0.3
1993-07-23,0.3
1993-07-26,0.3
1993-07-27,0.2875
1993-07-28,0.33125
1993-07-29,0.36875
1993-07-30,0.3875
1993-08-02,0.3875
1993-08-03,0.4
1993-08-04,0.43125
1993-08-05,0.4375
1993-08-06,0.46875
1993-08-09,0.51875
1993-08-10,0.49236111111111114
1993-08-11,0.5423611111111112
1993-08-12,0.5736111111111112
1993-08-13,0.6118055555555555
1993-08-16,0.6555555555555556
1993-08-17,0.6493055555555556
1993-08-18,0.6361111111111112
1993-08-19,0.6319444444444444
1993-08-20,0.6006944444444444
1993-08-23,0.5881944444444445
1993-08-24,0.5958333333333334
1993-08-25,0.5791666666666667
1993-08-26,0.5465277777777777
1993-08-27,0.5083333333333334
1993-08-30,0.5520833333333334
1993-08-31,0.5673611111111112
1993-09-01,0.5229166666666667
1993-09-02,0.53125
1993-09-03,0.55
1993-09-06,0.5333333333333333
1993-09-07,0.5222222222222221
1993-09-08,0.49444444444444435
1993-09-09,0.47222222222222215
1993-09-10,0.43888888888888894
1993-09-13,0.3888888888888889
1993-09-14,0.4111111111111111
1993-09-15,0.43888888888888894
1993-09-16,0.40555555555555556
1993-09-17,0.4484126984126983
1993-09-20,0.46841269841269845
1993-09-21,0.46452380952380945
1993-09-22,0.4511904761904762
1993-09-23,0.46507936507936504
1993-09-24,0.4745238095238095
1993-09-27,0.4595238095238095
1993-09-28,0.4817460317460317
1993-09-29,0.4961904761904762
1993-09-30,0.4878571428571428
1993-10-04,0.47785714285714287
1993-10-05,0.44952380952380955
1993-10-06,0.4595238095238095
1993-10-07,0.4673015873015872
1993-10-08,0.43952380952380954
1993-10-11,0.42841269841269847
1993-10-12,0.4384126984126985
1993-10-13,0.4211904761904762
1993-10-14,0.40285714285714286
1993-10-15,0.4378571428571429
1993-10-18,0.39499999999999996
1993-10-19,0.41
1993-10-20,0.40499999999999997
1993-10-21,0.38499999999999995
1993-10-22,0.365
1993-10-25,0.35
1993-10-26,0.33
1993-10-27,0.3
1993-10-28,0.32999999999999996
1993-10-29,0.305
1993-11-01,0.29000000000000004
1993-11-02,0.315
1993-11-03,0.31999999999999995
1993-11-04,0.295
1993-11-05,0.335
1993-11-08,0.38
1993-11-09,0.385
1993-11-10,0.395
1993-11-11,0.425
1993-11-12,0.44000000000000006
1993-11-15,0.49000000000000005
1993-11-16,0.46409090909090916
1993-11-17,0.4795454545454545
1993-11-18,0.5113636363636364
1993-11-19,0.5518181818181818
1993-11-22,0.5836363636363636
1993-11-23,0.6004545454545455
1993-11-24,0.5940909090909091
1993-11-25,0.5895454545454546
1993-11-26,0.5986363636363636
1993-11-29,0.5872727272727273
1993-11-30,0.5845454545454546
1993-12-01,0.5778787878787879
1993-12-02,0.5844172494172495
1993-12-03,0.5828787878787878
1993-12-06,0.5763403263403263
1993-12-07,0.5805710955710957
1993-12-08,0.5963403263403263
1993-12-09,0.5667249417249417
1993-12-10,0.5398018648018648
1993-12-13,0.48980186480186483
1993-12-14,0.4999417249417249
1993-12-15,0.5044871794871796
1993-12-16,0.4726689976689977
1993-12-17,0.4272144522144522
1993-12-20,0.3953962703962704
1993-12-21,0.39572094572094574
1993-12-22,0.3892274392274392
1993-12-23,0.36520146520146524
1993-12-24,0.38468198468198467
1993-12-27,0.396045621045621
1993-12-28,0.3687728937728938
1993-12-29,0.3675824175824176
1993-12-30,0.3881868131868132
1993-12-31,0.3747252747252747
1994-01-03,0.3505494505494505
1994-01-04,0.3384615384615385
1994-01-05,0.33983516483516485
1994-01-06,0.3673076923076923
1994-01-07,0.3728021978021978
1994-01-10,0.3942307692307693
1994-01-11,0.375
1994-01-12,0.3392857142857143
1994-01-13,0.375
1994-01-14,0.375
1994-01-17,0.3983333333333333
1994-01-18,0.3895238095238095
1994-01-19,0.3823809523809524
1994-01-20,0.36428571428571427
1994-01-21,0.3757142857142857
1994-01-24,0.3940476190476191
1994-01-25,0.3973809523809524
1994-01-26,0.39690476190476187
1994-01-27,0.41142857142857137
1994-01-28,0.38642857142857145
1994-01-31,0.37214285714285716
1994-02-01,0.375
1994-02-02,0.3928571428571429
1994-02-03,0.4
1994-02-04,0.42142857142857143
1994-02-14,0.4
1994-02-15,0.4125
1994-02-16,0.42008928571428567
1994-02-17,0.390625
1994-02-18,0.415625
1994-02-21,0.39541666666666664
1994-02-22,0.4189583333333333
1994-02-23,0.43145833333333333
1994-02-24,0.465625
1994-02-25,0.456875
1994-02-28,0.4197916666666667
1994-03-01,0.4164583333333334
1994-03-02,0.40979166666666667
1994-03-03,0.369375
1994-03-04,0.375625
1994-03-07,0.385
1994-03-08,0.38125
1994-03-09,0.346875
1994-03-10,0.303125
1994-03-11,0.296875
1994-03-14,0.3409926470588235
1994-03-15,0.3373161764705882
1994-03-16,0.3448529411764706
1994-03-17,0.3533088235294118
1994-03-18,0.3488970588235294
1994-03-21,0.3516544117647059
1994-03-22,0.3341911764705882
1994-03-23,0.32757352941176465
1994-03-24,0.3047794117647059
1994-03-25,0.29117647058823526
1994-03-28,0.29375
1994-03-29,0.33198529411764705
1994-03-30,0.3466911764705882
1994-03-31,0.3463235294117647
1994-04-01,0.34595588235294117
1994-04-04,0.3571691176470588
1994-04-05,0.37036356209150323
1994-04-06,0.37973856209150325
1994-04-07,0.3901552287581699
1994-04-08,0.357516339869281
1994-04-11,0.3161764705882353
1994-04-12,0.3295751633986928
1994-04-13,0.3029411764705882
1994-04-14,0.2910130718954248
1994-04-15,0.2954248366013072
1994-04-18,0.2950980392156862
1994-04-19,0.2656862745098039
1994-04-20,0.25980392156862747
1994-04-21,0.2950980392156862
1994-04-22,0.2774509803921569
1994-04-25,0.2991830065359477
1994-04-26,0.3056845545235638
1994-04-27,0.3330839353285174
1994-04-28,0.35088579291365674
1994-04-29,0.36079291365669075
1994-05-03,0.37704678362573096
1994-05-04,0.38654970760233914
1994-05-05,0.3641812865497076
1994-05-06,0.3685672514619883
1994-05-09,0.3916666666666667
1994-05-10,0.4283625730994152
1994-05-11,0.41140350877192977
1994-05-12,0.41125730994152054
1994-05-13,0.45321637426900585
1994-05-16,0.4545321637426901
1994-05-17,0.4595029239766082
1994-05-18,0.4621345029239767
1994-05-19,0.5042397660818714
1994-05-20,0.4726608187134502
1994-05-23,0.47529239766081866
1994-05-24,0.47368421052631576
1994-05-25,0.43157894736842106
1994-05-26,0.3919736842105263
1994-05-27,0.3682894736842105
1994-05-30,0.3525
1994-05-31,0.3656578947368421
1994-06-01,0.3367105263157895
1994-06-02,0.34657894736842104
1994-06-03,0.3580263157894737
1994-06-06,0.3263157894736842
1994-06-07,0.2893421052631579
1994-06-08,0.324078947368421
1994-06-09,0.3264473684210526
1994-06-10,0.28671052631578947
1994-06-13,0.26289473684210524
1994-06-14,0.2623684210526316
1994-06-15,0.30473684210526314
1994-06-16,0.3126315789473685
1994-06-17,0.3442105263157895
1994-06-20,0.34157894736842104
1994-06-21,0.32013157894736843
1994-06-22,0.365
1994-06-23,0.3625
1994-06-24,0.3625
1994-06-27,0.3625
1994-06-28,0.3225
1994-06-29,0.3275
1994-06-30,0.36
1994-07-01,0.33
1994-07-04,0.3275
1994-07-05,0.35
1994-07-06,0.31
1994-07-07,0.32
1994-07-08,0.35750000000000004
1994-07-11,0.355
1994-07-12,0.355
1994-07-13,0.36
1994-07-14,0.31249999999999994
1994-07-15,0.2625
1994-07-18,0.2625
1994-07-19,0.27749999999999997
1994-07-20,0.22999999999999998
1994-07-21,0.24
1994-07-22,0.25
1994-07-25,0.3
1994-07-26,0.33999999999999997
1994-07-27,0.335
1994-07-28,0.29
1994-07-29,0.295
1994-08-01,0.34500000000000003
1994-08-02,0.3325
1994-08-03,0.3825
1994-08-04,0.41500000000000004
1994-08-05,0.42250000000000004
1994-08-08,0.445
1994-08-09,0.43499999999999994
1994-08-10,0.43499999999999994
1994-08-11,0.43499999999999994
1994-08-12,0.45499999999999996
1994-08-15,0.45499999999999996
1994-08-16,0.48250000000000004
1994-08-17,0.5325
1994-08-18,0.57
1994-08-19,0.5625
1994-08-22,0.5149999999999999
1994-08-23,0.5075000000000001
1994-08-24,0.5175
1994-08-25,0.5325
1994-08-26,0.53
1994-08-29,0.48999999999999994
1994-08-30,0.525
1994-08-31,0.525
1994-09-01,0.515
1994-09-02,0.5125
1994-09-05,0.5399999999999999
1994-09-06,0.5874999999999999
1994-09-07,0.54
1994-09-08,0.5875
1994-09-09,0.5725
1994-09-12,0.6224999999999999
1994-09-13,0.5825
1994-09-14,0.5325
1994-09-15,0.4925
1994-09-16,0.54
1994-09-19,0.5375
1994-09-20,0.5075
1994-09-21,0.5475
1994-09-22,0.5399999999999999
1994-09-23,0.5425
1994-09-26,0.5625
1994-09-27,0.5425
1994-09-28,0.5375
1994-09-29,0.5
1994-09-30,0.4525
1994-10-05,0.40499999999999997
1994-10-06,0.36
1994-10-07,0.40750000000000003
1994-10-10,0.36
1994-10-11,0.4025
1994-10-12,0.39
1994-10-13,0.38
1994-10-14,0.42750000000000005
1994-10-17,0.42000000000000004
1994-10-18,0.4025
1994-10-19,0.4525
1994-10-20,0.49000000000000005
1994-10-21,0.445
1994-10-24,0.4875
1994-10-25,0.48
1994-10-26,0.4523809523809524
1994-10-27,0.4748809523809524
1994-10-28,0.4322619047619048
1994-10-31,0.43464285714285716
1994-11-01,0.47750000000000004
1994-11-02,0.4797619047619047
1994-11-03,0.5272619047619048
1994-11-04,0.4772619047619048
1994-11-07,0.4961904761904762
1994-11-08,0.49869047619047624
1994-11-09,0.4969047619047619
1994-11-10,0.4992857142857143
1994-11-11,0.5017857142857143
1994-11-14,0.5279761904761904
1994-11-15,0.4978571428571428
1994-11-16,0.47166666666666657
1994-11-17,0.4216666666666666
1994-11-18,0.45476190476190476
1994-11-21,0.419047619047619
1994-11-22,0.42142857142857143
1994-11-23,0.41904761904761906
1994-11-24,0.38095238095238093
1994-11-25,0.4238095238095238
1994-11-28,0.4261904761904762
1994-11-29,0.4309523809523809
1994-11-30,0.4309523809523809
1994-12-01,0.4
1994-12-02,0.40714285714285714
1994-12-05,0.3857142857142857
1994-12-06,0.3357142857142857
1994-12-07,0.3238095238095238
1994-12-08,0.3214285714285714
1994-12-09,0.2785714285714286
1994-12-12,0.2523809523809524
1994-12-13,0.3
1994-12-14,0.2761904761904762
1994-12-15,0.3261904761904762
1994-12-16,0.31666666666666665
1994-12-19,0.30476190476190473
1994-12-20,0.3476190476190476
1994-12-21,0.3571428571428571
1994-12-22,0.3571428571428571
1994-12-23,0.32857142857142857
1994-12-26,0.3404761904761905
1994-12-27,0.3071428571428571
1994-12-28,0.3238095238095238
1994-12-29,0.3142857142857143
1994-12-30,0.3476190476190476
1995-01-03,0.3547619047619047
1995-01-04,0.40476190476190477
1995-01-05,0.3880952380952381
1995-01-06,0.4
1995-01-09,0.39285714285714285
1995-01-10,0.3952380952380952
1995-01-11,0.3761904761904762
1995-01-12,0.3761904761904762
1995-01-13,0.3357142857142857
1995-01-16,0.30952380952380953
1995-01-17,0.31666666666666665
1995-01-18,0.319047619047619
1995-01-19,0.3095238095238095
1995-01-20,0.3190476190476191
1995-01-23,0.30476190476190473
1995-01-24,0.3142857142857143
1995-01-25,0.35
1995-01-26,0.33095238095238094
1995-01-27,0.37142857142857144
1995-02-06,0.33095238095238094
1995-02-07,0.341991341991342
1995-02-08,0.3147186147186147
1995-02-09,0.353030303030303
1995-02-10,0.3411255411255411
1995-02-13,0.3673160173160173
1995-02-14,0.383982683982684
1995-02-15,0.3577922077922078
1995-02-16,0.3625541125541126
1995-02-17,0.3673160173160173
1995-02-20,0.3744588744588745
1995-02-21,0.4054112554112554
1995-02-22,0.40779220779220776
1995-02-23,0.414935064935065
1995-02-24,0.39350649350649347
1995-02-27,0.4125541125541126
1995-02-28,0.3887445887445887
1995-03-01,0.38636363636363635
1995-03-02,0.41731601731601736
1995-03-03,0.41731601731601736
1995-03-06,0.46731601731601735
1995-03-07,0.4945887445887446
1995-03-08,0.48549783549783554
1995-03-09,0.4423160173160173
1995-03-10,0.4423160173160173
1995-03-13,0.42976190476190473
1995-03-14,0.4334415584415584
1995-03-15,0.42867965367965366
1995-03-16,0.46937229437229433
1995-03-17,0.5028138528138528
1995-03-20,0.4932900432900433
1995-03-21,0.4982683982683983
1995-03-22,0.4982683982683983
1995-03-23,0.4979437229437229
1995-03-24,0.532034632034632
1995-03-27,0.5583333333333333
1995-03-28,0.5604978354978354
1995-03-29,0.5606060606060607
1995-03-30,0.5318181818181819
1995-03-31,0.5318181818181819
1995-04-03,0.5204545454545454
1995-04-04,0.4909090909090909
1995-04-05,0.4818181818181818
1995-04-06,0.5227272727272727
1995-04-07,0.5727272727272728
1995-04-10,0.5818181818181818
1995-04-11,0.5590909090909092
1995-04-12,0.5840909090909092
1995-04-13,0.5386363636363637
1995-04-14,0.5363636363636364
1995-04-17,0.5409090909090909
1995-04-18,0.49772727272727274
1995-04-19,0.4818181818181818
1995-04-20,0.5113636363636364
1995-04-21,0.4795454545454546
1995-04-24,0.4318181818181818
1995-04-25,0.45
1995-04-26,0.4022727272727272
1995-04-27,0.4
1995-04-28,0.3931818181818182
1995-05-02,0.36136363636363633
1995-05-03,0.3613636363636364
1995-05-04,0.3613636363636364
1995-05-05,0.35454545454545455
1995-05-08,0.3227272727272727
1995-05-09,0.35
1995-05-10,0.35454545454545455
1995-05-11,0.3704545454545455
1995-05-12,0.4159090909090909
1995-05-15,0.3840909090909091
1995-05-16,0.38636363636363635
1995-05-17,0.425
1995-05-18,0.43863636363636366
1995-05-19,0.4522727272727273
1995-05-22,0.4977272727272727
1995-05-23,0.4977272727272727
1995-05-24,0.5
1995-05-25,0.5
1995-05-26,0.5409090909090908
1995-05-29,0.509090909090909
1995-05-30,0.5227272727272727
1995-05-31,0.5090909090909091
1995-06-01,0.55
1995-06-02,0.5386363636363637
1995-06-05,0.5204545454545454
1995-06-06,0.48409090909090907
1995-06-07,0.5295454545454545
1995-06-08,0.48863636363636365
1995-06-09,0.48181818181818176
1995-06-12,0.4818181818181818
1995-06-13,0.509090909090909
1995-06-14,0.46818181818181814
1995-06-15,0.4204545454545454
1995-06-16,0.39545454545454545
1995-06-19,0.3568181818181818
1995-06-20,0.37727272727272726
1995-06-21,0.4022727272727272
1995-06-22,0.4136363636363636
1995-06-23,0.40681818181818186
1995-06-26,0.43636363636363634
1995-06-27,0.425
1995-06-28,0.4409090909090908
1995-06-29,0.4045454545454546
1995-06-30,0.38181818181818183
1995-07-03,0.38181818181818183
1995-07-04,0.40681818181818186
1995-07-05,0.39545454545454545
1995-07-06,0.4113636363636363
1995-07-07,0.4227272727272727
1995-07-10,0.42727272727272725
1995-07-11,0.39545454545454545
1995-07-12,0.4204545454545454
1995-07-13,0.4704545454545455
1995-07-14,0.4613636363636363
1995-07-17,0.5022727272727272
1995-07-18,0.4954545454545454
1995-07-19,0.44545454545454544
1995-07-20,0.4636363636363637
1995-07-21,0.45681818181818185
1995-07-24,0.4454545454545455
1995-07-25,0.4454545454545455
1995-07-26,0.4386363636363636
1995-07-27,0.4613636363636363
1995-07-28,0.4795454545454545
1995-07-31,0.5022727272727272
1995-08-01,0.5136363636363636
1995-08-02,0.4818181818181818
1995-08-03,0.5
1995-08-04,0.48636363636363633
1995-08-07,0.5136363636363637
1995-08-08,0.5204545454545454
1995-08-09,0.5181818181818182
1995-08-10,0.4999999999999999
1995-08-11,0.5204545454545454
1995-08-14,0.5204545454545455
1995-08-15,0.5181818181818182
1995-08-16,0.5590909090909091
1995-08-17,0.5568181818181818
1995-08-18,0.55
1995-08-21,0.5272727272727272
1995-08-22,0.5204545454545454
1995-08-23,0.5113636363636364
1995-08-24,0.5045454545454545
1995-08-25,0.48636363636363633
1995-08-28,0.47727272727272724
1995-08-29,0.4340909090909091
1995-08-30,0.44772727272727275
1995-08-31,0.4590909090909091
1995-09-01,0.4499999999999999
1995-09-04,0.425
1995-09-05,0.4295454545454545
1995-09-06,0.45227272727272727
1995-09-07,0.4295454545454545
1995-09-08,0.4
1995-09-11,0.3954545454545454
1995-09-12,0.39999999999999997
1995-09-13,0.3795454545454545
1995-09-14,0.3795454545454545
1995-09-15,0.36818181818181817
1995-09-18,0.3886363636363636
1995-09-19,0.3886363636363636
1995-09-20,0.3931818181818182
1995-09-21,0.4045454545454545
1995-09-22,0.42272727272727273
1995-09-25,0.4113636363636363
1995-09-26,0.4409090909090909
1995-09-27,0.4204545454545455
1995-09-28,0.4
1995-09-29,0.4204545454545454
1995-10-04,0.4136363636363637
1995-10-05,0.43636363636363634
1995-10-06,0.3977272727272727
1995-10-09,0.3931818181818182
1995-10-10,0.3931818181818182
1995-10-11,0.36136363636363633
1995-10-12,0.35909090909090907
1995-10-13,0.3704545454545455
1995-10-16,0.36709486166007904
1995-10-17,0.38616600790513833
1995-10-18,0.4045454545454546
1995-10-19,0.4044466403162056
1995-10-20,0.44110671936758894
1995-10-23,0.4221343873517786
1995-10-24,0.4212450592885375
1995-10-25,0.46897233201581034
1995-10-26,0.43695652173913035
1995-10-27,0.44347826086956516
1995-10-30,0.433695652173913
1995-10-31,0.40770750988142296
1995-11-01,0.424505928853755
1995-11-02,0.40064229249011857
1995-11-03,0.4354907773386034
1995-11-06,0.4705286561264822
1995-11-07,0.4741271409749671
1995-11-08,0.4625741106719367
1995-11-09,0.47602108036890645
1995-11-10,0.46295289855072463
1995-11-13,0.4390398550724637
1995-11-14,0.4398550724637681
1995-11-15,0.433786231884058
1995-11-16,0.439945652173913
1995-11-17,0.41730072463768114
1995-11-20,0.43324275362318837
1995-11-21,0.4470108695652174
1995-11-22,0.39701086956521736
1995-11-23,0.40099637681159417
1995-11-24,0.42572463768115937
1995-11-27,0.41675724637681155
1995-11-28,0.420018115942029
1995-11-29,0.39374999999999993
1995-11-30,0.39583333333333337
1995-12-01,0.35624999999999996
1995-12-04,0.3416666666666666
1995-12-05,0.35416666666666663
1995-12-06,0.35624999999999996
1995-12-07,0.35625
1995-12-08,0.3770833333333333
1995-12-11,0.3770833333333333
1995-12-12,0.3875
1995-12-13,0.3520833333333333
1995-12-14,0.35625
1995-12-15,0.3416666666666667
1995-12-18,0.31249999999999994
1995-12-19,0.29375
1995-12-20,0.3395833333333333
1995-12-21,0.3395833333333333
1995-12-22,0.325
1995-12-25,0.31875
1995-12-26,0.3
1995-12-27,0.3208333333333333
1995-12-28,0.30625
1995-12-29,0.31875
1996-01-02,0.29374999999999996
1996-01-03,0.29166666666666663
1996-01-04,0.3375
1996-01-05,0.3125
1996-01-08,0.2958333333333333
1996-01-09,0.3458333333333333
1996-01-10,0.30625
1996-01-11,0.3104166666666667
1996-01-12,0.325
1996-01-15,0.34375
1996-01-16,0.35
1996-01-17,0.33541666666666664
1996-01-18,0.2895833333333333
1996-01-19,0.31875
1996-01-22,0.30624999999999997
1996-01-23,0.3416666666666667
1996-01-24,0.3729166666666667
1996-01-25,0.36875
1996-01-26,0.4125
1996-01-29,0.4270833333333333
1996-01-30,0.44791666666666663
1996-01-31,0.4541666666666667
1996-02-01,0.41875
1996-02-02,0.42499999999999993
1996-02-05,0.4020833333333333
1996-02-06,0.3625
1996-02-07,0.39375
1996-02-08,0.3916666666666666
1996-02-09,0.4125
1996-02-12,0.4083333333333333
1996-02-13,0.44375
1996-02-14,0.4520833333333333
1996-02-15,0.5
1996-02-16,0.5125
1996-03-04,0.5583333333333333
1996-03-05,0.5270833333333333
1996-03-06,0.49375
1996-03-07,0.5083333333333333
1996-03-08,0.48749999999999993
1996-03-11,0.4666666666666667
1996-03-12,0.4541666666666666
1996-03-13,0.4458333333333333
1996-03-14,0.45625
1996-03-15,0.4666666666666666
1996-03-18,0.4979166666666666
1996-03-19,0.4958333333333333
1996-03-20,0.4999999999999999
1996-03-21,0.5177499999999999
1996-03-22,0.5038333333333334
1996-03-25,0.5069999999999999
1996-03-26,0.4631666666666666
1996-03-27,0.4628333333333333
1996-03-28,0.41691666666666666
1996-03-29,0.38891666666666663
1996-04-01,0.3789166666666667
1996-04-02,0.37875
1996-04-03,0.40458333333333324
1996-04-04,0.3991666666666666
1996-04-05,0.4262499999999999
1996-04-08,0.44991666666666663
1996-04-09,0.4615833333333333
1996-04-10,0.4708333333333333
1996-04-11,0.48583333333333323
1996-04-12,0.5030833333333333
1996-04-15,0.5058333333333332
1996-04-16,0.5435
1996-04-17,0.528
1996-04-18,0.55
1996-04-19,0.542
1996-04-22,0.55
1996-04-23,0.5980000000000001
1996-04-24,0.64
1996-04-25,0.6399999999999999
1996-04-26,0.666
1996-04-29,0.6644615384615384
1996-04-30,0.6643076923076923
1996-05-02,0.638011396011396
1996-05-03,0.6209743589743589
1996-05-06,0.6135669515669515
1996-05-07,0.5963817663817663
1996-05-08,0.593048433048433
1996-05-09,0.5724558404558404
1996-05-10,0.5454188034188034
1996-05-13,0.5446039886039886
1996-05-14,0.5254188034188034
1996-05-15,0.5294188034188034
1996-05-16,0.537048433048433
1996-05-17,0.5354928774928774
1996-05-20,0.5317150997150997
1996-05-21,0.4997150997150997
1996-05-22,0.47378917378917373
1996-05-23,0.42564102564102557
1996-05-24,0.44215954415954417
1996-05-27,0.40341880341880343
1996-05-28,0.39829059829059826
1996-05-29,0.4351851851851851
1996-05-30,0.4314814814814814
1996-05-31,0.4574074074074074
1996-06-03,0.43148148148148147
1996-06-04,0.4444444444444445
1996-06-05,0.4648148148148148
1996-06-06,0.47222222222222215
1996-06-07,0.4981481481481481
1996-06-10,0.48703703703703705
1996-06-11,0.48703703703703694
1996-06-12,0.4666666666666666
1996-06-13,0.4703703703703703
1996-06-14,0.45185185185185184
1996-06-17,0.43703703703703695
1996-06-18,0.4833333333333332
1996-06-19,0.47592592592592586
1996-06-20,0.4981481481481481
1996-06-21,0.501058201058201
1996-06-24,0.5185846560846561
1996-06-25,0.4959656084656084
1996-06-26,0.4855820105820105
1996-06-27,0.4962962962962962
1996-06-28,0.46455026455026455
1996-07-01,0.4496077358146323
1996-07-02,0.46148513045064765
1996-07-03,0.46065498996533477
1996-07-04,0.4630815544608648
1996-07-05,0.46557197591680344
1996-07-08,0.46563583287721216
1996-07-09,0.47323481116584565
1996-07-10,0.49015690567414705
1996-07-11,0.46544426199598615
1996-07-12,0.4774493705528188
1996-07-15,0.4976281700419631
1996-07-16,0.5013318737456668
1996-07-17,0.4979985404123335
1996-07-18,0.5155911330049261
1996-07-19,0.532495894909688
1996-07-22,0.5473768472906404
1996-07-23,0.5533292282430213
1996-07-24,0.5663054187192118
1996-07-25,0.570591133004926
1996-07-26,0.5751149425287356
1996-07-29,0.6217241379310344
1996-07-30,0.5970689655172413
1996-07-31,0.5641954022988506
1996-08-01,0.585287356321839
1996-08-02,0.5505747126436782
1996-08-05,0.5714367816091953
1996-08-06,0.5840229885057471
1996-08-07,0.5641379310344827
1996-08-08,0.5838505747126437
1996-08-09,0.570919540229885
1996-08-12,0.5866666666666667
1996-08-13,0.5433333333333333
1996-08-14,0.5433333333333332
1996-08-15,0.5066666666666666
1996-08-16,0.4766666666666667
1996-08-19,0.43999999999999995
1996-08-20,0.43166666666666664
1996-08-21,0.43666666666666665
1996-08-22,0.4266666666666666
1996-08-23,0.4216666666666667
1996-08-26,0.38
1996-08-27,0.4083333333333333
1996-08-28,0.445
1996-08-29,0.43499999999999994
1996-08-30,0.4766666666666667
1996-09-02,0.46499999999999997
1996-09-03,0.44666666666666666
1996-09-04,0.45666666666666667
1996-09-05,0.44499999999999995
1996-09-06,0.4299999999999999
1996-09-09,0.3983333333333333
1996-09-10,0.39166666666666666
1996-09-11,0.42333333333333334
1996-09-12,0.42666666666666664
1996-09-13,0.4666666666666666
1996-09-16,0.48999999999999994
1996-09-17,0.5066666666666666
1996-09-18,0.4616666666666666
1996-09-19,0.49333333333333335
1996-09-20,0.5283333333333332
1996-09-23,0.5549999999999999
1996-09-24,0.5383333333333333
1996-09-25,0.5033333333333333
1996-09-26,0.5169354838709677
1996-09-27,0.5056989247311827
1996-10-03,0.5062365591397848
1996-10-04,0.5153763440860215
1996-10-07,0.5158064516129032
1996-10-08,0.5313978494623656
1996-10-09,0.5310752688172042
1996-10-10,0.5677956989247311
1996-10-11,0.5984408602150537
1996-10-14,0.5953763440860215
1996-10-15,0.6096236559139785
1996-10-16,0.5737903225806451
1996-10-17,0.5813944892473117
1996-10-18,0.5720194892473117
1996-10-21,0.6093111559139783
1996-10-22,0.5976444892473118
1996-10-23,0.599727822580645
1996-10-24,0.5867069892473118
1996-10-25,0.5944153225806451
1996-10-28,0.6288092619745845
1996-10-29,0.608085899315738
1996-10-30,0.5815951857282502
1996-10-31,0.5901484604105571
1996-11-01,0.5719177663734115
1996-11-04,0.5802755376344085
1996-11-05,0.5597821790006325
1996-11-06,0.5586761882172223
1996-11-07,0.5374319485858859
1996-11-08,0.5325010730098491
1996-11-11,0.5377084462817384
1996-11-12,0.5394135154061624
1996-11-13,0.5597706582633053
1996-11-14,0.5624045868347338
1996-11-15,0.5710653011204482
1996-11-18,0.573297443977591
1996-11-19,0.5825831582633053
1996-11-20,0.5688331582633053
1996-11-21,0.5513778011204481
1996-11-22,0.5570028011204482
1996-11-25,0.561894576012223
1996-11-26,0.5506824548001018
1996-11-27,0.5636875053051523
1996-11-28,0.5490410406586876
1996-11-29,0.5817430608607079
1996-12-02,0.5682329598506068
1996-12-03,0.5898015873015873
1996-12-04,0.6256746031746031
1996-12-05,0.6318650793650793
1996-12-06,0.626984126984127
1996-12-09,0.6242857142857143
1996-12-10,0.6135135135135135
1996-12-11,0.6076833976833976
1996-12-12,0.5758687258687258
1996-12-13,0.5515830115830116
1996-12-16,0.5087258687258687
1996-12-17,0.4744401544401544
1996-12-18,0.489034749034749
1996-12-19,0.4861776061776061
1996-12-20,0.45012497459865874
1996-12-23,0.4334708392603129
1996-12-24,0.4261024182076813
1996-12-25,0.4393334123597281
1996-12-26,0.4549766872135293
1996-12-27,0.4505963453331874
1996-12-30,0.4636519008887429
1996-12-31,0.43763564072614136
1997-01-02,0.4312864343769349
1997-01-03,0.4050959581864588
1997-01-06,0.38664357723407783
1997-01-07,0.3921991327896334
1997-01-08,0.3905903811808818
1997-01-09,0.402849068439569
1997-01-10,0.43775897834947897
1997-01-13,0.48061612120662184
1997-01-14,0.48894945453995514
1997-01-15,0.5258542164447171
1997-01-16,0.49435485994536055
1997-01-17,0.5193548599453606
1997-01-20,0.5523122534290699
1997-01-21,0.5425378173388442
1997-01-22,0.5732395717248092
1997-01-23,0.5697307997949845
1997-01-24,0.5548811757348342
1997-01-27,0.5523170731707316
1997-01-28,0.5239837398373983
1997-01-29,0.5392857142857143
1997-01-30,0.5273809523809524
1997-01-31,0.5416666666666666
1997-02-17,0.5702380952380952
1997-02-18,0.5202380952380952
1997-02-19,0.5583333333333333
1997-02-20,0.5321428571428571
1997-02-21,0.5392857142857143
1997-02-24,0.5190476190476191
1997-02-25,0.5452380952380952
1997-02-26,0.555952380952381
1997-02-27,0.569047619047619
1997-02-28,0.5821428571428571
1997-03-03,0.5916666666666666
1997-03-04,0.5964285714285713
1997-03-05,0.5702380952380952
1997-03-06,0.5833333333333333
1997-03-07,0.5761904761904761
1997-03-10,0.5821428571428571
1997-03-11,0.6038482834994462
1997-03-12,0.6172757475083056
1997-03-13,0.6038759689922479
1997-03-14,0.6091915836101882
1997-03-17,0.6073089700996677
1997-03-18,0.6282392026578072
1997-03-19,0.5991694352159468
1997-03-20,0.5918881506090808
1997-03-21,0.5907530454042081
1997-03-24,0.5948781838316721
1997-03-25,0.5812846068660023
1997-03-26,0.5685492801771871
1997-03-27,0.5714285714285714
1997-03-28,0.5507751937984495
1997-03-31,0.5496954595791804
1997-04-01,0.5491694352159467
1997-04-02,0.5594684385382059
1997-04-03,0.5316445182724252
1997-04-04,0.5346345514950166
1997-04-07,0.5127906976744185
1997-04-08,0.4825581395348837
1997-04-09,0.49069767441860457
1997-04-10,0.4906976744186046
1997-04-11,0.47790697674418603
1997-04-14,0.4883720930232558
1997-04-15,0.48953488372093024
1997-04-16,0.49302325581395345
1997-04-17,0.5065274841437633
1997-04-18,0.487262156448203
1997-04-21,0.49574524312896406
1997-04-22,0.5020877378435518
1997-04-23,0.4842494714587737
1997-04-24,0.4733615221987315
1997-04-25,0.4775105708245243
1997-04-28,0.44579809725158553
1997-04-29,0.4532505285412262
1997-04-30,0.4653541226215644
1997-05-05,0.48993128964059196
1997-05-06,0.49619450317124736
1997-05-07,0.5060253699788583
1997-05-08,0.5012949260042283
1997-05-09,0.5059725158562367
1997-05-12,0.5352272727272727
1997-05-13,0.532637420718816
1997-05-14,0.4965116279069767
1997-05-15,0.5221458773784355
1997-05-16,0.49886363636363623
1997-05-19,0.5193181818181818
1997-05-20,0.5295454545454545
1997-05-21,0.4977272727272727
1997-05-22,0.4704545454545454
1997-05-23,0.4811868686868686
1997-05-26,0.48148331137461564
1997-05-27,0.5055445761967501
1997-05-28,0.5006038647342994
1997-05-29,0.4895366710584102
1997-05-30,0.5023825208607817
1997-06-02,0.5081368728917295
1997-06-03,0.4966039908801241
1997-06-04,0.5001823274371839
1997-06-05,0.5116668535493697
1997-06-06,0.46493087676020134
1997-06-09,0.45692797540623625
1997-06-10,0.44875582840430195
1997-06-11,0.45917652472925363
1997-06-12,0.4337896775338958
1997-06-13,0.48056998056419886
1997-06-16,0.4803805866248049
1997-06-17,0.44903588965510793
1997-06-18,0.4570851320793503
1997-06-19,0.4685434654126836
1997-06-20,0.48659902096823926
1997-06-23,0.4827040934320073
1997-06-24,0.48080191951896384
1997-06-25,0.48773126734505085
1997-06-26,0.48175300647548563
1997-06-27,0.4413617021276595
1997-07-02,0.39742553191489355
1997-07-03,0.38327659574468076
1997-07-04,0.3904255319148936
1997-07-07,0.379531914893617
1997-07-08,0.4124042553191488
1997-07-09,0.4093617021276595
1997-07-10,0.41617021276595745
1997-07-11,0.4503404255319148
1997-07-14,0.4739999999999999
1997-07-15,0.4490833333333333
1997-07-16,0.4255
1997-07-17,0.44920833333333327
1997-07-18,0.47375
1997-07-21,0.4892916666666666
1997-07-22,0.48045833333333327
1997-07-23,0.484875
1997-07-24,0.446125
1997-07-25,0.4465
1997-07-28,0.44099999999999995
1997-07-29,0.466
1997-07-30,0.5069999999999999
1997-07-31,0.5199999999999999
1997-08-01,0.514
1997-08-04,0.5479999999999999
1997-08-05,0.5309999999999999
1997-08-06,0.506
1997-08-07,0.537
1997-08-08,0.5069999999999999
1997-08-11,0.4789999999999999
1997-08-12,0.46099999999999997
1997-08-13,0.45499999999999996
1997-08-14,0.46799999999999997
1997-08-15,0.44299999999999995
1997-08-18,0.42699999999999994
1997-08-19,0.413
1997-08-20,0.425
1997-08-21,0.46399999999999997
1997-08-22,0.48
1997-08-25,0.501
1997-08-26,0.502
1997-08-27,0.489
1997-08-28,0.4999999999999999
1997-08-29,0.4915294117647059
1997-09-01,0.476078431372549
1997-09-02,0.4845490196078431
1997-09-03,0.5128627450980392
1997-09-04,0.5042156862745097
1997-09-05,0.5107254901960785
1997-09-08,0.517235294117647
1997-09-09,0.5239999999999999
1997-09-10,0.5541960784313725
1997-09-11,0.5180392156862744
1997-09-12,0.5119411764705881
1997-09-15,0.5107450980392156
1997-09-16,0.5194758672699848
1997-09-17,0.4961681749622926
1997-09-18,0.48966817496229254
1997-09-19,0.4970912518853695
1997-09-22,0.4690912518853695
1997-09-23,0.4420527903469079
1997-09-24,0.4590527903469079
1997-09-25,0.4685143288084464
1997-09-26,0.4555618401206636
1997-09-29,0.4358974358974358
1997-09-30,0.4507730015082956
1997-10-06,0.43472850678733027
1997-10-07,0.4292986425339366
1997-10-08,0.4528657616892911
1997-10-09,0.4447021116138763
1997-10-10,0.4694758672699848
1997-10-13,0.4427413273001508
1997-10-14,0.4512443438914026
1997-10-15,0.4886500754147812
1997-10-16,0.5163461538461538
1997-10-17,0.5221153846153845
1997-10-20,0.551923076923077
1997-10-21,0.5432692307692307
1997-10-22,0.5125
1997-10-23,0.5355769230769231
1997-10-24,0.5673076923076923
1997-10-27,0.5548076923076922
1997-10-28,0.5201923076923076
1997-10-29,0.5461538461538462
1997-10-30,0.5528846153846153
1997-10-31,0.5451923076923076
1997-11-03,0.55
1997-11-04,0.5476052249637154
1997-11-05,0.5297169811320754
1997-11-06,0.5246915820029027
1997-11-07,0.5315493468795356
1997-11-10,0.5341255442670536
1997-11-11,0.5385341074020318
1997-11-12,0.5028301886792452
1997-11-13,0.5002358490566038
1997-11-14,0.48254716981132073
1997-11-17,0.4554245283018868
1997-11-18,0.43129535558780835
1997-11-19,0.43396226415094336
1997-11-20,0.42597968069666176
1997-11-21,0.3980043541364296
1997-11-24,0.3718251088534107
1997-11-25,0.40005442670537006
1997-11-26,0.4078555878084179
1997-11-27,0.40201378809869376
1997-11-28,0.4164731494920174
1997-12-01,0.40943396226415085
1997-12-02,0.4084905660377358
1997-12-03,0.39433962264150935
1997-12-04,0.4254716981132075
1997-12-05,0.40377358490566034
1997-12-08,0.4141509433962264
1997-12-09,0.42735849056603764
1997-12-10,0.4481132075471697
1997-12-11,0.4292452830188679
1997-12-12,0.4216981132075472
1997-12-15,0.43962264150943386
1997-12-16,0.45849056603773575
1997-12-17,0.45094339622641505
1997-12-18,0.4584905660377358
1997-12-19,0.47735849056603763
1997-12-22,0.49056603773584895
1997-12-23,0.48584905660377353
1997-12-24,0.46603773584905656
1997-12-25,0.4896226415094339
1997-12-26,0.4783018867924527
1997-12-29,0.4915094339622641
1997-12-30,0.4792452830188679
1997-12-31,0.49056603773584906
1998-01-05,0.48584905660377353
1998-01-06,0.4999999999999999
1998-01-07,0.5075471698113208
1998-01-08,0.4943396226415094
1998-01-09,0.48113207547169806
1998-01-12,0.4886792452830188
1998-01-13,0.4792452830188679
1998-01-14,0.5
1998-01-15,0.5113207547169811
1998-01-16,0.5216981132075471
1998-01-19,0.5198113207547169
1998-01-20,0.5066037735849056
1998-01-21,0.4999999999999999
1998-01-22,0.4943396226415094
1998-01-23,0.5132075471698113
1998-02-09,0.530188679245283
1998-02-10,0.5132075471698113
1998-02-11,0.5160377358490565
1998-02-12,0.5235849056603773
1998-02-13,0.5245283018867924
1998-02-16,0.5132075471698113
1998-02-17,0.5066037735849056
1998-02-18,0.49245283018867925
1998-02-19,0.4858490566037735
1998-02-20,0.4830188679245283
1998-02-23,0.4716981132075471
1998-02-24,0.49056603773584895
1998-02-25,0.45
1998-02-26,0.4415094339622641
1998-02-27,0.4471698113207546
1998-03-02,0.4320754716981132
1998-03-03,0.4622641509433961
1998-03-04,0.4716981132075471
1998-03-05,0.46886792452830184
1998-03-06,0.4462264150943396
1998-03-09,0.42264150943396217
1998-03-10,0.42452830188679247
1998-03-11,0.3990566037735849
1998-03-12,0.3981132075471697
1998-03-13,0.4075471698113208
1998-03-16,0.4113207547169811
1998-03-17,0.4198113207547169
1998-03-18,0.4150943396226414
1998-03-19,0.4169811320754717
1998-03-20,0.42075471698113204
1998-03-23,0.4254716981132075
1998-03-24,0.4386792452830187
1998-03-25,0.45471698113207537
1998-03-26,0.4471698113207546
1998-03-27,0.47547169811320744
1998-03-30,0.5150943396226414
1998-03-31,0.4933962264150943
1998-04-01,0.4981132075471698
1998-04-02,0.5132075471698113
1998-04-03,0.5292452830188679
1998-04-06,0.5433962264150943
1998-04-07,0.5349056603773584
1998-04-08,0.5688679245283018
1998-04-09,0.5650943396226414
1998-04-10,0.5622641509433961
1998-04-13,0.5613207547169811
1998-04-14,0.5443396226415094
1998-04-15,0.5669811320754716
1998-04-16,0.5669811320754717
1998-04-17,0.5650943396226416
1998-04-20,0.5679245283018868
1998-04-21,0.5622641509433961
1998-04-22,0.5764150943396226
1998-04-23,0.570754716981132
1998-04-24,0.5377358490566037
1998-04-27,0.5084905660377358
1998-04-28,0.5264150943396226
1998-04-29,0.5207547169811321
1998-04-30,0.5160377358490565
1998-05-04,0.5066037735849057
1998-05-05,0.5028301886792452
1998-05-06,0.5141509433962264
1998-05-07,0.4830188679245283
1998-05-08,0.5122641509433962
1998-05-11,0.4943396226415094
1998-05-12,0.4830188679245283
1998-05-13,0.502078965758211
1998-05-14,0.4828616352201257
1998-05-15,0.48534241788958765
1998-05-18,0.49620894479385047
1998-05-19,0.5060272536687631
1998-05-20,0.4953004891684136
1998-05-21,0.48902865129280215
1998-05-22,0.5082285115303982
1998-05-25,0.5301712089447939
1998-05-26,0.5372816212438853
1998-05-27,0.5282669461914744
1998-05-28,0.5194444444444444
1998-05-29,0.5156537068801219
1998-06-01,0.5106166448855127
1998-06-02,0.49823456941381455
1998-06-03,0.5022776960984509
1998-06-04,0.5044508766914426
1998-06-05,0.4771260788477768
1998-06-08,0.47085923248659095
1998-06-09,0.45650613275613267
1998-06-10,0.44258417508417497
1998-06-11,0.43120851370851365
1998-06-12,0.46001142376142373
1998-06-15,0.45290163540163536
1998-06-16,0.4384505772005771
1998-06-17,0.44314634439634426
1998-06-18,0.44913179413179416
1998-06-19,0.45511724386724384
1998-06-22,0.4439730639730639
1998-06-23,0.4386820586820586
1998-06-24,0.43143999518999515
1998-06-25,0.4254545454545454
1998-06-26,0.42053571428571423
1998-06-29,0.40714285714285714
1998-06-30,0.3982142857142857
1998-07-01,0.3794642857142857
1998-07-02,0.39910714285714277
1998-07-03,0.4053571428571428
1998-07-06,0.40357142857142847
1998-07-07,0.43303571428571425
1998-07-08,0.4428571428571428
1998-07-09,0.46607142857142847
1998-07-10,0.4598214285714285
1998-07-13,0.46875
1998-07-14,0.45982142857142855
1998-07-15,0.4705357142857142
1998-07-16,0.4499999999999999
1998-07-17,0.4348214285714286
1998-07-20,0.4196428571428571
1998-07-21,0.4446428571428571
1998-07-22,0.4357142857142856
1998-07-23,0.4660714285714286
1998-07-24,0.4785714285714285
1998-07-27,0.48482142857142846
1998-07-28,0.4946428571428571
1998-07-29,0.5008928571428571
1998-07-30,0.4919642857142857
1998-07-31,0.49553571428571425
1998-08-03,0.5026785714285713
1998-08-04,0.4866071428571428
1998-08-05,0.49285714285714277
1998-08-06,0.4803571428571428
1998-08-07,0.44553571428571426
1998-08-10,0.42321428571428565
1998-08-11,0.42321428571428565
1998-08-12,0.39910714285714277
1998-08-13,0.4241071428571428
1998-08-14,0.4080357142857142
1998-08-17,0.3973214285714285
1998-08-18,0.37767857142857136
1998-08-19,0.41517857142857134
1998-08-20,0.4169642857142857
1998-08-21,0.42232142857142857
1998-08-24,0.4294642857142857
1998-08-25,0.43571428571428567
1998-08-26,0.4336779448621554
1998-08-27,0.42012844611528816
1998-08-28,0.40388471177944857
1998-08-31,0.42816416040100247
1998-09-01,0.4278665413533834
1998-09-02,0.3990601503759398
1998-09-03,0.42067669172932326
1998-09-04,0.45302318295739347
1998-09-07,0.4906798245614034
1998-09-08,0.5010964912280701
1998-09-09,0.537766290726817
1998-09-10,0.531751253132832
1998-09-11,0.5491697994987469
1998-09-14,0.5895206766917294
1998-09-15,0.5794642857142855
1998-09-16,0.5654448621553884
1998-09-17,0.5348527568922306
1998-09-18,0.5061090225563909
1998-09-21,0.5267700501253132
1998-09-22,0.519298245614035
1998-09-23,0.5315789473684209
1998-09-24,0.5298245614035088
1998-09-25,0.5631578947368421
1998-09-28,0.5543859649122806
1998-09-29,0.5601330913490622
1998-09-30,0.5892165759225649
1998-10-05,0.5678463399879007
1998-10-06,0.5335601935874168
1998-10-07,0.5087114337568057
1998-10-08,0.5334240774349667
1998-10-09,0.5119328493647912
1998-10-12,0.5044010889292195
1998-10-13,0.5074258923169993
1998-10-14,0.4894888082274652
1998-10-15,0.5108136721113128
1998-10-16,0.5015880217785843
1998-10-19,0.5163962287366575
1998-10-20,0.5228488008448943
1998-10-21,0.48410363284013647
1998-10-22,0.5029707158017779
1998-10-23,0.49784136700605985
1998-10-26,0.504383145180309
1998-10-27,0.49699390937894117
1998-10-28,0.5069403857393338
1998-10-29,0.5014757451782582
1998-10-30,0.47533606078316765
1998-11-02,0.4851987142022208
1998-11-03,0.5181765049678551
1998-11-04,0.5229836353009936
1998-11-05,0.5163500876680303
1998-11-06,0.5150789012273523
1998-11-09,0.522209234365868
1998-11-10,0.5175043834015195
1998-11-11,0.5137346580946814
1998-11-12,0.5021332554061952
1998-11-13,0.5025423728813558
1998-11-16,0.5050847457627119
1998-11-17,0.5059322033898305
1998-11-18,0.5186440677966101
1998-11-19,0.5025423728813558
1998-11-20,0.5076271186440677
1998-11-23,0.509322033898305
1998-11-24,0.5033898305084745
1998-11-25,0.4754237288135593
1998-11-26,0.47372881355932195
1998-11-27,0.4703389830508474
1998-11-30,0.46440677966101696
1998-12-01,0.4406779661016949
1998-12-02,0.4491525423728813
1998-12-03,0.42711864406779654
1998-12-04,0.4101694915254236
1998-12-07,0.3889830508474576
1998-12-08,0.40254237288135586
1998-12-09,0.4110169491525423
1998-12-10,0.3949152542372881
1998-12-11,0.40338983050847455
1998-12-14,0.37711864406779655
1998-12-15,0.3872881355932203
1998-12-16,0.3788135593220338
1998-12-17,0.3644067796610169
1998-12-18,0.36355932203389824
1998-12-21,0.3720338983050847
1998-12-22,0.3923728813559322
1998-12-23,0.3872881355932203
1998-12-24,0.3915254237288135
1998-12-25,0.4016949152542372
1998-12-28,0.385593220338983
1998-12-29,0.37542372881355923
1998-12-30,0.37966101694915244
1998-12-31,0.38474576271186434
1999-01-04,0.3881355932203389
1999-01-05,0.3915254237288135
1999-01-06,0.397457627118644
1999-01-07,0.39830508474576265
1999-01-08,0.4406779661016949
1999-01-11,0.42966101694915243
1999-01-12,0.4381355932203389
1999-01-13,0.42457627118644065
1999-01-14,0.43728813559322033
1999-01-15,0.4423728813559321
1999-01-18,0.4483050847457627
1999-01-19,0.45508474576271185
1999-01-20,0.4203389830508474
1999-01-21,0.4440677966101695
1999-01-22,0.4559322033898304
1999-01-25,0.44491525423728806
1999-01-26,0.4559322033898304
1999-01-27,0.49237288135593216
1999-01-28,0.47457627118644063
1999-01-29,0.46779661016949153
1999-02-01,0.471186440677966
1999-02-02,0.48474576271186437
1999-02-03,0.4576271186440678
1999-02-04,0.4381355932203389
1999-02-05,0.39661016949152533
1999-02-08,0.38220338983050844
1999-02-09,0.41694915254237286
1999-03-01,0.4381355932203389
1999-03-02,0.45
1999-03-03,0.4805084745762711
1999-03-04,0.46694915254237285
1999-03-05,0.46525423728813553
1999-03-08,0.4813559322033897
1999-03-09,0.4703389830508474
1999-03-10,0.4610169491525423
1999-03-11,0.49491525423728816
1999-03-12,0.509322033898305
1999-03-15,0.49491525423728805
1999-03-16,0.4999999999999999
1999-03-17,0.5
1999-03-18,0.5042372881355932
1999-03-19,0.5161016949152541
1999-03-22,0.5194915254237288
1999-03-23,0.5279661016949152
1999-03-24,0.5381355932203389
1999-03-25,0.5406779661016949
1999-03-26,0.5262711864406779
1999-03-29,0.5279661016949152
1999-03-30,0.5008474576271185
1999-03-31,0.4923728813559321
1999-04-01,0.5033898305084745
1999-04-02,0.506779661016949
1999-04-05,0.5050847457627118
1999-04-06,0.5042372881355932
1999-04-07,0.5050847457627118
1999-04-08,0.4720338983050847
1999-04-09,0.4610169491525423
1999-04-12,0.4508474576271186
1999-04-13,0.44745762711864395
1999-04-14,0.4711864406779661
1999-04-15,0.4610169491525424
1999-04-16,0.4347457627118644
1999-04-19,0.43728813559322033
1999-04-20,0.45423728813559316
1999-04-21,0.4432203389830508
1999-04-22,0.4516949152542373
1999-04-23,0.44745762711864395
1999-04-26,0.4228813559322034
1999-04-27,0.4279661016949152
1999-04-28,0.4127118644067796
1999-04-29,0.4279661016949152
1999-04-30,0.4220338983050847
1999-05-04,0.4067796610169491
1999-05-05,0.4042372881355932
1999-05-06,0.42118644067796607
1999-05-07,0.421186440677966
1999-05-10,0.40338983050847455
1999-05-11,0.4338983050847457
1999-05-12,0.4381355932203389
1999-05-13,0.41525423728813554
1999-05-14,0.41186440677966096
1999-05-17,0.41186440677966096
1999-05-18,0.40254237288135586
1999-05-19,0.41779661016949143
1999-05-20,0.4559322033898304
1999-05-21,0.46525423728813553
1999-05-24,0.4796610169491524
1999-05-25,0.48305084745762705
1999-05-26,0.5169491525423728
1999-05-27,0.5330508474576271
1999-05-28,0.5025423728813558
1999-05-31,0.4932203389830508
1999-06-01,0.5194915254237287
1999-06-02,0.5254237288135593
1999-06-03,0.5025423728813558
1999-06-04,0.5271186440677966
1999-06-07,0.5669491525423729
1999-06-08,0.5457627118644067
1999-06-09,0.5516949152542373
1999-06-10,0.5661016949152542
1999-06-11,0.5889830508474576
1999-06-14,0.6161016949152542
1999-06-15,0.6076271186440678
1999-06-16,0.6059322033898304
1999-06-17,0.5915254237288134
1999-06-18,0.5864406779661017
1999-06-21,0.5889830508474576
1999-06-22,0.6050847457627118
1999-06-23,0.6
1999-06-24,0.6016949152542372
1999-06-25,0.6025423728813559
1999-06-28,0.6330508474576271
1999-06-29,0.6194915254237288
1999-06-30,0.6059322033898304
1999-07-01,0.5957627118644068
1999-07-02,0.6016949152542372
1999-07-05,0.5762711864406779
1999-07-06,0.5610169491525423
1999-07-07,0.5779661016949152
1999-07-08,0.5771186440677966
1999-07-09,0.5703389830508474
1999-07-12,0.5466101694915254
1999-07-13,0.5559322033898304
1999-07-14,0.5550847457627117
1999-07-15,0.5389830508474576
1999-07-16,0.523728813559322
1999-07-19,0.4872881355932203
1999-07-20,0.5016949152542372
1999-07-21,0.4983050847457626
1999-07-22,0.46694915254237285
1999-07-23,0.4983050847457626
1999-07-26,0.4805084745762711
1999-07-27,0.46525423728813553
1999-07-28,0.48559322033898294
1999-07-29,0.49576271186440674
1999-07-30,0.47881355932203384
1999-08-02,0.49661016949152537
1999-08-03,0.5152542372881356
1999-08-04,0.5076271186440677
1999-08-05,0.5050847457627119
1999-08-06,0.49745762711864405
1999-08-09,0.4898305084745762
1999-08-10,0.49237288135593216
1999-08-11,0.46159604519774006
1999-08-12,0.4663559322033898
1999-08-13,0.4795338983050847
1999-08-16,0.48521186440677966
1999-08-17,0.4761158192090395
1999-08-18,0.46550847457627115
1999-08-19,0.5037570621468925
1999-08-20,0.4738276836158192
1999-08-23,0.47333333333333333
1999-08-24,0.48646892655367224
1999-08-25,0.4642937853107344
1999-08-26,0.47734463276836153
1999-08-27,0.4719067796610169
1999-08-30,0.4463276836158191
1999-08-31,0.45252824858757057
1999-09-01,0.4235734463276836
1999-09-02,0.4356920903954801
1999-09-03,0.43131355932203375
1999-09-06,0.43108757062146885
1999-09-07,0.4416666666666666
1999-09-08,0.4591666666666666
1999-09-09,0.4883333333333333
1999-09-10,0.48166666666666663
1999-09-13,0.4966666666666666
1999-09-14,0.48583333333333334
1999-09-15,0.4749999999999999
1999-09-16,0.44499999999999995
1999-09-17,0.45166666666666655
1999-09-20,0.4308333333333333
1999-09-21,0.4225
1999-09-22,0.43166666666666653
1999-09-23,0.4116666666666666
1999-09-24,0.42666666666666664
1999-09-27,0.42416666666666664
1999-09-28,0.40249999999999997
1999-09-29,0.41666666666666663
1999-09-30,0.39083333333333325
1999-10-08,0.3891666666666666
1999-10-11,0.3958333333333333
1999-10-12,0.41
1999-10-13,0.3791666666666666
1999-10-14,0.3474999999999999
1999-10-15,0.3766666666666666
1999-10-18,0.3533333333333333
1999-10-19,0.3341666666666666
1999-10-20,0.3566666666666666
1999-10-21,0.3474999999999999
1999-10-22,0.37166666666666665
1999-10-25,0.36916666666666664
1999-10-26,0.39499999999999996
1999-10-27,0.4258333333333333
1999-10-28,0.425
1999-10-29,0.40083333333333326
1999-11-01,0.4041666666666666
1999-11-02,0.4074999999999999
1999-11-03,0.40249999999999997
1999-11-04,0.4033333333333332
1999-11-05,0.41999999999999993
1999-11-08,0.43499999999999994
1999-11-09,0.4074999999999999
1999-11-10,0.4116666666666666
1999-11-11,0.4113934426229508
1999-11-12,0.3975409836065573
1999-11-15,0.4130054644808743
1999-11-16,0.4186338797814207
1999-11-17,0.4229371584699453
1999-11-18,0.4671311475409835
1999-11-19,0.4352185792349726
1999-11-22,0.45069672131147537
1999-11-23,0.4352459016393442
1999-11-24,0.3967486338797814
1999-11-25,0.3998770491803278
1999-11-26,0.4177185792349726
1999-11-29,0.4167349726775956
1999-11-30,0.4271311475409836
1999-12-01,0.44405737704918025
1999-12-02,0.4438934426229507
1999-12-03,0.4443306010928961
1999-12-06,0.4240846994535519
1999-12-07,0.43207650273224046
1999-12-08,0.4401639344262295
1999-12-09,0.4360655737704917
1999-12-10,0.4404019037546272
1999-12-13,0.42875462718138546
1999-12-14,0.44871760973030134
1999-12-15,0.45288207297726063
1999-12-16,0.4150052882072976
1999-12-17,0.4091221575885774
1999-12-21,0.39829455314648327
1999-12-22,0.3906002115282919
1999-12-23,0.38721575885774717
1999-12-24,0.38540454785827605
1999-12-27,0.36638022210470644
1999-12-28,0.3847831835007932
1999-12-29,0.3956504494976202
1999-12-30,0.39912744579587517
2000-01-04,0.4344526705446853
2000-01-05,0.44374669487043883
2000-01-06,0.474960338445267
2000-01-07,0.5020491803278688
2000-01-10,0.522778952934955
2000-01-11,0.514516129032258
2000-01-12,0.4838709677419355
2000-01-13,0.4903225806451612
2000-01-14,0.4709677419354838
2000-01-17,0.46209677419354833
2000-01-18,0.4733870967741935
2000-01-19,0.4943548387096774
2000-01-20,0.5225806451612903
2000-01-21,0.5241935483870968
2000-01-24,0.542741935483871
2000-01-25,0.5612903225806452
2000-01-26,0.5758064516129032
2000-01-27,0.5709677419354838
2000-01-28,0.5653225806451612
2000-02-14,0.5766129032258064
2000-02-15,0.5540322580645161
2000-02-16,0.5491935483870967
2000-02-17,0.5177419354838709
2000-02-18,0.4927419354838709
2000-02-21,0.4798387096774193
2000-02-22,0.49193548387096764
2000-02-23,0.4975806451612903
2000-02-24,0.521774193548387
2000-02-25,0.5233870967741935
2000-02-28,0.5354838709677419
2000-02-29,0.5338709677419354
2000-03-01,0.5266129032258065
2000-03-02,0.514516129032258
2000-03-03,0.5258064516129032
2000-03-06,0.5056451612903226
2000-03-07,0.5016129032258063
2000-03-08,0.5169354838709677
2000-03-09,0.5096774193548386
2000-03-10,0.49435483870967734
2000-03-13,0.4903225806451612
2000-03-14,0.4798387096774193
2000-03-15,0.4838709677419354
2000-03-16,0.47096774193548374
2000-03-17,0.4959677419354838
2000-03-20,0.5169354838709677
2000-03-21,0.5338709677419354
2000-03-22,0.5516129032258064
2000-03-23,0.5524193548387096
2000-03-24,0.5548387096774193
2000-03-27,0.5499999999999999
2000-03-28,0.5524193548387095
2000-03-29,0.5483870967741934
2000-03-30,0.5516129032258064
2000-03-31,0.5395161290322579
2000-04-03,0.5516129032258064
2000-04-04,0.5379032258064516
2000-04-05,0.5266129032258065
2000-04-06,0.5564516129032258
2000-04-07,0.5685483870967741
2000-04-10,0.546774193548387
2000-04-11,0.5548387096774193
2000-04-12,0.5387096774193547
2000-04-13,0.5709677419354838
2000-04-14,0.5387096774193548
2000-04-17,0.5048387096774193
2000-04-18,0.5104838709677418
2000-04-19,0.507258064516129
2000-04-20,0.4943548387096774
2000-04-21,0.4903225806451612
2000-04-24,0.4637096774193548
2000-04-25,0.4580645161290322
2000-04-26,0.46451612903225803
2000-04-27,0.44596774193548383
2000-04-28,0.4637096774193548
2000-05-08,0.4637096774193547
2000-05-09,0.4612903225806451
2000-05-10,0.4370967741935484
2000-05-11,0.3999999999999999
2000-05-12,0.38870967741935475
2000-05-15,0.37177419354838703
2000-05-16,0.3911290322580644
2000-05-17,0.39112903225806445
2000-05-18,0.4016129032258064
2000-05-19,0.4233870967741934
2000-05-22,0.4612903225806451
2000-05-23,0.4475806451612903
2000-05-24,0.457258064516129
2000-05-25,0.4661290322580644
2000-05-26,0.47580645161290314
2000-05-29,0.4854838709677419
2000-05-30,0.4854838709677418
2000-05-31,0.4879032258064515
2000-06-01,0.5024193548387096
2000-06-02,0.489516129032258
2000-06-05,0.4870967741935483
2000-06-06,0.5225806451612902
2000-06-07,0.5459677419354838
2000-06-08,0.5540322580645161
2000-06-09,0.5483870967741935
2000-06-12,0.5685483870967742
2000-06-13,0.5653225806451612
2000-06-14,0.5661290322580645
2000-06-15,0.5532258064516129
2000-06-16,0.5282258064516128
2000-06-19,0.4935483870967741
2000-06-20,0.489516129032258
2000-06-21,0.49193548387096764
2000-06-22,0.47580645161290314
2000-06-23,0.4870967741935483
2000-06-26,0.48629032258064503
2000-06-27,0.4887096774193548
2000-06-28,0.4854838709677418
2000-06-29,0.4733870967741935
2000-06-30,0.4612903225806451
2000-07-03,0.4564516129032257
2000-07-04,0.4483870967741935
2000-07-05,0.4419354838709677
2000-07-06,0.44112903225806444
2000-07-07,0.4677419354838709
2000-07-10,0.4653225806451612
2000-07-11,0.4612903225806451
2000-07-12,0.4677419354838709
2000-07-13,0.4637096774193548
2000-07-14,0.48064516129032253
2000-07-17,0.482258064516129
2000-07-18,0.4911290322580644
2000-07-19,0.479032258064516
2000-07-20,0.47789298515104955
2000-07-21,0.47338709677419344
2000-07-24,0.46661546338965687
2000-07-25,0.47503840245775725
2000-07-26,0.48521985407066043
2000-07-27,0.49494767665130557
2000-07-28,0.514075700844854
2000-07-31,0.5278357814900152
2000-08-01,0.5149829589093702
2000-08-02,0.5158650153609831
2000-08-03,0.5294486847158217
2000-08-04,0.5118579589093701
2000-08-07,0.5181331605222733
2000-08-08,0.5179063460061444
2000-08-09,0.5163942492319508
2000-08-10,0.509287394393241
2000-08-11,0.5029113863287249
2000-08-14,0.5188640072964669
2000-08-15,0.5038690476190475
2000-08-16,0.5015252976190475
2000-08-17,0.5051091269841269
2000-08-18,0.5038690476190475
2000-08-21,0.5098090277777777
2000-08-22,0.4867187499999999
2000-08-23,0.4664062499999999
2000-08-24,0.47187499999999993
2000-08-25,0.4773437499999999
2000-08-28,0.4851562499999999
2000-08-29,0.4843749999999999
2000-08-30,0.4687499999999999
2000-08-31,0.4437499999999999
2000-09-01,0.4312499999999999
2000-09-04,0.4359374999999999
2000-09-05,0.4078124999999999
2000-09-06,0.3992187499999999
2000-09-07,0.4242187499999999
2000-09-08,0.4351562499999999
2000-09-11,0.4359374999999999
2000-09-12,0.4492187499999999
2000-09-13,0.4585937499999999
2000-09-14,0.4492187499999999
2000-09-15,0.44062499999999993
2000-09-18,0.4234374999999999
2000-09-19,0.42890624999999993
2000-09-20,0.4546874999999999
2000-09-21,0.4351562499999999
2000-09-22,0.41328124999999993
2000-09-25,0.39765624999999993
2000-09-26,0.4085937499999999
2000-09-27,0.4382812499999999
2000-09-28,0.4421874999999999
2000-09-29,0.4773437499999999
2000-10-09,0.4687499999999999
2000-10-10,0.5078124999999999
2000-10-11,0.5140624999999999
2000-10-12,0.48749999999999993
2000-10-13,0.47187499999999993
2000-10-16,0.4593749999999999
2000-10-17,0.4585937499999999
2000-10-18,0.4539062499999999
2000-10-19,0.4531249999999999
2000-10-20,0.4664062499999999
2000-10-23,0.49140624999999993
2000-10-24,0.5062499999999999
2000-10-25,0.5015624999999999
2000-10-26,0.5046875
2000-10-27,0.5117187499999999
2000-10-30,0.5226562499999999
2000-10-31,0.4999999999999999
2000-11-01,0.4968749999999999
2000-11-02,0.5148437499999999
2000-11-03,0.4898437499999999
2000-11-06,0.4921874999999999
2000-11-07,0.4742187499999999
2000-11-08,0.4882812499999999
2000-11-09,0.5031249999999999
2000-11-10,0.5171874999999999
2000-11-13,0.5328124999999999
2000-11-14,0.5296874999999999
2000-11-15,0.5218749999999999
2000-11-16,0.5390624999999999
2000-11-17,0.5257812499999999
2000-11-20,0.51640625
2000-11-21,0.5171874999999999
2000-11-22,0.5210937499999999
2000-11-23,0.5335937499999999
2000-11-24,0.5156249999999999
2000-11-27,0.5109374999999999
2000-11-28,0.5445312499999999
2000-11-29,0.528125
2000-11-30,0.5249999999999999
2000-12-01,0.5406249999999999
2000-12-04,0.5445312499999999
2000-12-05,0.5367187499999999
2000-12-06,0.5117187499999999
2000-12-07,0.4968749999999999
2000-12-08,0.4859374999999999
2000-12-11,0.46406249999999993
2000-12-12,0.4781249999999999
2000-12-13,0.4812499999999999
2000-12-14,0.4671874999999999
2000-12-15,0.4609374999999999
2000-12-18,0.4578124999999999
2000-12-19,0.4515624999999999
2000-12-20,0.4492187499999999
2000-12-21,0.4398437499999999
2000-12-22,0.4546874999999999
2000-12-25,0.45234374999999993
2000-12-26,0.4374999999999999
2000-12-27,0.43281249999999993
2000-12-28,0.42938701923076916
2000-12-29,0.4334855769230769
2001-01-02,0.4391346153846153
2001-01-03,0.45271634615384604
2001-01-04,0.46258413461538456
2001-01-05,0.4699879807692307
2001-01-08,0.45889423076923075
2001-01-09,0.4710096153846154
2001-01-10,0.4750360576923076
2001-01-11,0.47468749999999993
2001-01-12,0.4721153846153846
2001-01-15,0.46344951923076916
2001-01-16,0.47543269230769225
2001-01-17,0.4735937499999999
2001-01-18,0.45918269230769226
2001-01-19,0.4866346153846154
2001-02-05,0.4778725961538461
2001-02-06,0.4737259615384615
2001-02-07,0.4540384615384615
2001-02-08,0.44307692307692303
2001-02-09,0.46230769230769225
2001-02-12,0.4469230769230769
2001-02-13,0.433076923076923
2001-02-14,0.423076923076923
2001-02-15,0.4107692307692307
2001-02-16,0.3984615384615384
2001-02-19,0.4276923076923076
2001-02-20,0.4192307692307692
2001-02-21,0.3823076923076923
2001-02-22,0.3761538461538461
2001-02-23,0.4015384615384615
2001-02-26,0.43
2001-02-27,0.42384615384615376
2001-02-28,0.42692307692307685
2001-03-01,0.43769230769230755
2001-03-02,0.43461538461538457
2001-03-05,0.4438461538461538
2001-03-06,0.44307692307692303
2001-03-07,0.4592307692307692
2001-03-08,0.48307692307692307
2001-03-09,0.47615384615384604
2001-03-12,0.4776923076923076
2001-03-13,0.4661538461538461
2001-03-14,0.4884615384615384
2001-03-15,0.5046153846153846
2001-03-16,0.5107692307692306
2001-03-19,0.5023076923076923
2001-03-20,0.5207692307692307
2001-03-21,0.5476923076923076
2001-03-22,0.5607692307692307
2001-03-23,0.53
2001-03-26,0.5423076923076923
2001-03-27,0.5499999999999999
2001-03-28,0.5507692307692308
2001-03-29,0.5284615384615383
2001-03-30,0.5153846153846153
2001-04-02,0.5184615384615384
2001-04-03,0.5207692307692307
2001-04-04,0.49923076923076914
2001-04-05,0.5146153846153846
2001-04-06,0.5046153846153846
2001-04-09,0.5069230769230769
2001-04-10,0.5238461538461537
2001-04-11,0.5046153846153846
2001-04-12,0.5038461538461538
2001-04-13,0.5061538461538462
2001-04-16,0.5030769230769231
2001-04-17,0.4999999999999999
2001-04-18,0.4815384615384615
2001-04-19,0.47307692307692306
2001-04-20,0.4784615384615384
2001-04-23,0.45729567307692304
2001-04-24,0.4539302884615384
2001-04-25,0.43864182692307685
2001-04-26,0.4395913461538461
2001-04-27,0.45173076923076916
2001-04-30,0.4567788461538461
2001-05-08,0.47579326923076914
2001-05-09,0.48914663461538455
2001-05-10,0.47103365384615375
2001-05-11,0.47527644230769217
2001-05-14,0.48427884615384603
2001-05-15,0.48552884615384606
2001-05-16,0.4890264423076922
2001-05-17,0.48076923076923067
2001-05-18,0.48658653846153843
2001-05-21,0.48858173076923067
2001-05-22,0.47188701923076914
2001-05-23,0.47210336538461534
2001-05-24,0.46930288461538455
2001-05-25,0.4703124999999999
2001-05-28,0.4617187499999999
2001-05-29,0.4570312499999999
2001-05-30,0.4851562499999999
2001-05-31,0.4937499999999999
2001-06-01,0.4820312499999999
2001-06-04,0.47578124999999993
2001-06-05,0.4726562499999999
2001-06-06,0.4765624999999999
2001-06-07,0.4695312499999999
2001-06-08,0.4632812499999999
2001-06-11,0.4507812499999999
2001-06-12,0.4476562499999999
2001-06-13,0.4546874999999999
2001-06-14,0.44453124999999993
2001-06-15,0.4539062499999999
2001-06-18,0.4281249999999999
2001-06-19,0.4382812499999999
2001-06-20,0.44062499999999993
2001-06-21,0.4664062499999999
2001-06-22,0.4867187499999999
2001-06-25,0.5070312499999999
2001-06-26,0.5015624999999999
2001-06-27,0.4890624999999999
2001-06-28,0.4820312499999999
2001-06-29,0.4749999999999999
2001-07-02,0.4671874999999999
2001-07-03,0.4656249999999999
2001-07-04,0.4593749999999999
2001-07-05,0.4492187499999999
2001-07-06,0.44453124999999993
2001-07-09,0.44453124999999993
2001-07-10,0.4578124999999999
2001-07-11,0.4351562499999999
2001-07-12,0.4492187499999999
2001-07-13,0.4320312499999999
2001-07-16,0.4414062499999999
2001-07-17,0.4320312499999999
2001-07-18,0.4390624999999999
2001-07-19,0.4203124999999999
2001-07-20,0.4242187499999999
2001-07-23,0.4078124999999999
2001-07-24,0.3945312499999999
2001-07-25,0.38203124999999993
2001-07-26,0.3749999999999999
2001-07-27,0.36249999999999993
2001-07-30,0.3484374999999999
2001-07-31,0.3281249999999999
2001-08-01,0.3593749999999999
2001-08-02,0.3570312499999999
2001-08-03,0.3656249999999999
2001-08-06,0.34687499999999993
2001-08-07,0.3460937499999999
2001-08-08,0.3499999999999999
2001-08-09,0.37812499999999993
2001-08-10,0.4007812499999999
2001-08-13,0.4062499999999999
2001-08-14,0.3992187499999999
2001-08-15,0.4109374999999999
2001-08-16,0.3906249999999999
2001-08-17,0.3679687499999999
2001-08-20,0.3851562499999999
2001-08-21,0.4117187499999999
2001-08-22,0.4062499999999999
2001-08-23,0.4257812499999999
2001-08-24,0.4242187499999999
2001-08-27,0.4257812499999999
2001-08-28,0.4437499999999999
2001-08-29,0.4257812499999999
2001-08-30,0.4320312499999999
2001-08-31,0.4242187499999999
2001-09-03,0.4320312499999999
2001-09-04,0.4335937499999999
2001-09-05,0.4468749999999999
2001-09-06,0.4156249999999999
2001-09-07,0.3726562499999999
2001-09-10,0.3984374999999999
2001-09-11,0.4117187499999999
2001-09-12,0.38593749999999993
2001-09-13,0.3945312499999999
2001-09-14,0.3851562499999999
2001-09-17,0.3562499999999999
2001-09-18,0.36249999999999993
2001-09-19,0.3945312499999999
2001-09-20,0.3851562499999999
2001-09-21,0.3882812499999999
2001-09-24,0.3999999999999999
2001-09-25,0.3835937499999999
2001-09-26,0.35859374999999993
2001-09-27,0.3648437499999999
2001-09-28,0.3726562499999999
2001-10-08,0.37031249999999993
2001-10-09,0.3679687499999999
2001-10-10,0.3421874999999999
2001-10-11,0.3343749999999999
2001-10-12,0.3804687499999999
2001-10-15,0.3609374999999999
2001-10-16,0.34687499999999993
2001-10-17,0.3492187499999999
2001-10-18,0.3398437499999999
2001-10-19,0.3343749999999999
2001-10-22,0.3273561507936507
2001-10-23,0.3351438492063491
2001-10-24,0.3428571428571428
2001-10-25,0.32962549603174596
2001-10-26,0.3369171626984126
2001-10-29,0.3664930555555555
2001-10-30,0.3666914682539682
2001-10-31,0.38183283730158724
2001-11-01,0.40827132936507926
2001-11-02,0.39673859126984123
2001-11-05,0.3953000992063491
2001-11-06,0.3721230158730158
2001-11-07,0.36899801587301584
2001-11-08,0.39370039682539676
2001-11-09,0.3944320436507936
2001-11-12,0.38609871031746024
2001-11-13,0.38939732142857136
2001-11-14,0.40069444444444435
2001-11-15,0.42297867063492056
2001-11-16,0.4603174603174603
2001-11-19,0.5047619047619046
2001-11-20,0.5023809523809523
2001-11-21,0.48809523809523797
2001-11-22,0.5174603174603174
2001-11-23,0.515079365079365
2001-11-26,0.48730158730158724
2001-11-27,0.519047619047619
2001-11-28,0.5396825396825397
2001-11-29,0.5246031746031745
2001-11-30,0.5579365079365078
2001-12-03,0.584126984126984
2001-12-04,0.5912698412698412
2001-12-05,0.6015873015873014
2001-12-06,0.603174603174603
2001-12-07,0.5722222222222222
2001-12-10,0.5761904761904761
2001-12-11,0.5706349206349206
2001-12-12,0.5539682539682539
2001-12-13,0.53015873015873
2001-12-14,0.4984126984126983
2001-12-17,0.46349206349206346
2001-12-18,0.457142857142857
2001-12-19,0.43333333333333324
2001-12-20,0.4015873015873016
2001-12-21,0.42222222222222217
2001-12-24,0.4119047619047618
2001-12-25,0.39523809523809517
2001-12-26,0.39523809523809517
2001-12-27,0.38174603174603167
2001-12-28,0.3666666666666666
2001-12-31,0.3547619047619047
2002-01-04,0.338095238095238
2002-01-07,0.34206349206349196
2002-01-08,0.31666666666666654
2002-01-09,0.3023809523809523
2002-01-10,0.31349206349206343
2002-01-11,0.3095238095238094
2002-01-14,0.3039682539682539
2002-01-15,0.30555555555555547
2002-01-16,0.3293650793650793
2002-01-17,0.31984126984126976
2002-01-18,0.2936507936507936
2002-01-21,0.29047619047619044
2002-01-22,0.30873015873015863
2002-01-23,0.3174603174603174
2002-01-24,0.34920634920634913
2002-01-25,0.3515873015873015
2002-01-28,0.3126984126984126
2002-01-29,0.3412698412698412
2002-01-30,0.3468253968253968
2002-01-31,0.3730158730158729
2002-02-01,0.38333333333333325
2002-02-04,0.41587301587301584
2002-02-05,0.43809523809523804
2002-02-06,0.442063492063492
2002-02-07,0.457142857142857
2002-02-08,0.47142857142857136
2002-02-25,0.5182539682539682
2002-02-26,0.5444444444444444
2002-02-27,0.5333333333333333
2002-02-28,0.5444444444444444
2002-03-01,0.5373015873015872
2002-03-04,0.5777777777777777
2002-03-05,0.6031746031746031
2002-03-06,0.5976190476190475
2002-03-07,0.6055555555555554
2002-03-08,0.6206349206349205
2002-03-11,0.6634920634920635
2002-03-12,0.6365079365079364
2002-03-13,0.6103174603174603
2002-03-14,0.6103174603174603
2002-03-15,0.5999999999999999
2002-03-18,0.5769841269841269
2002-03-19,0.592063492063492
2002-03-20,0.6230158730158729
2002-03-21,0.5976190476190475
2002-03-22,0.5888888888888888
2002-03-25,0.5666666666666667
2002-03-26,0.5452380952380951
2002-03-27,0.5547619047619048
2002-03-28,0.561111111111111
2002-03-29,0.5579365079365078
2002-04-01,0.5452380952380952
2002-04-02,0.5126984126984127
2002-04-03,0.5119047619047619
2002-04-04,0.5103174603174602
2002-04-05,0.47936507936507927
2002-04-08,0.4579365079365079
2002-04-09,0.4873015873015872
2002-04-10,0.5142857142857142
2002-04-11,0.47380952380952374
2002-04-12,0.49761904761904746
2002-04-15,0.48650793650793644
2002-04-16,0.4638376856118791
2002-04-17,0.44910394265232967
2002-04-18,0.43095405974834833
2002-04-19,0.45086038293336006
2002-04-22,0.4402176558971904
2002-04-23,0.44870061192113014
2002-04-24,0.4268752150957333
2002-04-25,0.433621246841765
2002-04-26,0.4762799770004952
2002-04-29,0.48836262615210985
2002-04-30,0.4988716573507962
2002-05-08,0.47277696660093305
2002-05-09,0.4514715478817212
2002-05-10,0.4458065232511793
2002-05-13,0.43220499068412954
2002-05-14,0.40069158072244376
2002-05-15,0.37108019593864516
2002-05-16,0.36400575696765447
2002-05-17,0.3701223415325149
2002-05-20,0.3669066874547918
2002-05-21,0.3899600801133013
2002-05-22,0.3742203693235349
2002-05-23,0.4033978211498219
2002-05-24,0.3833661846816022
2002-05-27,0.39843664772445525
2002-05-28,0.407539322444041
2002-05-29,0.4000831820931639
2002-05-30,0.3908726557773744
2002-05-31,0.35468844525105864
2002-06-03,0.3150786448880822
2002-06-04,0.318103448275862
2002-06-05,0.31040532365396245
2002-06-06,0.3353448275862069
2002-06-07,0.36619782214156077
2002-06-10,0.36371748336358134
2002-06-11,0.3920145190562613
2002-06-12,0.39301270417422857
2002-06-13,0.3956594071385359
2002-06-14,0.36216187019272306
2002-06-17,0.38392911157203347
2002-06-18,0.3864229539365655
2002-06-19,0.3857456140350876
2002-06-20,0.39525375939849616
2002-06-21,0.43555764411027564
2002-06-24,0.4512687969924811
2002-06-25,0.44013157894736843
2002-06-26,0.4740758145363408
2002-06-27,0.4752506265664159
2002-06-28,0.4772086466165413
2002-07-01,0.48439849624060144
2002-07-02,0.5027098997493733
2002-07-03,0.5224154135338345
2002-07-04,0.48217418546365903
2002-07-05,0.47484335839598996
2002-07-08,0.5106672932330827
2002-07-09,0.48372493734335836
2002-07-10,0.48029448621553883
2002-07-11,0.5035714285714286
2002-07-12,0.5241071428571428
2002-07-15,0.5053571428571427
2002-07-16,0.4839285714285714
2002-07-17,0.5151785714285714
2002-07-18,0.4982142857142856
2002-07-19,0.48214285714285704
2002-07-22,0.44107142857142856
2002-07-23,0.4375
2002-07-24,0.41875
2002-07-25,0.413392857142857
2002-07-26,0.413392857142857
2002-07-29,0.4357142857142856
2002-07-30,0.42053571428571423
2002-07-31,0.39910714285714277
2002-08-01,0.41517857142857134
2002-08-02,0.4160714285714285
2002-08-05,0.3874999999999999
2002-08-06,0.4116071428571428
2002-08-07,0.4178571428571428
2002-08-08,0.3928571428571428
2002-08-09,0.3776785714285714
2002-08-12,0.3714285714285714
2002-08-13,0.3758928571428571
2002-08-14,0.3866071428571428
2002-08-15,0.36964285714285705
2002-08-16,0.37767857142857136
2002-08-19,0.3866071428571428
2002-08-20,0.42232142857142846
2002-08-21,0.43035714285714277
2002-08-22,0.4607142857142856
2002-08-23,0.4605106516290727
2002-08-26,0.44328007518796986
2002-08-27,0.44365601503759394
2002-08-28,0.4611685463659147
2002-08-29,0.4458646616541352
2002-08-30,0.43300438596491225
2002-09-02,0.4476817042606516
2002-09-03,0.4373590225563909
2002-09-04,0.43629385964912276
2002-09-05,0.44240288220551366
2002-09-06,0.444877819548872
2002-09-09,0.4487973110742958
2002-09-10,0.44555881228494965
2002-09-11,0.4143390786287752
2002-09-12,0.44020166942780675
2002-09-13,0.4110854466675161
2002-09-16,0.401140865386728
2002-09-17,0.3727849540566787
2002-09-18,0.35471229395815657
2002-09-19,0.3610238703128364
2002-09-20,0.3522065684374583
2002-09-23,0.3605701498046694
2002-09-24,0.34627795379740983
2002-09-25,0.35197970818337476
2002-09-26,0.34841044018579465
2002-09-27,0.33944189814102754
2002-10-08,0.3234406882196724
2002-10-09,0.29968085760866214
2002-10-10,0.30382483824992046
2002-10-11,0.3209301014078152
2002-10-14,0.34596727060198706
2002-10-15,0.35359438924605485
2002-10-16,0.37054354178842774
2002-10-17,0.35528930450029217
2002-10-18,0.3518994739918176
2002-10-21,0.3730859146697837
2002-10-22,0.4170952659263588
2002-10-23,0.4286382232612507
2002-10-24,0.4302308591466978
2002-10-25,0.38788720046756275
2002-10-28,0.3869959088252483
2002-10-29,0.4001607247223845
2002-10-30,0.40499707773232024
2002-10-31,0.3918614845119812
2002-11-01,0.41214202220923435
2002-11-04,0.44669783752191694
2002-11-05,0.4837814143775569
2002-11-06,0.4887931034482758
2002-11-07,0.49110169491525413
2002-11-08,0.46694915254237285
2002-11-11,0.4381355932203389
2002-11-12,0.4228813559322033
2002-11-13,0.409322033898305
2002-11-14,0.4101694915254236
2002-11-15,0.41610169491525417
2002-11-18,0.39491525423728807
2002-11-19,0.39406779661016944
2002-11-20,0.3652542372881355
2002-11-21,0.359322033898305
2002-11-22,0.37966101694915244
2002-11-25,0.40677966101694907
2002-11-26,0.3720338983050847
2002-11-27,0.3872881355932203
2002-11-28,0.42457627118644065
2002-11-29,0.4415254237288135
2002-12-02,0.397457627118644
2002-12-03,0.39406779661016944
2002-12-04,0.4186440677966101
2002-12-05,0.4110169491525423
2002-12-06,0.4254237288135593
2002-12-09,0.43559322033898307
2002-12-10,0.4338983050847457
2002-12-11,0.42372881355932196
2002-12-12,0.46610169491525416
2002-12-13,0.4771186440677965
2002-12-16,0.509322033898305
2002-12-17,0.5042372881355932
2002-12-18,0.5144067796610169
2002-12-19,0.5440677966101695
2002-12-20,0.5610169491525423
2002-12-23,0.547457627118644
2002-12-24,0.5745762711864406
2002-12-25,0.5508474576271186
2002-12-26,0.5016949152542373
2002-12-27,0.4872881355932203
2002-12-30,0.4906779661016948
2002-12-31,0.4525423728813559
2003-01-02,0.42711864406779654
2003-01-03,0.4559322033898304
2003-01-06,0.48813559322033895
2003-01-07,0.4813559322033897
2003-01-08,0.5288135593220338
2003-01-09,0.5567796610169491
2003-01-10,0.5152542372881356
2003-01-13,0.5008474576271185
2003-01-14,0.5084745762711863
2003-01-15,0.4805084745762711
2003-01-16,0.5177966101694914
2003-01-17,0.5025423728813558
2003-01-20,0.48728813559322026
2003-01-21,0.4805084745762711
2003-01-22,0.4906779661016948
2003-01-23,0.48559322033898294
2003-01-24,0.5245762711864407
2003-01-27,0.544915254237288
2003-01-28,0.5661016949152542
2003-01-29,0.56864406779661
2003-02-10,0.5754237288135593
2003-02-11,0.5813559322033898
2003-02-12,0.5788135593220338
2003-02-13,0.5788135593220338
2003-02-14,0.5576271186440678
2003-02-17,0.5203389830508474
2003-02-18,0.5398305084745761
2003-02-19,0.5440677966101695
2003-02-20,0.5076271186440677
2003-02-21,0.49830508474576274
2003-02-24,0.4677966101694914
2003-02-25,0.5008474576271186
2003-02-26,0.4906779661016949
2003-02-27,0.5025423728813558
2003-02-28,0.48220338983050837
2003-03-03,0.509322033898305
2003-03-04,0.49237288135593216
2003-03-05,0.45847457627118643
2003-03-06,0.43559322033898296
2003-03-07,0.4372881355932202
2003-03-10,0.42457627118644065
2003-03-11,0.40762711864406775
2003-03-12,0.3881355932203389
2003-03-13,0.3838983050847457
2003-03-14,0.37796610169491524
2003-03-17,0.39067796610169486
2003-03-18,0.37796610169491524
2003-03-19,0.36864406779661013
2003-03-20,0.3694915254237287
2003-03-21,0.40593220338983044
2003-03-24,0.4135593220338983
2003-03-25,0.3762711864406779
2003-03-26,0.3703389830508474
2003-03-27,0.39830508474576265
2003-03-28,0.39406779661016944
2003-03-31,0.3991525423728813
2003-04-01,0.409322033898305
2003-04-02,0.409322033898305
2003-04-03,0.41694915254237286
2003-04-04,0.4296610169491525
2003-04-07,0.43644067796610164
2003-04-08,0.4279661016949152
2003-04-09,0.4288135593220338
2003-04-10,0.44576271186440675
2003-04-11,0.4499999999999999
2003-04-14,0.47372881355932195
2003-04-15,0.49661016949152537
2003-04-16,0.4779661016949152
2003-04-17,0.49406779661016936
2003-04-18,0.4720338983050847
2003-04-21,0.4559322033898304
2003-04-22,0.46016949152542364
2003-04-23,0.4525423728813559
2003-04-24,0.40508474576271175
2003-04-25,0.39830508474576265
2003-04-28,0.3872881355932203
2003-04-29,0.3627118644067796
2003-04-30,0.3710526315789473
2003-05-12,0.3723163841807909
2003-05-13,0.35475765685399935
2003-05-14,0.3910496580434136
2003-05-15,0.41711269699672904
2003-05-16,0.4110169491525423
2003-05-19,0.42657384987893454
2003-05-20,0.4145429782082323
2003-05-21,0.3876210653753026
2003-05-22,0.38845338983050837
2003-05-23,0.41573849878934616
2003-05-26,0.41469430992736067
2003-05-27,0.4308716707021791
2003-05-28,0.43766646489104105
2003-05-29,0.4519219128329297
2003-05-30,0.476256053268765
2003-06-02,0.5021943099273607
2003-06-03,0.5034957627118644
2003-06-04,0.4995914043583534
2003-06-05,0.5044642857142856
2003-06-06,0.4932330827067668
2003-06-09,0.4898809523809523
2003-06-10,0.5275062656641603
2003-06-11,0.5274279448621553
2003-06-12,0.5041040100250626
2003-06-13,0.5080357142857143
2003-06-16,0.4910714285714285
2003-06-17,0.48839285714285713
2003-06-18,0.48303571428571423
2003-06-19,0.4553571428571428
2003-06-20,0.43392857142857133
2003-06-23,0.413392857142857
2003-06-24,0.41517857142857134
2003-06-25,0.4080357142857142
2003-06-26,0.4044642857142856
2003-06-27,0.37946428571428564
2003-06-30,0.3562499999999999
2003-07-01,0.36160714285714274
2003-07-02,0.37232142857142847
2003-07-03,0.3901785714285714
2003-07-04,0.39910714285714277
2003-07-07,0.40714285714285703
2003-07-08,0.40714285714285714
2003-07-09,0.3723214285714285
2003-07-10,0.3955357142857142
2003-07-11,0.3892857142857142
2003-07-14,0.38303571428571426
2003-07-15,0.39910714285714277
2003-07-16,0.40892857142857136
2003-07-17,0.4205357142857141
2003-07-18,0.4053571428571428
2003-07-21,0.40714285714285714
2003-07-22,0.40714285714285714
2003-07-23,0.43035714285714277
2003-07-24,0.4124999999999999
2003-07-25,0.4178571428571428
2003-07-28,0.4294642857142857
2003-07-29,0.45625
2003-07-30,0.43839285714285714
2003-07-31,0.42232142857142846
2003-08-01,0.4285714285714285
2003-08-04,0.4553571428571427
2003-08-05,0.4374999999999999
2003-08-06,0.4491071428571428
2003-08-07,0.42232142857142857
2003-08-08,0.40892857142857136
2003-08-11,0.4178571428571428
2003-08-12,0.42499999999999993
2003-08-13,0.40982142857142856
2003-08-14,0.4008928571428571
2003-08-15,0.4187499999999999
2003-08-18,0.4241071428571428
2003-08-19,0.42053571428571423
2003-08-20,0.40267857142857133
2003-08-21,0.4133928571428571
2003-08-22,0.42589285714285713
2003-08-25,0.4178571428571428
2003-08-26,0.39999999999999997
2003-08-27,0.40714285714285714
2003-08-28,0.4053571428571428
2003-08-29,0.39910714285714277
2003-09-01,0.40178571428571425
2003-09-02,0.3910714285714285
2003-09-03,0.3973214285714285
2003-09-04,0.40446428571428567
2003-09-05,0.4062499999999999
2003-09-08,0.3955357142857142
2003-09-09,0.3839285714285714
2003-09-10,0.39107142857142846
2003-09-11,0.40982142857142845
2003-09-12,0.3946428571428571
2003-09-15,0.3892857142857142
2003-09-16,0.3999999999999999
2003-09-17,0.39464285714285713
2003-09-18,0.3946428571428571
2003-09-19,0.3973214285714285
2003-09-22,0.4107142857142857
2003-09-23,0.42321428571428565
2003-09-24,0.4312499999999999
2003-09-25,0.42767857142857135
2003-09-26,0.4241071428571428
2003-09-29,0.38392857142857134
2003-09-30,0.4008928571428571
2003-10-08,0.40446428571428567
2003-10-09,0.3973214285714285
2003-10-10,0.4392857142857142
2003-10-13,0.4401785714285714
2003-10-14,0.4312499999999999
2003-10-15,0.4321428571428571
2003-10-16,0.40714285714285703
2003-10-17,0.43035714285714277
2003-10-20,0.43035714285714277
2003-10-21,0.4107142857142857
2003-10-22,0.4473214285714285
2003-10-23,0.43839285714285714
2003-10-24,0.4321428571428571
2003-10-27,0.4187499999999999
2003-10-28,0.3955357142857142
2003-10-29,0.3723214285714285
2003-10-30,0.3723214285714285
2003-10-31,0.39196428571428565
2003-11-03,0.4178571428571428
2003-11-04,0.4267857142857142
2003-11-05,0.40714285714285714
2003-11-06,0.39910714285714277
2003-11-07,0.3660714285714285
2003-11-10,0.37678571428571417
2003-11-11,0.3910714285714285
2003-11-12,0.37857142857142845
2003-11-13,0.4062499999999999
2003-11-14,0.41607142857142854
2003-11-17,0.4232142857142856
2003-11-18,0.4107142857142856
2003-11-19,0.4124999999999999
2003-11-20,0.4491071428571428
2003-11-21,0.44732142857142854
2003-11-24,0.48928571428571416
2003-11-25,0.5125
2003-11-26,0.5330357142857143
2003-11-27,0.5285714285714285
2003-11-28,0.5205357142857142
2003-12-01,0.5357142857142857
2003-12-02,0.5142857142857142
2003-12-03,0.5241071428571428
2003-12-04,0.5401785714285714
2003-12-05,0.5464285714285714
2003-12-08,0.5339285714285713
2003-12-09,0.5312499999999999
2003-12-10,0.5660714285714286
2003-12-11,0.5598214285714285
2003-12-12,0.5366071428571428
2003-12-15,0.5428571428571428
2003-12-16,0.5464285714285714
2003-12-17,0.5116071428571428
2003-12-18,0.4794642857142857
2003-12-19,0.4758928571428571
2003-12-22,0.46517857142857133
2003-12-23,0.4526785714285714
2003-12-24,0.44553571428571415
2003-12-25,0.4598214285714285
2003-12-26,0.45892857142857135
2003-12-29,0.4187499999999999
2003-12-30,0.42053571428571423
2003-12-31,0.41428571428571426
2004-01-02,0.4241071428571428
2004-01-05,0.4294642857142857
2004-01-06,0.44107142857142856
2004-01-07,0.4482142857142857
2004-01-08,0.4366071428571428
2004-01-09,0.4348214285714286
2004-01-12,0.44732142857142854
2004-01-13,0.4550324675324675
2004-01-14,0.4680357142857142
2004-01-15,0.46373376623376616
2004-01-16,0.4785551948051948
2004-01-29,0.5096915584415583
2004-01-30,0.49129870129870123
2004-02-02,0.51262987012987
2004-02-03,0.5330194805194803
2004-02-04,0.5624512987012986
2004-02-05,0.5756493506493505
2004-02-06,0.583051948051948
2004-02-09,0.6034577922077922
2004-02-10,0.6119318181818181
2004-02-11,0.5989285714285713
2004-02-12,0.6057792207792208
2004-02-13,0.5889610389610389
2004-02-16,0.6022727272727272
2004-02-17,0.6027922077922077
2004-02-18,0.6122727272727271
2004-02-19,0.6136363636363635
2004-02-20,0.6036363636363636
2004-02-23,0.589090909090909
2004-02-24,0.5918181818181817
2004-02-25,0.5663636363636363
2004-02-26,0.5399999999999999
2004-02-27,0.5654545454545453
2004-03-01,0.5654545454545453
2004-03-02,0.5509090909090909
2004-03-03,0.5127272727272726
2004-03-04,0.5036363636363635
2004-03-05,0.4972727272727272
2004-03-08,0.45999999999999996
2004-03-09,0.45272727272727264
2004-03-10,0.4745454545454545
2004-03-11,0.48181818181818165
2004-03-12,0.48636363636363633
2004-03-15,0.48363636363636353
2004-03-16,0.4845454545454544
2004-03-17,0.47636363636363627
2004-03-18,0.4572727272727272
2004-03-19,0.48090909090909084
2004-03-22,0.4941245791245791
2004-03-23,0.49989898989898984
2004-03-24,0.512334667429007
2004-03-25,0.5120430722317513
2004-03-26,0.48451305507909276
2004-03-29,0.4522317514770345
2004-03-30,0.442883552506194
2004-03-31,0.4772231751477033
2004-04-01,0.4783552506194015
2004-04-02,0.5013055079092814
2004-04-05,0.5137754907566228
2004-04-06,0.5276348389555936
2004-04-07,0.5094701734324375
2004-04-08,0.4864856108252334
2004-04-09,0.47564513055079083
2004-04-12,0.45555936725748036
2004-04-13,0.4406537068801219
2004-04-14,0.42736039641700013
2004-04-15,0.4285782351820087
2004-04-16,0.4048218029350104
2004-04-19,0.3864605171208944
2004-04-20,0.3867924528301886
2004-04-21,0.3849056603773584
2004-04-22,0.4028301886792452
2004-04-23,0.3915094339622641
2004-04-26,0.39433962264150935
2004-04-27,0.38891509433962257
2004-04-28,0.37342162554426694
2004-04-29,0.3511130794843336
2004-04-30,0.3337064942087139
2004-05-10,0.3285270639460428
2004-05-11,0.33072832180767797
2004-05-12,0.3503546629101567
2004-05-13,0.34321444833376014
2004-05-14,0.3442688323515182
2004-05-17,0.3422155582116736
2004-05-18,0.3673172970204046
2004-05-19,0.3758833347562537
2004-05-20,0.37339276871851784
2004-05-21,0.3846946555109706
2004-05-24,0.3882040894732348
2004-05-25,0.371279561171348
2004-05-26,0.3851852215487065
2004-05-27,0.397279561171348
2004-05-28,0.39967578758644234
2004-05-31,0.41158144796380086
2004-06-01,0.4450814479638009
2004-06-02,0.42423529411764704
2004-06-03,0.4224117647058822
2004-06-04,0.4316862745098039
2004-06-07,0.4249411764705881
2004-06-08,0.4006078431372548
2004-06-09,0.36150980392156856
2004-06-10,0.36972549019607837
2004-06-11,0.3907843137254901
2004-06-14,0.3741960784313725
2004-06-15,0.37811764705882345
2004-06-16,0.3856078431372548
2004-06-17,0.38254901960784304
2004-06-18,0.36621568627450973
2004-06-21,0.3865686274509803
2004-06-22,0.4238039215686274
2004-06-23,0.4046078431372548
2004-06-24,0.3693725490196078
2004-06-25,0.363313725490196
2004-06-28,0.3431764705882352
2004-06-29,0.3256078431372548
2004-06-30,0.32349019607843127
2004-07-01,0.3635490196078431
2004-07-02,0.360156862745098
2004-07-05,0.37278431372549015
2004-07-06,0.39907843137254895
2004-07-07,0.40582352941176464
2004-07-08,0.40741176470588225
2004-07-09,0.40007843137254895
2004-07-12,0.3999999999999999
2004-07-13,0.3823529411764705
2004-07-14,0.3754901960784313
2004-07-15,0.4019607843137255
2004-07-16,0.43137254901960775
2004-07-19,0.4235294117647058
2004-07-20,0.4019607843137254
2004-07-21,0.40588235294117647
2004-07-22,0.40294117647058814
2004-07-23,0.4235294117647058
2004-07-26,0.42254901960784313
2004-07-27,0.40098039215686265
2004-07-28,0.43333333333333324
2004-07-29,0.4323529411764705
2004-07-30,0.41764705882352926
2004-08-02,0.41078431372549007
2004-08-03,0.40098039215686265
2004-08-04,0.43333333333333324
2004-08-05,0.4225490196078431
2004-08-06,0.42647058823529405
2004-08-09,0.4411764705882352
2004-08-10,0.4480392156862744
2004-08-11,0.4352941176470588
2004-08-12,0.40980392156862744
2004-08-13,0.39411764705882346
2004-08-16,0.3794117647058823
2004-08-17,0.3794117647058822
2004-08-18,0.38039215686274497
2004-08-19,0.38333333333333325
2004-08-20,0.3931372549019607
2004-08-23,0.40588235294117636
2004-08-24,0.4411764705882352
2004-08-25,0.41274509803921555
2004-08-26,0.3794117647058822
2004-08-27,0.38333333333333325
2004-08-30,0.40098039215686265
2004-08-31,0.4225490196078431
2004-09-01,0.38333333333333325
2004-09-02,0.41078431372549007
2004-09-03,0.40980392156862744
2004-09-06,0.4137254901960784
2004-09-07,0.3990196078431372
2004-09-08,0.40098039215686265
2004-09-09,0.3970588235294117
2004-09-10,0.3901960784313725
2004-09-13,0.38431372549019605
2004-09-14,0.41274509803921566
2004-09-15,0.4450392156862744
2004-09-16,0.46927450980392155
2004-09-17,0.48194117647058815
2004-09-20,0.507313725490196
2004-09-21,0.47615686274509794
2004-09-22,0.4773529411764705
2004-09-23,0.5086078431372549
2004-09-24,0.5027843137254902
2004-09-27,0.48437254901960775
2004-09-28,0.46631372549019606
2004-09-29,0.4624313725490195
2004-09-30,0.4291764705882352
2004-10-08,0.4545686274509803
2004-10-11,0.4590196078431372
2004-10-12,0.448392156862745
2004-10-13,0.4615490196078431
2004-10-14,0.4615490196078431
2004-10-15,0.45801960784313717
2004-10-18,0.47909803921568617
2004-10-19,0.4549999999999999
2004-10-20,0.422
2004-10-21,0.3979999999999999
2004-10-22,0.37199999999999994
2004-10-25,0.3369999999999999
2004-10-26,0.3509999999999999
2004-10-27,0.37999999999999995
2004-10-28,0.352
2004-10-29,0.352
2004-11-01,0.368
2004-11-02,0.3529999999999999
2004-11-03,0.3969999999999999
2004-11-04,0.3969999999999999
2004-11-05,0.37399999999999994
2004-11-08,0.3709999999999999
2004-11-09,0.38899999999999996
2004-11-10,0.4159999999999999
2004-11-11,0.43699999999999994
2004-11-12,0.42799999999999994
2004-11-15,0.44499999999999995
2004-11-16,0.44799999999999995
2004-11-17,0.44699999999999995
2004-11-18,0.47989795918367345
2004-11-19,0.49663265306122445
2004-11-22,0.5243673469387755
2004-11-23,0.5279387755102041
2004-11-24,0.49814285714285705
2004-11-25,0.49438775510204075
2004-11-26,0.5138367346938775
2004-11-29,0.49806122448979584
2004-11-30,0.5197755102040815
2004-12-01,0.4931632653061224
2004-12-02,0.5085510204081632
2004-12-03,0.5232857142857142
2004-12-06,0.5349999999999999
2004-12-07,0.5151224489795918
2004-12-08,0.49977551020408156
2004-12-09,0.5063265306122449
2004-12-10,0.5004285714285713
2004-12-13,0.4727142857142857
2004-12-14,0.46095918367346933
2004-12-15,0.46326530612244887
2004-12-16,0.4224489795918366
2004-12-17,0.3989795918367346
2004-12-20,0.3693877551020407
2004-12-21,0.37142857142857133
2004-12-22,0.4091836734693877
2004-12-23,0.3989795918367346
2004-12-24,0.3948979591836734
2004-12-27,0.39897959183673465
2004-12-28,0.3826530612244897
2004-12-29,0.3693877551020407
2004-12-30,0.36836734693877543
2004-12-31,0.33571428571428563
2005-01-04,0.3122448979591836
2005-01-05,0.34795918367346934
2005-01-06,0.33367346938775505
2005-01-07,0.3428571428571428
2005-01-10,0.37755102040816324
2005-01-11,0.3918367346938775
2005-01-12,0.40306122448979587
2005-01-13,0.40306122448979587
2005-01-14,0.40714285714285714
2005-01-17,0.39795918367346933
2005-01-18,0.4295918367346938
2005-01-19,0.420408163265306
2005-01-20,0.38469387755102036
2005-01-21,0.41428571428571426
2005-01-24,0.4428571428571428
2005-01-25,0.4428571428571428
2005-01-26,0.44183673469387746
2005-01-27,0.4408163265306122
2005-01-28,0.42551020408163265
2005-01-31,0.4285714285714285
2005-02-01,0.42755102040816323
2005-02-02,0.42857142857142855
2005-02-03,0.413265306122449
2005-02-04,0.40714285714285703
2005-02-16,0.4112244897959183
2005-02-17,0.410204081632653
2005-02-18,0.3959183673469387
2005-02-21,0.42551020408163265
2005-02-22,0.46224489795918366
2005-02-23,0.49387755102040815
2005-02-24,0.4785714285714285
2005-02-25,0.47142857142857136
2005-02-28,0.4755102040816325
2005-03-01,0.47142857142857136
2005-03-02,0.4387755102040815
2005-03-03,0.44489795918367336
2005-03-04,0.43673469387755093
2005-03-07,0.46530612244897956
2005-03-08,0.5020408163265305
2005-03-09,0.5173469387755101
2005-03-10,0.5112244897959183
2005-03-11,0.49285714285714277
2005-03-14,0.504081632653061
2005-03-15,0.49183673469387745
2005-03-16,0.46224489795918366
2005-03-17,0.446938775510204
2005-03-18,0.44897959183673464
2005-03-21,0.423469387755102
2005-03-22,0.3846938775510203
2005-03-23,0.3693877551020407
2005-03-24,0.3877551020408162
2005-03-25,0.39221938775510196
2005-03-28,0.38735119047619043
2005-03-29,0.37855017006802716
2005-03-30,0.3684311224489795
2005-03-31,0.3709608843537414
2005-04-01,0.4055484693877551
2005-04-04,0.38541666666666663
2005-04-05,0.3622874149659863
2005-04-06,0.3710884353741496
2005-04-07,0.39931972789115633
2005-04-08,0.40816326530612235
2005-04-11,0.41991921768707474
2005-04-12,0.4046768707482992
2005-04-13,0.431016156462585
2005-04-14,0.432312925170068
2005-04-15,0.42942176870748294
2005-04-18,0.4225340136054421
2005-04-19,0.43307823129251694
2005-04-20,0.42204506802721076
2005-04-21,0.39166666666666655
2005-04-22,0.3822916666666666
2005-04-25,0.3822916666666666
2005-04-26,0.38645833333333324
2005-04-27,0.39583333333333326
2005-04-28,0.4062499999999999
2005-04-29,0.37291666666666656
2005-05-09,0.3604166666666666
2005-05-10,0.365625
2005-05-11,0.3427083333333333
2005-05-12,0.3197916666666666
2005-05-13,0.30833333333333324
2005-05-16,0.29533514492753615
2005-05-17,0.32264492753623186
2005-05-18,0.31341527637344113
2005-05-19,0.32196663296258843
2005-05-20,0.32791901391496936
2005-05-23,0.3177999662959218
2005-05-24,0.34160949010544556
2005-05-25,0.35604401391496937
2005-05-26,0.35053806153401695
2005-05-27,0.35187734724830266
2005-05-30,0.37613329962925507
2005-05-31,0.36988329962925504
2005-06-01,0.3622940139149694
2005-06-02,0.3340165748905791
2005-06-03,0.3396314122889531
2005-06-06,0.3727360870857011
2005-06-07,0.37159279440277426
2005-06-08,0.4083814122889531
2005-06-09,0.4199159651344816
2005-06-10,0.4077970626954571
2005-06-13,0.4240218771175145
2005-06-14,0.4070017286551602
2005-06-15,0.3792649164033168
2005-06-16,0.3852206736353077
2005-06-17,0.38800813008130075
2005-06-20,0.4246515679442508
2005-06-21,0.4024680603948895
2005-06-22,0.40182926829268284
2005-06-23,0.4007549361207897
2005-06-24,0.413211382113821
2005-06-27,0.4213995354239256
2005-06-28,0.41204994192799066
2005-06-29,0.41707317073170724
2005-06-30,0.41463414634146334
2005-07-01,0.3999999999999999
2005-07-04,0.3768292682926829
2005-07-05,0.37195121951219506
2005-07-06,0.3475609756097561
2005-07-07,0.3499999999999999
2005-07-08,0.348780487804878
2005-07-11,0.3341463414634146
2005-07-12,0.3573170731707317
2005-07-13,0.36585365853658536
2005-07-14,0.35975609756097554
2005-07-15,0.3560975609756097
2005-07-18,0.324390243902439
2005-07-19,0.33048780487804874
2005-07-20,0.3390243902439024
2005-07-21,0.3536585365853658
2005-07-22,0.373170731707317
2005-07-25,0.35853658536585364
2005-07-26,0.39512195121951216
2005-07-27,0.42317073170731706
2005-07-28,0.4390243902439023
2005-07-29,0.45
2005-08-01,0.46951219512195114
2005-08-02,0.4963414634146341
2005-08-03,0.5121951219512194
2005-08-04,0.5036585365853659
2005-08-05,0.5378048780487804
2005-08-08,0.5634146341463413
2005-08-09,0.5646341463414634
2005-08-10,0.5817073170731707
2005-08-11,0.5914634146341463
2005-08-12,0.5817073170731707
2005-08-15,0.6073170731707316
2005-08-16,0.6109756097560975
2005-08-17,0.6097560975609755
2005-08-18,0.5975609756097561
2005-08-19,0.5682926829268292
2005-08-22,0.5792682926829268
2005-08-23,0.5512195121951218
2005-08-24,0.548780487804878
2005-08-25,0.5634146341463414
2005-08-26,0.5902439024390244
2005-08-29,0.5792682926829268
2005-08-30,0.5451219512195121
2005-08-31,0.5390243902439024
2005-09-01,0.5670731707317073
2005-09-02,0.5512195121951219
2005-09-05,0.548780487804878
2005-09-06,0.5243902439024389
2005-09-07,0.5378048780487804
2005-09-08,0.5317073170731706
2005-09-09,0.5451219512195121
2005-09-12,0.5402439024390244
2005-09-13,0.552439024390244
2005-09-14,0.5451219512195122
2005-09-15,0.5621951219512196
2005-09-16,0.571280487804878
2005-09-19,0.5610365853658535
2005-09-20,0.5614329268292683
2005-09-21,0.5363860225140712
2005-09-22,0.5035217323327078
2005-09-23,0.46712398373983727
2005-09-26,0.46940666041275786
2005-09-27,0.4672803314571607
2005-09-28,0.4547412445278298
2005-09-29,0.45314649781113187
2005-09-30,0.44426594746716697
2005-10-10,0.4192815822388992
2005-10-11,0.4481746404002501
2005-10-12,0.4349788930581613
2005-10-13,0.41577939337085673
2005-10-14,0.39998827392120073
2005-10-17,0.39245231394621627
2005-10-18,0.3893878986866791
2005-10-19,0.3816017823639774
2005-10-20,0.3713141025641025
2005-10-21,0.38086538461538455
2005-10-24,0.3765064102564102
2005-10-25,0.37435897435897425
2005-10-26,0.3705128205128204
2005-10-27,0.3858974358974358
2005-10-28,0.39102564102564097
2005-10-31,0.40384615384615374
2005-11-01,0.4192307692307692
2005-11-02,0.4346153846153845
2005-11-03,0.4141025641025641
2005-11-04,0.42692307692307685
2005-11-07,0.432051282051282
2005-11-08,0.41666666666666663
2005-11-09,0.3999999999999999
2005-11-10,0.39743589743589736
2005-11-11,0.423076923076923
2005-11-14,0.44230769230769224
2005-11-15,0.42948717948717946
2005-11-16,0.44230769230769224
2005-11-17,0.4448717948717948
2005-11-18,0.4564102564102563
2005-11-21,0.4602564102564101
2005-11-22,0.45256410256410246
2005-11-23,0.47692307692307684
2005-11-24,0.4871794871794871
2005-11-25,0.5012820512820512
2005-11-28,0.48461538461538456
2005-11-29,0.47179487179487173
2005-11-30,0.45897435897435895
2005-12-01,0.45256410256410257
2005-12-02,0.4307692307692307
2005-12-05,0.41538461538461535
2005-12-06,0.4128205128205128
2005-12-07,0.43717948717948707
2005-12-08,0.44615384615384607
2005-12-09,0.4512820512820512
2005-12-12,0.4397435897435896
2005-12-13,0.43846153846153835
2005-12-14,0.4358974358974358
2005-12-15,0.4256410256410256
2005-12-16,0.40512820512820513
2005-12-19,0.40512820512820513
2005-12-20,0.41666666666666663
2005-12-21,0.3935897435897436
2005-12-22,0.38846153846153836
2005-12-23,0.39615384615384613
2005-12-26,0.40897435897435896
2005-12-27,0.42179487179487174
2005-12-28,0.42051282051282046
2005-12-29,0.4282051282051282
2005-12-30,0.42692307692307685
2006-01-04,0.46047008547008533
2006-01-05,0.4652777777777777
2006-01-06,0.44893162393162395
2006-01-09,0.4694444444444444
2006-01-10,0.4673931623931623
2006-01-11,0.45347374847374844
2006-01-12,0.46039682539682536
2006-01-13,0.4547557997557997
2006-01-16,0.45834554334554334
2006-01-17,0.4609829059829059
2006-01-18,0.4672100122100121
2006-01-19,0.4764041514041514
2006-01-20,0.4874297924297923
2006-01-23,0.48706349206349203
2006-01-24,0.4662942612942612
2006-01-25,0.454096459096459
2006-02-06,0.4708730158730158
2006-02-07,0.47021367521367513
2006-02-08,0.4671367521367521
2006-02-09,0.4723015873015872
2006-02-10,0.45904761904761904
2006-02-13,0.445595238095238
2006-02-14,0.4476190476190475
2006-02-15,0.43142857142857133
2006-02-16,0.4085714285714285
2006-02-17,0.4185714285714285
2006-02-20,0.4121008403361344
2006-02-21,0.42886554621848727
2006-02-22,0.4365126050420168
2006-02-23,0.4431512605042016
2006-02-24,0.4294957983193276
2006-02-27,0.42147058823529404
2006-02-28,0.42499999999999993
2006-03-01,0.42710084033613444
2006-03-02,0.42445378151260493
2006-03-03,0.4338235294117646
2006-03-06,0.40848739495798314
2006-03-07,0.395798319327731
2006-03-08,0.3846218487394958
2006-03-09,0.3894117647058823
2006-03-10,0.40291825821237576
2006-03-13,0.41599185128596894
2006-03-14,0.4113165266106442
2006-03-15,0.4244766997708173
2006-03-16,0.43248535777947533
2006-03-17,0.4188057040998217
2006-03-20,0.41951871657754003
2006-03-21,0.4054812834224598
2006-03-22,0.4151069518716577
2006-03-23,0.40245098039215677
2006-03-24,0.39402852049910864
2006-03-27,0.3976381461675579
2006-03-28,0.3862299465240641
2006-03-29,0.391488413547237
2006-03-30,0.3992869875222816
2006-03-31,0.3864973262032085
2006-04-03,0.3959893048128341
2006-04-04,0.41283422459893043
2006-04-05,0.43128342245989293
2006-04-06,0.4287878787878787
2006-04-07,0.4196969696969696
2006-04-10,0.4212121212121211
2006-04-11,0.4287878787878787
2006-04-12,0.41515151515151505
2006-04-13,0.40606060606060596
2006-04-14,0.4212121212121211
2006-04-17,0.412121212121212
2006-04-18,0.40303030303030296
2006-04-19,0.3893939393939393
2006-04-20,0.37878787878787873
2006-04-21,0.38348484848484843
2006-04-24,0.3724242424242423
2006-04-25,0.3853030303030302
2006-04-26,0.37984848484848477
2006-04-27,0.3813636363636363
2006-04-28,0.3795454545454545
2006-05-08,0.38348484848484843
2006-05-09,0.38909090909090904
2006-05-10,0.38078369905956105
2006-05-11,0.37770114942528726
2006-05-12,0.3780146290491117
2006-05-15,0.3828967839312666
2006-05-16,0.3701021711366538
2006-05-17,0.37195402298850566
2006-05-18,0.38589341692789964
2006-05-19,0.39013584117032385
2006-05-22,0.39498432601880873
2006-05-23,0.38934796238244507
2006-05-24,0.38571159874608146
2006-05-25,0.40462068965517234
2006-05-26,0.42428735632183906
2006-05-29,0.4446206896551724
2006-05-30,0.43962068965517237
2006-05-31,0.43228735632183907
2006-06-01,0.4556206896551724
2006-06-02,0.460287356321839
2006-06-05,0.46162068965517233
2006-06-06,0.447287356321839
2006-06-07,0.43232183908045974
2006-06-08,0.43425287356321834
2006-06-09,0.4126666666666666
2006-06-12,0.39148148148148143
2006-06-13,0.4065185185185184
2006-06-14,0.4039999999999999
2006-06-15,0.404
2006-06-16,0.4079999999999999
2006-06-19,0.414
2006-06-20,0.41999999999999993
2006-06-21,0.4299999999999999
2006-06-22,0.414
2006-06-23,0.39799999999999996
2006-06-26,0.404
2006-06-27,0.40199999999999997
2006-06-28,0.41200000000000003
2006-06-29,0.40599999999999997
2006-06-30,0.396
2006-07-03,0.4039999999999999
2006-07-04,0.40599999999999997
2006-07-05,0.414
2006-07-06,0.438
2006-07-07,0.45199999999999996
2006-07-10,0.45999999999999996
2006-07-11,0.4659999999999999
2006-07-12,0.46799999999999986
2006-07-13,0.45
2006-07-14,0.44399999999999995
2006-07-17,0.4579999999999999
2006-07-18,0.4659999999999999
2006-07-19,0.45199999999999996
2006-07-20,0.472
2006-07-21,0.48199999999999993
2006-07-24,0.46399999999999997
2006-07-25,0.4839999999999999
2006-07-26,0.4779999999999999
2006-07-27,0.45199999999999996
2006-07-28,0.4659999999999999
2006-07-31,0.4299999999999999
2006-08-01,0.4219999999999999
2006-08-02,0.422
2006-08-03,0.40199999999999997
2006-08-04,0.38199999999999995
2006-08-07,0.37
2006-08-08,0.37999999999999995
2006-08-09,0.38599999999999995
2006-08-10,0.41999999999999993
2006-08-11,0.4219999999999999
2006-08-14,0.38799999999999996
2006-08-15,0.4039999999999999
2006-08-16,0.43999999999999995
2006-08-17,0.4119999999999999
2006-08-18,0.39799999999999996
2006-08-21,0.3979999999999999
2006-08-22,0.38799999999999996
2006-08-23,0.3879999999999999
2006-08-24,0.4079999999999999
2006-08-25,0.4039999999999999
2006-08-28,0.4339999999999999
2006-08-29,0.4379999999999999
2006-08-30,0.4419999999999999
2006-08-31,0.44399999999999995
2006-09-01,0.4499999999999999
2006-09-04,0.4739999999999999
2006-09-05,0.4539999999999999
2006-09-06,0.4539999999999999
2006-09-07,0.426
2006-09-08,0.418
2006-09-11,0.43599999999999994
2006-09-12,0.41999999999999993
2006-09-13,0.3939999999999999
2006-09-14,0.4119999999999999
2006-09-15,0.422
2006-09-18,0.43599999999999994
2006-09-19,0.42399999999999993
2006-09-20,0.418
2006-09-21,0.41291666666666665
2006-09-22,0.40325
2006-09-25,0.38991666666666663
2006-09-26,0.3945833333333333
2006-09-27,0.40149999999999997
2006-09-28,0.4106666666666666
2006-09-29,0.4254999999999999
2006-10-09,0.4227499999999999
2006-10-10,0.40916666666666657
2006-10-11,0.41224999999999995
2006-10-12,0.42299999999999993
2006-10-13,0.4218333333333333
2006-10-16,0.41658333333333325
2006-10-17,0.4258333333333333
2006-10-18,0.4348333333333333
2006-10-19,0.4378333333333333
2006-10-20,0.42024999999999996
2006-10-23,0.39249999999999996
2006-10-24,0.41608333333333325
2006-10-25,0.41666666666666663
2006-10-26,0.4062499999999999
2006-10-27,0.4062499999999999
2006-10-30,0.4145833333333333
2006-10-31,0.4291666666666666
2006-11-01,0.4312499999999999
2006-11-02,0.4104166666666666
2006-11-03,0.4104166666666666
2006-11-06,0.39583333333333326
2006-11-07,0.39999999999999997
2006-11-08,0.3874999999999999
2006-11-09,0.4083333333333332
2006-11-10,0.3895833333333333
2006-11-13,0.37499999999999994
2006-11-14,0.37083333333333324
2006-11-15,0.3895833333333333
2006-11-16,0.3770833333333333
2006-11-17,0.4041666666666666
2006-11-20,0.42499999999999993
2006-11-21,0.4062499999999999
2006-11-22,0.4291666666666666
2006-11-23,0.4333333333333333
2006-11-24,0.4541666666666666
2006-11-27,0.4666666666666666
2006-11-28,0.45
2006-11-29,0.44791666666666663
2006-11-30,0.47436594202898547
2006-12-01,0.48179347826086955
2006-12-04,0.5020833333333332
2006-12-05,0.513586956521739
2006-12-06,0.501177536231884
2006-12-07,0.46811594202898543
2006-12-08,0.4725543478260869
2006-12-11,0.5031702898550724
2006-12-12,0.5021739130434782
2006-12-13,0.4714673913043478
2006-12-14,0.48722826086956517
2006-12-15,0.46929347826086953
2006-12-18,0.47047101449275364
2006-12-19,0.4692028985507245
2006-12-20,0.4599637681159419
2006-12-21,0.46068840579710135
2006-12-22,0.4402173913043478
2006-12-25,0.4266304347826086
2006-12-26,0.4250905797101449
2006-12-27,0.4195652173913043
2006-12-28,0.3956521739130434
2006-12-29,0.39782608695652166
2007-01-04,0.3847826086956521
2007-01-05,0.38695652173913037
2007-01-08,0.41739130434782606
2007-01-09,0.44347826086956516
2007-01-10,0.4608695652173913
2007-01-11,0.44565217391304335
2007-01-12,0.42608695652173906
2007-01-15,0.44565217391304335
2007-01-16,0.4478260869565217
2007-01-17,0.4326086956521739
2007-01-18,0.43478260869565205
2007-01-19,0.4478260869565217
2007-01-22,0.4521739130434782
2007-01-23,0.45434782608695645
2007-01-24,0.46521739130434775
2007-01-25,0.44565217391304346
2007-01-26,0.4478260869565217
2007-01-29,0.46521739130434775
2007-01-30,0.46521739130434775
2007-01-31,0.43478260869565216
2007-02-01,0.4326086956521739
2007-02-02,0.4108695652173913
2007-02-05,0.40652173913043466
2007-02-06,0.4021739130434782
2007-02-07,0.39999999999999997
2007-02-08,0.40652173913043477
2007-02-09,0.4195652173913043
2007-02-12,0.42391304347826086
2007-02-13,0.4282608695652173
2007-02-14,0.46304347826086945
2007-02-15,0.4717391304347826
2007-02-16,0.46304347826086956
2007-02-26,0.46521739130434775
2007-02-27,0.45217391304347815
2007-02-28,0.46521739130434775
2007-03-01,0.4804347826086956
2007-03-02,0.49130434782608684
2007-03-05,0.47391304347826074
2007-03-06,0.4804347826086956
2007-03-07,0.5043478260869565
2007-03-08,0.5108695652173912
2007-03-09,0.5239130434782608
2007-03-12,0.5239130434782608
2007-03-13,0.5239130434782608
2007-03-14,0.5152173913043477
2007-03-15,0.5130434782608695
2007-03-16,0.5
2007-03-19,0.4869565217391304
2007-03-20,0.4695652173913043
2007-03-21,0.458695652173913
2007-03-22,0.43695652173913035
2007-03-23,0.4391304347826086
2007-03-26,0.43695652173913035
2007-03-27,0.45434782608695645
2007-03-28,0.4304347826086956
2007-03-29,0.41739130434782606
2007-03-30,0.41521739130434776
2007-04-02,0.43478260869565216
2007-04-03,0.4413043478260869
2007-04-04,0.43478260869565205
2007-04-05,0.4391304347826086
2007-04-06,0.44347826086956516
2007-04-09,0.4478260869565217
2007-04-10,0.4434782608695652
2007-04-11,0.4565217391304347
2007-04-12,0.46304347826086956
2007-04-13,0.47173913043478255
2007-04-16,0.48478260869565204
2007-04-17,0.4956521739130434
2007-04-18,0.5021739130434781
2007-04-19,0.49347826086956514
2007-04-20,0.5065217391304346
2007-04-23,0.508695652173913
2007-04-24,0.5065217391304346
2007-04-25,0.508695652173913
2007-04-26,0.5304347826086956
2007-04-27,0.5178853754940711
2007-04-30,0.4999764728025597
2007-05-08,0.5141586674195369
2007-05-09,0.5086721249764727
2007-05-10,0.5046348578957274
2007-05-11,0.48310276679841885
2007-05-14,0.469541690193864
2007-05-15,0.45277150385846027
2007-05-16,0.46477978543195925
2007-05-17,0.4700592885375493
2007-05-18,0.4762704686617729
2007-05-21,0.4583615659702615
2007-05-22,0.45391022021456795
2007-05-23,0.4405561829474872
2007-05-24,0.4468605307735741
2007-05-25,0.43523009599096546
2007-05-28,0.4379474872953133
2007-05-29,0.44370835686053073
2007-05-30,0.4353387916431394
2007-05-31,0.419577922077922
2007-06-01,0.41571428571428565
2007-06-04,0.3966666666666666
2007-06-05,0.3860714285714285
2007-06-06,0.40166666666666656
2007-06-07,0.41309523809523807
2007-06-08,0.4457142857142856
2007-06-11,0.4616666666666666
2007-06-12,0.49202380952380953
2007-06-13,0.49642857142857133
2007-06-14,0.4682142857142857
2007-06-15,0.45678571428571424
2007-06-18,0.4827380952380952
2007-06-19,0.4814285714285713
2007-06-20,0.4674999999999999
2007-06-21,0.46499999999999997
2007-06-22,0.43999999999999995
2007-06-25,0.4049999999999999
2007-06-26,0.4049999999999999
2007-06-27,0.44499999999999995
2007-06-28,0.4375
2007-06-29,0.43499999999999994
2007-07-02,0.4574999999999999
2007-07-03,0.4674999999999999
2007-07-04,0.4499999999999999
2007-07-05,0.41
2007-07-06,0.41999999999999993
2007-07-09,0.4299999999999999
2007-07-10,0.40249999999999997
2007-07-11,0.39249999999999996
2007-07-12,0.4049999999999999
2007-07-13,0.4049999999999999
2007-07-16,0.36999999999999994
2007-07-17,0.3949999999999999
2007-07-18,0.40999999999999986
2007-07-19,0.41999999999999993
2007-07-20,0.4625
2007-07-23,0.5025
2007-07-24,0.49499999999999994
2007-07-25,0.49499999999999994
2007-07-26,0.5299999999999999
2007-07-27,0.5549999999999999
2007-07-30,0.57
2007-07-31,0.5549999999999999
2007-08-01,0.5475
2007-08-02,0.5924999999999999
2007-08-03,0.5774999999999999
2007-08-06,0.5599999999999998
2007-08-07,0.575
2007-08-08,0.5574999999999999
2007-08-09,0.5624999999999999
2007-08-10,0.5674999999999999
2007-08-13,0.5774999999999999
2007-08-14,0.5674999999999999
2007-08-15,0.5599999999999999
2007-08-16,0.5599999999999998
2007-08-17,0.5324999999999999
2007-08-20,0.5325
2007-08-21,0.5425
2007-08-22,0.5174999999999998
2007-08-23,0.5025
2007-08-24,0.49499999999999994
2007-08-27,0.4725
2007-08-28,0.4774999999999999
2007-08-29,0.4924999999999999
2007-08-30,0.48
2007-08-31,0.4725
2007-09-03,0.47999999999999987
2007-09-04,0.45999999999999996
2007-09-05,0.47249999999999986
2007-09-06,0.4749999999999999
2007-09-07,0.4725
2007-09-10,0.4924999999999999
2007-09-11,0.45999999999999996
2007-09-12,0.47999999999999987
2007-09-13,0.48749999999999993
2007-09-14,0.5025
2007-09-17,0.4925
2007-09-18,0.47999999999999987
2007-09-19,0.4699999999999999
2007-09-20,0.47249999999999986
2007-09-21,0.4699999999999999
2007-09-24,0.47249999999999986
2007-09-25,0.46499999999999997
2007-09-26,0.45999999999999985
2007-09-27,0.4549999999999999
2007-09-28,0.4699999999999999
2007-10-08,0.45249999999999996
2007-10-09,0.45999999999999996
2007-10-10,0.45249999999999996
2007-10-11,0.43249999999999994
2007-10-12,0.4349999999999999
2007-10-15,0.4124999999999999
2007-10-16,0.42499999999999993
2007-10-17,0.4049999999999999
2007-10-18,0.37749999999999995
2007-10-19,0.3524999999999999
2007-10-22,0.33749999999999997
2007-10-23,0.3449999999999999
2007-10-24,0.35
2007-10-25,0.3274999999999999
2007-10-26,0.3224999999999999
2007-10-29,0.3374999999999999
2007-10-30,0.3524999999999999
2007-10-31,0.38249999999999995
2007-11-01,0.35499999999999987
2007-11-02,0.3224999999999999
2007-11-05,0.3399999999999999
2007-11-06,0.3499999999999999
2007-11-07,0.3399999999999999
2007-11-08,0.3349999999999999
2007-11-09,0.3349999999999999
2007-11-12,0.33499999999999985
2007-11-13,0.3424999999999999
2007-11-14,0.36999999999999994
2007-11-15,0.37749999999999995
2007-11-16,0.3849999999999999
2007-11-19,0.40249999999999997
2007-11-20,0.4169736842105262
2007-11-21,0.41763157894736835
2007-11-22,0.41263157894736835
2007-11-23,0.4397368421052631
2007-11-26,0.42302631578947353
2007-11-27,0.40381578947368413
2007-11-28,0.3692105263157894
2007-11-29,0.4139473684210525
2007-11-30,0.4168421052631578
2007-12-03,0.4107894736842105
2007-12-04,0.4172368421052631
2007-12-05,0.4546052631578947
2007-12-06,0.47052631578947357
2007-12-07,0.49499999999999994
2007-12-10,0.522236842105263
2007-12-11,0.5130263157894736
2007-12-12,0.48631578947368415
2007-12-13,0.481578947368421
2007-12-14,0.5034210526315788
2007-12-17,0.48421052631578937
2007-12-18,0.46052631578947356
2007-12-19,0.4894736842105263
2007-12-20,0.5289473684210526
2007-12-21,0.5289473684210526
2007-12-24,0.5473684210526315
2007-12-25,0.563157894736842
2007-12-26,0.5973684210526315
2007-12-27,0.5789473684210525
2007-12-28,0.5842105263157894
2008-01-02,0.5921052631578947
2008-01-03,0.594736842105263
2008-01-04,0.5684210526315788
2008-01-07,0.5894736842105261
2008-01-08,0.5552631578947367
2008-01-09,0.5526315789473684
2008-01-10,0.5684210526315788
2008-01-11,0.5789473684210524
2008-01-14,0.6105263157894736
2008-01-15,0.5973684210526315
2008-01-16,0.5921052631578946
2008-01-17,0.581578947368421
2008-01-18,0.5815789473684209
2008-01-21,0.5499999999999999
2008-01-22,0.5078947368421052
2008-01-23,0.5184210526315789
2008-01-24,0.5263157894736842
2008-01-25,0.5131578947368419
2008-01-28,0.48684210526315785
2008-01-29,0.5052631578947367
2008-01-30,0.5026315789473683
2008-01-31,0.47368421052631576
2008-02-01,0.45789473684210513
2008-02-04,0.46315789473684205
2008-02-05,0.481578947368421
2008-02-13,0.4552631578947367
2008-02-14,0.46315789473684194
2008-02-15,0.4605263157894736
2008-02-18,0.46315789473684205
2008-02-19,0.47368421052631565
2008-02-20,0.47105263157894733
2008-02-21,0.48947368421052617
2008-02-22,0.45263157894736833
2008-02-25,0.444736842105263
2008-02-26,0.4763157894736841
2008-02-27,0.47368421052631576
2008-02-28,0.4552631578947367
2008-02-29,0.4605263157894736
2008-03-03,0.4999999999999999
2008-03-04,0.47368421052631576
2008-03-05,0.45789473684210524
2008-03-06,0.4894736842105263
2008-03-07,0.4868421052631578
2008-03-10,0.44210526315789467
2008-03-11,0.45263157894736833
2008-03-12,0.4394736842105262
2008-03-13,0.40263157894736834
2008-03-14,0.40263157894736834
2008-03-17,0.363157894736842
2008-03-18,0.32894736842105254
2008-03-19,0.3654970760233917
2008-03-20,0.3890350877192982
2008-03-21,0.425438596491228
2008-03-24,0.4337719298245613
2008-03-25,0.44385964912280695
2008-03-26,0.42119883040935663
2008-03-27,0.40847953216374266
2008-03-28,0.4159356725146198
2008-03-31,0.37923976608187127
2008-04-01,0.3767543859649122
2008-04-02,0.36944444444444435
2008-04-03,0.38245614035087716
2008-04-07,0.4298245614035087
2008-04-08,0.4687134502923976
2008-04-09,0.44005847953216365
2008-04-10,0.4818713450292397
2008-04-11,0.5125730994152046
2008-04-14,0.49166666666666653
2008-04-15,0.536111111111111
2008-04-16,0.536111111111111
2008-04-17,0.4972222222222221
2008-04-18,0.4527777777777778
2008-04-21,0.43055555555555547
2008-04-22,0.43888888888888883
2008-04-23,0.4416666666666666
2008-04-24,0.47222222222222215
2008-04-25,0.49444444444444435
2008-04-28,0.46388888888888874
2008-04-29,0.4888888888888888
2008-04-30,0.5361111111111111
2008-05-05,0.5694444444444443
2008-05-06,0.5416666666666666
2008-05-07,0.49444444444444435
2008-05-08,0.4999999999999999
2008-05-09,0.5138888888888888
2008-05-12,0.4972222222222221
2008-05-13,0.4888888888888888
2008-05-14,0.5277777777777778
2008-05-15,0.4972222222222221
2008-05-16,0.5111111111111111
2008-05-19,0.5333333333333333
2008-05-20,0.5416666666666666
2008-05-21,0.5527777777777777
2008-05-22,0.5444444444444444
2008-05-23,0.5083333333333332
2008-05-26,0.4777777777777777
2008-05-27,0.48055555555555546
2008-05-28,0.5083333333333333
2008-05-29,0.4888888888888888
2008-05-30,0.4694444444444443
2008-06-02,0.4499999999999999
2008-06-03,0.4499999999999999
2008-06-04,0.4611111111111111
2008-06-05,0.43055555555555547
2008-06-06,0.4416666666666666
2008-06-10,0.41388888888888875
2008-06-11,0.3999999999999999
2008-06-12,0.37777777777777766
2008-06-13,0.3666666666666666
2008-06-16,0.3583333333333333
2008-06-17,0.3305555555555555
2008-06-18,0.36944444444444435
2008-06-19,0.3388888888888888
2008-06-20,0.3638888888888888
2008-06-23,0.3722222222222221
2008-06-24,0.3999999999999999
2008-06-25,0.41666666666666663
2008-06-26,0.41666666666666663
2008-06-27,0.4083333333333332
2008-06-30,0.3972222222222221
2008-07-01,0.3777777777777777
2008-07-02,0.3888888888888888
2008-07-03,0.42222222222222217
2008-07-04,0.43055555555555547
2008-07-07,0.4416666666666666
2008-07-08,0.4833333333333332
2008-07-09,0.5166666666666666
2008-07-10,0.5055555555555554
2008-07-11,0.5111111111111111
2008-07-14,0.5388888888888889
2008-07-15,0.5388888888888889
2008-07-16,0.49444444444444435
2008-07-17,0.5055555555555555
2008-07-18,0.5138888888888887
2008-07-21,0.5444444444444444
2008-07-22,0.5222222222222221
2008-07-23,0.4833333333333333
2008-07-24,0.486111111111111
2008-07-25,0.4916666666666666
2008-07-28,0.5138888888888887
2008-07-29,0.5194444444444444
2008-07-30,0.5138888888888888
2008-07-31,0.4666666666666666
2008-08-01,0.4833333333333332
2008-08-04,0.44444444444444436
2008-08-05,0.4111111111111111
2008-08-06,0.38333333333333325
2008-08-07,0.4027777777777777
2008-08-08,0.39722222222222214
2008-08-11,0.3638888888888888
2008-08-12,0.3805555555555554
2008-08-13,0.3916666666666666
2008-08-14,0.41388888888888886
2008-08-15,0.39166666666666655
2008-08-18,0.34722222222222215
2008-08-19,0.36111111111111105
2008-08-20,0.39722222222222214
2008-08-21,0.36111111111111105
2008-08-22,0.3638888888888888
2008-08-25,0.3416666666666666
2008-08-26,0.33333333333333326
2008-08-27,0.3305555555555555
2008-08-28,0.3583333333333333
2008-08-29,0.3638888888888888
2008-09-01,0.3666666666666666
2008-09-02,0.38333333333333325
2008-09-03,0.3916666666666666
2008-09-04,0.39722222222222214
2008-09-05,0.39722222222222214
2008-09-08,0.39722222222222214
2008-09-09,0.4111111111111111
2008-09-10,0.4277777777777777
2008-09-11,0.4083333333333332
2008-09-12,0.41666666666666663
2008-09-16,0.4194444444444444
2008-09-17,0.3888888888888888
2008-09-18,0.3499999999999999
2008-09-19,0.386111111111111
2008-09-22,0.41388888888888886
2008-09-23,0.3972222222222221
2008-09-24,0.43055555555555547
2008-09-25,0.4499999999999999
2008-09-26,0.4416666666666666
2008-10-06,0.4027777777777777
2008-10-07,0.411111111111111
2008-10-08,0.3888888888888888
2008-10-09,0.3722222222222221
2008-10-10,0.3416666666666666
2008-10-13,0.3722222222222222
2008-10-14,0.3833333333333333
2008-10-15,0.3638888888888888
2008-10-16,0.336111111111111
2008-10-17,0.3527777777777777
2008-10-20,0.36111111111111105
2008-10-21,0.36111111111111105
2008-10-22,0.3583333333333333
2008-10-23,0.3749999999999999
2008-10-24,0.3444444444444444
2008-10-27,0.3166666666666666
2008-10-28,0.35277777777777775
2008-10-29,0.32777777777777767
2008-10-30,0.3194444444444443
2008-10-31,0.311111111111111
2008-11-03,0.3194444444444443
2008-11-04,0.311111111111111
2008-11-05,0.3444444444444444
2008-11-06,0.35
2008-11-07,0.3749999999999999
2008-11-10,0.3749999999999999
2008-11-11,0.3805555555555555
2008-11-12,0.4027777777777777
2008-11-13,0.43055555555555547
2008-11-14,0.43888888888888883
2008-11-17,0.4333333333333333
2008-11-18,0.436111111111111
2008-11-19,0.4694444444444444
2008-11-20,0.4583333333333332
2008-11-21,0.46388888888888885
2008-11-24,0.4583333333333332
2008-11-25,0.4305555555555555
2008-11-26,0.4444444444444443
2008-11-27,0.43611111111111106
2008-11-28,0.4305555555555555
2008-12-01,0.45555555555555544
2008-12-02,0.4777777777777777
2008-12-03,0.48055555555555546
2008-12-04,0.4833333333333333
2008-12-05,0.4888888888888888
2008-12-08,0.49166666666666653
2008-12-09,0.48611111111111105
2008-12-10,0.4833333333333332
2008-12-11,0.4583333333333332
2008-12-12,0.42499999999999993
2008-12-15,0.4166666666666665
2008-12-16,0.43611111111111106
2008-12-17,0.41666666666666663
2008-12-18,0.43055555555555547
2008-12-19,0.4416666666666666
2008-12-22,0.4583333333333333
2008-12-23,0.45277777777777767
2008-12-24,0.43888888888888883
2008-12-25,0.43333333333333324
2008-12-26,0.43611111111111106
2008-12-29,0.4194444444444444
2008-12-30,0.39999999999999997
2008-12-31,0.3749999999999999
2009-01-05,0.4027777777777777
2009-01-06,0.4111111111111111
2009-01-07,0.39722222222222214
2009-01-08,0.39722222222222214
2009-01-09,0.40555555555555545
2009-01-12,0.4305555555555555
2009-01-13,0.43611111111111106
2009-01-14,0.4611111111111111
2009-01-15,0.4611111111111111
2009-01-16,0.4777777777777777
2009-01-19,0.4694444444444444
2009-01-20,0.4805555555555555
2009-01-21,0.4777777777777777
2009-01-22,0.5083333333333333
2009-01-23,0.511111111111111
2009-02-02,0.536111111111111
2009-02-03,0.575
2009-02-04,0.5888888888888888
2009-02-05,0.5916666666666666
2009-02-06,0.6222222222222221
2009-02-09,0.6249999999999999
2009-02-10,0.6194444444444444
2009-02-11,0.6277777777777777
2009-02-12,0.6416666666666665
2009-02-13,0.6499999999999999
2009-02-16,0.6499999999999999
2009-02-17,0.6472222222222221
2009-02-18,0.5999999999999999
2009-02-19,0.6138888888888887
2009-02-20,0.6222222222222221
2009-02-23,0.6499999999999999
2009-02-24,0.6277777777777777
2009-02-25,0.6333333333333333
2009-02-26,0.6055555555555554
2009-02-27,0.5972222222222221
2009-03-02,0.586111111111111
2009-03-03,0.5666666666666667
2009-03-04,0.5805555555555555
2009-03-05,0.5944444444444443
2009-03-06,0.5694444444444443
2009-03-09,0.5305555555555556
2009-03-10,0.5333333333333332
2009-03-11,0.5166666666666666
2009-03-12,0.5222222222222221
2009-03-13,0.4888888888888888
2009-03-16,0.48611111111111105
2009-03-17,0.5222222222222221
2009-03-18,0.5555555555555555
2009-03-19,0.5611111111111111
2009-03-20,0.5333333333333332
2009-03-23,0.5277777777777777
2009-03-24,0.536111111111111
2009-03-25,0.525
2009-03-26,0.561111111111111
2009-03-27,0.5722222222222222
2009-03-30,0.5499999999999999
2009-03-31,0.5444444444444444
2009-04-01,0.5333333333333332
2009-04-02,0.5388888888888888
2009-04-03,0.5305555555555556
2009-04-07,0.5499999999999999
2009-04-08,0.5138888888888888
2009-04-09,0.536111111111111
2009-04-10,0.5527777777777777
2009-04-13,0.5777777777777777
2009-04-14,0.5777777777777777
2009-04-15,0.5694444444444443
2009-04-16,0.5583333333333332
2009-04-17,0.5222222222222221
2009-04-20,0.5499999999999999
2009-04-21,0.5222222222222221
2009-04-22,0.5027777777777777
2009-04-23,0.5166666666666665
2009-04-24,0.48611111111111105
2009-04-27,0.4777777777777777
2009-04-28,0.4972222222222221
2009-04-29,0.5083333333333333
2009-04-30,0.5027777777777777
2009-05-04,0.5166666666666666
2009-05-05,0.536111111111111
2009-05-06,0.543627450980392
2009-05-07,0.5555555555555555
2009-05-08,0.5400326797385621
2009-05-11,0.5016339869281045
2009-05-12,0.5068627450980391
2009-05-13,0.5057189542483659
2009-05-14,0.4901960784313725
2009-05-15,0.48267973856209145
2009-05-18,0.4950980392156861
2009-05-19,0.48006535947712414
2009-05-20,0.4838235294117646
2009-05-21,0.4870915032679738
2009-05-22,0.4885620915032679
2009-05-25,0.49820261437908486
2009-05-26,0.5075163398692809
2009-05-27,0.5004901960784313
2009-06-01,0.505392156862745
2009-06-02,0.501470588235294
2009-06-03,0.48937908496732013
2009-06-04,0.4852941176470587
2009-06-05,0.45588235294117646
2009-06-08,0.4470588235294117
2009-06-09,0.43823529411764695
2009-06-10,0.4617647058823529
2009-06-11,0.4235294117647058
2009-06-12,0.3999999999999999
2009-06-15,0.4088235294117646
2009-06-16,0.4117647058823529
2009-06-17,0.4323529411764705
2009-06-18,0.42647058823529405
2009-06-19,0.43823529411764695
2009-06-22,0.438235294117647
2009-06-23,0.4352941176470588
2009-06-24,0.44411764705882345
2009-06-25,0.4352941176470587
2009-06-26,0.4323529411764705
2009-06-29,0.4235294117647058
2009-06-30,0.40588235294117636
2009-07-01,0.3999999999999999
2009-07-02,0.40294117647058814
2009-07-03,0.42941176470588227
2009-07-06,0.45
2009-07-07,0.4499999999999999
2009-07-08,0.44411764705882345
2009-07-09,0.46764705882352936
2009-07-10,0.46764705882352936
2009-07-13,0.45588235294117635
2009-07-14,0.4705882352941176
2009-07-15,0.45
2009-07-16,0.44411764705882345
2009-07-17,0.4352941176470588
2009-07-20,0.45588235294117635
2009-07-21,0.44411764705882345
2009-07-22,0.4352941176470588
2009-07-23,0.438235294117647
2009-07-24,0.4352941176470588
2009-07-27,0.438235294117647
2009-07-28,0.4529411764705881
2009-07-29,0.42647058823529405
2009-07-30,0.41470588235294115
2009-07-31,0.4205882352941176
2009-08-03,0.42647058823529405
2009-08-04,0.4352941176470587
2009-08-05,0.42647058823529405
2009-08-06,0.3999999999999999
2009-08-07,0.3970588235294117
2009-08-10,0.40588235294117636
2009-08-11,0.40294117647058814
2009-08-12,0.3823529411764705
2009-08-13,0.39411764705882346
2009-08-14,0.3794117647058822
2009-08-17,0.3529411764705882
2009-08-18,0.3735294117647058
2009-08-19,0.3499999999999999
2009-08-20,0.376470588235294
2009-08-21,0.3911764705882352
2009-08-24,0.38823529411764696
2009-08-25,0.3735294117647058
2009-08-26,0.4117647058823529
2009-08-27,0.4191176470588235
2009-08-28,0.3840073529411764
2009-08-31,0.3516544117647058
2009-09-01,0.35294117647058815
2009-09-02,0.36966911764705873
2009-09-03,0.4073529411764705
2009-09-04,0.42316176470588224
2009-09-07,0.4216911764705881
2009-09-08,0.4297794117647058
2009-09-09,0.4580882352941176
2009-09-10,0.43492647058823514
2009-09-11,0.4634191176470587
2009-09-14,0.4948529411764705
2009-09-15,0.4937499999999999
2009-09-16,0.4999999999999999
2009-09-17,0.4930147058823528
2009-09-18,0.46378676470588226
2009-09-21,0.4531249999999999
2009-09-22,0.4444852941176469
2009-09-23,0.4062499999999999
2009-09-24,0.3968749999999999
2009-09-25,0.40937499999999993
2009-09-28,0.40937499999999993
2009-09-29,0.3968749999999999
2009-09-30,0.3968749999999999
2009-10-09,0.3906249999999999
2009-10-12,0.3812499999999999
2009-10-13,0.3874999999999999
2009-10-14,0.37812499999999993
2009-10-15,0.3687499999999999
2009-10-16,0.3812499999999999
2009-10-19,0.3874999999999999
2009-10-20,0.3874999999999999
2009-10-21,0.37812499999999993
2009-10-22,0.39374999999999993
2009-10-23,0.3999999999999999
2009-10-26,0.4218749999999999
2009-10-27,0.4031249999999999
2009-10-28,0.42499999999999993
2009-10-29,0.4343749999999999
2009-10-30,0.4468749999999999
2009-11-02,0.47187499999999993
2009-11-03,0.5125
2009-11-04,0.5343749999999999
2009-11-05,0.5249999999999999
2009-11-06,0.5218749999999999
2009-11-09,0.5374999999999999
2009-11-10,0.5249999999999999
2009-11-11,0.5187499999999999
2009-11-12,0.5218749999999999
2009-11-13,0.5249999999999999
2009-11-16,0.5218749999999999
2009-11-17,0.5031249999999999
2009-11-18,0.4968749999999999
2009-11-19,0.5062499999999999
2009-11-20,0.4937499999999999
2009-11-23,0.4968749999999999
2009-11-24,0.4968749999999999
2009-11-25,0.5062499999999999
2009-11-26,0.4999999999999999
2009-11-27,0.4781249999999999
2009-11-30,0.4749999999999999
2009-12-01,0.47187499999999993
2009-12-02,0.4656249999999999
2009-12-03,0.4656249999999999
2009-12-04,0.4531249999999999
2009-12-07,0.4624999999999999
2009-12-08,0.4499999999999999
2009-12-09,0.4374999999999999
2009-12-10,0.4343749999999999
2009-12-11,0.4281249999999999
2009-12-14,0.40937499999999993
2009-12-15,0.40937499999999993
2009-12-16,0.40937499999999993
2009-12-17,0.37812499999999993
2009-12-18,0.3531249999999999
2009-12-21,0.3499999999999999
2009-12-22,0.3531249999999999
2009-12-23,0.3531249999999999
2009-12-24,0.3843749999999999
2009-12-25,0.3968749999999999
2009-12-28,0.3906249999999999
2009-12-29,0.36979166666666663
2009-12-30,0.36145833333333327
2009-12-31,0.37312499999999993
2010-01-04,0.3610416666666666
2010-01-05,0.34666666666666657
2010-01-06,0.3604166666666666
2010-01-07,0.35770833333333324
2010-01-08,0.36583333333333323
2010-01-11,0.37020833333333325
2010-01-12,0.39145833333333324
2010-01-13,0.38249999999999995
2010-01-14,0.406875
2010-01-15,0.4335416666666666
2010-01-18,0.456875
2010-01-19,0.4518749999999999
2010-01-20,0.4520833333333332
2010-01-21,0.44104166666666655
2010-01-22,0.41
2010-01-25,0.3983928571428571
2010-01-26,0.37071428571428566
2010-01-27,0.3647619047619047
2010-01-28,0.38023809523809515
2010-01-29,0.36857142857142844
2010-02-01,0.3797619047619047
2010-02-02,0.3704761904761904
2010-02-03,0.387142857142857
2010-02-04,0.40380952380952373
2010-02-05,0.3804761904761904
2010-02-08,0.38047619047619036
2010-02-09,0.3571428571428571
2010-02-10,0.38047619047619036
2010-02-11,0.3604761904761904
2010-02-12,0.36595238095238086
2010-02-22,0.3676190476190475
2010-02-23,0.3619047619047618
2010-02-24,0.40142857142857136
2010-02-25,0.41738095238095224
2010-02-26,0.44097069597069594
2010-03-01,0.47613553113553103
2010-03-02,0.4841025641025641
2010-03-03,0.5156959706959705
2010-03-04,0.4835531135531134
2010-03-05,0.48547619047619034
2010-03-08,0.5022344322344321
2010-03-09,0.5145970695970695
2010-03-10,0.4856227106227105
2010-03-11,0.4815201465201464
2010-03-12,0.4786996336996336
2010-03-15,0.47023809523809507
2010-03-16,0.4881868131868131
2010-03-17,0.508186813186813
2010-03-18,0.5112637362637362
2010-03-19,0.5137362637362636
2010-03-22,0.5079670329670328
2010-03-23,0.5052197802197801
2010-03-24,0.4739010989010988
2010-03-25,0.4384615384615384
2010-03-26,0.45384615384615384
2010-03-29,0.4576923076923077
2010-03-30,0.46538461538461523
2010-03-31,0.4384615384615384
2010-04-01,0.4884615384615384
2010-04-02,0.48461538461538456
2010-04-06,0.47692307692307684
2010-04-07,0.48076923076923067
2010-04-08,0.48076923076923067
2010-04-09,0.4846153846153845
2010-04-12,0.4884615384615384
2010-04-13,0.5115384615384615
2010-04-14,0.5115384615384614
2010-04-15,0.473076923076923
2010-04-16,0.46538461538461523
2010-04-19,0.4307692307692307
2010-04-20,0.42692307692307685
2010-04-21,0.45384615384615384
2010-04-22,0.45769230769230757
2010-04-23,0.47692307692307684
2010-04-26,0.4499999999999999
2010-04-27,0.41538461538461524
2010-04-28,0.42692307692307685
2010-04-29,0.4115384615384614
2010-04-30,0.3846153846153845
2010-05-04,0.3769230769230768
2010-05-05,0.39230769230769225
2010-05-06,0.3653846153846153
2010-05-07,0.36923076923076914
2010-05-10,0.3769230769230768
2010-05-11,0.3807692307692307
2010-05-12,0.3769230769230768
2010-05-13,0.3807692307692307
2010-05-14,0.3769230769230768
2010-05-17,0.3615384615384615
2010-05-18,0.39230769230769225
2010-05-19,0.3961538461538461
2010-05-20,0.35769230769230764
2010-05-21,0.37307692307692303
2010-05-24,0.3961538461538461
2010-05-25,0.3846153846153845
2010-05-26,0.40384615384615374
2010-05-27,0.4115384615384615
2010-05-28,0.4307692307692307
2010-05-31,0.41538461538461535
2010-06-01,0.41538461538461535
2010-06-02,0.41538461538461535
2010-06-03,0.4192307692307692
2010-06-04,0.43461538461538457
2010-06-07,0.4230769230769231
2010-06-08,0.4307692307692307
2010-06-09,0.44230769230769224
2010-06-10,0.41538461538461535
2010-06-11,0.43461538461538457
2010-06-17,0.44615384615384607
2010-06-18,0.43461538461538457
2010-06-21,0.4576923076923077
2010-06-22,0.4999999999999999
2010-06-23,0.4769230769230769
2010-06-24,0.45384615384615384
2010-06-25,0.45
2010-06-28,0.4346153846153845
2010-06-29,0.3961538461538461
2010-06-30,0.3999999999999999
2010-07-01,0.4115384615384614
2010-07-02,0.4307692307692307
2010-07-05,0.40384615384615374
2010-07-06,0.44615384615384607
2010-07-07,0.45769230769230757
2010-07-08,0.4423076923076922
2010-07-09,0.473076923076923
2010-07-12,0.4692307692307692
2010-07-13,0.4615384615384614
2010-07-14,0.4846153846153845
2010-07-15,0.48461538461538456
2010-07-16,0.5038461538461537
2010-07-19,0.5115384615384614
2010-07-20,0.5153846153846153
2010-07-21,0.5269230769230768
2010-07-22,0.5538461538461539
2010-07-23,0.5692307692307692
2010-07-26,0.5846153846153845
2010-07-27,0.5999999999999999
2010-07-28,0.6269230769230768
2010-07-29,0.6346153846153845
2010-07-30,0.6115384615384615
2010-08-02,0.6423076923076922
2010-08-03,0.5999999999999999
2010-08-04,0.5923076923076922
2010-08-05,0.6038461538461538
2010-08-06,0.596153846153846
2010-08-09,0.5846153846153845
2010-08-10,0.5846153846153845
2010-08-11,0.573076923076923
2010-08-12,0.5692307692307692
2010-08-13,0.5769230769230769
2010-08-16,0.573076923076923
2010-08-17,0.5576923076923077
2010-08-18,0.5576923076923076
2010-08-19,0.5346153846153845
2010-08-20,0.5307692307692308
2010-08-23,0.5192307692307692
2010-08-24,0.5461538461538461
2010-08-25,0.4999999999999999
2010-08-26,0.5076923076923077
2010-08-27,0.523076923076923
2010-08-30,0.523076923076923
2010-08-31,0.5384615384615384
2010-09-01,0.523076923076923
2010-09-02,0.5499999999999999
2010-09-03,0.5192307692307692
2010-09-06,0.5307692307692307
2010-09-07,0.5538461538461538
2010-09-08,0.5269230769230768
2010-09-09,0.5269230769230768
2010-09-10,0.49615384615384606
2010-09-13,0.48461538461538456
2010-09-14,0.4846153846153845
2010-09-15,0.473076923076923
2010-09-16,0.4576923076923077
2010-09-17,0.4615384615384614
2010-09-20,0.45384615384615373
2010-09-21,0.43461538461538457
2010-09-27,0.473076923076923
2010-09-28,0.45384615384615373
2010-09-29,0.4384615384615384
2010-09-30,0.4346153846153845
2010-10-08,0.45384615384615373
2010-10-11,0.47692307692307684
2010-10-12,0.4499999999999999
2010-10-13,0.473076923076923
2010-10-14,0.44230769230769224
2010-10-15,0.4499999999999999
2010-10-18,0.4576923076923077
2010-10-19,0.48076923076923067
2010-10-20,0.48461538461538456
2010-10-21,0.4692307692307692
2010-10-22,0.4692307692307692
2010-10-25,0.5038461538461538
2010-10-26,0.5192307692307692
2010-10-27,0.5153846153846153
2010-10-28,0.5269230769230768
2010-10-29,0.5192307692307692
2010-11-01,0.5076923076923076
2010-11-02,0.5115384615384615
2010-11-03,0.5076923076923076
2010-11-04,0.4923076923076922
2010-11-05,0.4846153846153845
2010-11-08,0.473076923076923
2010-11-09,0.473076923076923
2010-11-10,0.4576923076923077
2010-11-11,0.45769230769230757
2010-11-12,0.423076923076923
2010-11-15,0.4307692307692307
2010-11-16,0.4076923076923077
2010-11-17,0.3923076923076922
2010-11-18,0.40384615384615385
2010-11-19,0.4115384615384615
2010-11-22,0.39999999999999997
2010-11-23,0.37307692307692303
2010-11-24,0.39999999999999997
2010-11-25,0.41538461538461535
2010-11-26,0.40384615384615385
2010-11-29,0.39230769230769225
2010-11-30,0.3769230769230768
2010-12-01,0.3884615384615384
2010-12-02,0.3846153846153846
2010-12-03,0.3653846153846153
2010-12-06,0.3499999999999999
2010-12-07,0.3653846153846153
2010-12-08,0.3615384615384615
2010-12-09,0.3653846153846153
2010-12-10,0.3961538461538461
2010-12-13,0.4076923076923077
2010-12-14,0.43076923076923074
2010-12-15,0.4384615384615384
2010-12-16,0.4192307692307692
2010-12-17,0.3961538461538461
2010-12-20,0.36923076923076914
2010-12-21,0.4076923076923076
2010-12-22,0.3807692307692307
2010-12-23,0.3461538461538461
2010-12-24,0.35
2010-12-27,0.3307692307692307
2010-12-28,0.3307692307692307
2010-12-29,0.33846153846153837
2010-12-30,0.3307692307692307
2010-12-31,0.3615384615384615
2011-01-04,0.3884615384615384
2011-01-05,0.3846153846153845
2011-01-06,0.39230769230769225
2011-01-07,0.40384615384615374
2011-01-10,0.3807692307692307
2011-01-11,0.3653846153846153
2011-01-12,0.36923076923076914
2011-01-13,0.373076923076923
2011-01-14,0.373076923076923
2011-01-17,0.35769230769230764
2011-01-18,0.3653846153846153
2011-01-19,0.36923076923076914
2011-01-20,0.36923076923076914
2011-01-21,0.3961538461538461
2011-01-24,0.3999999999999999
2011-01-25,0.41538461538461524
2011-01-26,0.4499999999999999
2011-01-27,0.45769230769230757
2011-01-28,0.473076923076923
2011-01-31,0.4692307692307692
2011-02-01,0.44230769230769224
2011-02-09,0.4346153846153845
2011-02-10,0.44615384615384607
2011-02-11,0.4499999999999999
2011-02-14,0.473076923076923
2011-02-15,0.4692307692307692
2011-02-16,0.4615384615384615
2011-02-17,0.46538461538461534
2011-02-18,0.46634615384615374
2011-02-21,0.49134615384615377
2011-02-22,0.47980769230769227
2011-02-23,0.4666666666666666
2011-02-24,0.48429487179487174
2011-02-25,0.47435897435897434
2011-02-28,0.5003205128205128
2011-03-01,0.5016025641025641
2011-03-02,0.4839743589743589
2011-03-03,0.4576923076923077
2011-03-04,0.4602564102564101
2011-03-07,0.4467948717948717
2011-03-08,0.4477564102564101
2011-03-09,0.45160256410256405
2011-03-10,0.42467948717948706
2011-03-11,0.4054487179487179
2011-03-14,0.3977564102564102
2011-03-15,0.3785256410256409
2011-03-16,0.3785256410256409
2011-03-17,0.36314102564102557
2011-03-18,0.389102564102564
2011-03-21,0.3910256410256409
2011-03-22,0.4076923076923076
2011-03-23,0.4201923076923076
2011-03-24,0.4076923076923076
2011-03-25,0.4118589743589743
2011-03-28,0.3785256410256409
2011-03-29,0.3701923076923076
2011-03-30,0.36602564102564095
2011-03-31,0.3701923076923076
2011-04-01,0.37852564102564096
2011-04-06,0.37435897435897425
2011-04-07,0.39102564102564097
2011-04-08,0.39711538461538454
2011-04-11,0.4019230769230768
2011-04-12,0.4150641025641025
2011-04-13,0.43782051282051276
2011-04-14,0.45448717948717937
2011-04-15,0.45256410256410246
2011-04-18,0.47371794871794864
2011-04-19,0.4602564102564101
2011-04-20,0.4583333333333332
2011-04-21,0.4624999999999999
2011-04-22,0.4374999999999999
2011-04-25,0.43333333333333324
2011-04-26,0.42499999999999993
2011-04-27,0.4374999999999999
2011-04-28,0.43333333333333324
2011-04-29,0.4583333333333332
2011-05-03,0.4791666666666665
2011-05-04,0.4458333333333333
2011-05-05,0.4499999999999999
2011-05-06,0.4458333333333333
2011-05-09,0.4499999999999999
2011-05-10,0.4708333333333332
2011-05-11,0.4708333333333333
2011-05-12,0.42916666666666653
2011-05-13,0.4499999999999999
2011-05-16,0.4499999999999999
2011-05-17,0.4499999999999999
2011-05-18,0.4583333333333332
2011-05-19,0.4374999999999999
2011-05-20,0.43333333333333324
2011-05-23,0.41666666666666663
2011-05-24,0.4416666666666666
2011-05-25,0.42916666666666653
2011-05-26,0.4166666666666665
2011-05-27,0.4291666666666666
2011-05-30,0.4041666666666665
2011-05-31,0.4083333333333332
2011-06-01,0.41666666666666663
2011-06-02,0.39583333333333326
2011-06-03,0.41666666666666663
2011-06-07,0.4208333333333332
2011-06-08,0.41666666666666663
2011-06-09,0.3999999999999999
2011-06-10,0.4291666666666666
2011-06-13,0.4083333333333332
2011-06-14,0.42499999999999993
2011-06-15,0.4041666666666666
2011-06-16,0.3749999999999999
2011-06-17,0.3791666666666666
2011-06-20,0.3749999999999999
2011-06-21,0.4124999999999999
2011-06-22,0.4041666666666665
2011-06-23,0.4499999999999999
2011-06-24,0.4791666666666665
2011-06-27,0.4916666666666666
2011-06-28,0.49583333333333324
2011-06-29,0.4666666666666666
2011-06-30,0.48749999999999993
2011-07-01,0.5125
2011-07-04,0.5166666666666665
2011-07-05,0.5041666666666665
2011-07-06,0.4958333333333333
2011-07-07,0.5083333333333332
2011-07-08,0.4999999999999999
2011-07-11,0.5041666666666667
2011-07-12,0.4791666666666665
2011-07-13,0.5166666666666666
2011-07-14,0.5416666666666666
2011-07-15,0.5583333333333333
2011-07-18,0.5583333333333333
2011-07-19,0.5333333333333333
2011-07-20,0.5291666666666666
2011-07-21,0.4833333333333332
2011-07-22,0.4833333333333333
2011-07-25,0.4541666666666666
2011-07-26,0.4624999999999999
2011-07-27,0.48749999999999993
2011-07-28,0.48749999999999993
2011-07-29,0.47916666666666663
2011-08-01,0.4499999999999999
2011-08-02,0.4416666666666666
2011-08-03,0.4374999999999999
2011-08-04,0.4416666666666666
2011-08-05,0.4208333333333333
2011-08-08,0.39999999999999997
2011-08-09,0.3958333333333333
2011-08-10,0.3999999999999999
2011-08-11,0.41666666666666663
2011-08-12,0.4291666666666666
2011-08-15,0.4541666666666666
2011-08-16,0.4458333333333333
2011-08-17,0.4374999999999999
2011-08-18,0.4416666666666666
2011-08-19,0.4124999999999999
2011-08-22,0.41666666666666663
2011-08-23,0.4374999999999999
2011-08-24,0.4124999999999999
2011-08-25,0.42499999999999993
2011-08-26,0.425
2011-08-29,0.4083333333333332
2011-08-30,0.3999999999999999
2011-08-31,0.39583333333333326
2011-09-01,0.38333333333333325
2011-09-02,0.38333333333333325
2011-09-05,0.3874999999999999
2011-09-06,0.3916666666666666
2011-09-07,0.39583333333333326
2011-09-08,0.36249999999999993
2011-09-09,0.34166666666666656
2011-09-13,0.32083333333333325
2011-09-14,0.3541666666666666
2011-09-15,0.36249999999999993
2011-09-16,0.36249999999999993
2011-09-19,0.3583333333333333
2011-09-20,0.38749999999999996
2011-09-21,0.3833333333333332
2011-09-22,0.3749999999999999
2011-09-23,0.3374999999999999
2011-09-26,0.32083333333333325
2011-09-27,0.35416666666666663
2011-09-28,0.34583333333333327
2011-09-29,0.34166666666666656
2011-09-30,0.36249999999999993
2011-10-10,0.3583333333333333
2011-10-11,0.38333333333333325
2011-10-12,0.41666666666666663
2011-10-13,0.4124999999999999
2011-10-14,0.4166666666666665
2011-10-17,0.41666666666666663
2011-10-18,0.4041666666666666
2011-10-19,0.3916666666666666
2011-10-20,0.3666666666666666
2011-10-21,0.37916666666666654
2011-10-24,0.4208333333333332
2011-10-25,0.4333333333333333
2011-10-26,0.43333333333333324
2011-10-27,0.4541666666666666
2011-10-28,0.48749999999999993
2011-10-31,0.5083333333333332
2011-11-01,0.49166666666666653
2011-11-02,0.5374999999999999
2011-11-03,0.5541666666666666
2011-11-04,0.5541666666666665
2011-11-07,0.5583333333333332
2011-11-08,0.5416666666666666
2011-11-09,0.5374999999999999
2011-11-10,0.5041666666666665
2011-11-11,0.5125
2011-11-14,0.5374999999999999
2011-11-15,0.5458333333333332
2011-11-16,0.5208333333333333
2011-11-17,0.5374999999999999
2011-11-18,0.5166666666666666
2011-11-21,0.5083333333333332
2011-11-22,0.4708333333333332
2011-11-23,0.4333333333333333
2011-11-24,0.4374999999999999
2011-11-25,0.3999999999999999
2011-11-28,0.39166666666666655
2011-11-29,0.4166666666666665
2011-11-30,0.37083333333333324
2011-12-01,0.3916666666666666
2011-12-02,0.37083333333333324
2011-12-05,0.3749999999999999
2011-12-06,0.37916666666666654
2011-12-07,0.3583333333333332
2011-12-08,0.3624999999999999
2011-12-09,0.3499999999999999
2011-12-12,0.3124999999999999
2011-12-13,0.3041666666666666
2011-12-14,0.30833333333333324
2011-12-15,0.29999999999999993
2011-12-16,0.3374999999999999
2011-12-19,0.31666666666666654
2011-12-20,0.3249999999999999
2011-12-21,0.32916666666666655
2011-12-22,0.32083333333333325
2011-12-23,0.34166666666666656
2011-12-26,0.32916666666666655
2011-12-27,0.2916666666666666
2011-12-28,0.31666666666666654
2011-12-29,0.2958333333333333
2011-12-30,0.32083333333333325
2012-01-04,0.31666666666666654
2012-01-05,0.3124999999999999
2012-01-06,0.3124999999999999
2012-01-09,0.3416666666666666
2012-01-10,0.3749999999999999
2012-01-11,0.3749999999999999
2012-01-12,0.37916666666666654
2012-01-13,0.3749999999999999
2012-01-16,0.3749999999999999
2012-01-17,0.3833333333333332
2012-01-18,0.3749999999999999
2012-01-19,0.39583333333333326
2012-01-20,0.4291666666666666
2012-01-30,0.4166666666666665
2012-01-31,0.4041666666666666
2012-02-01,0.4083333333333332
2012-02-02,0.4374999999999999
2012-02-03,0.4374999999999999
2012-02-06,0.42499999999999993
2012-02-07,0.3999999999999999
2012-02-08,0.4374999999999999
2012-02-09,0.4458333333333332
2012-02-10,0.4499999999999999
2012-02-13,0.4291666666666666
2012-02-14,0.39583333333333326
2012-02-15,0.4291666666666666
2012-02-16,0.4291666666666666
2012-02-17,0.45
2012-02-20,0.4708333333333332
2012-02-21,0.4583333333333333
2012-02-22,0.48749999999999993
2012-02-23,0.4666666666666666
2012-02-24,0.4583333333333332
2012-02-27,0.47916666666666663
2012-02-28,0.48068181818181815
2012-02-29,0.47689393939393926
2012-03-01,0.46939393939393925
2012-03-02,0.48439393939393927
2012-03-05,0.49189393939393933
2012-03-06,0.488560606060606
2012-03-07,0.4518939393939393
2012-03-08,0.466060606060606
2012-03-09,0.4718939393939393
2012-03-12,0.45689393939393924
2012-03-13,0.4793939393939393
2012-03-14,0.4418939393939393
2012-03-15,0.438560606060606
2012-03-16,0.4577272727272727
2012-03-19,0.458560606060606
2012-03-20,0.4302272727272727
2012-03-21,0.4191161616161615
2012-03-22,0.44133838383838375
2012-03-23,0.40939393939393937
2012-03-26,0.401060606060606
2012-03-27,0.3939898989898989
2012-03-28,0.3949999999999999
2012-03-29,0.376111111111111
2012-03-30,0.3583333333333332
2012-04-05,0.38277777777777766
2012-04-06,0.3999999999999999
2012-04-09,0.3949999999999999
2012-04-10,0.3933333333333332
2012-04-11,0.3749999999999999
2012-04-12,0.4038888888888888
2012-04-13,0.3855555555555555
2012-04-16,0.42444444444444435
2012-04-17,0.42499999999999993
2012-04-18,0.42944444444444435
2012-04-19,0.41611111111111104
2012-04-20,0.4499999999999999
2012-04-23,0.4277777777777777
2012-04-24,0.411111111111111
2012-04-25,0.43333333333333324
2012-04-26,0.43333333333333324
2012-04-27,0.43333333333333324
2012-05-02,0.4666666666666666
2012-05-03,0.4777777777777777
2012-05-04,0.48888888888888876
2012-05-07,0.47222222222222215
2012-05-08,0.4666666666666666
2012-05-09,0.47222222222222215
2012-05-10,0.47222222222222215
2012-05-11,0.4666666666666666
2012-05-14,0.4499999999999999
2012-05-15,0.44444444444444436
2012-05-16,0.41666666666666663
2012-05-17,0.45555555555555544
2012-05-18,0.43333333333333324
2012-05-21,0.4444444444444443
2012-05-22,0.44444444444444436
2012-05-23,0.45555555555555544
2012-05-24,0.44444444444444436
2012-05-25,0.4333333333333333
2012-05-28,0.46111111111111097
2012-05-29,0.4777777777777777
2012-05-30,0.4499999999999999
2012-05-31,0.4388888888888888
2012-06-01,0.4277777777777777
2012-06-04,0.3999999999999999
2012-06-05,0.411111111111111
2012-06-06,0.411111111111111
2012-06-07,0.3999999999999999
2012-06-08,0.40555555555555545
2012-06-11,0.43333333333333324
2012-06-12,0.4388888888888888
2012-06-13,0.4777777777777777
2012-06-14,0.44444444444444436
2012-06-15,0.45555555555555544
2012-06-18,0.4666666666666665
2012-06-19,0.43888888888888883
2012-06-20,0.44444444444444436
2012-06-21,0.44444444444444436
2012-06-25,0.4277777777777777
2012-06-26,0.4111111111111111
2012-06-27,0.39999999999999997
2012-06-28,0.3944444444444444
2012-06-29,0.41666666666666663
2012-07-02,0.43888888888888883
2012-07-03,0.4666666666666666
2012-07-04,0.4499999999999999
2012-07-05,0.44444444444444436
2012-07-06,0.4666666666666666
2012-07-09,0.4499999999999999
2012-07-10,0.411111111111111
2012-07-11,0.43333333333333324
2012-07-12,0.41666666666666663
2012-07-13,0.42777777777777776
2012-07-16,0.3999999999999999
2012-07-17,0.3944444444444443
2012-07-18,0.4166666666666665
2012-07-19,0.4277777777777777
2012-07-20,0.42222222222222217
2012-07-23,0.4277777777777777
2012-07-24,0.41666666666666663
2012-07-25,0.4111111111111111
2012-07-26,0.4111111111111111
2012-07-27,0.3944444444444444
2012-07-30,0.36111111111111105
2012-07-31,0.3555555555555555
2012-08-01,0.38333333333333325
2012-08-02,0.3999999999999999
2012-08-03,0.3999999999999999
2012-08-06,0.4499999999999999
2012-08-07,0.4611111111111111
2012-08-08,0.4444444444444443
2012-08-09,0.44444444444444436
2012-08-10,0.43333333333333324
2012-08-13,0.4277777777777777
2012-08-14,0.4277777777777777
2012-08-15,0.40555555555555545
2012-08-16,0.3888888888888888
2012-08-17,0.3944444444444444
2012-08-20,0.40555555555555545
2012-08-21,0.43333333333333324
2012-08-22,0.4277777777777777
2012-08-23,0.4666666666666665
2012-08-24,0.4499999999999999
2012-08-27,0.4388888888888888
2012-08-28,0.4499999999999999
2012-08-29,0.4111111111111111
2012-08-30,0.4166666666666665
2012-08-31,0.3944444444444444
2012-09-03,0.38333333333333325
2012-09-04,0.3722222222222221
2012-09-05,0.3722222222222221
2012-09-06,0.37777777777777766
2012-09-07,0.4111111111111111
2012-09-10,0.43888888888888883
2012-09-11,0.41666666666666663
2012-09-12,0.4277777777777777
2012-09-13,0.42222222222222217
2012-09-14,0.43333333333333324
2012-09-17,0.41666666666666663
2012-09-18,0.3888888888888888
2012-09-19,0.41666666666666663
2012-09-20,0.37777777777777766
2012-09-21,0.3944444444444444
2012-09-24,0.42222222222222217
2012-09-25,0.411111111111111
2012-09-26,0.42222222222222217
2012-09-27,0.4388888888888888
2012-09-28,0.45555555555555544
2012-10-08,0.42222222222222217
2012-10-09,0.45555555555555544
2012-10-10,0.47222222222222204
2012-10-11,0.44444444444444436
2012-10-12,0.43333333333333324
2012-10-15,0.42222222222222217
2012-10-16,0.4277777777777777
2012-10-17,0.4277777777777777
2012-10-18,0.4666666666666665
2012-10-19,0.4611111111111111
2012-10-22,0.4833333333333333
2012-10-23,0.4833333333333332
2012-10-24,0.4777777777777777
2012-10-25,0.4777777777777777
2012-10-26,0.4611111111111111
2012-10-29,0.44444444444444436
2012-10-30,0.44444444444444436
2012-10-31,0.4666666666666665
2012-11-01,0.47222222222222215
2012-11-02,0.47222222222222215
2012-11-05,0.49444444444444435
2012-11-06,0.45555555555555544
2012-11-07,0.42222222222222217
2012-11-08,0.411111111111111
2012-11-09,0.411111111111111
2012-11-12,0.41666666666666663
2012-11-13,0.3999999999999999
2012-11-14,0.39999999999999986
2012-11-15,0.35555555555555546
2012-11-16,0.36111111111111105
2012-11-19,0.3666666666666666
2012-11-20,0.3555555555555555
2012-11-21,0.3722222222222221
2012-11-22,0.38333333333333325
2012-11-23,0.41666666666666663
2012-11-26,0.41666666666666663
2012-11-27,0.3999999999999999
2012-11-28,0.3722222222222221
2012-11-29,0.34444444444444433
2012-11-30,0.3444444444444444
2012-12-03,0.32777777777777767
2012-12-04,0.361111111111111
2012-12-05,0.3944444444444444
2012-12-06,0.3999999999999999
2012-12-07,0.40555555555555545
2012-12-10,0.42222222222222217
2012-12-11,0.42222222222222217
2012-12-12,0.41666666666666663
2012-12-13,0.42222222222222217
2012-12-14,0.44444444444444436
2012-12-17,0.43333333333333324
2012-12-18,0.43888888888888883
2012-12-19,0.40555555555555545
2012-12-20,0.40555555555555556
2012-12-21,0.3944444444444444
2012-12-24,0.40555555555555545
2012-12-25,0.44444444444444436
2012-12-26,0.4666666666666666
2012-12-27,0.4611111111111111
2012-12-28,0.46111111111111097
2012-12-31,0.4777777777777777
2013-01-04,0.45555555555555544
2013-01-07,0.43888888888888883
2013-01-08,0.43888888888888883
2013-01-09,0.40555555555555545
2013-01-10,0.4111111111111111
2013-01-11,0.4111111111111111
2013-01-14,0.43888888888888883
2013-01-15,0.4611111111111111
2013-01-16,0.4277777777777777
2013-01-17,0.4277777777777777
2013-01-18,0.45555555555555555
2013-01-21,0.4666666666666665
2013-01-22,0.45555555555555555
2013-01-23,0.45555555555555544
2013-01-24,0.44444444444444436
2013-01-25,0.411111111111111
2013-01-28,0.42222222222222217
2013-01-29,0.42777777777777776
2013-01-30,0.42222222222222217
2013-01-31,0.3999999999999999
2013-02-01,0.40555555555555545
2013-02-04,0.3944444444444444
2013-02-05,0.42222222222222217
2013-02-06,0.44444444444444436
2013-02-07,0.43333333333333324
2013-02-08,0.46111111111111097
2013-02-18,0.4277777777777777
2013-02-19,0.4166666666666665
2013-02-20,0.43888888888888883
2013-02-21,0.42222222222222217
2013-02-22,0.411111111111111
2013-02-25,0.42222222222222217
2013-02-26,0.42222222222222217
2013-02-27,0.43333333333333324
2013-02-28,0.4666666666666666
2013-03-01,0.47222222222222215
2013-03-04,0.44444444444444436
2013-03-05,0.4666666666666666
2013-03-06,0.4666666666666666
2013-03-07,0.47222222222222215
2013-03-08,0.45555555555555555
2013-03-11,0.4666666666666665
2013-03-12,0.44444444444444436
2013-03-13,0.41666666666666663
2013-03-14,0.3999999999999999
2013-03-15,0.3944444444444444
2013-03-18,0.3888888888888888
2013-03-19,0.3888888888888888
2013-03-20,0.3999999999999999
2013-03-21,0.4277777777777777
2013-03-22,0.41666666666666663
2013-03-25,0.4111111111111111
2013-03-26,0.4333333333333333
2013-03-27,0.42222222222222217
2013-03-28,0.37777777777777766
2013-03-29,0.3722222222222221
2013-04-01,0.3999999999999999
2013-04-02,0.38333333333333325
2013-04-03,0.3722222222222221
2013-04-08,0.38333333333333325
2013-04-09,0.41666666666666663
2013-04-10,0.411111111111111
2013-04-11,0.411111111111111
2013-04-12,0.4277777777777777
2013-04-15,0.43888888888888883
2013-04-16,0.43888888888888883
2013-04-17,0.46111111111111097
2013-04-18,0.4666666666666666
2013-04-19,0.47222222222222215
2013-04-22,0.4666666666666666
2013-04-23,0.4499999999999999
2013-04-24,0.4499999999999999
2013-04-25,0.42222222222222217
2013-04-26,0.41666666666666663
2013-05-02,0.4388888888888888
2013-05-03,0.45555555555555555
2013-05-06,0.44444444444444436
2013-05-07,0.45555555555555544
2013-05-08,0.4444444444444443
2013-05-09,0.4333333333333333
2013-05-10,0.41666666666666663
2013-05-13,0.42222222222222217
2013-05-14,0.4166666666666665
2013-05-15,0.4277777777777777
2013-05-16,0.43333333333333324
2013-05-17,0.4499999999999999
2013-05-20,0.4499999999999999
2013-05-21,0.4499999999999999
2013-05-22,0.4277777777777777
2013-05-23,0.411111111111111
2013-05-24,0.4444444444444443
2013-05-27,0.4499999999999999
2013-05-28,0.4777777777777777
2013-05-29,0.47777777777777775
2013-05-30,0.4777777777777777
2013-05-31,0.45555555555555544
2013-06-03,0.45555555555555544
2013-06-04,0.4277777777777777
2013-06-05,0.43888888888888883
2013-06-06,0.4388888888888888
2013-06-07,0.4277777777777777
2013-06-13,0.411111111111111
2013-06-14,0.43333333333333324
2013-06-17,0.41666666666666663
2013-06-18,0.40555555555555545
2013-06-19,0.3722222222222221
2013-06-20,0.34444444444444433
2013-06-21,0.3444444444444444
2013-06-24,0.32222222222222213
2013-06-25,0.32222222222222213
2013-06-26,0.30555555555555547
2013-06-27,0.27777777777777773
2013-06-28,0.26666666666666655
2013-07-01,0.27222222222222214
2013-07-02,0.27222222222222214
2013-07-03,0.27222222222222214
2013-07-04,0.2777777777777777
2013-07-05,0.29444444444444434
2013-07-08,0.2777777777777777
2013-07-09,0.2888888888888888
2013-07-10,0.3166666666666666
2013-07-11,0.34444444444444433
2013-07-12,0.32777777777777767
2013-07-15,0.3541666666666666
2013-07-16,0.3631944444444443
2013-07-17,0.3638888888888888
2013-07-18,0.3763888888888888
2013-07-19,0.3541666666666666
2013-07-22,0.373611111111111
2013-07-23,0.40555555555555545
2013-07-24,0.3951388888888888
2013-07-25,0.40208333333333324
2013-07-26,0.3979166666666666
2013-07-29,0.38194444444444436
2013-07-30,0.38472222222222213
2013-07-31,0.3979166666666666
2013-08-01,0.40208333333333324
2013-08-02,0.39236111111111105
2013-08-05,0.4180555555555555
2013-08-06,0.4145833333333332
2013-08-07,0.3756944444444444
2013-08-08,0.36111111111111105
2013-08-09,0.3812499999999999
2013-08-12,0.3749999999999999
2013-08-13,0.3687499999999999
2013-08-14,0.3749999999999999
2013-08-15,0.36249999999999993
2013-08-16,0.3687499999999999
2013-08-19,0.36249999999999993
2013-08-20,0.3437499999999999
2013-08-21,0.36249999999999993
2013-08-22,0.36249999999999993
2013-08-23,0.3562499999999999
2013-08-26,0.3749999999999999
2013-08-27,0.36249999999999993
2013-08-28,0.3499999999999999
2013-08-29,0.3249999999999999
2013-08-30,0.33124999999999993
2013-09-02,0.3187499999999999
2013-09-03,0.33124999999999993
2013-09-04,0.3374999999999999
2013-09-05,0.3249999999999999
2013-09-06,0.3187499999999999
2013-09-09,0.3062499999999999
2013-09-10,0.3124999999999999
2013-09-11,0.3187499999999999
2013-09-12,0.3249999999999999
2013-09-13,0.3249999999999999
2013-09-16,0.3187499999999999
2013-09-17,0.29999999999999993
2013-09-18,0.3035714285714285
2013-09-23,0.3267857142857142
2013-09-24,0.3276785714285714
2013-09-25,0.30267857142857135
2013-09-26,0.29017857142857134
2013-09-27,0.29821428571428565
2013-09-30,0.31428571428571417
2013-10-08,0.33124999999999993
2013-10-09,0.34107142857142847
2013-10-10,0.32410714285714276
2013-10-11,0.3535714285714285
2013-10-14,0.37589285714285703
2013-10-15,0.37232142857142847
2013-10-16,0.36071428571428565
2013-10-17,0.350892857142857
2013-10-18,0.3607142857142856
2013-10-21,0.3901785714285713
2013-10-22,0.39107142857142846
2013-10-23,0.39285714285714274
2013-10-24,0.3999999999999999
2013-10-25,0.3857142857142856
2013-10-28,0.37857142857142845
2013-10-29,0.3857142857142856
2013-10-30,0.4214285714285714
2013-10-31,0.4285714285714285
2013-11-01,0.4285714285714285
2013-11-04,0.4214285714285714
2013-11-05,0.40714285714285703
2013-11-06,0.39285714285714274
2013-11-07,0.3857142857142856
2013-11-08,0.3499999999999999
2013-11-11,0.34285714285714275
2013-11-12,0.3499999999999999
2013-11-13,0.3428571428571428
2013-11-14,0.34285714285714275
2013-11-15,0.3499999999999999
2013-11-18,0.3499999999999999
2013-11-19,0.3642857142857142
2013-11-20,0.37857142857142845
2013-11-21,0.37142857142857133
2013-11-22,0.35714285714285704
2013-11-25,0.3499999999999999
2013-11-26,0.3499999999999999
2013-11-27,0.32857142857142846
2013-11-28,0.3499999999999999
2013-11-29,0.3571428571428571
2013-12-02,0.33571428571428563
2013-12-03,0.34285714285714275
2013-12-04,0.3642857142857142
2013-12-05,0.37857142857142845
2013-12-06,0.39285714285714274
2013-12-09,0.37857142857142845
2013-12-10,0.3642857142857142
2013-12-11,0.3642857142857142
2013-12-12,0.3642857142857142
2013-12-13,0.3499999999999999
2013-12-16,0.32142857142857134
2013-12-17,0.30714285714285705
2013-12-18,0.29285714285714276
2013-12-19,0.29285714285714276
2013-12-20,0.29285714285714276
2013-12-23,0.28571428571428564
2013-12-24,0.2857142857142856
2013-12-25,0.28571428571428564
2013-12-26,0.25714285714285706
2013-12-27,0.257142857142857
2013-12-30,0.2642857142857142
2013-12-31,0.25714285714285706
2014-01-02,0.24285714285714274
2014-01-03,0.22857142857142848
2014-01-06,0.2214285714285713
2014-01-07,0.22857142857142848
2014-01-08,0.2285714285714285
2014-01-09,0.2428571428571428
2014-01-10,0.23571428571428563
2014-01-13,0.2214285714285713
2014-01-14,0.23571428571428563
2014-01-15,0.23571428571428563
2014-01-16,0.23571428571428563
2014-01-17,0.24285714285714274
2014-01-20,0.257142857142857
2014-01-21,0.27857142857142847
2014-01-22,0.2928571428571428
2014-01-23,0.29999999999999993
2014-01-24,0.32142857142857134
2014-01-27,0.29999999999999993
2014-01-28,0.31428571428571417
2014-01-29,0.29999999999999993
2014-01-30,0.28571428571428564
2014-02-07,0.30714285714285705
2014-02-10,0.32857142857142846
2014-02-11,0.32142857142857134
2014-02-12,0.32857142857142846
2014-02-13,0.3214285714285713
2014-02-14,0.3357142857142856
2014-02-17,0.3499999999999999
2014-02-18,0.34285714285714275
2014-02-19,0.3571428571428571
2014-02-20,0.35714285714285704
2014-02-21,0.35714285714285704
2014-02-24,0.3499999999999999
2014-02-25,0.31428571428571417
2014-02-26,0.2928571428571428
2014-02-27,0.27857142857142847
2014-02-28,0.27857142857142847
2014-03-03,0.29999999999999993
2014-03-04,0.2928571428571428
2014-03-05,0.29999999999999993
2014-03-06,0.30714285714285705
2014-03-07,0.2857142857142856
2014-03-10,0.2642857142857142
2014-03-11,0.2714285714285713
2014-03-12,0.2642857142857142
2014-03-13,0.29285714285714276
2014-03-14,0.27142857142857135
2014-03-17,0.2857142857142856
2014-03-18,0.29285714285714276
2014-03-19,0.2785714285714285
2014-03-20,0.27857142857142847
2014-03-21,0.29999999999999993
2014-03-24,0.31428571428571417
2014-03-25,0.3214285714285713
2014-03-26,0.32857142857142846
2014-03-27,0.32142857142857134
2014-03-28,0.31428571428571417
2014-03-31,0.31428571428571417
2014-04-01,0.33571428571428563
2014-04-02,0.3499999999999999
2014-04-03,0.3499999999999999
2014-04-04,0.3571428571428571
2014-04-08,0.37142857142857133
2014-04-09,0.37857142857142845
2014-04-10,0.37857142857142845
2014-04-11,0.3499999999999999
2014-04-14,0.3571428571428571
2014-04-15,0.32142857142857134
2014-04-16,0.32142857142857134
2014-04-17,0.3285714285714285
2014-04-18,0.3357142857142856
2014-04-21,0.31428571428571417
2014-04-22,0.29999999999999993
2014-04-23,0.32142857142857134
2014-04-24,0.31428571428571417
2014-04-25,0.31428571428571417
2014-04-28,0.30714285714285705
2014-04-29,0.30714285714285705
2014-04-30,0.29285714285714276
2014-05-05,0.28571428571428564
2014-05-06,0.2928571428571428
2014-05-07,0.2857142857142856
2014-05-08,0.28571428571428564
2014-05-09,0.2714285714285713
2014-05-12,0.27857142857142847
2014-05-13,0.27857142857142847
2014-05-14,0.27857142857142847
2014-05-15,0.27857142857142847
2014-05-16,0.27142857142857135
2014-05-19,0.2714285714285713
2014-05-20,0.25714285714285706
2014-05-21,0.27857142857142847
2014-05-22,0.27857142857142847
2014-05-23,0.27142857142857135
2014-05-26,0.28571428571428564
2014-05-27,0.29999999999999993
2014-05-28,0.31428571428571417
2014-05-29,0.29999999999999993
2014-05-30,0.28571428571428564
2014-06-03,0.2714285714285713
2014-06-04,0.25714285714285706
2014-06-05,0.2749999999999999
2014-06-06,0.25357142857142845
2014-06-09,0.2547619047619047
2014-06-10,0.2583333333333332
2014-06-11,0.25952380952380943
2014-06-12,0.25357142857142845
2014-06-13,0.27857142857142847
2014-06-16,0.2726190476190475
2014-06-17,0.2583333333333332
2014-06-18,0.25952380952380943
2014-06-19,0.23095238095238085
2014-06-20,0.24047619047619037
2014-06-23,0.2273809523809523
2014-06-24,0.23095238095238085
2014-06-25,0.21666666666666656
2014-06-26,0.22023809523809518
2014-06-27,0.23809523809523805
2014-06-30,0.2559523809523809
2014-07-01,0.26547619047619037
2014-07-02,0.28333333333333327
2014-07-03,0.2666666666666666
2014-07-04,0.28333333333333327
2014-07-07,0.29999999999999993
2014-07-08,0.28333333333333327
2014-07-09,0.27499999999999997
2014-07-10,0.28333333333333327
2014-07-11,0.28333333333333327
2014-07-14,0.29999999999999993
2014-07-15,0.30833333333333324
2014-07-16,0.30833333333333324
2014-07-17,0.3166666666666666
2014-07-18,0.31666666666666654
2014-07-21,0.3249999999999999
2014-07-22,0.3249999999999999
2014-07-23,0.3499999999999999
2014-07-24,0.3416666666666666
2014-07-25,0.33333333333333326
2014-07-28,0.3416666666666666
2014-07-29,0.3333333333333332
2014-07-30,0.31666666666666654
2014-07-31,0.3416666666666666
2014-08-01,0.34166666666666656
2014-08-04,0.35
2014-08-05,0.3583333333333333
2014-08-06,0.3666666666666666
2014-08-07,0.3583333333333332
2014-08-08,0.3499999999999999
2014-08-11,0.3499999999999999
2014-08-12,0.3583333333333333
2014-08-13,0.3499999999999999
2014-08-14,0.3416666666666666
2014-08-15,0.3583333333333333
2014-08-18,0.3583333333333333
2014-08-19,0.33333333333333326
2014-08-20,0.3166666666666666
2014-08-21,0.3166666666666666
2014-08-22,0.30833333333333324
2014-08-25,0.29166666666666663
2014-08-26,0.29166666666666663
2014-08-27,0.29999999999999993
2014-08-28,0.2666666666666666
2014-08-29,0.2833333333333332
2014-09-01,0.2749999999999999
2014-09-02,0.2916666666666666
2014-09-03,0.30833333333333324
2014-09-04,0.3249999999999999
2014-09-05,0.3249999999999999
2014-09-09,0.30833333333333324
2014-09-10,0.3249999999999999
2014-09-11,0.3249999999999999
2014-09-12,0.3583333333333332
2014-09-15,0.33333333333333326
2014-09-16,0.31666666666666654
2014-09-17,0.3499999999999999
2014-09-18,0.3583333333333333
2014-09-19,0.3749999999999999
2014-09-22,0.3666666666666666
2014-09-23,0.3833333333333332
2014-09-24,0.4083333333333332
2014-09-25,0.4083333333333332
2014-09-26,0.43333333333333324
2014-09-29,0.43333333333333324
2014-09-30,0.42499999999999993
2014-10-08,0.42499999999999993
2014-10-09,0.42499999999999993
2014-10-10,0.4166666666666665
2014-10-13,0.42499999999999993
2014-10-14,0.4416666666666666
2014-10-15,0.43333333333333324
2014-10-16,0.4499999999999999
2014-10-17,0.4416666666666666
2014-10-20,0.4583333333333333
2014-10-21,0.4666666666666666
2014-10-22,0.43333333333333324
2014-10-23,0.43333333333333324
2014-10-24,0.42499999999999993
2014-10-27,0.43333333333333324
2014-10-28,0.42499999999999993
2014-10-29,0.41666666666666663
2014-10-30,0.4083333333333332
2014-10-31,0.39166666666666655
2014-11-03,0.3666666666666666
2014-11-04,0.3583333333333332
2014-11-05,0.33333333333333326
2014-11-06,0.32499999999999984
2014-11-07,0.3249999999999999
2014-11-10,0.3249999999999999
2014-11-11,0.30833333333333324
2014-11-12,0.30833333333333324
2014-11-13,0.29999999999999993
2014-11-14,0.2749999999999999
2014-11-17,0.25833333333333325
2014-11-18,0.2583333333333332
2014-11-19,0.2833333333333332
2014-11-20,0.2916666666666666
2014-11-21,0.28333333333333327
2014-11-24,0.29999999999999993
2014-11-25,0.29999999999999993
2014-11-26,0.2916666666666666
2014-11-27,0.30833333333333324
2014-11-28,0.31666666666666654
2014-12-01,0.30833333333333324
2014-12-02,0.3249999999999999
2014-12-03,0.34166666666666656
2014-12-04,0.3499999999999999
2014-12-05,0.34166666666666656
2014-12-08,0.3333333333333332
2014-12-09,0.33333333333333326
2014-12-10,0.3249999999999999
2014-12-11,0.3249999999999999
2014-12-12,0.33333333333333326
2014-12-15,0.3333333333333332
2014-12-16,0.33333333333333326
2014-12-17,0.3166666666666666
2014-12-18,0.29999999999999993
2014-12-19,0.2833333333333332
2014-12-22,0.2583333333333332
2014-12-23,0.23333333333333323
2014-12-24,0.22499999999999992
2014-12-25,0.2083333333333332
2014-12-26,0.1999999999999999
2014-12-29,0.2083333333333332
2014-12-30,0.19166666666666657
2014-12-31,0.1833333333333332
2015-01-05,0.17499999999999988
2015-01-06,0.18130081300813
2015-01-07,0.18725319396051093
2015-01-08,0.19320557491289186
2015-01-09,0.2015389082462252
2015-01-12,0.19796747967479664
2015-01-13,0.20749128919860618
2015-01-14,0.2182055749128919
2015-01-15,0.250348432055749
2015-01-16,0.27772938443670137
2015-01-19,0.27653890824622523
2015-01-20,0.31463414634146336
2015-01-21,0.35630081300813
2015-01-22,0.3908246225319395
2015-01-23,0.4110627177700348
2015-01-26,0.4307781649245063
2015-01-27,0.43290994787024273
2015-01-28,0.4303905680252814
2015-01-29,0.42903397887799466
2015-01-30,0.41818126569970004
2015-02-02,0.40616576182373104
2015-02-03,0.4333920805985468
2015-02-04,0.4282148934446154
2015-02-05,0.4243942954379709
2015-02-06,0.4110222024147151
2015-02-09,0.4306789023039731
2015-02-10,0.4442171082840395
2015-02-11,0.46354158225967634
2015-02-12,0.456786322016044
2015-02-13,0.46525808281338615
2015-02-16,0.49299894660076155
2015-02-17,0.4944385922264538
2015-02-25,0.4643998325365312
2015-02-26,0.46592253464062877
2015-02-27,0.4617697107203629
2015-03-02,0.4639534883720929
2015-03-03,0.4581395348837208
2015-03-04,0.4767441860465116
2015-03-05,0.4790697674418604
2015-03-06,0.4872093023255813
2015-03-09,0.5116279069767441
2015-03-10,0.4825581395348837
2015-03-11,0.483720930232558
2015-03-12,0.5104651162790697
2015-03-13,0.5395348837209302
2015-03-16,0.555813953488372
2015-03-17,0.5651162790697674
2015-03-18,0.561627906976744
2015-03-19,0.5441860465116278
2015-03-20,0.5383720930232557
2015-03-23,0.5430232558139534
2015-03-24,0.5182610993657504
2015-03-25,0.5259513742071882
2015-03-26,0.5176826403570589
2015-03-27,0.5265973690392294
2015-03-30,0.530809255344139
2015-03-31,0.5372692036645524
2015-04-01,0.5506283767911674
2015-04-02,0.5624371623208831
2015-04-03,0.5884836739487902
2015-04-07,0.5971916842847074
2015-04-08,0.6121787643880665
2015-04-09,0.6024630021141648
2015-04-10,0.5996981442330279
2015-04-13,0.5896822879962413
2015-04-14,0.5762573408503641
2015-04-15,0.5555596664317594
2015-04-16,0.5584537232793046
2015-04-17,0.5810635424007515
2015-04-20,0.5482470049330515
2015-04-21,0.546489898989899
2015-04-22,0.5694949494949494
2015-04-23,0.5701767676767675
2015-04-24,0.5576163812033376
2015-04-27,0.5623265261308739
2015-04-28,0.5409255599472991
2015-04-29,0.5613361879666227
2015-04-30,0.5344279754062362
2015-05-04,0.5394038208168642
2015-05-05,0.5070125164690381
2015-05-06,0.4822782169521299
2015-05-07,0.4642830478700043
2015-05-08,0.4988724198506806
2015-05-11,0.5068192797540623
2015-05-12,0.5076592007026789
2015-05-13,0.4879951690821255
2015-05-14,0.48429951690821255
2015-05-15,0.45763285024154576
2015-05-18,0.42743961352657
2015-05-19,0.4610144927536231
2015-05-20,0.4525845410628019
2015-05-21,0.45369565217391294
2015-05-22,0.47801383399209485
2015-05-25,0.500296442687747
2015-05-26,0.49520750988142276
2015-05-27,0.4946640316205532
2015-05-28,0.46882411067193674
2015-05-29,0.48181818181818176
2015-06-01,0.4935090030742203
2015-06-02,0.5203447518664909
2015-06-03,0.5295234958278436
2015-06-04,0.5586297760210803
2015-06-05,0.5507070707070707
2015-06-08,0.5405379885814667
2015-06-09,0.5203798858146683
2015-06-10,0.5309530083443127
2015-06-11,0.537981993851559
2015-06-12,0.5598254281949934
2015-06-15,0.5522167325428194
2015-06-16,0.5184054466963809
2015-06-17,0.52735549294985
2015-06-18,0.49378575299713123
2015-06-19,0.4611696988385239
2015-06-23,0.46090374139171536
2015-06-24,0.4736938767882338
2015-06-25,0.466513025724404
2015-06-26,0.46508652669152195
2015-06-29,0.44441437968958775
2015-06-30,0.4468539932161578
2015-07-01,0.42198401685681974
2015-07-02,0.4093362627197039
2015-07-03,0.37461404049748165
2015-07-06,0.3737523624929465
2015-07-07,0.35275463006664265
2015-07-08,0.3424114018662716
2015-07-09,0.3650459102150657
2015-07-10,0.38865135239193643
2015-07-13,0.3890301402707243
2015-07-14,0.3985814816213256
2015-07-15,0.4057623326851553
2015-07-16,0.40183946034472984
2015-07-17,0.44547864474189297
2015-07-20,0.4525265170823185
2015-07-21,0.4448843112638209
2015-07-22,0.4215886100045938
2015-07-23,0.4601470120888317
2015-07-24,0.46201414191948736
2015-07-27,0.4608634688843159
2015-07-28,0.4420746490085395
2015-07-29,0.47637773194384125
2015-07-30,0.4749665291648573
2015-07-31,0.4840651686206396
2015-08-03,0.4656978216818642
2015-08-04,0.4942692502532927
2015-08-05,0.5003916992328845
2015-08-06,0.4707998624981907
2015-08-07,0.46875904617166003
2015-08-10,0.47726244753220426
2015-08-11,0.48295068027210875
2015-08-12,0.47759353741496585
2015-08-13,0.48709608843537405
2015-08-14,0.46160714285714277
2015-08-17,0.4724489795918366
2015-08-18,0.4489795918367346
2015-08-19,0.4591836734693876
2015-08-20,0.41938775510204074
2015-08-21,0.420408163265306
2015-08-24,0.420408163265306
2015-08-25,0.4040816326530612
2015-08-26,0.3999999999999999
2015-08-27,0.43673469387755093
2015-08-28,0.470408163265306
2015-08-31,0.470408163265306
2015-09-01,0.4520408163265306
2015-09-02,0.46428571428571414
2015-09-07,0.46938775510204067
2015-09-08,0.4683673469387754
2015-09-09,0.470408163265306
2015-09-10,0.4612244897959183
2015-09-11,0.4744897959183672
2015-09-14,0.4387755102040815
2015-09-15,0.4214285714285714
2015-09-16,0.4348367346938774
2015-09-17,0.4377142857142856
2015-09-18,0.43306122448979584
2015-09-21,0.4599795918367346
2015-09-22,0.49083673469387745
2015-09-23,0.4927959183673469
2015-09-24,0.5226938775510204
2015-09-25,0.49189795918367335
2015-09-28,0.47199999999999986
2015-09-29,0.43220408163265295
2015-09-30,0.45975510204081627
2015-10-08,0.4803265306122448
2015-10-09,0.503938775510204
2015-10-12,0.5306122448979591
2015-10-13,0.501734693877551
2015-10-14,0.46885714285714275
2015-10-15,0.5047142857142857
2015-10-16,0.5294041616646659
2015-10-19,0.5437899159663865
2015-10-20,0.5739419767907161
2015-10-21,0.5348635454181672
2015-10-22,0.5660596238495398
2015-10-23,0.5841380552220887
2015-10-26,0.5903929571828731
2015-10-27,0.5769027611044416
2015-10-28,0.5856478591436574
2015-10-29,0.5836478591436574
2015-10-30,0.5996478591436574
2015-11-02,0.5777728591436574
2015-11-03,0.5833751000400159
2015-11-04,0.584595588235294
2015-11-05,0.5798504901960783
2015-11-06,0.5790073529411763
2015-11-09,0.5752230392156863
2015-11-10,0.5788504901960783
2015-11-11,0.5894191176470587
2015-11-12,0.5689681372549018
2015-11-13,0.5307328431372548
2015-11-16,0.533674019607843
2015-11-17,0.5248504901960784
2015-11-18,0.5309289215686274
2015-11-19,0.5357328431372548
2015-11-20,0.5220073529411764
2015-11-23,0.5004387254901961
2015-11-24,0.4935759803921568
2015-11-25,0.5168308823529411
2015-11-26,0.5014779411764706
2015-11-27,0.4823602941176469
2015-11-30,0.502235294117647
2015-12-01,0.5198823529411765
2015-12-02,0.5179215686274509
2015-12-03,0.5159607843137255
2015-12-04,0.4843808446455505
2015-12-07,0.46967496229260924
2015-12-08,0.4558552036199094
2015-12-09,0.45504129315006114
2015-12-10,0.4463811624311068
2015-12-11,0.4552591580738084
2015-12-14,0.4624962347226497
2015-12-15,0.45911932840456704
2015-12-16,0.47457387385911237
2015-12-17,0.4741193284045669
2015-12-18,0.47358456904627816
2015-12-21,0.4942619309001106
2015-12-22,0.4993421448038539
2015-12-23,0.49152396298567214
2015-12-24,0.48994833273357125
2015-12-25,0.5195205252469403
2015-12-28,0.5042791459365954
2015-12-29,0.509601274788136
2015-12-30,0.4919026163774034
2015-12-31,0.47297213509398084
2016-01-04,0.4641495979819701
2016-01-05,0.4545036222153688
2016-01-06,0.497439715758537
2016-01-07,0.4776454290501671
2016-01-08,0.4946496026373227
2016-01-11,0.48096102913862254
2016-01-12,0.4773860387281892
2016-01-13,0.45715664713307447
2016-01-14,0.4790133144931744
2016-01-15,0.43942212824040283
2016-01-18,0.44877591118667903
2016-01-19,0.46145625187849193
2016-01-20,0.45394223124565947
2016-01-21,0.42831279401622224
2016-01-22,0.4551175559209841
2016-01-25,0.4598568531118207
2016-01-26,0.4535013420164014
2016-01-27,0.4330632467783061
2016-01-28,0.41113242427266766
2016-01-29,0.44266092615437885
2016-02-01,0.4548684449513713
2016-02-02,0.48889985489164206
2016-02-03,0.467508965382245
2016-02-04,0.5141067190087579
2016-02-05,0.4950467358010061
2016-02-15,0.5110825226698642
2016-02-16,0.5312249410773863
2016-02-17,0.5666212453156944
2016-02-18,0.5366221053939876
2016-02-19,0.5600416051073698
2016-02-22,0.5662380613955433
2016-02-23,0.532398204904764
2016-02-24,0.544290618966526
2016-02-25,0.5427918778608882
2016-02-26,0.5251550592728632
2016-02-29,0.48757459095492167
2016-03-01,0.5311714813606858
2016-03-02,0.5654170965463163
2016-03-03,0.5843547875435051
2016-03-04,0.5445500391026804
2016-03-07,0.576643285623809
2016-03-08,0.5562045775936799
2016-03-09,0.5363242971082104
2016-03-10,0.4945765107624521
2016-03-11,0.5042455283298437
2016-03-14,0.5349580311877189
2016-03-15,0.49937576865278316
2016-03-16,0.47129651314280485
2016-03-17,0.5025216742924197
2016-03-18,0.5225307068951823
2016-03-21,0.523139385079192
2016-03-22,0.5248372103367274
2016-03-23,0.5326343272533426
2016-03-24,0.5415921728583604
2016-03-25,0.55088572593191
2016-03-28,0.5641587675676316
2016-03-29,0.5269766699879159
2016-03-30,0.5267252176287063
2016-03-31,0.5283233639695697
2016-04-01,0.5378050985890102
2016-04-05,0.5395174607778782
2016-04-06,0.5380775266216846
2016-04-07,0.5400507264232302
2016-04-08,0.548347334258474
2016-04-11,0.5730272659611623
2016-04-12,0.5387329818318947
2016-04-13,0.5672794756440057
2016-04-14,0.5957058891634293
2016-04-15,0.5673691177268899
2016-04-18,0.5288359701635514
2016-04-19,0.510558986267164
2016-04-20,0.4971955019834202
2016-04-21,0.4730826996427801
2016-04-22,0.5002546370613183
2016-04-25,0.48255453418549277
2016-04-26,0.5073483641869735
2016-04-27,0.5164332182751118
2016-04-28,0.48474801613974117
2016-04-29,0.48065853325646624
2016-05-03,0.5115245233363199
2016-05-04,0.484320604685439
2016-05-05,0.4888489098419725
2016-05-06,0.48329282802473716
2016-05-09,0.4730408283897164
2016-05-10,0.45134470998081844
2016-05-11,0.45170906265540217
2016-05-12,0.4271945201555772
2016-05-13,0.40431740204483385
2016-05-16,0.4295109249736505
2016-05-17,0.43834238177232676
2016-05-18,0.41255118483814507
2016-05-19,0.43989899184285586
2016-05-20,0.47021505444021106
2016-05-23,0.47745917055812026
2016-05-24,0.4714222357532664
2016-05-25,0.4484986437810193
2016-05-26,0.4584868032741169
2016-05-27,0.46153115533023603
2016-05-30,0.4564690314370461
2016-05-31,0.4574283151164238
2016-06-01,0.4649329021135851
2016-06-02,0.46984475370367484
2016-06-03,0.4937704510282723
2016-06-06,0.5125841336748357
2016-06-07,0.5097341074503743
2016-06-08,0.5111970410083326
2016-06-13,0.4958264269399292
2016-06-14,0.5058424671416267
2016-06-15,0.5095636924501695
2016-06-16,0.5082206850156423
2016-06-17,0.5388243748143124
2016-06-20,0.5320617398934546
2016-06-21,0.5020668076750332
2016-06-22,0.5020649443625004
2016-06-23,0.50712271561805
2016-06-24,0.49987167960318263
2016-06-27,0.5208223551932539
2016-06-28,0.535877732209415
2016-06-29,0.5451810869436751
2016-06-30,0.5186347426526962
2016-07-01,0.5097298032700766
2016-07-04,0.5200442338918801
2016-07-05,0.5214282074888832
2016-07-06,0.5243461112673509
2016-07-07,0.5245689634218174
2016-07-08,0.5259996412545309
2016-07-11,0.5407135329831841
2016-07-12,0.5511160957951466
2016-07-13,0.5352662667160429
2016-07-14,0.5407445965787953
2016-07-15,0.5239733227012987
2016-07-18,0.5160348742641695
2016-07-19,0.5347428178059388
2016-07-20,0.5104318719600188
2016-07-21,0.5177674225882524
2016-07-22,0.5180551625443036
2016-07-25,0.49610873521996934
2016-07-26,0.5041508601312945
2016-07-27,0.4834468643191703
2016-07-28,0.4832178580460022
2016-07-29,0.47823509443180284
2016-08-01,0.4421966062943722
2016-08-02,0.45535635388906226
2016-08-03,0.45714375732753015
2016-08-04,0.46812384910687843
2016-08-05,0.46419687905133156
2016-08-08,0.487968643790317
2016-08-09,0.490516667184954
2016-08-10,0.47238524631858425
2016-08-11,0.4562330661287722
2016-08-12,0.481640683356118
2016-08-15,0.5141173426555621
2016-08-16,0.5162116454034038
2016-08-17,0.5223234668001993
2016-08-18,0.5191270530244293
2016-08-19,0.5312233054804604
2016-08-22,0.5160552830418569
2016-08-23,0.499879666279038
2016-08-24,0.5220164435132428
2016-08-25,0.513592922589722
2016-08-26,0.5278498309931877
2016-08-29,0.5443421720327262
2016-08-30,0.5253812911921558
2016-08-31,0.5226379262055476
2016-09-01,0.5008422638343457
2016-09-02,0.5054716196633164
2016-09-05,0.49382970391455905
2016-09-06,0.4980120149836497
2016-09-07,0.5023933144089094
2016-09-08,0.5242722987813002
2016-09-09,0.4931427507480886
2016-09-12,0.4485996112994305
2016-09-13,0.4518914374840216
2016-09-14,0.4411672269128539
2016-09-19,0.4651045467975802
2016-09-20,0.46145676177627737
2016-09-21,0.47816754725960636
2016-09-22,0.48166614089243476
2016-09-23,0.4729990672401067
2016-09-26,0.4634012416940053
2016-09-27,0.47265643777265226
2016-09-28,0.4618717161035667
2016-09-29,0.4682055874446851
2016-09-30,0.476271385385483
2016-10-10,0.5110437469833842
2016-10-11,0.5238183084706763
2016-10-12,0.5158570023965564
2016-10-13,0.4938155423797677
2016-10-14,0.4944490072690725
2016-10-17,0.4763828026162232
2016-10-18,0.5111501222586851
2016-10-19,0.5248292256355807
2016-10-20,0.5143147454790409
2016-10-21,0.5149556652329729
2016-10-24,0.5098929435575092
2016-10-25,0.5187596070937455
2016-10-26,0.507527005640207
2016-10-27,0.49836077712075183
2016-10-28,0.4931911726307939
2016-10-31,0.5112571046630277
2016-11-01,0.5163891625916138
2016-11-02,0.5131758978359795
2016-11-03,0.5184863081703259
2016-11-04,0.5058351599890053
2016-11-07,0.4833042027597723
2016-11-08,0.4861635370043362
2016-11-09,0.4770280105677037
2016-11-10,0.5014290186862571
2016-11-11,0.5117264419575848
2016-11-14,0.5297163091101684
2016-11-15,0.5119219150955596
2016-11-16,0.5152134921575531
2016-11-17,0.5084625224358575
2016-11-18,0.5095872129897645
2016-11-21,0.4993811266266852
2016-11-22,0.5092433490192125
2016-11-23,0.506824532201102
2016-11-24,0.49997038510861824
2016-11-25,0.5149141858888585
2016-11-28,0.5138655892543628
2016-11-29,0.4823840238747715
2016-11-30,0.4896178195808868
2016-12-01,0.48804842191416353
2016-12-02,0.47539324190481025
2016-12-05,0.4704604726225329
2016-12-06,0.4637035339772783
2016-12-07,0.4934139337557097
2016-12-08,0.4592276165813347
2016-12-09,0.44694600318222955
2016-12-12,0.4208123223402115
2016-12-13,0.42054670126551275
2016-12-14,0.4139889962314237
2016-12-15,0.43444981405829985
2016-12-16,0.4546085619567538
2016-12-19,0.44644103925190814
2016-12-20,0.4313963176278146
2016-12-21,0.4580254733075083
2016-12-22,0.4620385666231095
2016-12-23,0.4445097615434033
2016-12-26,0.4535597918457429
2016-12-27,0.46498747103256194
2016-12-28,0.4603268991695276
2016-12-29,0.44594248084612664
2016-12-30,0.4643687069959843
2017-01-03,0.48657813093176355
2017-01-04,0.5006104559789044
2017-01-05,0.47883366505988434
2017-01-06,0.48062340083968014
2017-01-09,0.4941922443167298
2017-01-10,0.5091973262379079
2017-01-11,0.4895369239820476
2017-01-12,0.48625904550139787
2017-01-13,0.4573421254220508
2017-01-16,0.4266776525300203
2017-01-17,0.4434648653042158
2017-01-18,0.43705988403459956
2017-01-19,0.41333893489855045
2017-01-20,0.4414625664952935
2017-01-23,0.47220922276802213
2017-01-24,0.45774322071477835
2017-01-25,0.46635810841338554
2017-01-26,0.4871090997956009
2017-02-03,0.48516445865827845
2017-02-06,0.5011845261176495
2017-02-07,0.48029297129752313
2017-02-08,0.47632149260872314
2017-02-09,0.49252052457596
2017-02-10,0.49786066252334144
2017-02-13,0.501983857666784
2017-02-14,0.5033374567033053
2017-02-15,0.5063612469429288
2017-02-16,0.5291697378920185
2017-02-17,0.5313494596514607
2017-02-20,0.5606927781039927
2017-02-21,0.5610818770489955
2017-02-22,0.5719394448266055
2017-02-23,0.5770638147297047
2017-02-24,0.5601824403335598
2017-02-27,0.5322902933272298
2017-02-28,0.5476745342613449
2017-03-01,0.5420745349240438
2017-03-02,0.5184409014359127
2017-03-03,0.5282802764462501
2017-03-06,0.5296924793529324
2017-03-07,0.5371562528463599
2017-03-08,0.5145073794661268
2017-03-09,0.4902012497175135
2017-03-10,0.49264332269668215
2017-03-13,0.49330619526704683
2017-03-14,0.492667568146678
2017-03-15,0.49967526596391565
2017-03-16,0.5095274467389148
2017-03-17,0.5084716468910397
2017-03-20,0.5028044676633249
2017-03-21,0.4904213507512275
2017-03-22,0.4792549953324111
2017-03-23,0.47964902459943193
2017-03-24,0.47869193652677505
2017-03-27,0.485153733492551
2017-03-28,0.4708812695571325
2017-03-29,0.45811781936802537
2017-03-30,0.45237800190549365
2017-03-31,0.45725913115737776
2017-04-05,0.45957334013346907
2017-04-06,0.4572438185389994
2017-04-07,0.46277184575700375
2017-04-10,0.4640892895720429
2017-04-11,0.4755887230083486
2017-04-12,0.4519110736078047
2017-04-13,0.4624175665173572
2017-04-14,0.45164495999926757
2017-04-17,0.41913314261567247
2017-04-18,0.4211309035722464
2017-04-19,0.4065891458091245
2017-04-20,0.4004791345913505
2017-04-21,0.40447450383892625
2017-04-24,0.38884675493848636
2017-04-25,0.3904604445275858
2017-04-26,0.4017238802280089
2017-04-27,0.41632242354632165
2017-04-28,0.4347366765086337
2017-05-02,0.4486913690066851
2017-05-03,0.43946372167880005
2017-05-04,0.40938019041744206
2017-05-05,0.3944466092053786
2017-05-08,0.3825099425734991
2017-05-09,0.404598512075281
2017-05-10,0.3789534838374487
2017-05-11,0.38560184507796985
2017-05-12,0.3780343232694675
2017-05-15,0.39544562021114804
2017-05-16,0.42994247768686966
2017-05-17,0.4440372928978005
2017-05-18,0.44137264923223124
2017-05-19,0.4430182617576787
2017-05-22,0.43074181717909343
2017-05-23,0.4310169911711933
2017-05-24,0.43222058366091287
2017-05-25,0.4385321012421842
2017-05-26,0.4300320991623347
2017-05-31,0.4191290720116707
2017-06-01,0.40432710672136896
2017-06-02,0.4208913142645758
2017-06-05,0.4423510128530476
2017-06-06,0.46570095673420975
2017-06-07,0.5059044011371487
2017-06-08,0.4876636649023383
2017-06-09,0.5037023511923195
2017-06-12,0.49229121652684676
2017-06-13,0.5149303662065617
2017-06-14,0.5112876519780845
2017-06-15,0.5060342327051225
2017-06-16,0.49556890803388776
2017-06-19,0.5180626475929243
2017-06-20,0.5170230918360846
2017-06-21,0.5319595466595541
2017-06-22,0.532446791321287
2017-06-23,0.5237366578669711
2017-06-26,0.5305119913162806
2017-06-27,0.5312196938698802
2017-06-28,0.5214537978407181
2017-06-29,0.5474069716163272
2017-06-30,0.5353447088128743
2017-07-03,0.535019408109029
2017-07-04,0.5181321394416873
2017-07-05,0.5091599273950078
2017-07-06,0.5131335146598957
2017-07-07,0.5182907169179652
2017-07-10,0.5260606899636163
2017-07-11,0.4927374293802299
2017-07-12,0.49058338012176395
2017-07-13,0.4728334431287096
2017-07-14,0.4726780033456307
2017-07-17,0.4400485210433692
2017-07-18,0.45489312187115205
2017-07-19,0.4719936744827792
2017-07-20,0.4907114116037866
2017-07-21,0.4869113147617451
2017-07-24,0.4765168960154333
2017-07-25,0.4701289572726899
2017-07-26,0.4777232847223153
2017-07-27,0.4844108540264118
2017-07-28,0.47514912711240254
2017-07-31,0.4682643322960744
2017-08-01,0.4757580883792333
2017-08-02,0.44709398741757206
2017-08-03,0.4561741246509823
2017-08-04,0.44309271678087814
2017-08-07,0.46232373283616723
2017-08-08,0.4769295287012917
2017-08-09,0.4799826226345011
2017-08-10,0.46900534187925047
2017-08-11,0.46191193623826293
2017-08-14,0.5048213104908171
2017-08-15,0.49821668757235027
2017-08-16,0.4904890567695016
2017-08-17,0.49954017588750377
2017-08-18,0.4962197362967099
2017-08-21,0.5004738998503154
2017-08-22,0.496323275662775
2017-08-23,0.495975675528965
2017-08-24,0.470554778809045
2017-08-25,0.49741988239777657
2017-08-28,0.5104754635524917
2017-08-29,0.5052003097726002
2017-08-30,0.5171863032824596
2017-08-31,0.5162793662419384
2017-09-01,0.5297068747367356
2017-09-04,0.5210802611399151
2017-09-05,0.5181687863625994
2017-09-06,0.5203064597965135
2017-09-07,0.5244343091404289
2017-09-08,0.539986242493179
2017-09-11,0.5282567000923477
2017-09-12,0.5155614904618385
2017-09-13,0.5124146703953729
2017-09-14,0.49576027642603604
2017-09-15,0.4977504636865775
2017-09-18,0.49387087022865767
2017-09-19,0.49679616436581586
2017-09-20,0.5135499238240362
2017-09-21,0.5111867508390091
2017-09-22,0.48570640289227346
2017-09-25,0.45376842464038514
2017-09-26,0.45871771530701205
2017-09-27,0.4698274681698399
2017-09-28,0.45494245316692883
2017-09-29,0.46313898470146875
2017-10-09,0.47677608348485745
2017-10-10,0.4911633583463302
2017-10-11,0.4846848605168431
2017-10-12,0.48722033652947144
2017-10-13,0.49397762446123544
2017-10-16,0.467500427353301
2017-10-17,0.47603455761095415
2017-10-18,0.4591811446835837
2017-10-19,0.45342974127991376
2017-10-20,0.4759355580611147
2017-10-23,0.475599627940987
2017-10-24,0.47395131987677475
2017-10-25,0.475413015460539
2017-10-26,0.49321979484266076
2017-10-27,0.48908080690727573
2017-10-30,0.4856533910729529
2017-10-31,0.49898671353207574
2017-11-01,0.48729871745218356
2017-11-02,0.48529806034634093
2017-11-03,0.4632217990117676
2017-11-06,0.45959087321237985
2017-11-07,0.4523443410836842
2017-11-08,0.46154738031966397
2017-11-09,0.4734565932465344
2017-11-10,0.46442483584016603
2017-11-13,0.4778111652590159
2017-11-14,0.4676729922039475
2017-11-15,0.4695493056795218
2017-11-16,0.4746320566120777
2017-11-17,0.43957771239628834
2017-11-20,0.43242340290506087
2017-11-21,0.43749682517922955
2017-11-22,0.4227379691911727
2017-11-23,0.39861372060866473
2017-11-24,0.41127491000212324
2017-11-27,0.41617468583363193
2017-11-28,0.4227470482408238
2017-11-29,0.4213749081205532
2017-11-30,0.42500606311586847
2017-12-01,0.44630181316397366
2017-12-04,0.4201568746481853
2017-12-05,0.398067620588918
2017-12-06,0.4061047071856917
2017-12-07,0.3941180483897758
2017-12-08,0.41303371625234375
2017-12-11,0.4307324596385871
2017-12-12,0.4250645951190524
2017-12-13,0.4471153540986377
2017-12-14,0.4510512169269695
2017-12-15,0.46363038411376156
2017-12-18,0.4544007544841319
2017-12-19,0.46993849014694905
2017-12-20,0.4585741811797989
2017-12-21,0.47745332531524803
2017-12-22,0.46888728249743794
2017-12-25,0.4676089385183781
2017-12-26,0.46119938653190307
2017-12-27,0.4557538221767007
2017-12-28,0.46768807914251714
2017-12-29,0.46673340360063087
2018-01-02,0.4947712945360892
2018-01-03,0.5227644946426967
2018-01-04,0.5075168752229257
2018-01-05,0.5126150601568279
2018-01-08,0.4940204036326559
2018-01-09,0.4751805279246636
2018-01-10,0.4792547329036677
2018-01-11,0.47508972017519246
2018-01-12,0.4695281034163979
2018-01-15,0.4584111052186808
2018-01-16,0.4758063223977925
2018-01-17,0.4661966730179703
2018-01-18,0.47905993619806697
2018-01-19,0.47453395053661235
2018-01-22,0.48853190758479614
2018-01-23,0.5015768660616993
2018-01-24,0.49674980127709495
2018-01-25,0.5004473316487025
2018-01-26,0.49034561670446325
2018-01-29,0.46535432348051825
2018-01-30,0.44851837289798013
2018-01-31,0.42193909117030204
2018-02-01,0.40620491490147276
2018-02-02,0.4015418188709223
2018-02-05,0.3953169008323173
2018-02-06,0.37713197735219434
2018-02-07,0.3971772506006817
2018-02-08,0.4048888397228817
2018-02-09,0.3929104346842711
2018-02-12,0.43188892530806217
2018-02-13,0.4231873383827372
2018-02-14,0.42494293370850533
2018-02-22,0.44803047780209254
2018-02-23,0.4572895303735162
2018-02-26,0.4724504888117177
2018-02-27,0.4715830165794763
2018-02-28,0.4607739866895244
2018-03-01,0.4818243176288287
2018-03-02,0.47880840931026425
2018-03-05,0.4977303128539739
2018-03-06,0.5146559501339496
2018-03-07,0.5196246680173979
2018-03-08,0.5500189010420536
2018-03-09,0.5729302516445834
2018-03-12,0.5986433656748591
2018-03-13,0.6110003567521305
2018-03-14,0.5893427441537507
2018-03-15,0.5645801480223922
2018-03-16,0.5802050910000888
2018-03-19,0.5622685201315084
2018-03-20,0.5624194782400022
2018-03-21,0.55015864661061
2018-03-22,0.5272698779341808
2018-03-23,0.5020468762629489
2018-03-26,0.49135904502738637
2018-03-27,0.5146578170321625
2018-03-28,0.5091056938160122
2018-03-29,0.506155195701653
2018-03-30,0.5293408745265406
2018-04-02,0.5241333616950347
2018-04-03,0.49903916826090366
2018-04-04,0.5023327953684046
2018-04-09,0.4909801621077654
2018-04-10,0.47734084812694794
2018-04-11,0.466789319473324
2018-04-12,0.466994590012155
2018-04-13,0.4751628203882937
2018-04-16,0.4751939039087675
2018-04-17,0.46173756837170943
2018-04-18,0.4689404102696534
2018-04-19,0.46980584439686146
2018-04-20,0.46023627650433657
2018-04-23,0.4558049088522279
2018-04-24,0.4990518020197719
2018-04-25,0.48808568261874496
2018-04-26,0.44757769969848127
2018-04-27,0.46109481722538703
2018-05-02,0.443524142644803
2018-05-03,0.4407632283730624
2018-05-04,0.43575533227208885
2018-05-07,0.4683654420135488
2018-05-08,0.48411486420876326
2018-05-09,0.48144603967378863
2018-05-10,0.4831382555521893
2018-05-11,0.46229000738752957
2018-05-14,0.46361311233249414
2018-05-15,0.4824090407520291
2018-05-16,0.48236881197626397
2018-05-17,0.4948729579652964
2018-05-18,0.49152077296756963
2018-05-21,0.5071876683720073
2018-05-22,0.5285771724530288
2018-05-23,0.5198717622098992
2018-05-24,0.4919261917935433
2018-05-25,0.48071181235759564
2018-05-28,0.48978217711841865
2018-05-29,0.475022143186416
2018-05-30,0.4596493283873717
2018-05-31,0.46831020502264203
2018-06-01,0.46281709392912695
2018-06-04,0.43946289266351934
2018-06-05,0.45012645159132597
2018-06-06,0.452205549230505
2018-06-07,0.43442572904111937
2018-06-08,0.4350455299265204
2018-06-11,0.43430970951713166
2018-06-12,0.43112341125140563
2018-06-13,0.4225106944883999
2018-06-14,0.42277466312916
2018-06-15,0.3984383430885657
2018-06-19,0.358540058169758
2018-06-20,0.3677306598386205
2018-06-21,0.36484171588289427
2018-06-22,0.3882622968147114
2018-06-25,0.3916169731387188
2018-06-26,0.4121861182846292
2018-06-27,0.41246441196816186
2018-06-28,0.41839135773687974
2018-06-29,0.422747830940731
2018-07-02,0.41806915995701266
2018-07-03,0.4356879001460555
2018-07-04,0.3994673514835229
2018-07-05,0.3807699227432982
2018-07-06,0.399676690572894
2018-07-09,0.4344022383620308
2018-07-10,0.45312935828158496
2018-07-11,0.42412084121265403
2018-07-12,0.4657157288024121
2018-07-13,0.47185243016169987
2018-07-16,0.4853367038574426
2018-07-17,0.5073940467222636
2018-07-18,0.4865655709856204
2018-07-19,0.49000944853664086
2018-07-20,0.48857866058982513
2018-07-23,0.5058367140843784
2018-07-24,0.5136176482658689
2018-07-25,0.5199744624002258
2018-07-26,0.5312229104472626
2018-07-27,0.4981075161158923
2018-07-30,0.49958895211637155
2018-07-31,0.4871064943397704
2018-08-01,0.48695922910560946
2018-08-02,0.48863585930928755
2018-08-03,0.4693042522252916
2018-08-06,0.4314487425695723
2018-08-07,0.44501062283611337
2018-08-08,0.4484934914710375
2018-08-09,0.44681982360885586
2018-08-10,0.4534146280531443
2018-08-13,0.4551238372107673
2018-08-14,0.4517744831315162
2018-08-15,0.44059516257028475
2018-08-16,0.44067080909496514
2018-08-17,0.4061576306916053
2018-08-20,0.40201919600486613
2018-08-21,0.3982023614703648
2018-08-22,0.38593490320041024
2018-08-23,0.39785588609821987
2018-08-24,0.4007451473114318
2018-08-27,0.4373867311518119
2018-08-28,0.4322029136198163
2018-08-29,0.438453453625345
2018-08-30,0.4384350159981417
2018-08-31,0.4370971911477722
2018-09-03,0.4491567205228696
2018-09-04,0.4435650742544087
2018-09-05,0.44148769607212407
2018-09-06,0.4107465772477969
2018-09-07,0.40616417148184547
2018-09-10,0.38912926978680323
2018-09-11,0.39705082832661553
2018-09-12,0.4175990835616882
2018-09-13,0.4452233671615389
2018-09-14,0.45100339598617156
2018-09-17,0.4276155428028777
2018-09-18,0.4326984521780563
2018-09-19,0.4636181623939568
2018-09-20,0.4465857616772954
2018-09-21,0.47110159604371316
2018-09-25,0.4391794584087482
2018-09-26,0.442711821565814
2018-09-27,0.43681497689871895
2018-09-28,0.4701642862935004
2018-10-08,0.4626019007408505
2018-10-09,0.47106504705548213
2018-10-10,0.45636561463419223
2018-10-11,0.4508965651224666
2018-10-12,0.45339795838733093
2018-10-15,0.43687228908068443
2018-10-16,0.438817263874944
2018-10-17,0.4469281755631158
2018-10-18,0.4260078201967635
2018-10-19,0.43199313340033285
2018-10-22,0.46937972797491323
2018-10-23,0.4710016484731875
2018-10-24,0.45174640161886215
2018-10-25,0.4265537557804505
2018-10-26,0.4406271011203188
2018-10-29,0.40692407428518323
2018-10-30,0.4307412822086437
2018-10-31,0.44709422903435386
2018-11-01,0.46763759867382515
2018-11-02,0.4762369370188718
2018-11-05,0.502852690083504
2018-11-06,0.4910571821643054
2018-11-07,0.48050766550475743
2018-11-08,0.4975851402763637
2018-11-09,0.49796575563493073
2018-11-12,0.5348462410459869
2018-11-13,0.5695239161153326
2018-11-14,0.5521938219480107
2018-11-15,0.5910840872406113
2018-11-16,0.5782945963215386
2018-11-19,0.5546611133771135
2018-11-20,0.5505023934016726
2018-11-21,0.5578383145957497
2018-11-22,0.5656634620469595
2018-11-23,0.537714321856116
2018-11-26,0.5496410927730864
2018-11-27,0.5434757811199699
2018-11-28,0.5396692152948855
2018-11-29,0.5168197986172485
2018-11-30,0.5014671125978957
2018-12-03,0.520865508217315
2018-12-04,0.5380555180799622
2018-12-05,0.5339872217469988
2018-12-06,0.5220930090439964
2018-12-07,0.5291736269800459
2018-12-10,0.4919557301547422
2018-12-11,0.48510265723395307
2018-12-12,0.48897676620871877
2018-12-13,0.482927766257048
2018-12-14,0.4550782177978457
2018-12-17,0.4521926224889607
2018-12-18,0.460366033263217
2018-12-19,0.43492358114104046
2018-12-20,0.4423947671733174
2018-12-21,0.4526275445665961
2018-12-24,0.46758796098678823
2018-12-25,0.4456154358856277
2018-12-26,0.4252331991058444
2018-12-27,0.42811182383613006
2018-12-28,0.42041485810526613
2019-01-02,0.3921208572947531
2019-01-03,0.3771238270511373
2019-01-04,0.4119423469865341
2019-01-07,0.4499889468341845
2019-01-08,0.4433003056606702
2019-01-09,0.4574855524469993
2019-01-10,0.43906677848915515
2019-01-11,0.45265609870360646
2019-01-14,0.42952128789912863
2019-01-15,0.46533025963911234
2019-01-16,0.46094603719747856
2019-01-17,0.4576095873306635
2019-01-18,0.48497296266637974
2019-01-21,0.48512050974087106
2019-01-22,0.48140577909373333
2019-01-23,0.46913480802921315
2019-01-24,0.4874104601070396
2019-01-25,0.48377932063968565
2019-01-28,0.49078749056289095
2019-01-29,0.47497981926839056
2019-01-30,0.46365830455819096
2019-01-31,0.4571321763578003
2019-02-01,0.45746826357182996
2019-02-11,0.4609999204847899
2019-02-12,0.48483317685669425
2019-02-13,0.505261093436918
2019-02-14,0.5133566368276236
2019-02-15,0.49406671426387183
2019-02-18,0.5296450901803695
2019-02-19,0.5114811947379849
2019-02-20,0.5167527898458063
2019-02-21,0.5206804964852961
2019-02-22,0.5308742163977186
2019-02-25,0.5500634248113235
2019-02-26,0.5615507443887747
2019-02-27,0.5572946089261539
2019-02-28,0.5585237771606189
2019-03-01,0.5721883407845956
2019-03-04,0.6001776993200547
2019-03-05,0.6343053615010675
2019-03-06,0.6651261572549185
2019-03-07,0.68647994069012
2019-03-08,0.6442675784835228
2019-03-11,0.6437146685309377
2019-03-12,0.639784365643706
2019-03-13,0.6057576939950924
2019-03-14,0.5880019360169061
2019-03-15,0.611181497597779
2019-03-18,0.6063053984770755
2019-03-19,0.608610029263748
2019-03-20,0.6053045309177093
2019-03-21,0.6247749794826711
2019-03-22,0.604437346872136
2019-03-25,0.5694789278278563
2019-03-26,0.5561618993427038
2019-03-27,0.5655727121360724
2019-03-28,0.546575941593573
2019-03-29,0.5641606899393503
2019-04-01,0.5700116622607218
2019-04-02,0.5514896703010786
2019-04-03,0.5466122715803965
2019-04-04,0.5363978910636625
2019-04-08,0.5487796280394555
2019-04-09,0.530179308720669
2019-04-10,0.5116866287956255
2019-04-11,0.509792160247222
2019-04-12,0.5257282861765374
2019-04-15,0.4984338961116639
2019-04-16,0.4969416008760888
2019-04-17,0.502248433017184
2019-04-18,0.4961580620791589
2019-04-19,0.49482011787233543
2019-04-22,0.4818728655288601
2019-04-23,0.47803320137397537
2019-04-24,0.5056927172359877
2019-04-25,0.48049522585735244
2019-04-26,0.4828685461242227
2019-04-29,0.4453529835155396
2019-04-30,0.43478090620243715
2019-05-06,0.41138027981090036
2019-05-07,0.41539196923948757
2019-05-08,0.41185778685706315
2019-05-09,0.4080972755415262
2019-05-10,0.42811252139851375
2019-05-13,0.4235627720863272
2019-05-14,0.426198280027979
2019-05-15,0.44948359304234914
2019-05-16,0.4690637670839558
2019-05-17,0.4299469768117755
2019-05-20,0.42207947405522905
2019-05-21,0.45125628764598835
2019-05-22,0.4329058848033237
2019-05-23,0.42664407677680993
2019-05-24,0.4339470757474643
2019-05-27,0.44598844734903265
2019-05-28,0.46312822350099586
2019-05-29,0.4751854914191232
2019-05-30,0.4811326773063461
2019-05-31,0.4642774616724992
2019-06-03,0.4739160640675051
2019-06-04,0.4439705142653751
2019-06-05,0.4481672169747079
2019-06-06,0.4400654641817151
2019-06-10,0.42860601848058755
2019-06-11,0.4617988301048281
2019-06-12,0.4637207584887243
2019-06-13,0.44812558351523546
2019-06-14,0.4210552011291059
2019-06-17,0.44181714558153196
2019-06-18,0.441580054189939
2019-06-19,0.44015342132468255
2019-06-20,0.4689585821429138
2019-06-21,0.5065566193055947
2019-06-24,0.5076462969901275
2019-06-25,0.4716818233429575
2019-06-26,0.4732938819448814
2019-06-27,0.4772819466814237
2019-06-28,0.47196403743495374
2019-07-01,0.4986501580889599
2019-07-02,0.5090064031989131
2019-07-03,0.5105226552883091
2019-07-04,0.5040830951511462
2019-07-05,0.5262115959269011
2019-07-08,0.4917396519710636
2019-07-09,0.4703915863954628
2019-07-10,0.46927927930015595
2019-07-11,0.4605555950896297
2019-07-12,0.4836918282587389
2019-07-15,0.4942081513521382
2019-07-16,0.49871862074226075
2019-07-17,0.47556548938599363
2019-07-18,0.43870642761612777
2019-07-19,0.4284648417936593
2019-07-22,0.4141505881197222
2019-07-23,0.4432084293365029
2019-07-24,0.4626671676984306
2019-07-25,0.4581530790512921
2019-07-26,0.4715134269048334
2019-07-29,0.4421747962745668
2019-07-30,0.4519066266911045
2019-07-31,0.4535920206385592
2019-08-01,0.4507874095939465
2019-08-02,0.43030386033378487
2019-08-05,0.43633253646900994
2019-08-06,0.41464286980875
2019-08-07,0.41948710247092036
2019-08-08,0.4297140334346934
2019-08-09,0.40978149138982234
2019-08-12,0.4180086134112485
2019-08-13,0.4053430630000919
2019-08-14,0.4188787629972975
2019-08-15,0.43644042236186137
2019-08-16,0.4320544005767496
2019-08-19,0.4749421482351394
2019-08-20,0.45643282538992125
2019-08-21,0.4359121035108794
2019-08-22,0.437811379556827
2019-08-23,0.4328158318757048
2019-08-26,0.4265437755324578
2019-08-27,0.4396335896929567
2019-08-28,0.4485864137381932
2019-08-29,0.4515127870639887
2019-08-30,0.4537898259435321
2019-09-02,0.49083049269801027
2019-09-03,0.5133943490821614
2019-09-04,0.5297475573219159
2019-09-05,0.5329669274635285
2019-09-06,0.5518138717090286
2019-09-09,0.5535444830850037
2019-09-10,0.5639906101371736
2019-09-11,0.5456798540085008
2019-09-12,0.5563431290948377
2019-09-16,0.5526741285342276
2019-09-17,0.5104367892767645
2019-09-18,0.5122783410671585
2019-09-19,0.5280097460859257
2019-09-20,0.5227669268611643
2019-09-23,0.5169270192182784
2019-09-24,0.5279236780176012
2019-09-25,0.4908055618355112
2019-09-26,0.47506804913639095
2019-09-27,0.4919022439188933
2019-09-30,0.49271980578460506
2019-10-08,0.4708451474239439
2019-10-09,0.47969502457177465
2019-10-10,0.4862217323581124
2019-10-11,0.475133195834196
2019-10-14,0.4899666759007918
2019-10-15,0.45678292624827604
2019-10-16,0.44701976956225975
2019-10-17,0.45093132397829655
2019-10-18,0.4262929175627428
2019-10-21,0.4210426826194462
2019-10-22,0.45371729753560625
2019-10-23,0.4430399223602558
2019-10-24,0.42834162878871684
2019-10-25,0.43932128948764076
2019-10-28,0.4685390710846794
2019-10-29,0.4539078733161811
2019-10-30,0.4578151845068296
2019-10-31,0.4645467834069194
2019-11-01,0.46783402404233965
2019-11-04,0.48143875520864776
2019-11-05,0.48172798025155716
2019-11-06,0.4560790944037215
2019-11-07,0.44695838374278096
2019-11-08,0.43908474391169044
2019-11-11,0.40103393126133546
2019-11-12,0.41646194015362037
2019-11-13,0.4185974605159964
2019-11-14,0.43000314533175166
2019-11-15,0.42978765276750464
2019-11-18,0.4444672764684808
2019-11-19,0.45190610985205143
2019-11-20,0.45093799254797184
2019-11-21,0.4495210003515379
2019-11-22,0.42940915517584316
2019-11-25,0.4125842589607692
2019-11-26,0.4236325798464093
2019-11-27,0.43122095445640285
2019-11-28,0.4343581373076352
2019-11-29,0.4210561996595518
2019-12-02,0.4204379268389943
2019-12-03,0.4285808375310272
2019-12-04,0.43980645429939785
2019-12-05,0.4480399412693884
2019-12-06,0.46251708309142153
2019-12-09,0.4821299788469743
2019-12-10,0.480533049667606
2019-12-11,0.4820893178205282
2019-12-12,0.46869127456800613
2019-12-13,0.500941071129174
2019-12-16,0.5099001593354611
2019-12-17,0.5057943012063016
2019-12-18,0.5145856064760477
2019-12-19,0.5274038864196181
2019-12-20,0.5265985871309529
2019-12-23,0.5088343891095077
2019-12-24,0.5331403900107912
2019-12-25,0.5367698274172155
2019-12-26,0.5565102416401408
2019-12-27,0.5455499566706272
2019-12-30,0.5527658213465053
2019-12-31,0.5504990086664927
2020-01-02,0.5727482119042654
2020-01-03,0.5605606548514419
2020-01-06,0.5560933376884556
2020-01-07,0.5719438381952979
2020-01-08,0.5557355317753689
2020-01-09,0.5815327697441333
2020-01-10,0.5831794856492187
2020-01-13,0.5773876626096364
2020-01-14,0.5536538413072638
2020-01-15,0.5272417028873357
2020-01-16,0.5212382679087223
2020-01-17,0.5045357035265877
2020-01-20,0.5259713381675194
2020-01-21,0.5304024834597666
2020-01-22,0.509895535737951
2020-01-23,0.49174977995875907
2020-02-03,0.45876523494356636
2020-02-04,0.46618378417123696
2020-02-05,0.47984136979127057
2020-02-06,0.4944578204144813
2020-02-07,0.4793643789102379
2020-02-10,0.4896006260797522
2020-02-11,0.4813365551325875
2020-02-12,0.48286207171264184
2020-02-13,0.4844047314295281
2020-02-14,0.46429200750966776
2020-02-17,0.49481363604931516
2020-02-18,0.49534545781783657
2020-02-19,0.49224333593281316
2020-02-20,0.5194663571399377
2020-02-21,0.5353576866068963
2020-02-24,0.5462847353053293
2020-02-25,0.5282781145463732
2020-02-26,0.5352129158810022
2020-02-27,0.5364264553161303
2020-02-28,0.5353774177610259
2020-03-02,0.5809138448676773
2020-03-03,0.5945620840285807
2020-03-04,0.5828186109526691
2020-03-05,0.5778846815292129
2020-03-06,0.5667891259049331
2020-03-09,0.5361232234360567
2020-03-10,0.55874464296046
2020-03-11,0.5306190279552088
2020-03-12,0.5271611061273693
2020-03-13,0.5153629977626845
2020-03-16,0.4715804494440571
2020-03-17,0.4548121383678897
2020-03-18,0.4472485024538465
2020-03-19,0.43389812474468126
2020-03-20,0.44307869749316176
2020-03-23,0.4195058064757822
2020-03-24,0.4469157948613803
2020-03-25,0.47489053270726406
2020-03-26,0.4628854443427504
2020-03-27,0.4792575108859031
2020-03-30,0.4404552115231769
2020-03-31,0.42566188219499834
2020-04-01,0.40952025936531644
2020-04-02,0.41330746795056683
2020-04-03,0.40941363942518105
2020-04-07,0.4507995341175273
2020-04-08,0.4366802211226396
2020-04-09,0.45399658390862846
2020-04-10,0.45358542116681244
2020-04-13,0.45745275468249513
2020-04-14,0.49686481042242026
2020-04-15,0.491074768171604
2020-04-16,0.5082866423573276
2020-04-17,0.5012940401951846
2020-04-20,0.4959166040721822
2020-04-21,0.5062447141645574
2020-04-22,0.4961373889587639
2020-04-23,0.4678838013193465
2020-04-24,0.464444675574564
2020-04-27,0.4633178946677906
2020-04-28,0.46660327947816926
2020-04-29,0.4695433233053099
2020-04-30,0.494849171444784
2020-05-06,0.49072823427042056
2020-05-07,0.4918780503870819
2020-05-08,0.48162771358497836
2020-05-11,0.4738293982087393
2020-05-12,0.4614550542083954
2020-05-13,0.4805032875541412
2020-05-14,0.4770305967071497
2020-05-15,0.45655248268183185
2020-05-18,0.4630356483050127
2020-05-19,0.4719060079465864
2020-05-20,0.4634184287941266
2020-05-21,0.44294453637114195
2020-05-22,0.43731212396858554
2020-05-25,0.4262670728542012
2020-05-26,0.4530576657289435
2020-05-27,0.4618830619396458
2020-05-28,0.4615959353994531
2020-05-29,0.4779614563257848
2020-06-01,0.5020213924909841
2020-06-02,0.4901944837845756
2020-06-03,0.4698699533363893
2020-06-04,0.47873980642337494
2020-06-05,0.46343977874852615
2020-06-08,0.46469164951455505
2020-06-09,0.4749816466298351
2020-06-10,0.46699229574251727
2020-06-11,0.47085820095977393
2020-06-12,0.46698753043859237
2020-06-15,0.4647500279842525
2020-06-16,0.4722853679366514
2020-06-17,0.4835284653046095
2020-06-18,0.4924141841450734
2020-06-19,0.5111152995208722
2020-06-22,0.5125609198311026
2020-06-23,0.4868036319695038
2020-06-24,0.4882516307239439
2020-06-29,0.48563644810848905
2020-06-30,0.4977530139905153
2020-07-01,0.4782889140431653
2020-07-02,0.48673726699225084
2020-07-03,0.5040967516154147
2020-07-06,0.5258102110620104
2020-07-07,0.5316377200024301
2020-07-08,0.5526507494011326
2020-07-09,0.5678903506844232
2020-07-10,0.5647801653385149
2020-07-13,0.5957002503792149
2020-07-14,0.5930966431241739
2020-07-15,0.5848685717187235
2020-07-16,0.5456637806901095
2020-07-17,0.5457047140615149
2020-07-20,0.5683218494823821
2020-07-21,0.5657316167015685
2020-07-22,0.5662692241031151
2020-07-23,0.5646731340388806
2020-07-24,0.5490691242188944
2020-07-27,0.5558939531316207
2020-07-28,0.5513216313514488
2020-07-29,0.5693715407644199
2020-07-30,0.5487754915933604
2020-07-31,0.546875477248585
2020-08-03,0.5457300720927234
2020-08-04,0.5342838067707048
2020-08-05,0.5234454460236575
2020-08-06,0.4980036099637643
2020-08-07,0.4941311414361233
2020-08-10,0.4808775728700586
2020-08-11,0.4725211222572313
2020-08-12,0.48026507497897386
2020-08-13,0.5062088540826057
2020-08-14,0.516279770233439
2020-08-17,0.5142081395831724
2020-08-18,0.5166438996895664
2020-08-19,0.5034760278225614
2020-08-20,0.49931923361337666
2020-08-21,0.5264844385913883
2020-08-24,0.5325695415514914
2020-08-25,0.5166953515720382
2020-08-26,0.47956561316442803
2020-08-27,0.4973487175101208
2020-08-28,0.49773295387004557
2020-08-31,0.47260715000198517
2020-09-01,0.48295560143929767
2020-09-02,0.4762705221750078
2020-09-03,0.4712400527625956
2020-09-04,0.482395140837007
2020-09-07,0.4614624506231147
2020-09-08,0.48585789491291465
2020-09-09,0.4770138071501789
2020-09-10,0.45490309622607994
2020-09-11,0.45744042836033955
2020-09-14,0.447711829150501
2020-09-15,0.44464812976616896
2020-09-16,0.4475953557460402
2020-09-17,0.4598166616912184
2020-09-18,0.46855382418986896
2020-09-21,0.4569552724691574
2020-09-22,0.4439640254823127
2020-09-23,0.4645319674582228
2020-09-24,0.4326330998764134
2020-09-25,0.4150142629100797
2020-09-28,0.4056741067670318
2020-09-29,0.4114737559717053
2020-09-30,0.40550219547077127
2020-10-09,0.4388966948620553
2020-10-12,0.4638795378221266
2020-10-13,0.47416671304212343
2020-10-14,0.45474055997670276
2020-10-15,0.46049607465344095
2020-10-16,0.47697917931651707
2020-10-19,0.45492619290688363
2020-10-20,0.45586113470734374
2020-10-21,0.4426757436418991
2020-10-22,0.44616899995276
2020-10-23,0.4312129787026956
2020-10-26,0.4135061290452411
2020-10-27,0.41920506905921834
2020-10-28,0.43547885557563015
2020-10-29,0.4254646065230802
2020-10-30,0.4284925759005803
2020-11-02,0.4346700187351528
2020-11-03,0.46547580516551046
2020-11-04,0.45077375379172163
2020-11-05,0.47503245320913623
2020-11-06,0.4424201588332841
2020-11-09,0.4386031343464391
2020-11-10,0.42938894155841084
2020-11-11,0.4299998435928331
2020-11-12,0.43888040201016043
2020-11-13,0.43746259670700366
2020-11-16,0.4559377989848118
2020-11-17,0.4375309594359176
2020-11-18,0.45426244151548395
2020-11-19,0.46349393493565794
2020-11-20,0.48096970388397153
2020-11-23,0.4849802117594173
2020-11-24,0.4812040140315875
2020-11-25,0.46699309035588144
2020-11-26,0.46601124331031907
2020-11-27,0.4833643051718465
2020-11-30,0.47861895737955473
2020-12-01,0.4772547878881347
2020-12-02,0.48281339488642916
2020-12-03,0.4604767723076649
2020-12-04,0.4706715603942828
2020-12-07,0.4420588195825766
2020-12-08,0.4467774918930659
2020-12-09,0.4397290124263786
2020-12-10,0.4387788376479911
2020-12-11,0.4259562125089992
2020-12-14,0.42321941319812406
2020-12-15,0.42914692829486645
2020-12-16,0.41431184992639725
2020-12-17,0.42284009463934735
2020-12-18,0.4123537537737271
2020-12-21,0.4192184088609839
2020-12-22,0.4077309700599905
2020-12-23,0.4244016152743416
2020-12-24,0.4162497251525107
2020-12-25,0.42466086789321356
2020-12-28,0.41944243752698335
2020-12-29,0.4034183347419972
2020-12-30,0.4048538718412785
2020-12-31,0.4232435766118236
2021-01-04,0.433133303459473
2021-01-05,0.4391773290323136
2021-01-06,0.4358291919380002
2021-01-07,0.440058340842728
2021-01-08,0.4422700396090626
2021-01-11,0.4425669151137298
2021-01-12,0.4429947818125554
2021-01-13,0.4341198545648788
2021-01-14,0.4495353590575017
2021-01-15,0.44946472620282335
2021-01-18,0.4687687910497784
2021-01-19,0.46258624556633354
2021-01-20,0.4779930404748777
2021-01-21,0.4798567681897368
2021-01-22,0.4843502807827972
2021-01-25,0.4646472865437157
2021-01-26,0.46741257690968385
2021-01-27,0.46705675012275644
2021-01-28,0.4533158852783152
2021-01-29,0.42745417431486
2021-02-01,0.4220476970226583
2021-02-02,0.4262656003126044
2021-02-03,0.4234437118209117
2021-02-04,0.4225178069112502
2021-02-05,0.4140908588859745
2021-02-08,0.4298535364708207
2021-02-09,0.43915170262534986
2021-02-10,0.4574138170120158
2021-02-18,0.470451263216042
2021-02-19,0.4781658688001745
2021-02-22,0.47156980785628744
2021-02-23,0.4596803913026918
2021-02-24,0.4599554351728833
2021-02-25,0.4478602245049471
2021-02-26,0.45324266710368083
2021-03-01,0.483092650067075
2021-03-02,0.48105421400692505
2021-03-03,0.4954939863991007
2021-03-04,0.49772017662741097
2021-03-05,0.5186499983139855
2021-03-08,0.501353424049164
2021-03-09,0.4831590037048219
2021-03-10,0.4850884442859377
2021-03-11,0.5187511137848767
2021-03-12,0.5265681921926724
2021-03-15,0.5216966737502486
2021-03-16,0.5179037370186115
2021-03-17,0.5150228472779433
2021-03-18,0.49587926812247574
2021-03-19,0.47292863336918745
2021-03-22,0.48440653639298425
2021-03-23,0.48299082085303685
2021-03-24,0.474745246765664
2021-03-25,0.47881366879410525
2021-03-26,0.4970656969697407
2021-03-29,0.47664756913746187
2021-03-30,0.47932293153292055
2021-03-31,0.46641733311984634
2021-04-01,0.4783454305366314
2021-04-02,0.4720474811038346
2021-04-06,0.49290644421499313
2021-04-07,0.5153634267694254
2021-04-08,0.5179240074545803
2021-04-09,0.49582555817741564
2021-04-12,0.4842311541856913
2021-04-13,0.4795808103321332
2021-04-14,0.4805126272513343
2021-04-15,0.47175183779487595
2021-04-16,0.4889260515647881
2021-04-19,0.5059362118426318
2021-04-20,0.48115111029740126
2021-04-21,0.48566753902564236
2021-04-22,0.49624509528945027
2021-04-23,0.4919794674629835
2021-04-26,0.47153049985877943
2021-04-27,0.46686423886691103
2021-04-28,0.47644345123507276
2021-04-29,0.4734155545857834
2021-04-30,0.46448505825901626
2021-05-06,0.46436770426589524
2021-05-07,0.45194146255717527
2021-05-10,0.44769834156020194
2021-05-11,0.4609326090159411
2021-05-12,0.4727892933881087
2021-05-13,0.47695149591002384
2021-05-14,0.49918521765819646
2021-05-17,0.4789546395193064
2021-05-18,0.4877472319749062
2021-05-19,0.4661314351941348
2021-05-20,0.4487094932693707
2021-05-21,0.45515083248301547
2021-05-24,0.46753686949440193
2021-05-25,0.475676718071393
2021-05-26,0.4894578329311985
2021-05-27,0.5018426988072882
2021-05-28,0.5001114202228963
2021-05-31,0.5061204930535343
2021-06-01,0.5151099732690065
2021-06-02,0.5132513101348466
2021-06-03,0.506576099152553
2021-06-04,0.5089698097859665
2021-06-07,0.5125973991842823
2021-06-08,0.5049677268637023
2021-06-09,0.49608134612330856
2021-06-10,0.5058887478668891
2021-06-11,0.48485927508131865
2021-06-15,0.4823076300728836
2021-06-16,0.4673201494075845
2021-06-17,0.4764153799490397
2021-06-18,0.4885671667783827
2021-06-21,0.49669045159989017
2021-06-22,0.4954742026053343
2021-06-23,0.4869153160072049
2021-06-24,0.4754700429425734
2021-06-25,0.47235705980422626
2021-06-28,0.48271176336845995
2021-06-29,0.4624465738316544
2021-06-30,0.4602115605311009
2021-07-01,0.4580258176953597
2021-07-02,0.4546582575001629
2021-07-05,0.4663604258578659
2021-07-06,0.46287591026883057
2021-07-07,0.46856479166352233
2021-07-08,0.4598309654217611
2021-07-09,0.46356713954860396
2021-07-12,0.48016546745944966
2021-07-13,0.49381145600433995
2021-07-14,0.49427562385842433
2021-07-15,0.4858761246104068
2021-07-16,0.4740334179960515
2021-07-19,0.4635997671962165
2021-07-20,0.4584266827022919
2021-07-21,0.4660651699675481
2021-07-22,0.4742856108384418
2021-07-23,0.46073220461721653
2021-07-26,0.44600662484808007
2021-07-27,0.4437647774741329
2021-07-28,0.4256283069126365
2021-07-29,0.45436092901684655
2021-07-30,0.46609563143266347
2021-08-02,0.4718709141850642
2021-08-03,0.4688878115031928
2021-08-04,0.4716013991107806
2021-08-05,0.47038005479220046
2021-08-06,0.4614462325699525
2021-08-09,0.46257133760311814
2021-08-10,0.46805259144454403
2021-08-11,0.4789888406163346
2021-08-12,0.48301032313041325
2021-08-13,0.483681205932945
2021-08-16,0.48792549616590597
2021-08-17,0.47042822024678077
2021-08-18,0.4715054996394558
2021-08-19,0.46454223596550837
2021-08-20,0.46769502699123
2021-08-23,0.49719336124033314
2021-08-24,0.515102045660724
2021-08-25,0.5335401901492886
2021-08-26,0.5078293931142996
2021-08-27,0.499972987912105
2021-08-30,0.48204054490858156
2021-08-31,0.4830594663526265
2021-09-01,0.47874485882145407
2021-09-02,0.49328853560040137
2021-09-03,0.499124310792351
2021-09-06,0.5002090940624138
2021-09-07,0.49951913598694964
2021-09-08,0.503925863099012
2021-09-09,0.5029779276536936
2021-09-10,0.5014710804326517
2021-09-13,0.5029344164519908
2021-09-14,0.5097058275966498
2021-09-15,0.5025018984811498
2021-09-16,0.4943758381577079
2021-09-17,0.49944270542617997
2021-09-22,0.4820652896288692
2021-09-23,0.486632310425222
2021-09-24,0.4692790498833638
2021-09-27,0.4640381769701468
2021-09-28,0.4698900041796801
2021-09-29,0.4534575225599585
2021-09-30,0.4720093840119657
2021-10-08,0.48305119916573547
2021-10-11,0.4759268820426148
2021-10-12,0.45770286448780756
2021-10-13,0.4518895417188119
2021-10-14,0.4446372301224691
2021-10-15,0.43202784048368903
2021-10-18,0.438936636235974
2021-10-19,0.44746812889684895
2021-10-20,0.4392872778330192
2021-10-21,0.44139420369225907
2021-10-22,0.4320916254330638
2021-10-25,0.4492947932920551
2021-10-26,0.44462223271576173
2021-10-27,0.43057353397424414
2021-10-28,0.4089401665489417
2021-10-29,0.43563291077684435
2021-11-01,0.45807263972610934
2021-11-02,0.4435488227006733
2021-11-03,0.46966016729606863
2021-11-04,0.4646219132516373
2021-11-05,0.4472498995101075
2021-11-08,0.45307649570866315
2021-11-09,0.4787123369232992
2021-11-10,0.4771632832446113
2021-11-11,0.4852816560011509
2021-11-12,0.49812665023570285
2021-11-15,0.5009548053476547
2021-11-16,0.4879047264658313
2021-11-17,0.5056054997842774
2021-11-18,0.5035528928453672
2021-11-19,0.522721029093536
2021-11-22,0.5217509248118389
2021-11-23,0.5302753300608727
2021-11-24,0.5451660730937046
2021-11-25,0.5550448519690169
2021-11-26,0.5322728673756327
2021-11-29,0.5168802622952514
2021-11-30,0.5344622559818722
2021-12-01,0.537294840005743
2021-12-02,0.5135342912671758
2021-12-03,0.5238504664523286
2021-12-06,0.5060176960393628
2021-12-07,0.4912904590424595
2021-12-08,0.49953023997309004
2021-12-09,0.49531556408218586
2021-12-10,0.48926920214289715
2021-12-13,0.4839608545356698
2021-12-14,0.4958854194705939
2021-12-15,0.4812975210942755
2021-12-16,0.5005481181219427
2021-12-17,0.47782917460914415
2021-12-20,0.464348024940349
2021-12-21,0.4785125107190977
2021-12-22,0.4798329477964284
2021-12-23,0.4768737668445596
2021-12-24,0.4717623624597212
2021-12-27,0.4826740073930245
2021-12-28,0.4837552719645369
2021-12-29,0.4685301009277388
2021-12-30,0.4883721089187506
2021-12-31,0.48955180890397026
2022-01-04,0.5123716081814399
2022-01-05,0.5049182865391869
2022-01-06,0.4979008471987614
2022-01-07,0.47949620354151834
2022-01-10,0.48928624935151993
2022-01-11,0.48001389027351404
2022-01-12,0.49125511673846756
2022-01-13,0.48286349978163773
2022-01-14,0.46725527384913423
2022-01-17,0.48958224922085547
2022-01-18,0.49192525146912913
2022-01-19,0.4759943894809792
2022-01-20,0.4604874978330501
2022-01-21,0.456563148748351
2022-01-24,0.4651262888260769
2022-01-25,0.4393951656473288
2022-01-26,0.44173565578004625
2022-01-27,0.42541006793301345
2022-01-28,0.4255398653738968
2022-02-07,0.4322485279138249
2022-02-08,0.43593672954095786
2022-02-09,0.46256796210017
2022-02-10,0.4509724203041479
2022-02-11,0.44593204566986355
2022-02-14,0.43455786769993
2022-02-15,0.44453624231974287
2022-02-16,0.44487634323436576
2022-02-17,0.45078820518881574
2022-02-18,0.46641796068146324
2022-02-21,0.46464869467906694
2022-02-22,0.4576190505274644
2022-02-23,0.47240074998392484
2022-02-24,0.4687109942098652
2022-02-25,0.4906890155422586
2022-02-28,0.4924407536583645
2022-03-01,0.5238522677882258
2022-03-02,0.5160166272140295
2022-03-03,0.5320697980276677
2022-03-04,0.5094633202738985
2022-03-07,0.4800654797722473
2022-03-08,0.4478957544087554
2022-03-09,0.4204616499038024
2022-03-10,0.4415612846500503
2022-03-11,0.4657672022017831
2022-03-14,0.4482224359179071
2022-03-15,0.4237769640028353
2022-03-16,0.43186271630381834
2022-03-17,0.4538274257375489
2022-03-18,0.45799553661769526
2022-03-21,0.45656041217484394
2022-03-22,0.46800259630397106
2022-03-23,0.45498163005021663
2022-03-24,0.45824812699870476
2022-03-25,0.4392254936863931
2022-03-28,0.4359607325179876
2022-03-29,0.4146280106291923
2022-03-30,0.43012442941368934
2022-03-31,0.4314789052620681
2022-04-01,0.4437310956192649
2022-04-06,0.46795098266710067
2022-04-07,0.4692597795834571
2022-04-08,0.4754566093383441
2022-04-11,0.4420165733503672
2022-04-12,0.45174870768977726
2022-04-13,0.45622666812396684
2022-04-14,0.48773332317164797
2022-04-15,0.4532436575838922
2022-04-18,0.44182202811145305
2022-04-19,0.43163817058453197
2022-04-20,0.4117454102999809
2022-04-21,0.39467497986352706
2022-04-22,0.38679661987960945
2022-04-25,0.37845870797746467
2022-04-26,0.3699285748891968
2022-04-27,0.393779851605874
2022-04-28,0.3952490434303682
2022-04-29,0.4014848709573872
2022-05-05,0.4168508951869474
2022-05-06,0.40613408716938604
2022-05-09,0.4101966768609436
2022-05-10,0.44409229661863225
2022-05-11,0.45177845130072114
2022-05-12,0.47755039807766864
2022-05-13,0.46722068127975636
2022-05-16,0.48008934803862635
2022-05-17,0.4689860196042873
2022-05-18,0.4866997048894479
2022-05-19,0.4861760611899898
2022-05-20,0.4980517298380384
2022-05-23,0.520024505415125
2022-05-24,0.5194784921365316
2022-05-25,0.544098812911066
2022-05-26,0.5715301013915981
2022-05-27,0.5839041479121481
2022-05-30,0.5741121127848198
2022-05-31,0.5959132236894431
2022-06-01,0.57677176651739
2022-06-02,0.5724239498629627
2022-06-06,0.6000643540255225
2022-06-07,0.5810882549472401
2022-06-08,0.561575715863875
2022-06-09,0.5444064539724219
2022-06-10,0.5549451294351169
2022-06-13,0.5483211212747582
2022-06-14,0.5485050522185636
2022-06-15,0.5490363280601385
2022-06-16,0.5503341651068128
2022-06-17,0.5478845594165753
2022-06-20,0.5432745553007874
2022-06-21,0.5263217495009108
2022-06-22,0.5327234154026081
2022-06-23,0.5324696908448173
2022-06-24,0.5362896572631903
2022-06-27,0.545500748527704
2022-06-28,0.5513084972647309
2022-06-29,0.522611574030549
2022-06-30,0.5249678762440447
2022-07-01,0.512732316185493
2022-07-04,0.5008426416706644
2022-07-05,0.4967993088532302
2022-07-06,0.4893204463549935
2022-07-07,0.5091888812289431
2022-07-08,0.49296542742777893
2022-07-11,0.4829032816421745
2022-07-12,0.47127626197346595
2022-07-13,0.482421154999892
2022-07-14,0.47964228064843706
2022-07-15,0.46326480475835136
2022-07-18,0.4719097729134143
2022-07-19,0.4863504277051104
2022-07-20,0.510211969015469
2022-07-21,0.48393298510806665
2022-07-22,0.4702406023139778
2022-07-25,0.4544668331215614
2022-07-26,0.4538803431185433
2022-07-27,0.4740841423415286
2022-07-28,0.4736164084395432
2022-07-29,0.4680626884321488
2022-08-01,0.46749263370646565
2022-08-02,0.4580428805549778
2022-08-03,0.46253763361825706
2022-08-04,0.47421592504312693
2022-08-05,0.4857115313298389
2022-08-08,0.5066144490005247
2022-08-09,0.5191965858184492
2022-08-10,0.505874864777949
2022-08-11,0.5174807611639732
2022-08-12,0.5284185033540052
2022-08-15,0.5093224900852545
2022-08-16,0.5046095143801976
2022-08-17,0.4986121119636481
2022-08-18,0.5021186713706948
2022-08-19,0.4952222695900808
2022-08-22,0.5114560417926901
2022-08-23,0.4973772791247303
2022-08-24,0.4739029234611299
2022-08-25,0.46609256996062454
2022-08-26,0.4706846751678932
2022-08-29,0.47215973433468844
2022-08-30,0.4896838343278816
2022-08-31,0.4807464971363564
2022-09-01,0.4581581599610306
2022-09-02,0.45524153140457163
2022-09-05,0.4460528464099555
2022-09-06,0.4607557675446369
2022-09-07,0.4632030637986716
2022-09-08,0.4354951744752481
2022-09-09,0.441322650681811
2022-09-13,0.44409462274996014
2022-09-14,0.4272648386688781
2022-09-15,0.4073829373785549
2022-09-16,0.39446702632341607
2022-09-19,0.39349885619330693
2022-09-20,0.40134289227775904
2022-09-21,0.40619626715024104
2022-09-22,0.41688508310487615
2022-09-23,0.4007554469292874
2022-09-26,0.3926780916619203
2022-09-27,0.4083274909396768
2022-09-28,0.3911545093350154
2022-09-29,0.40039782009759817
2022-09-30,0.3962362999983517
2022-10-10,0.3699664359908318
2022-10-11,0.3745640588979921
2022-10-12,0.38291530809579344
2022-10-13,0.3901841254357966
2022-10-14,0.42485952370061203
2022-10-17,0.4363837868222792
2022-10-18,0.4325964038565714
2022-10-19,0.43143755994494865
2022-10-20,0.44170468613414265
2022-10-21,0.45705917627802795
2022-10-24,0.4554220463371153
2022-10-25,0.43579474383920686
2022-10-26,0.44832919382666636
2022-10-27,0.4554768024051308
2022-10-28,0.45318456729380474
2022-10-31,0.47488374776872033
2022-11-01,0.47547423291497026
2022-11-02,0.5090020292917453
2022-11-03,0.5157751237544834
2022-11-04,0.5459658598093768
2022-11-07,0.5690857064256587
2022-11-08,0.5576665317845519
2022-11-09,0.5306759342869611
2022-11-10,0.5165358411438025
2022-11-11,0.5010578279539197
2022-11-14,0.48351010255360016
2022-11-15,0.5043951968674667
2022-11-16,0.5132532006041113
2022-11-17,0.5221873804982912
2022-11-18,0.5139310971693144
2022-11-21,0.5283432447053056
2022-11-22,0.5209306153494448
2022-11-23,0.49772979133447215
2022-11-24,0.5010654857219986
2022-11-25,0.5129155865611228
2022-11-28,0.4950171941816787
2022-11-29,0.4921806450256203
2022-11-30,0.4730680993766838
2022-12-01,0.482063160162829
2022-12-02,0.46735740904302964
2022-12-05,0.4699987208029949
2022-12-06,0.46892757961309234
2022-12-07,0.47009394402586163
2022-12-08,0.47051703098411696
2022-12-09,0.46137138228688884
2022-12-12,0.4599438827515008
2022-12-13,0.4361916888843389
2022-12-14,0.43687978719379644
2022-12-15,0.4372722704703909
2022-12-16,0.43742623877951764
2022-12-19,0.41872553748746943
2022-12-20,0.42691306469560886
2022-12-21,0.42260471876997635
2022-12-22,0.40712554692703395
2022-12-23,0.41071620727442415
2022-12-26,0.4333990794673042
2022-12-27,0.4229059016881034
2022-12-28,0.4141811888200196
2022-12-29,0.39643934152323484
2022-12-30,0.4010409429443082
2023-01-03,0.40919487439561397
2023-01-04,0.4199226023561839
2023-01-05,0.43153505077048254
2023-01-06,0.4334162889409369
2023-01-09,0.44299740759037587
2023-01-10,0.4428286123871241
2023-01-11,0.4338318249825207
2023-01-12,0.43721114836184416
2023-01-13,0.44050729877388334
2023-01-16,0.46569841839586895
2023-01-17,0.4802359683970125
2023-01-18,0.4909274277783095
2023-01-19,0.5118321560144253
2023-01-20,0.5400678573927766
2023-01-30,0.5582132502832622
2023-01-31,0.5489371298863978
2023-02-01,0.5606541363810893
2023-02-02,0.5734839592473583
2023-02-03,0.575599978809819
2023-02-06,0.5591784537441995
2023-02-07,0.5497874373660437
2023-02-08,0.5346196488078369
2023-02-09,0.5450684885189754
2023-02-10,0.5459408116560935
2023-02-13,0.5502708275495317
2023-02-14,0.5532570243321173
2023-02-15,0.5628685537593254
2023-02-16,0.5459955798180401
2023-02-17,0.5325334142876224
2023-02-20,0.5338996378205699
2023-02-21,0.5422670838861552
2023-02-22,0.5323797535926679
2023-02-23,0.5164271055211527
2023-02-24,0.4943480353990834
2023-02-27,0.46650300985529897
2023-02-28,0.4774339250717974
2023-03-01,0.46927428317976394
2023-03-02,0.4624565947277075
2023-03-03,0.46783662924410213
2023-03-06,0.4742141535417625
2023-03-07,0.44608206316578103
2023-03-08,0.46541467621747473
2023-03-09,0.44565627313255024
2023-03-10,0.4328329222566575
2023-03-13,0.42189558082967815
2023-03-14,0.40935059629636045
2023-03-15,0.4230606660551871
2023-03-16,0.4237780568871615
2023-03-17,0.4389910846925041
2023-03-20,0.41677732772209497
2023-03-21,0.42949564129339113
2023-03-22,0.440491639177819
2023-03-23,0.44417099181741165
2023-03-24,0.45133044103523384
2023-03-27,0.4610514364528351
2023-03-28,0.436415685099835
2023-03-29,0.4179584968638834
2023-03-30,0.42312826942894866
2023-03-31,0.43473749331579314
2023-04-03,0.44522114414493374
2023-04-04,0.455866660693505
2023-04-06,0.44383166562851695
2023-04-07,0.45627263119653627
2023-04-10,0.46214111480581244
2023-04-11,0.46002390080828787
2023-04-12,0.4806615174799672
2023-04-13,0.46416478725023247
2023-04-14,0.4860024068968988
2023-04-17,0.48198605892383056
2023-04-18,0.47934113404740514
2023-04-19,0.45260409857576167
2023-04-20,0.436921734644436
2023-04-21,0.4203225907107132
2023-04-24,0.4149250572436508
2023-04-25,0.4041544833070705
2023-04-26,0.4240144808295311
2023-04-27,0.433755905458623
2023-04-28,0.4518892736894994
2023-05-04,0.44469002027828675
2023-05-05,0.42652669311151314
2023-05-08,0.44165753052671136
2023-05-09,0.42938398150158436
2023-05-10,0.4220571499974476
2023-05-11,0.43867310103383544
2023-05-12,0.4277132439790928
2023-05-15,0.4328757446230281
2023-05-16,0.42954435819042647
2023-05-17,0.4337040802272356
2023-05-18,0.42960030284590245
2023-05-19,0.4382644817739578
2023-05-22,0.4527246792500995
2023-05-23,0.44817952513197656
2023-05-24,0.4608198341115445
2023-05-25,0.46212970981233237
2023-05-26,0.48160907157033944
2023-05-29,0.46409042688247837
2023-05-30,0.46523421293772965
2023-05-31,0.44304404170990697
2023-06-01,0.4421882114020673
2023-06-02,0.46140505650386815
2023-06-05,0.4557532957995864
2023-06-06,0.4534121162137373
2023-06-07,0.4518792652401669
2023-06-08,0.44014175914307696
2023-06-09,0.4572742801147589
2023-06-12,0.4512963496691606
2023-06-13,0.46431042763392993
2023-06-14,0.4530533990052172
2023-06-15,0.45722237320987685
2023-06-16,0.46508210991890253
2023-06-19,0.4545653064601213
2023-06-20,0.4582875076814597
2023-06-21,0.4488406431793496
2023-06-26,0.43801047134061155
2023-06-27,0.4516222382564603
2023-06-28,0.4566168077357828
2023-06-29,0.4593537092808945
2023-06-30,0.4807015043248006
2023-07-03,0.4859306971096606
2023-07-04,0.4806949673683995
2023-07-05,0.46860340929623556
2023-07-06,0.481077319640256
2023-07-07,0.47157053845950836
2023-07-10,0.47921110728530997
2023-07-11,0.48621400547969673
2023-07-12,0.4661022494879819
2023-07-13,0.47802396276699544
2023-07-14,0.4768637541918478
2023-07-17,0.4669149812272265
2023-07-18,0.4581194280194545
2023-07-19,0.46015341179312025
2023-07-20,0.4544552736029933
2023-07-21,0.46663387656373023
2023-07-24,0.4802615543697467
2023-07-25,0.48118017866326995
2023-07-26,0.4802226568584925
2023-07-27,0.46294306228936666
2023-07-28,0.4604859043970702
2023-07-31,0.46423985189554984
2023-08-01,0.4532501404113697
2023-08-02,0.45898645818621553
2023-08-03,0.4632651281595314
2023-08-04,0.47062008847285747
2023-08-07,0.45843969306134114
2023-08-08,0.4410952052518965
2023-08-09,0.4431390181548559
2023-08-10,0.4332338216286112
2023-08-11,0.4185214219302824
2023-08-14,0.4265245547980368
2023-08-15,0.417501710432527
2023-08-16,0.40698277405055394
2023-08-17,0.435687813439677
2023-08-18,0.4241996316730486
2023-08-21,0.41424787129632873
2023-08-22,0.3971665946830298
2023-08-23,0.38287409385990945
2023-08-24,0.39381026435213695
2023-08-25,0.36610007107981424
2023-08-28,0.36616079401132196
2023-08-29,0.3931845090767174
2023-08-30,0.40449423116675265
2023-08-31,0.39804514388243784
2023-09-01,0.40019754420205456
2023-09-04,0.4275058452926938
2023-09-05,0.42342545216865474
2023-09-06,0.43726231331604914
2023-09-07,0.41231969206529334
2023-09-08,0.431247989530022
2023-09-11,0.44152232604100466
2023-09-12,0.44674020781207346
2023-09-13,0.44481656941350545
2023-09-14,0.41947473225792065
2023-09-15,0.43426877404673314
2023-09-18,0.45372961793542704
2023-09-19,0.43861786872631575
2023-09-20,0.4428121637794846
2023-09-21,0.42784176744022684
2023-09-22,0.46350152240708437
2023-09-25,0.4423299101950201
2023-09-26,0.41068374861062634
2023-09-27,0.40984955488057195
2023-09-28,0.4277760643450213
2023-10-09,0.41797069556138133
2023-10-10,0.3943176473729823
2023-10-11,0.40539162960516845
2023-10-12,0.4134488601569625
2023-10-13,0.4208666139963001
2023-10-16,0.40967181702652933
2023-10-17,0.39585950300824224
2023-10-18,0.38121124916491855
2023-10-19,0.383348784398073
2023-10-20,0.3828886222873336
2023-10-23,0.36295637846779344
2023-10-24,0.3749423294629358
2023-10-25,0.4019295096793799
2023-10-26,0.41957852697284065
2023-10-27,0.44990110009436207
2023-10-30,0.4411358515267768
2023-10-31,0.4443644954575995
2023-11-01,0.45547541588410995
2023-11-02,0.4357356654589569
2023-11-03,0.4397068193391484
2023-11-06,0.4673943391105243
2023-11-07,0.4759033153307165
2023-11-08,0.47292871079665233
2023-11-09,0.45484907813020437
2023-11-10,0.46186537723138876
2023-11-13,0.48436658105795216
2023-11-14,0.4904504935050432
2023-11-15,0.5187038438989983
2023-11-16,0.5169957398340841
2023-11-17,0.538793918998483
2023-11-20,0.5715614393868058
2023-11-21,0.5443659874912277
2023-11-22,0.516768396351306
2023-11-23,0.5292268080259342
2023-11-24,0.5001872398583678
2023-11-27,0.48728161763684386
2023-11-28,0.5038472899382163
2023-11-29,0.49004194005844787
2023-11-30,0.4970070437215737
2023-12-01,0.4868439923516049
2023-12-04,0.46327909255778515
2023-12-05,0.44328962904706815
2023-12-06,0.452044516719182
2023-12-07,0.45484328114773015
2023-12-08,0.45219471117735816
2023-12-11,0.45407223313320905
2023-12-12,0.4542270947417132
2023-12-13,0.4347315714773579
2023-12-14,0.4449382719869809
2023-12-15,0.42608237897987394
2023-12-18,0.3969930742928038
2023-12-19,0.40603591876192385
2023-12-20,0.40725444697613533
2023-12-21,0.4014413011788183
2023-12-22,0.4031004563126264
2023-12-25,0.4016468072751831
2023-12-26,0.3747233938980747
2023-12-27,0.40012722149021646
2023-12-28,0.42646989863771134
2023-12-29,0.43880921009054996
2024-01-02,0.44288822936986183
2024-01-03,0.45497308796845515
2024-01-04,0.4404607776851527
2024-01-05,0.42779659571501183
2024-01-08,0.4153937186658981
2024-01-09,0.41011421356647776
2024-01-10,0.39306127816976927
2024-01-11,0.42183472219438
2024-01-12,0.41625504330884694
2024-01-15,0.41927535152355244
2024-01-16,0.42762747244425575
2024-01-17,0.4048585816659922
2024-01-18,0.4125899042936837
2024-01-19,0.3885224824559987
2024-01-22,0.3782045885698403
2024-01-23,0.3870432488929997
2024-01-24,0.4176253712493446
2024-01-25,0.4275257460948011
2024-01-26,0.40444692818493155
2024-01-29,0.3698080990382375
2024-01-30,0.34858648899466943
2024-01-31,0.3356125961073672
2024-02-01,0.33170526025185143
2024-02-02,0.330986963599688
2024-02-05,0.33319545235478687
2024-02-06,0.3383900637609615
2024-02-07,0.35040031102923497
2024-02-08,0.3526479222622324
2024-02-19,0.3788762946833606
2024-02-20,0.3932803395118584
2024-02-21,0.41579655149638783
2024-02-22,0.4563040592731974
2024-02-23,0.47809614199735
2024-02-26,0.5003981677967368
2024-02-27,0.5455645989469123
2024-02-28,0.518587589668061
2024-02-29,0.5291057021000385
2024-03-01,0.5172021365610021
2024-03-04,0.5190547196513736
2024-03-05,0.5239561226815215
2024-03-06,0.5512730903637804
2024-03-07,0.5601725017721001
2024-03-08,0.5829147146867787
2024-03-11,0.6204654971536272
2024-03-12,0.6489097010174423
2024-03-13,0.6316714718637213
2024-03-14,0.621916875900216
2024-03-15,0.6174018736582343
2024-03-18,0.6214196678859264
2024-03-19,0.6038602227533609
2024-03-20,0.6006121122769672
2024-03-21,0.5781376710868392
2024-03-22,0.5457803541249151
2024-03-25,0.5202585683973698
2024-03-26,0.4976473718475633
2024-03-27,0.5002288915745242
2024-03-28,0.4939078447418933
2024-03-29,0.4964459678553389
2024-04-01,0.5191710887837815
2024-04-02,0.5291161398599138
2024-04-03,0.5144604295028461
2024-04-08,0.50813951890377
2024-04-09,0.5111641876543966
2024-04-10,0.47832597629577267
2024-04-11,0.46851579625300177
2024-04-12,0.4620120901682738
2024-04-15,0.46244716198399927
2024-04-16,0.4253042748139976
2024-04-17,0.429900196189987
2024-04-18,0.43531609543527294
2024-04-19,0.41448796094764645
2024-04-22,0.41190358441234076
2024-04-23,0.4320197908250831
2024-04-24,0.46423188913488433
2024-04-25,0.4673013311196663
2024-04-26,0.5000140682751172
2024-04-29,0.5001526579334209
2024-04-30,0.48061636848795697
2024-05-06,0.47965433443386585
2024-05-07,0.48642484762331434
2024-05-08,0.4791444011176371
2024-05-09,0.5127685860538652
2024-05-10,0.4884796138434284
2024-05-13,0.49086170816796876
2024-05-14,0.49732075624359917
2024-05-15,0.49508620774502565
2024-05-16,0.5072250367432213
2024-05-17,0.5433051102547356
2024-05-20,0.5234019483664818
2024-05-21,0.5130410208972469
2024-05-22,0.5282232193190886
2024-05-23,0.5165282200949941
2024-05-24,0.4994124384422868
2024-05-27,0.4941185307735928
2024-05-28,0.4770097898349128
2024-05-29,0.4643313898573688
2024-05-30,0.43728364226778627
2024-05-31,0.4493269932158522
2024-06-03,0.41725900458992743
2024-06-04,0.4133859708962505
2024-06-05,0.4115737737356189
2024-06-06,0.37702090589189274
2024-06-07,0.3985670906589775
2024-06-11,0.41485607571555716
2024-06-12,0.41916413834740557
2024-06-13,0.42429985629223166
2024-06-14,0.4237650333511647
2024-06-17,0.40028309508686516
2024-06-18,0.4091145074117719
2024-06-19,0.41409420946599945
2024-06-20,0.3922482199972712
2024-06-21,0.4078114306004886
2024-06-24,0.39984395248276294
2024-06-25,0.39078765128460247
2024-06-26,0.42562807249026935
2024-06-27,0.40507620531941635
2024-06-28,0.4182050706246236
2024-07-01,0.42213768079870173
2024-07-02,0.4326466032218712
2024-07-03,0.42287483983455276
2024-07-04,0.42097207285175814
2024-07-05,0.4497358134921915
2024-07-08,0.4187397975559365
2024-07-09,0.43192954443181747
2024-07-10,0.41146776099232707
2024-07-11,0.44192942792696277
2024-07-12,0.4356224305859075
2024-07-15,0.42957696143094043
2024-07-16,0.41750310537730756
2024-07-17,0.41876848004988887
2024-07-18,0.43308680932256516
2024-07-19,0.44075012439066413
2024-07-22,0.46366462895756655
2024-07-23,0.4442150737465182
2024-07-24,0.406488676765888
2024-07-25,0.43110610094021606
2024-07-26,0.44449317866349985
2024-07-29,0.4325852633618553
2024-07-30,0.4400570136300229
2024-07-31,0.47410575176317427
2024-08-01,0.4881147159066006
2024-08-02,0.46192574062085623
2024-08-05,0.4620620799096834
2024-08-06,0.46448099546432847
2024-08-07,0.47052488823061706
2024-08-08,0.4459301819214037
2024-08-09,0.4386055437792056
2024-08-12,0.4432859960979137
2024-08-13,0.45410413744137273
2024-08-14,0.4496603144250136
2024-08-15,0.46481402703604074
2024-08-16,0.4521016591134709
2024-08-19,0.44542333540088935
2024-08-20,0.4461933675392079
2024-08-21,0.45479419365110496
2024-08-22,0.43325783409878305
2024-08-23,0.4102453354320594
2024-08-26,0.42353326001416375
2024-08-27,0.4045052705248353
2024-08-28,0.38671491041584344
2024-08-29,0.4061225959984217
2024-08-30,0.441347592366753
2024-09-02,0.44399230042601767
2024-09-03,0.4377968951508646
2024-09-04,0.4285104300070281
2024-09-05,0.44285169210470005
2024-09-06,0.43554992018228633
2024-09-09,0.4377599635081686
2024-09-10,0.4332121741047315
2024-09-11,0.438051287478366
2024-09-12,0.4180188748429936
2024-09-13,0.4116955449395324
2024-09-18,0.4083147843039915
2024-09-19,0.4474276195190213
2024-09-20,0.44806395931545817
2024-09-23,0.46453788969823273
2024-09-24,0.4937467467779875
2024-09-25,0.499287670836756
2024-09-26,0.5376958808160022
2024-09-27,0.5564270477250235
2024-09-30,0.5677705497909012
2024-10-08,0.5701854529222679
2024-10-09,0.5665230799342363
2024-10-10,0.5569956369582588
2024-10-11,0.5498968008995949
2024-10-14,0.5602215293136186
2024-10-15,0.5619690578120791
2024-10-16,0.5695275005843178
2024-10-17,0.5548881175666349
2024-10-18,0.5857917070327244
2024-10-21,0.6032408069101518
2024-10-22,0.626503475283221
2024-10-23,0.637301356273632
2024-10-24,0.6097309779286308
2024-10-25,0.6338093206303357
2024-10-28,0.6479838288297449
2024-10-29,0.6094797636918458
2024-10-30,0.5897534689606375
2024-10-31,0.5740083703914973
2024-11-01,0.536367155450274
2024-11-04,0.5293474083325399
2024-11-05,0.5300634871966867
2024-11-06,0.5516695280385652
2024-11-07,0.5669721632350344
2024-11-08,0.5827071729274611
2024-11-11,0.5720207300186538
2024-11-12,0.5780921815595156
2024-11-13,0.5792968055207111
2024-11-14,0.5674696246201859
2024-11-15,0.5283519294740172
2024-11-18,0.504520116217337
2024-11-19,0.5129722363500193
2024-11-20,0.5287086184876673
2024-11-21,0.534626874568995
2024-11-22,0.49807224580184145
2024-11-25,0.4914336682697251
2024-11-26,0.4958695643120767
2024-11-27,0.5172690599009837
2024-11-28,0.5056208252310694
2024-11-29,0.5362421831853501
2024-12-02,0.5376041142539363
2024-12-03,0.5132291658677728
2024-12-04,0.4972446050702154
2024-12-05,0.48769793449221266
2024-12-06,0.5035818807567211
2024-12-09,0.4858203335589928
2024-12-10,0.5019016430120445
2024-12-11,0.511017776552541
2024-12-12,0.5418431316417646
2024-12-13,0.5412812320640317
2024-12-16,0.5453207681931679
2024-12-17,0.5098369295688117
2024-12-18,0.49536295892143595
2024-12-19,0.49476040084508577
2024-12-20,0.521884116698566
2024-12-23,0.49680480574426183
2024-12-24,0.5207558062211151
2024-12-25,0.4889085274012099
2024-12-26,0.5014976143198394
2024-12-27,0.491118969933224
2024-12-30,0.46158145856581817
2024-12-31,0.44479379550023895
2025-01-02,0.4435737376867845
2025-01-03,0.41632074969525973
2025-01-06,0.4014283716850833
2025-01-07,0.4227486909610114
2025-01-08,0.4110229013098568
2025-01-09,0.4019508808948336
2025-01-10,0.3713819472487823
2025-01-13,0.38957886503150435
2025-01-14,0.4238135827163065
2025-01-15,0.431233950505721
2025-01-16,0.43466481507008076
2025-01-17,0.4385863793276245
2025-01-20,0.44156019093177196
2025-01-21,0.45464886280111017
2025-01-22,0.42602956083913057
2025-01-23,0.4375893063343577
2025-01-24,0.4426977079695219
2025-01-27,0.42886820892070865
2025-02-05,0.44503705686001266
2025-02-06,0.48388015794238715
2025-02-07,0.5159406087271748
2025-02-10,0.5481812422708108
2025-02-11,0.5429094953657482
2025-02-12,0.5375121850802025
2025-02-13,0.5315385366455897
2025-02-14,0.5316904853803527
2025-02-17,0.5609710759440774
2025-02-18,0.5421548212748714
2025-02-19,0.5357757440405215
2025-02-20,0.5506392627039569
2025-02-21,0.5480531378834994
2025-02-24,0.5455110275140318
2025-02-25,0.5241604034799866
2025-02-26,0.5447268504887595
2025-02-27,0.5554260757295099
2025-02-28,0.5390274117588575
2025-03-03,0.5299001519178086
2025-03-04,0.5487376915464928
2025-03-05,0.5427439254267276
2025-03-06,0.5383008553429889
2025-03-07,0.5133406975215438
2025-03-10,0.503008598209728
2025-03-11,0.513438053033154
2025-03-12,0.5024687693108243
2025-03-13,0.5042309178605345
2025-03-14,0.5218163962505213
2025-03-17,0.5157229615351
2025-03-18,0.5383536419091761
2025-03-19,0.5098551362102369
2025-03-20,0.4975307396684688
2025-03-21,0.4768952862510861
2025-03-24,0.46879285435083223
2025-03-25,0.4782658982656288
2025-03-26,0.46846247801763347
2025-03-27,0.4687063173531735
2025-03-28,0.4719632187685677
2025-03-31,0.4536658545753551
2025-04-01,0.45292779619826684
2025-04-02,0.45338908184671806
2025-04-03,0.43049476354578653
2025-04-07,0.416626299908671
2025-04-08,0.41955095638314416
2025-04-09,0.4353479249007042
2025-04-10,0.45819339444052803
2025-04-11,0.4767548624350679
2025-04-14,0.4763990800157408
2025-04-15,0.4695908362768636
2025-04-16,0.4502953765318722
2025-04-17,0.4648067272416241
2025-04-18,0.47062729945860904
2025-04-21,0.5026099995435935
2025-04-22,0.5099725511534692
2025-04-23,0.5175054467903493
2025-04-24,0.5006264887427732
2025-04-25,0.5079322541196809
2025-04-28,0.5112312426966886
2025-04-29,0.5311570374263174
2025-04-30,0.5283654568557209
2025-05-06,0.5495216501277741
2025-05-07,0.5628350951215481
2025-05-08,0.597697940886895
2025-05-09,0.5784675594172224
2025-05-12,0.575445384118026
2025-05-13,0.5478221715862255
2025-05-14,0.5410511159844403
2025-05-15,0.5100065161082974
2025-05-16,0.5145812038146974
2025-05-19,0.5348532147966162
2025-05-20,0.543146837785515
2025-05-21,0.5385869921768645
2025-05-22,0.5060905670408488
2025-05-23,0.492329058788077
2025-05-26,0.49494567058256944
2025-05-27,0.5035287365605645
2025-05-28,0.4917240096216016
2025-05-29,0.5223857344169859
2025-05-30,0.5018214780822534
2025-06-03,0.5006660673932384
2025-06-04,0.4927831860335659
2025-06-05,0.48831603625216086
2025-06-06,0.47608314367012056
2025-06-09,0.5031619336505738
2025-06-10,0.47574202186918113
2025-06-11,0.4903065336374005
2025-06-12,0.4869015743016069
2025-06-13,0.4834831105400646
2025-06-16,0.49094172618261656
2025-06-17,0.47954371517630123
2025-06-18,0.4610758340216482
2025-06-19,0.449221667288264
2025-06-20,0.4567259032381914
2025-06-23,0.488283178979717
2025-06-24,0.5003699675861134
2025-06-25,0.5160349543838284
2025-06-26,0.5146351462097926
2025-06-27,0.5026660307260673
2025-06-30,0.5305779347487045
2025-07-01,0.523702726253105
2025-07-02,0.5035669682273631
2025-07-03,0.5090013820437128
2025-07-04,0.49791480657720133
2025-07-07,0.48597580318591793
2025-07-08,0.5147923102250346
2025-07-09,0.4982599113548349
2025-07-10,0.5052188209925232
2025-07-11,0.5271376592119
2025-07-14,0.5223167918479269
2025-07-15,0.5172507722951274
2025-07-16,0.5274795622622841
2025-07-17,0.5558183586889116
2025-07-18,0.5681251186251107
2025-07-21,0.56421394198315
2025-07-22,0.5457249377706077
2025-07-23,0.5213889444867192
2025-07-24,0.5484694046865629
2025-07-25,0.5407607185863927
2025-07-28,0.5294194316503563
2025-07-29,0.5281673414099914
2025-07-30,0.5257346895507468
2025-07-31,0.5030774113070006
2025-08-01,0.5178029764354586
2025-08-04,0.5275400270017182
2025-08-05,0.5251297166516794
2025-08-06,0.541507729324376
2025-08-07,0.5329145700191036
2025-08-08,0.5242743311632845
2025-08-11,0.5348361852785454
2025-08-12,0.5423043005009893
2025-08-13,0.5422623694275572
2025-08-14,0.5153769673660165
2025-08-15,0.530820801795899
2025-08-18,0.531706587192246
2025-08-19,0.5302026151075507
2025-08-20,0.5517162993376965
2025-08-21,0.5314088016217999
2025-08-22,0.5380350778819157
2025-08-25,0.5453713033504977
2025-08-26,0.5457966385816618
2025-08-27,0.5365053775397299
2025-08-28,0.5559559170882081
2025-08-29,0.5498023489076463
2025-09-01,0.5441804173612359
2025-09-02,0.5176117037739129
2025-09-03,0.4926693241182175
2025-09-04,0.4913866714305553
2025-09-05,0.5153511967983382
2025-09-08,0.5129697228484899
2025-09-09,0.503027608052982
2025-09-10,0.4976006104335677
2025-09-11,0.5299628922515666
2025-09-12,0.5055509564256582
2025-09-15,0.4865614826847723
2025-09-16,0.49427583427405686
2025-09-17,0.4857649836331016
2025-09-18,0.47445629361478714
2025-09-19,0.4639022077132341
2025-09-22,0.45185413957053555
2025-09-23,0.43962805440149577
2025-09-24,0.4748581150647774
2025-09-25,0.4635094781407654
2025-09-26,0.4576651503326089
2025-09-29,0.4622908273441513
2025-09-30,0.4784820188762162
2025-10-09,0.5012307039024049
2025-10-10,0.5051867904588765
2025-10-13,0.47513132882137815
2025-10-14,0.4535256920560683
2025-10-15,0.482667471105121
2025-10-16,0.4723651790051321
2025-10-17,0.43758238339263383
2025-10-20,0.4571118417895537
2025-10-21,0.4814510176098491
2025-10-22,0.46799650260759407
2025-10-23,0.46923826359386667
2025-10-24,0.4899123432385676
2025-10-27,0.5053540212776173
2025-10-28,0.5023818537654319
2025-10-29,0.5197430046559788
2025-10-30,0.48907653044503885
2025-10-31,0.5023015431158214
2025-11-03,0.5184073754354153
2025-11-04,0.4960102453832739
2025-11-05,0.4984510850457241
2025-11-06,0.4976407887554234
2025-11-07,0.4934794154184986
2025-11-10,0.5096604866991494
2025-11-11,0.5169063531402986
2025-11-12,0.4933245328516742
2025-11-13,0.517911759773488
2025-11-14,0.5279406043729462
2025-11-17,0.5113442631563023
2025-11-18,0.47884619943931
2025-11-19,0.4735949635766684
2025-11-20,0.45796594312985495
2025-11-21,0.430358981256195
2025-11-24,0.433657378935555
2025-11-25,0.4552294710453405
2025-11-26,0.44537810554797
2025-11-27,0.4581102861308752
2025-11-28,0.466008029844715
2025-12-01,0.4683657869721326
2025-12-02,0.46772088343460994
2025-12-03,0.4498105796484498
2025-12-04,0.43694573606899123
2025-12-05,0.45957334090312874
2025-12-08,0.45996611303667195
2025-12-09,0.4492186535644291
2025-12-10,0.4554155352880194
2025-12-11,0.4263136068646058
2025-12-12,0.43976297366526645
2025-12-15,0.4373731083730239
2025-12-16,0.43475762479757013
2025-12-17,0.4571902407301778
2025-12-18,0.4687567383414713
2025-12-19,0.5073567769347663
2025-12-22,0.4994942599310532
2025-12-23,0.47510557044619633
2025-12-24,0.4943890460242774
2025-12-25,0.5058927444185648
2025-12-26,0.4881045427316737
2025-12-29,0.47107154168738974
2025-12-30,0.47872492388274324
2025-12-31,0.4872389773452971
2026-01-05,0.5096494236598734
2026-01-06,0.5080218087550131
2026-01-07,0.4968014641469208
2026-01-08,0.5167581672128421
2026-01-09,0.5311054696764466
2026-01-12,0.5610380521629896
2026-01-13,0.5475113866648826
2026-01-14,0.5543455315640963
2026-01-15,0.5665731210935937
2026-01-16,0.5517795104276991
2026-01-19,0.5577021806780481
2026-01-20,0.5354696342804254
2026-01-21,0.5352431735917594
2026-01-22,0.5510964950908092
2026-01-23,0.5487450058970129
2026-01-26,0.5292073873998399
2026-01-27,0.5282296230642773
2026-01-28,0.5300124005628597
2026-01-29,0.5280049044723748
2026-01-30,0.5275388376672601
2026-02-02,0.4939894905602512
2026-02-03,0.4991603920226841
2026-02-04,0.5088109059738803
2026-02-05,0.49103051159385025
2026-02-06,0.47594515088511313
2026-02-09,0.48090643437315866
2026-02-10,0.4879160635501165
2026-02-11,0.48146484470001616
2026-02-12,0.4824065054946736
2026-02-13,0.47360871686570893
2026-02-24,0.4794031522345339
2026-02-25,0.49501975667529086
2026-02-26,0.487998205253941
2026-02-27,0.48608108849982357
2026-03-02,0.4628653932063891
2026-03-03,0.45323349113818134
2026-03-04,0.44753264561278944
2026-03-05,0.4671110923434635
2026-03-06,0.48848864118142526
2026-03-09,0.4802880635997884
2026-03-10,0.5161656497089303
2026-03-11,0.4924662196431041
2026-03-12,0.4755957900644227
2026-03-13,0.4743373093694242
2026-03-16,0.4774055903247783
2026-03-17,0.44223615207206335
2026-03-18,0.4530869494914615
2026-03-19,0.43789290850027013
2026-03-20,0.42312514813164503
2026-03-23,0.41319436957186245
2026-03-24,0.4244310172703833
2026-03-25,0.43475204300919723
2026-03-26,0.4202829739507214
2026-03-27,0.43009725130228144
2026-03-30,0.44186711564523956
2026-03-31,0.44427951432179863
2026-04-01,0.4720664463940863
2026-04-02,0.44303246750608033
2026-04-03,0.41071255858457273
2026-04-07,0.4342024950806046
2026-04-08,0.43938412619829237
2026-04-09,0.42826058335245054
2026-04-10,0.452727324709645
2026-04-13,0.46310318759646174
2026-04-14,0.47373732482211545
2026-04-15,0.48253224298570874
2026-04-16,0.4899802978090354
2026-04-17,0.507212770656603
2026-04-20,0.5329044076808744
2026-04-21,0.5499201136051515
2026-04-22,0.5305980467311605
2026-04-23,0.4969874343025033
2026-04-24,0.50770257335551
2026-04-27,0.49635650605460463
2026-04-28,0.4873579959067003
2026-04-29,0.5170694081950917
2026-04-30,0.5014683498169716
2026-05-06,0.5289446981634607
2026-05-07,0.5551873385609631
2026-05-08,0.5487175593029802
2026-05-11,0.5327955281857967
2026-05-12,0.5360501245683551
2026-05-13,0.5293994601492112
2026-05-14,0.5155305175731882
2026-05-15,0.4931515483663338
2026-05-18,0.49644492679313545
2026-05-19,0.4902074258441253
2026-05-20,0.4854972878495669
2026-05-21,0.4596442279644017
2026-05-22,0.4759714291054772
2026-05-25,0.47122642667827835
2026-05-26,0.4751203062041493
2026-05-27,0.4652909736044749
2026-05-28,0.4631995830072585
2026-05-29,0.46352532620776443
2026-06-01,0.4564705001033005
2026-06-02,0.4487043341108019
2026-06-03,0.42988819532418
2026-06-04,0.4086361636153211
2026-06-05,0.40479739604006015
2026-06-08,0.3804514288055622
2026-06-09,0.39971702735292874
2026-06-10,0.38181390877772226
2026-06-11,0.38557085818191
2026-06-12,0.4083032172702438
2026-06-15,0.4245435853501892
2026-06-16,0.4150459986769815
2026-06-17,0.41658672635701455
2026-06-18,0.43022902728147006
2026-06-22,0.4241177638733994
2026-06-23,0.4221538556612391
2026-06-24,0.4241566438519924
2026-06-25,0.43044864587714704
2026-06-26,0.410308882738298
2026-06-29,0.4214027818436429
2026-06-30,0.41887199473308356
2026-07-01,0.43660209997661176
2026-07-02,0.43755094769446073
2026-07-03,0.4607370238068701
2026-07-06,0.453735245718458
2026-07-07,0.4530352063866137
2026-07-08,0.435571684641324
2026-07-09,0.44752640617778666
2026-07-10,0.4667509560610843
2026-07-13,0.43673744602294706
2026-07-14,0.4391041316130351
2026-07-15,0.443679329886738
2026-07-16,0.4453033391317964
2026-07-17,0.4295202050261272
2026-07-20,0.4192896335781378
2026-07-21,0.42887724560877716
2026-07-22,0.42655672930849214
2026-07-23,0.44897866117080076
2026-07-24,0.4471936126419747
2026-07-27,0.4678193300014214
2026-07-28,0.4596838724963475
2026-07-29,0.46254384749328264
2026-07-30,0.4593065661341719
2026-07-31,0.4660388589028456
2026-08-03,0.4793065337450534
2026-08-04,0.5065934657403481
2026-08-05,0.5274721635510072
2026-08-06,0.5259473665020852
2026-08-07,0.5231915302082986
2026-08-10,0.552848144215216
2026-08-11,0.5278391899541645
2026-08-12,0.5348744817080153
2026-08-13,0.5252976840039244
2026-08-14,0.5434505635323584
2026-08-17,0.5642901450630806
2026-08-18,0.5497034255973754
