sym,name,src,tail
sh510010,,,2026-09-21
sh510020,,,2026-09-21
sh510030,,,2026-09-21
sh510040,,,2026-09-21
sh510050,,,2026-09-21
sh510060,,,2026-09-21
sh510090,,,2026-09-21
sh510100,,,2026-09-21
sh510130,,,2026-09-21
sh510140,,,2026-09-21
sh510150,,,2026-09-21
sh510160,,,2026-09-21
sh510170,,,2026-09-21
sh510180,,,2026-09-21
sh510190,,,2026-09-21
sh510200,,,2026-09-21
sh510210,,,2026-09-21
sh510230,,,2026-09-21
sh510270,,,2026-09-21
sh510290,,,2026-09-21
sh510300,,,2026-09-21
sh510310,,,2026-09-21
sh510320,,,2026-09-21
sh510330,,,2026-09-21
sh510350,,,2026-09-21
sh510360,,,2026-09-21
sh510370,,,2026-09-21
sh510380,,,2026-09-21
sh510390,,,2026-09-21
sh510410,,,2026-09-21
sh510500,,,2026-09-21
sh510510,,,2026-09-21
sh510530,,,2026-09-21
sh510550,,,2026-09-21
sh510560,,,2026-09-21
sh510570,,,2026-09-21
sh510580,,,2026-09-21
sh510590,,,2026-09-21
sh510600,,,2026-09-21
sh510630,,,2026-09-21
sh510650,,,2026-09-21
sh510660,,,2026-09-21
sh510670,,,2026-09-21
sh510680,,,2026-09-21
sh510710,,,2026-09-21
sh510720,,,2026-09-21
sh510760,,,2026-09-21
sh510770,,,2026-09-21
sh510800,,,2026-09-21
sh510810,,,2026-09-21
sh510850,,,2026-09-21
sh510880,,,2026-09-21
sh510900,,,2026-09-21
sh510910,,,2026-09-21
sh510950,,,2026-09-21
sh510980,,,2026-09-21
sh510990,,,2026-09-21
sh511010,,,2026-09-21
sh511020,,,2026-09-21
sh511030,,,2026-09-21
sh511060,,,2026-09-21
sh511070,,,2026-09-21
sh511090,,,2026-09-21
sh511100,,,2026-09-21
sh511110,,,2026-09-21
sh511120,,,2026-09-21
sh511130,,,2026-09-21
sh511150,,,2026-09-21
sh511160,,,2026-09-21
sh511180,,,2026-09-21
sh511190,,,2026-09-21
sh511200,,,2026-09-21
sh511220,,,2026-09-21
sh511260,,,2026-09-21
sh511270,,,2026-09-21
sh511360,,,2026-09-21
sh511380,,,2026-09-21
sh511520,,,2026-09-21
sh511580,,,2026-09-21
sh511600,,,2026-09-21
sh511620,,,2026-09-21
sh511650,,,2026-09-21
sh511660,,,2026-09-21
sh511670,,,2026-09-21
sh511690,,,2026-09-21
sh511700,,,2026-09-21
sh511770,,,2026-09-21
sh511800,,,2026-09-21
sh511810,,,2026-09-21
sh511820,,,2026-09-21
sh511830,,,2026-09-21
sh511850,,,2026-09-21
sh511860,,,2026-09-21
sh511880,,,2026-09-21
sh511900,,,2026-09-21
sh511910,,,2026-09-21
sh511920,,,2026-09-21
sh511930,,,2026-09-21
sh511950,,,2026-09-21
sh511960,,,2026-09-21
sh511970,,,2026-09-21
sh511980,,,2026-09-21
sh511990,,,2026-09-21
sh512000,,,2026-09-21
sh512010,,,2026-09-21
sh512020,,,2026-09-21
sh512030,,,2026-09-21
sh512040,,,2026-09-21
sh512050,,,2026-09-21
sh512060,,,2026-09-21
sh512070,,,2026-09-21
sh512080,,,2026-09-21
sh512090,,,2026-09-21
sh512100,,,2026-09-21
sh512120,,,2026-09-21
sh512130,,,2026-09-21
sh512140,,,2026-09-21
sh512150,,,2026-09-21
sh512160,,,2026-09-21
sh512170,,,2026-09-21
sh512180,,,2026-09-21
sh512190,,,2026-09-21
sh512200,,,2026-09-21
sh512220,,,2026-09-21
sh512240,,,2026-09-21
sh512250,,,2026-09-21
sh512260,,,2026-09-21
sh512290,,,2026-09-21
sh512330,,,2026-09-21
sh512360,,,2026-09-21
sh512370,,,2026-09-21
sh512380,,,2026-09-21
sh512390,,,2026-09-08
sh512400,,,2026-09-21
sh512410,,,2026-09-21
sh512420,,,2026-09-21
sh512430,,,2026-09-21
sh512450,,,2026-09-21
sh512460,,,2026-09-21
sh512480,,,2026-09-21
sh512500,,,2026-09-21
sh512510,,,2026-09-21
sh512520,,,2026-09-21
sh512530,,,2026-09-21
sh512550,,,2026-09-21
sh512560,,,2026-09-21
sh512570,,,2026-09-21
sh512580,,,2026-09-21
sh512600,,,2026-09-21
sh512620,,,2026-09-21
sh512630,,,2026-09-21
sh512640,,,2026-09-21
sh512650,,,2026-09-21
sh512660,,,2026-09-21
sh512670,,,2026-09-21
sh512680,,,2026-09-21
sh512690,,,2026-09-21
sh512700,,,2026-09-21
sh512710,,,2026-09-21
sh512720,,,2026-09-21
sh512730,,,2026-09-21
sh512750,,,2026-09-21
sh512760,,,2026-09-21
sh512770,,,2026-09-21
sh512800,,,2026-09-21
sh512810,,,2026-09-21
sh512820,,,2026-09-21
sh512870,,,2026-09-21
sh512880,,,2026-09-21
sh512890,,,2026-09-21
sh512900,,,2026-09-21
sh512910,,,2026-09-21
sh512930,,,2026-09-21
sh512940,,,2026-09-21
sh512950,,,2026-09-21
sh512960,,,2026-09-21
sh512970,,,2026-09-21
sh512980,,,2026-09-21
sh512990,,,2026-09-21
sh513000,,,2026-09-21
sh513010,,,2026-09-21
sh513020,,,2026-09-21
sh513030,,,2026-09-21
sh513040,,,2026-09-21
sh513050,,,2026-09-21
sh513060,,,2026-09-21
sh513070,,,2026-09-21
sh513080,,,2026-09-21
sh513090,,,2026-09-21
sh513100,,,2026-09-21
sh513110,,,2026-09-21
sh513120,,,2026-09-21
sh513130,,,2026-09-21
sh513140,,,2026-09-21
sh513150,,,2026-09-21
sh513160,,,2026-09-21
sh513170,,,2026-09-21
sh513180,,,2026-09-21
sh513190,,,2026-09-21
sh513200,,,2026-09-21
sh513210,,,2026-09-21
sh513220,,,2026-09-21
sh513230,,,2026-09-21
sh513240,,,2026-09-21
sh513260,,,2026-09-21
sh513280,,,2026-09-21
sh513290,,,2026-09-21
sh513300,,,2026-09-21
sh513310,,,2026-09-21
sh513320,,,2026-09-21
sh513330,,,2026-09-21
sh513350,,,2026-09-21
sh513360,,,2026-09-21
sh513380,,,2026-09-21
sh513390,,,2026-09-21
sh513400,,,2026-09-21
sh513500,,,2026-09-21
sh513520,,,2026-09-21
sh513530,,,2026-09-21
sh513550,,,2026-09-21
sh513560,,,2026-09-21
sh513580,,,2026-09-21
sh513590,,,2026-09-21
sh513600,,,2026-09-21
sh513620,,,2026-09-21
sh513630,,,2026-09-21
sh513650,,,2026-09-21
sh513660,,,2026-09-21
sh513690,,,2026-09-21
sh513700,,,2026-09-21
sh513720,,,2026-09-21
sh513730,,,2026-09-21
sh513750,,,2026-09-21
sh513770,,,2026-09-21
sh513780,,,2026-09-21
sh513800,,,2026-09-21
sh513810,,,2026-09-21
sh513820,,,2026-09-21
sh513830,,,2026-09-21
sh513850,,,2026-09-21
sh513860,,,2026-09-21
sh513870,,,2026-09-21
sh513880,,,2026-09-21
sh513890,,,2026-09-21
sh513900,,,2026-09-21
sh513910,,,2026-09-21
sh513920,,,2026-09-21
sh513930,,,2026-09-21
sh513950,,,2026-09-21
sh513970,,,2026-09-21
sh513980,,,2026-09-21
sh513990,,,2026-09-21
sh515000,,,2026-09-21
sh515010,,,2026-09-21
sh515020,,,2026-09-21
sh515030,,,2026-09-21
sh515040,,,2026-09-21
sh515050,,,2026-09-21
sh515060,,,2026-09-21
sh515070,,,2026-09-21
sh515080,,,2026-09-21
sh515090,,,2026-09-21
sh515100,,,2026-09-21
sh515110,,,2026-09-21
sh515120,,,2026-09-21
sh515130,,,2026-09-21
sh515150,,,2026-09-21
sh515160,,,2026-09-21
sh515170,,,2026-09-21
sh515180,,,2026-09-21
sh515190,,,2026-09-21
sh515200,,,2026-09-21
sh515210,,,2026-09-21
sh515220,,,2026-09-21
sh515230,,,2026-09-21
sh515250,,,2026-09-21
sh515260,,,2026-09-21
sh515290,,,2026-09-21
sh515300,,,2026-09-21
sh515310,,,2026-09-21
sh515320,,,2026-09-21
sh515330,,,2026-09-21
sh515350,,,2026-09-21
sh515360,,,2026-09-21
sh515370,,,2026-09-21
sh515380,,,2026-09-21
sh515390,,,2026-09-21
sh515400,,,2026-09-21
sh515450,,,2026-09-21
sh515460,,,2026-09-21
sh515480,,,2026-09-21
sh515530,,,2026-09-21
sh515550,,,2026-09-21
sh515560,,,2026-09-21
sh515580,,,2026-09-21
sh515590,,,2026-09-21
sh515600,,,2026-09-21
sh515630,,,2026-09-21
sh515640,,,2026-09-21
sh515650,,,2026-09-21
sh515660,,,2026-09-21
sh515680,,,2026-09-21
sh515700,,,2026-09-21
sh515710,,,2026-09-21
sh515720,,,2026-09-21
sh515730,,,2026-09-21
sh515750,,,2026-09-21
sh515760,,,2026-09-21
sh515770,,,2026-09-21
sh515790,,,2026-09-21
sh515800,,,2026-09-21
sh515810,,,2026-09-21
sh515840,,,2026-09-21
sh515850,,,2026-09-21
sh515860,,,2026-09-21
sh515880,,,2026-09-21
sh515890,,,2026-09-21
sh515900,,,2026-09-21
sh515910,,,2026-09-21
sh515920,,,2026-09-21
sh515950,,,2026-09-21
sh515960,,,2026-09-21
sh515970,,,2026-09-21
sh515980,,,2026-09-21
sh515990,,,2026-09-21
sh516000,,,2026-09-21
sh516010,,,2026-09-21
sh516020,,,2026-09-21
sh516050,,,2026-09-21
sh516060,,,2026-09-21
sh516070,,,2026-09-21
sh516080,,,2026-09-21
sh516090,,,2026-09-21
sh516100,,,2026-09-21
sh516110,,,2026-09-21
sh516120,,,2026-09-21
sh516130,,,2026-09-21
sh516150,,,2026-09-21
sh516160,,,2026-09-21
sh516180,,,2026-09-21
sh516190,,,2026-09-21
sh516200,,,2026-09-21
sh516210,,,2026-09-21
sh516220,,,2026-09-21
sh516230,,,2026-09-21
sh516250,,,2026-09-21
sh516260,,,2026-09-21
sh516270,,,2026-09-21
sh516290,,,2026-09-21
sh516300,,,2026-09-21
sh516310,,,2026-09-21
sh516320,,,2026-09-21
sh516330,,,2026-09-21
sh516350,,,2026-09-21
sh516360,,,2026-09-21
sh516370,,,2026-09-21
sh516380,,,2026-09-21
sh516390,,,2026-09-21
sh516440,,,2026-09-21
sh516460,,,2026-09-21
sh516500,,,2026-09-21
sh516510,,,2026-09-21
sh516520,,,2026-09-21
sh516530,,,2026-09-21
sh516550,,,2026-09-21
sh516560,,,2026-09-21
sh516570,,,2026-09-21
sh516580,,,2026-09-21
sh516590,,,2026-09-21
sh516600,,,2026-09-21
sh516610,,,2026-09-21
sh516620,,,2026-09-21
sh516630,,,2026-09-21
sh516640,,,2026-09-21
sh516650,,,2026-09-21
sh516660,,,2026-09-21
sh516670,,,2026-09-21
sh516700,,,2026-09-21
sh516710,,,2026-09-21
sh516720,,,2026-09-21
sh516730,,,2026-09-21
sh516750,,,2026-09-21
sh516760,,,2026-09-21
sh516770,,,2026-09-21
sh516780,,,2026-09-21
sh516790,,,2026-09-21
sh516800,,,2026-09-21
sh516810,,,2026-09-21
sh516820,,,2026-09-21
sh516830,,,2026-09-21
sh516840,,,2026-09-21
sh516850,,,2026-09-21
sh516860,,,2026-09-21
sh516880,,,2026-09-21
sh516890,,,2026-09-21
sh516900,,,2026-09-21
sh516910,,,2026-09-21
sh516920,,,2026-09-21
sh516930,,,2026-09-21
sh516950,,,2026-09-21
sh516960,,,2026-09-21
sh516970,,,2026-09-21
sh516980,,,2026-09-21
sh517000,,,2026-09-21
sh517010,,,2026-09-21
sh517030,,,2026-09-21
sh517050,,,2026-09-21
sh517080,,,2026-09-21
sh517090,,,2026-09-21
sh517100,,,2026-09-21
sh517110,,,2026-09-21
sh517120,,,2026-09-21
sh517130,,,2026-09-21
sh517160,,,2026-09-21
sh517170,,,2026-09-21
sh517180,,,2026-09-21
sh517200,,,2026-09-21
sh517230,,,2026-09-21
sh517300,,,2026-09-21
sh517330,,,2026-09-21
sh517350,,,2026-09-21
sh517360,,,2026-09-21
sh517380,,,2026-09-21
sh517390,,,2026-09-21
sh517400,,,2026-09-21
sh517520,,,2026-09-21
sh517550,,,2026-09-21
sh517660,,,2026-09-21
sh517770,,,2026-09-21
sh517800,,,2026-09-21
sh517850,,,2026-09-21
sh517880,,,2026-09-21
sh517900,,,2026-09-21
sh517950,,,2026-09-21
sh517990,,,2026-09-21
sh518600,,,2026-09-21
sh518660,,,2026-09-21
sh518680,,,2026-09-21
sh518800,,,2026-09-21
sh518850,,,2026-09-21
sh518860,,,2026-09-21
sh518880,,,2026-09-21
sh518890,,,2026-09-21
sh520500,,,2026-09-21
sh520510,,,2026-09-21
sh520520,,,2026-09-21
sh520530,,,2026-09-21
sh520550,,,2026-09-21
sh520560,,,2026-09-21
sh520570,,,2026-09-21
sh520580,,,2026-09-21
sh520590,,,2026-09-21
sh520600,,,2026-09-21
sh520610,,,2026-09-21
sh520620,,,2026-09-21
sh520630,,,2026-09-21
sh520650,,,2026-09-21
sh520660,,,2026-09-21
sh520670,,,2026-09-21
sh520680,,,2026-09-21
sh520690,,,2026-09-21
sh520700,,,2026-09-21
sh520710,,,2026-09-21
sh520720,,,2026-09-21
sh520730,,,2026-09-21
sh520740,,,2026-09-21
sh520750,,,2026-09-21
sh520760,,,2026-09-21
sh520770,,,2026-09-21
sh520780,,,2026-09-21
sh520790,,,2026-09-21
sh520810,,,2026-09-21
sh520820,,,2026-09-21
sh520830,,,2026-09-21
sh520840,,,2026-09-21
sh520850,,,2026-09-21
sh520860,,,2026-09-21
sh520870,,,2026-09-21
sh520880,,,2026-09-21
sh520890,,,2026-09-21
sh520900,,,2026-09-21
sh520910,,,2026-09-21
sh520920,,,2026-09-21
sh520930,,,2026-09-21
sh520940,,,2026-09-21
sh520950,,,2026-09-21
sh520960,,,2026-09-21
sh520970,,,2026-09-21
sh520980,,,2026-09-21
sh520990,,,2026-09-21
sh526000,,,2026-09-21
sh526010,,,2026-09-21
sh526030,,,2026-09-21
sh526050,,,2026-09-21
sh526060,,,2026-09-21
sh526070,,,2026-09-21
sh530000,,,2026-09-21
sh530050,,,2026-09-21
sh530060,,,2026-09-21
sh530080,,,2026-09-21
sh530100,,,2026-09-21
sh530180,,,2026-09-21
sh530280,,,2026-09-21
sh530300,,,2026-09-21
sh530380,,,2026-09-21
sh530530,,,2026-09-21
sh530580,,,2026-09-21
sh530680,,,2026-09-21
sh530800,,,2026-09-21
sh530880,,,2026-09-21
sh551000,,,2026-09-21
sh551030,,,2026-09-21
sh551060,,,2026-09-21
sh551300,,,2026-09-21
sh551500,,,2026-09-21
sh551510,,,2026-09-21
sh551520,,,2026-09-21
sh551550,,,2026-09-21
sh551560,,,2026-09-21
sh551580,,,2026-09-21
sh551800,,,2026-09-21
sh551900,,,2026-09-21
sh560010,,,2026-09-21
sh560020,,,2026-09-21
sh560030,,,2026-09-21
sh560050,,,2026-09-21
sh560060,,,2026-09-21
sh560070,,,2026-09-21
sh560080,,,2026-09-21
sh560090,,,2026-09-21
sh560100,,,2026-09-21
sh560110,,,2026-09-21
sh560120,,,2026-09-21
sh560130,,,2026-09-21
sh560150,,,2026-09-21
sh560160,,,2026-09-21
sh560170,,,2026-09-21
sh560180,,,2026-09-21
sh560190,,,2026-09-21
sh560210,,,2026-09-21
sh560220,,,2026-09-21
sh560230,,,2026-09-21
sh560250,,,2026-09-21
sh560260,,,2026-09-21
sh560270,,,2026-09-21
sh560280,,,2026-09-21
sh560290,,,2026-09-21
sh560300,,,2026-09-21
sh560310,,,2026-09-21
sh560320,,,2026-09-21
sh560330,,,2026-09-21
sh560350,,,2026-09-21
sh560360,,,2026-09-21
sh560370,,,2026-09-21
sh560380,,,2026-09-21
sh560390,,,2026-09-21
sh560400,,,2026-09-21
sh560410,,,2026-09-21
sh560420,,,2026-09-21
sh560450,,,2026-09-21
sh560460,,,2026-09-21
sh560470,,,2026-09-21
sh560480,,,2026-09-21
sh560490,,,2026-09-21
sh560500,,,2026-09-21
sh560510,,,2026-09-21
sh560520,,,2026-09-21
sh560530,,,2026-09-21
sh560550,,,2026-09-21
sh560560,,,2026-09-21
sh560570,,,2026-09-21
sh560580,,,2026-09-21
sh560590,,,2026-09-21
sh560610,,,2026-09-21
sh560620,,,2026-09-21
sh560630,,,2026-09-21
sh560650,,,2026-07-01
sh560660,,,2026-09-21
sh560670,,,2026-09-21
sh560680,,,2026-09-21
sh560690,,,2026-09-21
sh560700,,,2026-09-21
sh560710,,,2026-09-21
sh560720,,,2026-09-21
sh560730,,,2026-09-21
sh560750,,,2026-09-21
sh560770,,,2026-09-21
sh560780,,,2026-09-21
sh560790,,,2026-09-21
sh560800,,,2026-09-21
sh560810,,,2026-09-21
sh560820,,,2026-09-21
sh560830,,,2026-09-21
sh560850,,,2026-09-21
sh560860,,,2026-09-21
sh560870,,,2026-09-21
sh560880,,,2026-09-21
sh560900,,,2026-09-21
sh560910,,,2026-09-21
sh560920,,,2026-09-21
sh560930,,,2026-09-21
sh560950,,,2026-09-21
sh560970,,,2026-09-21
sh560980,,,2026-09-21
sh560990,,,2026-09-21
sh561000,,,2026-09-21
sh561010,,,2026-09-21
sh561020,,,2026-09-21
sh561030,,,2026-09-21
sh561050,,,2026-09-21
sh561060,,,2026-09-21
sh561080,,,2026-09-21
sh561090,,,2026-09-21
sh561100,,,2026-09-21
sh561120,,,2026-09-21
sh561130,,,2026-09-21
sh561160,,,2026-09-21
sh561170,,,2026-09-21
sh561180,,,2026-09-21
sh561190,,,2026-09-21
sh561200,,,2026-09-21
sh561220,,,2026-09-21
sh561230,,,2026-09-21
sh561250,,,2026-09-21
sh561260,,,2026-09-21
sh561280,,,2026-09-21
sh561300,,,2026-09-21
sh561310,,,2026-09-21
sh561320,,,2026-09-21
sh561330,,,2026-09-21
sh561350,,,2026-09-21
sh561360,,,2026-09-21
sh561370,,,2026-09-21
sh561380,,,2026-09-21
sh561390,,,2026-09-21
sh561400,,,2026-09-21
sh561410,,,2026-09-21
sh561420,,,2026-09-21
sh561430,,,2026-09-21
sh561450,,,2026-09-21
sh561460,,,2026-09-21
sh561470,,,2026-09-21
sh561490,,,2026-09-21
sh561500,,,2026-09-21
sh561510,,,2026-09-21
sh561530,,,2026-09-21
sh561550,,,2026-09-21
sh561560,,,2026-09-21
sh561570,,,2026-09-21
sh561580,,,2026-09-21
sh561590,,,2026-09-21
sh561600,,,2026-09-21
sh561620,,,2026-09-21
sh561630,,,2026-09-21
sh561660,,,2026-09-21
sh561680,,,2026-09-21
sh561690,,,2026-09-21
sh561700,,,2026-09-21
sh561730,,,2026-09-21
sh561750,,,2026-09-21
sh561760,,,2026-09-21
sh561770,,,2026-09-21
sh561780,,,2026-09-21
sh561790,,,2026-09-21
sh561800,,,2026-09-21
sh561810,,,2026-09-21
sh561830,,,2026-09-21
sh561870,,,2026-09-21
sh561880,,,2026-09-21
sh561890,,,2026-09-21
sh561900,,,2026-09-21
sh561910,,,2026-09-21
sh561920,,,2026-09-21
sh561930,,,2026-09-21
sh561950,,,2026-09-21
sh561960,,,2026-09-21
sh561980,,,2026-09-21
sh561990,,,2026-09-21
sh562000,,,2026-09-21
sh562010,,,2026-09-21
sh562030,,,2026-09-21
sh562050,,,2026-09-21
sh562060,,,2026-09-21
sh562070,,,2026-09-21
sh562080,,,2026-09-21
sh562180,,,2026-09-21
sh562300,,,2026-09-21
sh562310,,,2026-09-21
sh562320,,,2026-09-21
sh562330,,,2026-09-21
sh562340,,,2026-09-21
sh562350,,,2026-09-21
sh562360,,,2026-09-21
sh562380,,,2026-09-21
sh562390,,,2026-09-21
sh562500,,,2026-09-21
sh562510,,,2026-09-21
sh562520,,,2026-09-21
sh562530,,,2026-09-21
sh562550,,,2026-09-21
sh562560,,,2026-09-21
sh562570,,,2026-09-21
sh562580,,,2026-09-21
sh562590,,,2026-09-21
sh562600,,,2026-09-21
sh562660,,,2026-09-21
sh562700,,,2026-09-21
sh562800,,,2026-09-21
sh562810,,,2026-09-21
sh562820,,,2026-09-21
sh562850,,,2026-09-21
sh562860,,,2026-09-21
sh562870,,,2026-09-21
sh562880,,,2026-09-21
sh562890,,,2026-09-21
sh562900,,,2026-09-21
sh562910,,,2026-09-21
sh562920,,,2026-09-21
sh562930,,,2026-09-21
sh562950,,,2026-09-21
sh562960,,,2026-09-21
sh562970,,,2026-09-21
sh562990,,,2026-09-21
sh563000,,,2026-09-21
sh563010,,,2026-09-21
sh563020,,,2026-09-21
sh563030,,,2026-09-21
sh563050,,,2026-09-21
sh563060,,,2026-09-21
sh563080,,,2026-09-21
sh563090,,,2026-09-21
sh563150,,,2026-09-21
sh563180,,,2026-09-21
sh563200,,,2026-09-21
sh563210,,,2026-09-21
sh563220,,,2026-09-21
sh563230,,,2026-09-21
sh563280,,,2026-09-21
sh563300,,,2026-09-21
sh563320,,,2026-09-21
sh563330,,,2026-09-21
sh563350,,,2026-09-21
sh563360,,,2026-09-21
sh563380,,,2026-09-21
sh563390,,,2026-09-21
sh563500,,,2026-09-21
sh563510,,,2026-09-21
sh563520,,,2026-09-21
sh563530,,,2026-09-21
sh563550,,,2026-09-21
sh563560,,,2026-09-21
sh563570,,,2026-09-21
sh563580,,,2026-09-21
sh563590,,,2026-09-21
sh563600,,,2026-09-21
sh563620,,,2026-09-21
sh563630,,,2026-09-21
sh563650,,,2026-09-21
sh563660,,,2026-09-21
sh563670,,,2026-09-21
sh563680,,,2026-09-21
sh563690,,,2026-09-21
sh563700,,,2026-09-21
sh563750,,,2026-09-21
sh563760,,,2026-09-21
sh563770,,,2026-09-21
sh563780,,,2026-09-21
sh563790,,,2026-09-21
sh563800,,,2026-09-21
sh563830,,,2026-09-21
sh563850,,,2026-09-21
sh563860,,,2026-09-21
sh563870,,,2026-09-21
sh563880,,,2026-09-21
sh563890,,,2026-09-21
sh563900,,,2026-09-21
sh563930,,,2026-09-21
sh563960,,,2026-09-21
sh563980,,,2026-09-21
sh563990,,,2026-09-21
sh588000,,,2026-09-21
sh588010,,,2026-09-21
sh588020,,,2026-09-21
sh588030,,,2026-09-21
sh588040,,,2026-09-21
sh588050,,,2026-09-21
sh588060,,,2026-09-21
sh588070,,,2026-09-21
sh588080,,,2026-09-21
sh588090,,,2026-09-21
sh588100,,,2026-09-21
sh588110,,,2026-09-21
sh588120,,,2026-09-21
sh588130,,,2026-09-21
sh588140,,,2026-09-21
sh588150,,,2026-09-21
sh588160,,,2026-09-21
sh588170,,,2026-09-21
sh588180,,,2026-09-21
sh588190,,,2026-09-21
sh588200,,,2026-09-21
sh588210,,,2026-09-21
sh588220,,,2026-09-21
sh588230,,,2026-09-21
sh588240,,,2026-09-21
sh588250,,,2026-09-21
sh588260,,,2026-09-21
sh588270,,,2026-09-21
sh588280,,,2026-09-21
sh588290,,,2026-09-21
sh588300,,,2026-09-21
sh588310,,,2026-09-21
sh588320,,,2026-09-21
sh588330,,,2026-09-21
sh588350,,,2026-09-21
sh588360,,,2026-09-21
sh588370,,,2026-09-21
sh588380,,,2026-09-21
sh588390,,,2026-09-21
sh588400,,,2026-09-21
sh588410,,,2026-09-21
sh588420,,,2026-09-21
sh588430,,,2026-09-21
sh588450,,,2026-09-21
sh588460,,,2026-09-21
sh588470,,,2026-09-21
sh588480,,,2026-09-21
sh588500,,,2026-09-21
sh588510,,,2026-09-21
sh588520,,,2026-09-21
sh588530,,,2026-09-21
sh588550,,,2026-09-21
sh588660,,,2026-09-21
sh588670,,,2026-09-21
sh588680,,,2026-09-21
sh588690,,,2026-09-21
sh588700,,,2026-09-21
sh588710,,,2026-09-21
sh588720,,,2026-09-21
sh588730,,,2026-09-21
sh588750,,,2026-09-21
sh588760,,,2026-09-21
sh588770,,,2026-09-21
sh588780,,,2026-09-21
sh588790,,,2026-09-21
sh588800,,,2026-09-21
sh588810,,,2026-09-21
sh588820,,,2026-09-21
sh588830,,,2026-09-21
sh588840,,,2026-09-21
sh588850,,,2026-09-21
sh588860,,,2026-09-21
sh588870,,,2026-09-21
sh588880,,,2026-09-21
sh588890,,,2026-09-21
sh588900,,,2026-09-21
sh588910,,,2026-09-21
sh588920,,,2026-09-21
sh588930,,,2026-09-21
sh588940,,,2026-09-21
sh588950,,,2026-09-21
sh588960,,,2026-09-21
sh588980,,,2026-09-21
sh588990,,,2026-09-21
sh589000,,,2026-09-21
sh589010,,,2026-09-21
sh589020,,,2026-09-21
sh589030,,,2026-09-21
sh589050,,,2026-09-21
sh589060,,,2026-09-21
sh589070,,,2026-09-21
sh589080,,,2026-09-21
sh589090,,,2026-09-21
sh589100,,,2026-09-21
sh589110,,,2026-09-21
sh589120,,,2026-09-21
sh589130,,,2026-09-21
sh589150,,,2026-09-21
sh589160,,,2026-09-21
sh589170,,,2026-09-21
sh589180,,,2026-09-21
sh589190,,,2026-09-21
sh589200,,,2026-09-21
sh589210,,,2026-09-21
sh589220,,,2026-09-21
sh589230,,,2026-09-21
sh589250,,,2026-09-21
sh589260,,,2026-09-21
sh589270,,,2026-09-21
sh589280,,,2026-09-21
sh589290,,,2026-09-21
sh589300,,,2026-09-21
sh589310,,,2026-09-21
sh589320,,,2026-09-21
sh589330,,,2026-09-21
sh589350,,,2026-09-21
sh589360,,,2026-09-21
sh589380,,,2026-09-21
sh589390,,,2026-09-21
sh589400,,,2026-09-21
sh589410,,,2026-09-21
sh589420,,,2026-09-21
sh589430,,,2026-09-21
sh589460,,,2026-09-21
sh589500,,,2026-09-21
sh589520,,,2026-09-21
sh589550,,,2026-09-21
sh589560,,,2026-09-21
sh589580,,,2026-09-21
sh589600,,,2026-09-21
sh589630,,,2026-09-21
sh589660,,,2026-09-21
sh589680,,,2026-09-21
sh589700,,,2026-09-21
sh589720,,,2026-09-21
sh589770,,,2026-09-21
sh589780,,,2026-09-21
sh589800,,,2026-09-21
sh589820,,,2026-09-21
sh589850,,,2026-09-21
sh589860,,,2026-09-21
sh589880,,,2026-09-21
sh589890,,,2026-09-21
sh589900,,,2026-09-21
sh589950,,,2026-09-21
sh589960,,,2026-09-21
sh589980,,,2026-09-21
sh589990,,,2026-09-21
sh600000,,,2026-09-21
sh600003,,,2009-03-13
sh600004,,,2026-09-21
sh600005,,,2017-01-23
sh600006,,,2026-09-21
sh600007,,,2026-09-21
sh600008,,,2026-09-21
sh600009,,,2026-09-21
sh600010,,,2026-09-21
sh600011,,,2026-09-21
sh600012,,,2026-09-21
sh600015,,,2026-09-21
sh600016,,,2026-09-21
sh600017,,,2026-09-21
sh600018,,,2026-09-21
sh600019,,,2026-09-21
sh600020,,,2026-09-21
sh600021,,,2026-09-21
sh600022,,,2026-09-21
sh600023,,,2026-09-21
sh600025,,,2026-09-21
sh600026,,,2026-09-21
sh600027,,,2026-09-21
sh600028,,,2026-09-21
sh600029,,,2026-09-21
sh600030,,,2026-09-21
sh600031,,,2026-09-21
sh600032,,,2026-09-21
sh600033,,,2026-09-21
sh600035,,,2026-09-21
sh600036,,,2026-09-21
sh600037,,,2026-09-21
sh600038,,,2026-09-21
sh600039,,,2026-09-21
sh600048,,,2026-09-21
sh600050,,,2026-09-21
sh600052,,,2026-09-21
sh600053,,,2026-09-21
sh600055,,,2026-09-21
sh600056,,,2026-09-21
sh600057,,,2026-09-21
sh600058,,,2026-09-21
sh600059,,,2026-09-21
sh600060,,,2026-09-21
sh600061,,,2026-09-21
sh600062,,,2026-09-21
sh600063,,,2026-09-21
sh600064,,,2026-09-21
sh600065,,,2014-06-04
sh600066,,,2026-09-21
sh600067,,,2026-09-21
sh600068,,,2021-09-01
sh600069,,,2020-08-20
sh600070,,,2025-04-10
sh600071,,,2026-09-21
sh600072,,,2026-09-21
sh600073,,,2026-09-21
sh600074,,,2020-05-26
sh600075,,,2026-09-21
sh600076,,,2026-09-21
sh600077,,,2023-06-13
sh600078,,,2026-09-21
sh600079,,,2026-09-21
sh600080,,,2026-09-21
sh600081,,,2026-09-21
sh600082,,,2026-09-21
sh600083,,,2025-01-16
sh600084,,,2026-09-21
sh600085,,,2026-09-21
sh600086,,,2021-03-10
sh600087,,,2014-06-04
sh600088,,,2026-09-21
sh600089,,,2026-09-21
sh600090,,,2022-06-30
sh600091,,,2022-06-15
sh600092,,,2012-02-27
sh600093,,,2022-06-16
sh600094,,,2026-09-21
sh600095,,,2026-09-21
sh600096,,,2026-09-21
sh600097,,,2026-09-21
sh600098,,,2026-09-21
sh600099,,,2026-09-21
sh600100,,,2026-09-21
sh600101,,,2026-09-21
sh600102,,,2012-02-08
sh600103,,,2026-09-21
sh600104,,,2026-09-21
sh600105,,,2026-09-21
sh600106,,,2026-09-21
sh600107,,,2026-09-21
sh600108,,,2026-09-21
sh600109,,,2026-09-21
sh600110,,,2026-09-21
sh600111,,,2026-09-21
sh600112,,,2024-07-19
sh600113,,,2026-09-21
sh600114,,,2026-09-21
sh600115,,,2026-09-21
sh600116,,,2026-09-21
sh600117,,,2026-09-21
sh600118,,,2026-09-21
sh600119,,,2026-09-21
sh600120,,,2026-09-21
sh600121,,,2026-09-21
sh600122,,,2023-05-26
sh600123,,,2026-09-21
sh600125,,,2026-09-21
sh600126,,,2026-09-21
sh600127,,,2026-09-21
sh600128,,,2026-09-21
sh600129,,,2026-09-21
sh600130,,,2026-09-21
sh600131,,,2026-09-21
sh600132,,,2026-09-21
sh600133,,,2026-09-21
sh600135,,,2026-09-21
sh600136,,,2026-09-21
sh600137,,,2026-09-21
sh600138,,,2026-09-21
sh600139,,,2023-02-27
sh600141,,,2026-09-21
sh600143,,,2026-09-21
sh600145,,,2022-04-21
sh600146,,,2022-06-23
sh600148,,,2026-09-21
sh600149,,,2026-09-21
sh600150,,,2026-09-21
sh600151,,,2026-09-21
sh600152,,,2026-09-21
sh600153,,,2026-09-21
sh600155,,,2026-09-21
sh600156,,,2026-09-21
sh600157,,,2026-09-21
sh600158,,,2026-09-21
sh600159,,,2026-09-21
sh600160,,,2026-09-21
sh600161,,,2026-09-21
sh600162,,,2026-09-21
sh600163,,,2026-09-21
sh600165,,,2026-09-21
sh600166,,,2026-09-21
sh600167,,,2026-09-21
sh600170,,,2026-09-21
sh600171,,,2026-09-21
sh600172,,,2026-09-21
sh600173,,,2026-09-21
sh600175,,,2020-08-07
sh600176,,,2026-09-21
sh600177,,,2026-09-21
sh600178,,,2026-09-21
sh600179,,,2026-09-21
sh600180,,,2026-09-21
sh600181,,,2013-07-12
sh600182,,,2026-09-21
sh600183,,,2026-09-21
sh600184,,,2026-09-21
sh600185,,,2026-09-21
sh600187,,,2026-09-21
sh600188,,,2026-09-21
sh600189,,,2026-09-21
sh600190,,,2025-07-18
sh600191,,,2026-09-21
sh600192,,,2026-09-21
sh600193,,,2026-06-29
sh600196,,,2026-09-21
sh600197,,,2026-09-21
sh600198,,,2026-09-21
sh600199,,,2026-09-21
sh600200,,,2025-12-29
sh600201,,,2026-09-21
sh600202,,,2026-09-21
sh600203,,,2026-09-21
sh600206,,,2026-09-21
sh600207,,,2026-09-21
sh600208,,,2026-09-21
sh600209,,,2022-06-15
sh600210,,,2026-09-21
sh600211,,,2026-09-21
sh600212,,,2026-09-21
sh600213,,,2024-08-15
sh600215,,,2026-09-21
sh600216,,,2026-09-21
sh600217,,,2026-09-21
sh600219,,,2026-09-21
sh600220,,,2024-06-13
sh600221,,,2026-09-21
sh600223,,,2026-09-21
sh600225,,,2025-02-27
sh600226,,,2026-09-21
sh600227,,,2026-09-21
sh600228,,,2026-09-21
sh600229,,,2026-09-21
sh600230,,,2026-09-21
sh600231,,,2026-09-21
sh600232,,,2026-09-21
sh600233,,,2026-09-21
sh600234,,,2026-09-21
sh600235,,,2026-09-21
sh600236,,,2026-09-21
sh600237,,,2026-09-21
sh600238,,,2026-09-21
sh600239,,,2026-09-21
sh600240,,,2020-01-23
sh600241,,,2026-09-21
sh600242,,,2023-06-20
sh600243,,,2026-09-21
sh600246,,,2026-09-21
sh600247,,,2021-02-24
sh600248,,,2026-09-21
sh600249,,,2026-09-21
sh600250,,,2026-09-21
sh600251,,,2026-09-21
sh600252,,,2026-09-21
sh600253,,,2013-06-06
sh600255,,,2026-09-21
sh600256,,,2026-09-21
sh600257,,,2026-09-21
sh600258,,,2026-09-21
sh600259,,,2026-09-21
sh600260,,,2023-02-02
sh600261,,,2026-09-21
sh600262,,,2026-09-21
sh600263,,,2012-02-20
sh600265,,,2026-09-21
sh600266,,,2026-09-21
sh600267,,,2026-09-21
sh600268,,,2026-09-21
sh600269,,,2026-09-21
sh600270,,,2018-12-12
sh600271,,,2026-09-21
sh600272,,,2026-09-21
sh600273,,,2026-09-21
sh600275,,,2022-06-15
sh600276,,,2026-09-21
sh600277,,,2024-06-21
sh600278,,,2026-09-21
sh600279,,,2026-09-21
sh600280,,,2026-09-21
sh600281,,,2026-09-21
sh600282,,,2026-09-21
sh600283,,,2026-09-21
sh600285,,,2026-09-21
sh600286,,,2007-04-27
sh600287,,,2026-09-21
sh600288,,,2026-09-21
sh600289,,,2026-09-21
sh600290,,,2023-12-25
sh600291,,,2022-06-07
sh600292,,,2026-09-21
sh600293,,,2026-09-21
sh600295,,,2026-09-21
sh600296,,,2009-12-28
sh600297,,,2024-07-17
sh600298,,,2026-09-21
sh600299,,,2026-09-21
sh600300,,,2026-09-21
sh600301,,,2026-09-21
sh600302,,,2026-09-21
sh600303,,,2026-09-21
sh600305,,,2026-09-21
sh600306,,,2024-06-19
sh600307,,,2026-09-21
sh600308,,,2026-09-21
sh600309,,,2026-09-21
sh600310,,,2026-09-21
sh600311,,,2023-03-02
sh600312,,,2026-09-21
sh600313,,,2026-09-21
sh600315,,,2026-09-21
sh600316,,,2026-09-21
sh600317,,,2021-01-14
sh600318,,,2026-09-21
sh600319,,,2026-09-21
sh600320,,,2026-09-21
sh600321,,,2024-05-30
sh600322,,,2026-09-21
sh600323,,,2026-09-21
sh600325,,,2026-09-21
sh600326,,,2026-09-21
sh600327,,,2026-09-21
sh600328,,,2026-09-21
sh600329,,,2026-09-21
sh600330,,,2026-09-21
sh600331,,,2026-09-21
sh600332,,,2026-09-21
sh600333,,,2026-09-21
sh600335,,,2026-09-21
sh600336,,,2026-09-21
sh600337,,,2026-09-21
sh600338,,,2026-09-21
sh600339,,,2026-09-21
sh600340,,,2026-09-21
sh600343,,,2026-09-21
sh600345,,,2026-09-21
sh600346,,,2026-09-21
sh600350,,,2026-09-21
sh600351,,,2026-09-21
sh600352,,,2026-09-21
sh600353,,,2026-09-21
sh600354,,,2026-09-21
sh600355,,,2026-04-24
sh600356,,,2026-09-21
sh600357,,,2009-12-29
sh600358,,,2026-09-21
sh600359,,,2026-09-21
sh600360,,,2026-09-21
sh600361,,,2026-09-21
sh600362,,,2026-09-21
sh600363,,,2026-09-21
sh600365,,,2026-09-21
sh600366,,,2026-09-21
sh600367,,,2026-09-21
sh600369,,,2026-09-21
sh600370,,,2026-09-21
sh600371,,,2026-09-21
sh600372,,,2026-09-21
sh600373,,,2026-09-21
sh600375,,,2026-09-21
sh600376,,,2026-09-21
sh600377,,,2026-09-21
sh600378,,,2026-09-21
sh600379,,,2026-09-21
sh600380,,,2026-09-21
sh600381,,,2026-09-21
sh600382,,,2026-09-21
sh600383,,,2026-09-21
sh600385,,,2022-06-30
sh600386,,,2026-09-21
sh600387,,,2025-07-04
sh600388,,,2026-09-21
sh600389,,,2026-09-21
sh600390,,,2026-09-21
sh600391,,,2026-09-21
sh600392,,,2026-09-21
sh600393,,,2023-06-08
sh600396,,,2026-09-21
sh600397,,,2026-09-21
sh600398,,,2026-09-21
sh600399,,,2026-09-21
sh600400,,,2026-09-21
sh600401,,,2019-07-08
sh600403,,,2026-09-21
sh600405,,,2026-09-21
sh600406,,,2026-09-21
sh600408,,,2026-09-21
sh600409,,,2026-09-21
sh600410,,,2026-09-21
sh600415,,,2026-09-21
sh600416,,,2026-09-21
sh600418,,,2026-09-21
sh600419,,,2026-09-21
sh600420,,,2026-09-21
sh600421,,,2026-06-22
sh600422,,,2026-09-21
sh600423,,,2026-09-21
sh600425,,,2026-09-21
sh600426,,,2026-09-21
sh600428,,,2026-09-21
sh600429,,,2026-09-21
sh600432,,,2018-07-11
sh600433,,,2026-09-21
sh600435,,,2026-09-21
sh600436,,,2026-09-21
sh600438,,,2026-09-21
sh600439,,,2026-09-21
sh600444,,,2026-09-21
sh600446,,,2026-09-21
sh600448,,,2026-09-21
sh600449,,,2026-09-21
sh600452,,,2026-09-21
sh600455,,,2026-09-21
sh600456,,,2026-09-21
sh600458,,,2026-09-21
sh600459,,,2026-09-21
sh600460,,,2026-09-21
sh600461,,,2026-09-21
sh600462,,,2025-07-14
sh600463,,,2026-09-21
sh600466,,,2023-05-09
sh600467,,,2026-09-21
sh600468,,,2026-09-21
sh600469,,,2026-09-21
sh600470,,,2026-09-21
sh600475,,,2026-09-21
sh600476,,,2026-09-21
sh600477,,,2026-09-21
sh600478,,,2026-09-21
sh600479,,,2026-09-21
sh600480,,,2026-09-21
sh600481,,,2026-09-21
sh600482,,,2026-09-21
sh600483,,,2026-09-21
sh600485,,,2020-04-20
sh600486,,,2026-09-21
sh600487,,,2026-09-21
sh600488,,,2026-09-21
sh600489,,,2026-09-21
sh600490,,,2026-09-21
sh600491,,,2026-09-21
sh600493,,,2026-09-21
sh600495,,,2026-09-21
sh600496,,,2026-09-21
sh600497,,,2026-09-21
sh600498,,,2026-09-21
sh600499,,,2026-09-21
sh600500,,,2026-09-21
sh600501,,,2026-09-21
sh600502,,,2026-09-21
sh600503,,,2026-09-21
sh600505,,,2026-09-21
sh600506,,,2026-09-21
sh600507,,,2026-09-21
sh600508,,,2026-09-21
sh600509,,,2026-09-21
sh600510,,,2026-09-21
sh600511,,,2026-09-21
sh600513,,,2026-09-21
sh600515,,,2026-09-21
sh600516,,,2026-09-21
sh600517,,,2026-09-21
sh600518,,,2026-09-21
sh600519,,,2026-09-21
sh600520,,,2026-09-21
sh600521,,,2026-09-21
sh600522,,,2026-09-21
sh600523,,,2026-09-21
sh600525,,,2026-09-21
sh600527,,,2026-09-21
sh600528,,,2026-09-21
sh600529,,,2026-09-21
sh600530,,,2026-09-21
sh600531,,,2026-09-21
sh600532,,,2023-06-19
sh600533,,,2026-09-21
sh600535,,,2026-09-21
sh600536,,,2026-09-21
sh600537,,,2026-09-21
sh600538,,,2026-09-21
sh600539,,,2026-09-21
sh600540,,,2026-09-21
sh600543,,,2026-09-21
sh600545,,,2026-09-21
sh600546,,,2026-09-21
sh600547,,,2026-09-21
sh600548,,,2026-09-21
sh600549,,,2026-09-21
sh600550,,,2026-09-21
sh600551,,,2026-09-21
sh600553,,,2011-02-17
sh600555,,,2022-07-06
sh600556,,,2026-09-21
sh600557,,,2026-09-21
sh600558,,,2026-09-21
sh600559,,,2026-09-21
sh600560,,,2026-09-21
sh600561,,,2026-09-21
sh600562,,,2026-09-21
sh600563,,,2026-09-21
sh600565,,,2024-06-21
sh600566,,,2026-09-21
sh600567,,,2026-09-21
sh600568,,,2026-09-21
sh600569,,,2026-09-21
sh600570,,,2026-09-21
sh600571,,,2026-09-21
sh600572,,,2026-09-21
sh600573,,,2026-09-21
sh600575,,,2026-09-21
sh600576,,,2026-09-21
sh600577,,,2026-09-21
sh600578,,,2026-09-21
sh600579,,,2026-09-21
sh600580,,,2026-09-21
sh600581,,,2026-09-21
sh600582,,,2026-09-21
sh600583,,,2026-09-21
sh600584,,,2026-09-21
sh600585,,,2026-09-21
sh600586,,,2026-09-21
sh600587,,,2026-09-21
sh600588,,,2026-09-21
sh600589,,,2026-09-21
sh600590,,,2026-09-21
sh600591,,,2010-01-22
sh600592,,,2026-09-21
sh600593,,,2026-09-21
sh600594,,,2026-09-21
sh600595,,,2026-09-21
sh600596,,,2026-09-21
sh600597,,,2026-09-21
sh600598,,,2026-09-21
sh600599,,,2026-06-22
sh600600,,,2026-09-21
sh600601,,,2026-09-21
sh600602,,,2026-09-21
sh600603,,,2026-09-21
sh600604,,,2026-09-21
sh600605,,,2026-09-21
sh600606,,,2026-09-21
sh600607,,,2010-02-11
sh600608,,,2026-06-29
sh600609,,,2026-09-21
sh600610,,,2026-09-21
sh600611,,,2026-09-21
sh600612,,,2026-09-21
sh600613,,,2026-09-21
sh600614,,,2021-07-14
sh600615,,,2026-09-21
sh600616,,,2026-09-21
sh600617,,,2026-09-21
sh600618,,,2026-09-21
sh600619,,,2026-09-21
sh600620,,,2026-09-21
sh600621,,,2026-09-21
sh600622,,,2026-09-21
sh600623,,,2026-09-21
sh600624,,,2026-09-21
sh600625,,,2001-04-20
sh600626,,,2026-09-21
sh600628,,,2026-09-21
sh600629,,,2026-09-21
sh600630,,,2026-09-21
sh600632,,,2004-11-17
sh600633,,,2026-09-21
sh600634,,,2021-07-14
sh600635,,,2026-09-21
sh600636,,,2026-06-22
sh600637,,,2026-09-21
sh600638,,,2026-09-21
sh600639,,,2026-09-21
sh600640,,,2026-09-21
sh600641,,,2026-09-21
sh600643,,,2026-09-21
sh600644,,,2026-09-21
sh600645,,,2026-09-21
sh600646,,,2003-05-16
sh600647,,,2024-06-26
sh600649,,,2026-09-21
sh600650,,,2026-09-21
sh600651,,,2026-09-21
sh600652,,,2022-06-15
sh600653,,,2026-09-21
sh600654,,,2026-09-21
sh600655,,,2026-09-21
sh600656,,,2016-05-11
sh600657,,,2026-09-21
sh600658,,,2026-09-21
sh600659,,,2006-01-09
sh600660,,,2026-09-21
sh600661,,,2026-09-21
sh600662,,,2026-09-21
sh600663,,,2026-09-21
sh600664,,,2026-09-21
sh600665,,,2026-09-21
sh600666,,,2026-09-21
sh600667,,,2026-09-21
sh600670,,,2004-05-18
sh600671,,,2026-09-21
sh600672,,,2005-05-13
sh600673,,,2026-09-21
sh600674,,,2026-09-21
sh600675,,,2026-09-21
sh600676,,,2026-09-21
sh600677,,,2020-04-29
sh600678,,,2026-09-21
sh600679,,,2026-09-21
sh600680,,,2018-04-27
sh600682,,,2026-09-21
sh600683,,,2026-09-21
sh600684,,,2026-09-21
sh600685,,,2026-09-21
sh600686,,,2026-09-21
sh600687,,,2021-02-24
sh600689,,,2026-09-21
sh600690,,,2026-09-21
sh600691,,,2026-09-21
sh600692,,,2026-09-21
sh600693,,,2026-09-21
sh600694,,,2026-09-21
sh600695,,,2022-06-07
sh600696,,,2026-06-22
sh600697,,,2026-09-21
sh600698,,,2026-09-21
sh600699,,,2026-09-21
sh600700,,,2005-05-13
sh600701,,,2021-04-26
sh600702,,,2026-09-21
sh600703,,,2026-09-21
sh600704,,,2026-09-21
sh600705,,,2025-04-02
sh600706,,,2026-09-21
sh600708,,,2026-09-21
sh600710,,,2026-09-21
sh600711,,,2026-09-21
sh600712,,,2026-09-21
sh600713,,,2026-09-21
sh600714,,,2026-09-21
sh600715,,,2026-09-21
sh600716,,,2026-09-21
sh600717,,,2026-09-21
sh600718,,,2026-09-21
sh600719,,,2026-09-21
sh600720,,,2026-09-21
sh600722,,,2026-09-21
sh600723,,,2021-09-15
sh600724,,,2026-09-21
sh600725,,,2026-09-21
sh600726,,,2026-09-21
sh600727,,,2026-09-21
sh600728,,,2026-09-21
sh600729,,,2026-09-21
sh600730,,,2026-09-21
sh600731,,,2026-09-21
sh600732,,,2026-09-21
sh600733,,,2026-09-21
sh600734,,,2026-09-21
sh600735,,,2026-09-21
sh600736,,,2026-09-21
sh600737,,,2026-09-21
sh600738,,,2026-09-21
sh600740,,,2026-09-21
sh600741,,,2026-09-21
sh600742,,,2026-09-21
sh600743,,,2026-09-21
sh600744,,,2026-09-21
sh600745,,,2026-09-21
sh600746,,,2026-09-21
sh600747,,,2019-12-06
sh600748,,,2026-09-21
sh600749,,,2026-09-21
sh600750,,,2026-09-21
sh600751,,,2026-09-21
sh600752,,,2005-05-19
sh600753,,,2026-09-21
sh600754,,,2026-09-21
sh600755,,,2026-09-21
sh600756,,,2026-09-21
sh600757,,,2026-09-21
sh600758,,,2026-09-21
sh600759,,,2026-09-21
sh600760,,,2026-09-21
sh600761,,,2026-09-21
sh600762,,,2007-11-19
sh600763,,,2026-09-21
sh600764,,,2026-09-21
sh600765,,,2026-09-21
sh600766,,,2024-06-26
sh600767,,,2023-06-20
sh600768,,,2026-09-21
sh600769,,,2026-09-21
sh600770,,,2026-09-21
sh600771,,,2026-09-21
sh600772,,,2006-11-29
sh600773,,,2026-09-21
sh600774,,,2026-09-21
sh600775,,,2026-09-21
sh600776,,,2026-09-21
sh600777,,,2026-09-21
sh600778,,,2026-09-21
sh600779,,,2026-09-21
sh600780,,,2026-09-21
sh600781,,,2023-06-19
sh600782,,,2026-09-21
sh600783,,,2026-09-21
sh600784,,,2026-09-21
sh600785,,,2026-09-21
sh600786,,,2008-03-18
sh600787,,,2026-09-21
sh600788,,,2005-03-24
sh600789,,,2026-09-21
sh600790,,,2026-09-21
sh600791,,,2026-09-21
sh600792,,,2026-09-21
sh600793,,,2026-09-21
sh600794,,,2026-09-21
sh600795,,,2026-09-21
sh600796,,,2026-09-21
sh600797,,,2026-09-21
sh600798,,,2026-09-21
sh600799,,,2005-12-30
sh600800,,,2026-09-21
sh600801,,,2026-09-21
sh600802,,,2026-09-21
sh600803,,,2026-09-21
sh600804,,,2025-06-30
sh600805,,,2026-09-21
sh600806,,,2018-07-11
sh600807,,,2026-09-21
sh600808,,,2026-09-21
sh600809,,,2026-09-21
sh600810,,,2026-09-21
sh600811,,,2025-04-14
sh600812,,,2026-09-21
sh600813,,,2002-09-13
sh600814,,,2026-09-21
sh600815,,,2026-09-21
sh600816,,,2026-09-21
sh600817,,,2026-09-21
sh600818,,,2026-09-21
sh600819,,,2026-09-21
sh600820,,,2026-09-21
sh600821,,,2026-09-21
sh600822,,,2026-09-21
sh600823,,,2024-05-15
sh600824,,,2026-09-21
sh600825,,,2026-09-21
sh600826,,,2026-09-21
sh600827,,,2026-09-21
sh600828,,,2026-09-21
sh600829,,,2026-09-21
sh600830,,,2026-09-21
sh600831,,,2026-09-21
sh600833,,,2026-09-21
sh600834,,,2026-09-21
sh600835,,,2026-09-21
sh600836,,,2024-06-17
sh600837,,,2025-02-05
sh600838,,,2026-09-21
sh600839,,,2026-09-21
sh600840,,,2009-08-26
sh600841,,,2026-09-21
sh600843,,,2026-09-21
sh600844,,,2026-09-21
sh600845,,,2026-09-21
sh600846,,,2026-09-21
sh600847,,,2026-09-21
sh600848,,,2026-09-21
sh600850,,,2026-09-21
sh600851,,,2026-09-21
sh600852,,,2005-09-15
sh600853,,,2026-09-21
sh600854,,,2026-09-21
sh600855,,,2026-09-21
sh600856,,,2022-06-15
sh600857,,,2026-09-21
sh600858,,,2026-09-21
sh600859,,,2026-09-21
sh600860,,,2026-09-21
sh600862,,,2026-09-21
sh600863,,,2026-09-21
sh600864,,,2026-09-21
sh600865,,,2026-09-21
sh600866,,,2026-09-21
sh600867,,,2026-09-21
sh600868,,,2026-09-21
sh600869,,,2026-09-21
sh600870,,,2022-06-23
sh600871,,,2026-09-21
sh600872,,,2026-09-21
sh600873,,,2026-09-21
sh600874,,,2026-09-21
sh600875,,,2026-09-21
sh600876,,,2026-09-21
sh600877,,,2026-09-21
sh600878,,,2004-09-14
sh600879,,,2026-09-21
sh600880,,,2026-09-21
sh600881,,,2026-09-21
sh600882,,,2026-09-21
sh600883,,,2026-09-21
sh600884,,,2026-09-21
sh600885,,,2026-09-21
sh600886,,,2026-09-21
sh600887,,,2026-09-21
sh600888,,,2026-09-21
sh600889,,,2026-09-21
sh600890,,,2022-06-15
sh600891,,,2021-04-30
sh600892,,,2026-09-21
sh600893,,,2026-09-21
sh600894,,,2026-09-21
sh600895,,,2026-09-21
sh600896,,,2022-07-18
sh600897,,,2026-09-21
sh600898,,,2025-01-10
sh600899,,,2005-09-20
sh600900,,,2026-09-21
sh600901,,,2026-09-21
sh600903,,,2026-09-21
sh600905,,,2026-09-21
sh600906,,,2026-09-21
sh600908,,,2026-09-21
sh600916,,,2026-09-21
sh600917,,,2026-09-21
sh600918,,,2026-09-21
sh600926,,,2026-09-21
sh600927,,,2026-09-21
sh600928,,,2026-09-21
sh600929,,,2026-09-21
sh600930,,,2026-09-21
sh600933,,,2026-09-21
sh600935,,,2026-09-21
sh600936,,,2026-09-21
sh600938,,,2026-09-21
sh600939,,,2026-09-21
sh600955,,,2026-09-21
sh600956,,,2026-09-21
sh600958,,,2026-09-21
sh600959,,,2026-09-21
sh600960,,,2026-09-21
sh600961,,,2026-09-21
sh600962,,,2026-09-21
sh600963,,,2026-09-21
sh600965,,,2026-09-21
sh600966,,,2026-09-21
sh600967,,,2026-09-21
sh600968,,,2026-09-21
sh600969,,,2026-09-21
sh600970,,,2026-09-21
sh600973,,,2026-09-21
sh600975,,,2026-09-21
sh600976,,,2026-09-21
sh600977,,,2026-09-21
sh600978,,,2021-02-22
sh600979,,,2026-09-21
sh600980,,,2026-09-21
sh600981,,,2026-09-21
sh600982,,,2026-09-21
sh600983,,,2026-09-21
sh600984,,,2026-09-21
sh600986,,,2026-09-21
sh600987,,,2026-09-21
sh600988,,,2026-09-21
sh600989,,,2026-09-21
sh600990,,,2026-09-21
sh600991,,,2012-03-20
sh600992,,,2026-09-21
sh600993,,,2026-09-21
sh600995,,,2026-09-21
sh600996,,,2026-09-21
sh600997,,,2026-09-21
sh600998,,,2026-09-21
sh600999,,,2026-09-21
sh601000,,,2026-09-21
sh601001,,,2026-09-21
sh601002,,,2026-09-21
sh601003,,,2026-09-21
sh601005,,,2026-09-21
sh601006,,,2026-09-21
sh601008,,,2026-09-21
sh601009,,,2026-09-21
sh601010,,,2026-09-21
sh601011,,,2026-09-21
sh601012,,,2026-09-21
sh601015,,,2026-09-21
sh601016,,,2026-09-21
sh601018,,,2026-09-21
sh601019,,,2026-09-21
sh601020,,,2026-09-21
sh601021,,,2026-09-21
sh601022,,,2026-09-21
sh601026,,,2026-09-21
sh601028,,,2025-03-26
sh601033,,,2026-09-21
sh601038,,,2026-09-21
sh601058,,,2026-09-21
sh601059,,,2026-09-14
sh601061,,,2026-09-21
sh601065,,,2026-09-21
sh601066,,,2026-09-21
sh601068,,,2026-09-21
sh601069,,,2026-09-21
sh601077,,,2026-09-21
sh601083,,,2026-09-21
sh601086,,,2026-09-21
sh601088,,,2026-09-21
sh601089,,,2026-09-21
sh601096,,,2026-09-21
sh601098,,,2026-09-21
sh601099,,,2026-09-21
sh601100,,,2026-09-21
sh601106,,,2026-09-21
sh601107,,,2026-09-21
sh601108,,,2026-09-21
sh601111,,,2026-09-21
sh601112,,,2026-09-21
sh601113,,,2026-09-21
sh601116,,,2026-09-21
sh601117,,,2026-09-21
sh601118,,,2026-09-21
sh601121,,,2026-09-21
sh601123,,,2026-09-21
sh601126,,,2026-09-21
sh601127,,,2026-09-21
sh601128,,,2026-09-21
sh601133,,,2026-09-21
sh601136,,,2026-09-21
sh601137,,,2026-09-21
sh601138,,,2026-09-21
sh601139,,,2026-09-21
sh601155,,,2026-09-21
sh601156,,,2026-09-21
sh601162,,,2026-09-21
sh601163,,,2026-09-21
sh601166,,,2026-09-21
sh601168,,,2026-09-21
sh601177,,,2026-09-21
sh601179,,,2026-09-21
sh601186,,,2026-09-21
sh601187,,,2026-09-21
sh601188,,,2026-09-21
sh601198,,,2026-09-14
sh601199,,,2026-09-21
sh601200,,,2026-09-21
sh601208,,,2026-09-21
sh601211,,,2026-09-21
sh601212,,,2026-09-21
sh601216,,,2026-09-21
sh601218,,,2026-09-21
sh601222,,,2026-09-21
sh601225,,,2026-09-21
sh601226,,,2026-09-21
sh601228,,,2026-09-21
sh601229,,,2026-09-21
sh601231,,,2026-09-21
sh601233,,,2026-09-21
sh601236,,,2026-09-21
sh601238,,,2026-09-11
sh601258,,,2023-05-24
sh601268,,,2015-05-20
sh601279,,,2026-09-21
sh601288,,,2026-09-21
sh601299,,,2015-05-21
sh601311,,,2026-09-21
sh601318,,,2026-09-21
sh601319,,,2026-09-21
sh601326,,,2026-09-21
sh601328,,,2026-09-21
sh601330,,,2026-09-21
sh601333,,,2026-09-21
sh601336,,,2026-09-21
sh601339,,,2026-09-21
sh601360,,,2026-09-21
sh601366,,,2026-09-21
sh601369,,,2026-09-21
sh601375,,,2026-09-21
sh601377,,,2026-09-21
sh601388,,,2026-09-21
sh601390,,,2026-09-21
sh601398,,,2026-09-21
sh601399,,,2026-09-21
sh601456,,,2026-09-21
sh601500,,,2026-09-21
sh601512,,,2026-09-21
sh601515,,,2026-09-21
sh601518,,,2026-09-21
sh601519,,,2026-09-21
sh601528,,,2026-09-21
sh601555,,,2026-09-21
sh601558,,,2020-06-23
sh601566,,,2026-09-21
sh601567,,,2026-09-21
sh601577,,,2026-09-21
sh601579,,,2026-09-21
sh601588,,,2026-09-21
sh601595,,,2026-09-21
sh601598,,,2026-09-21
sh601599,,,2026-09-21
sh601600,,,2026-09-21
sh601601,,,2026-09-21
sh601606,,,2026-09-21
sh601607,,,2026-09-21
sh601608,,,2026-09-21
sh601609,,,2026-09-21
sh601611,,,2026-09-21
sh601615,,,2026-09-21
sh601616,,,2026-09-21
sh601618,,,2026-09-21
sh601619,,,2026-09-21
sh601628,,,2026-09-21
sh601633,,,2026-09-21
sh601636,,,2026-09-21
sh601658,,,2026-09-21
sh601665,,,2026-09-21
sh601666,,,2026-09-21
sh601668,,,2026-09-21
sh601669,,,2026-09-21
sh601677,,,2026-09-21
sh601678,,,2026-09-21
sh601688,,,2026-09-21
sh601689,,,2026-09-21
sh601696,,,2026-09-21
sh601698,,,2026-09-21
sh601699,,,2026-09-21
sh601700,,,2026-09-21
sh601702,,,2026-09-21
sh601717,,,2026-09-21
sh601718,,,2026-09-21
sh601727,,,2026-09-21
sh601728,,,2026-09-21
sh601766,,,2026-09-21
sh601777,,,2026-09-21
sh601778,,,2026-09-21
sh601788,,,2026-09-21
sh601789,,,2026-09-21
sh601798,,,2026-09-21
sh601799,,,2026-09-21
sh601800,,,2026-09-21
sh601801,,,2026-09-21
sh601811,,,2026-09-21
sh601816,,,2026-09-21
sh601818,,,2026-09-21
sh601825,,,2026-09-21
sh601827,,,2026-09-21
sh601828,,,2026-09-21
sh601857,,,2026-09-21
sh601858,,,2026-09-21
sh601860,,,2026-09-21
sh601865,,,2026-09-21
sh601866,,,2026-09-21
sh601868,,,2026-09-21
sh601869,,,2026-09-21
sh601872,,,2026-09-21
sh601877,,,2026-09-21
sh601878,,,2026-09-21
sh601880,,,2026-09-21
sh601881,,,2026-09-21
sh601882,,,2026-09-21
sh601888,,,2026-09-21
sh601890,,,2026-09-21
sh601898,,,2026-09-21
sh601899,,,2026-09-21
sh601901,,,2026-09-21
sh601908,,,2026-09-21
sh601916,,,2026-09-21
sh601919,,,2026-09-21
sh601921,,,2026-09-21
sh601928,,,2026-09-21
sh601929,,,2026-09-21
sh601933,,,2026-09-21
sh601939,,,2026-09-21
sh601949,,,2026-09-21
sh601952,,,2026-09-21
sh601956,,,2026-09-21
sh601958,,,2026-09-21
sh601963,,,2026-09-21
sh601965,,,2026-09-21
sh601966,,,2026-09-21
sh601968,,,2026-09-21
sh601969,,,2026-09-21
sh601975,,,2026-09-21
sh601988,,,2026-09-21
sh601989,,,2025-08-12
sh601990,,,2026-09-21
sh601991,,,2026-09-21
sh601992,,,2026-09-21
sh601995,,,2026-09-14
sh601996,,,2026-09-21
sh601997,,,2026-09-21
sh601998,,,2026-09-21
sh601999,,,2026-09-21
sh603000,,,2026-09-21
sh603001,,,2026-09-21
sh603002,,,2026-09-21
sh603003,,,2025-06-30
sh603004,,,2026-09-21
sh603005,,,2026-09-21
sh603006,,,2026-09-21
sh603007,,,2026-09-21
sh603008,,,2026-09-21
sh603009,,,2026-09-21
sh603010,,,2026-09-21
sh603011,,,2026-09-21
sh603013,,,2026-09-21
sh603014,,,2026-09-21
sh603015,,,2026-09-21
sh603016,,,2026-09-21
sh603017,,,2026-09-21
sh603018,,,2026-09-21
sh603019,,,2026-09-21
sh603020,,,2026-09-21
sh603021,,,2026-09-21
sh603022,,,2026-09-21
sh603023,,,2026-09-21
sh603025,,,2026-09-21
sh603026,,,2026-09-21
sh603027,,,2026-09-21
sh603028,,,2026-09-21
sh603029,,,2026-09-21
sh603030,,,2026-09-21
sh603031,,,2026-09-21
sh603032,,,2026-09-21
sh603033,,,2026-09-21
sh603036,,,2026-09-21
sh603037,,,2026-09-21
sh603038,,,2026-09-21
sh603039,,,2026-09-21
sh603040,,,2026-09-21
sh603041,,,2026-09-21
sh603042,,,2026-09-21
sh603043,,,2026-09-21
sh603045,,,2026-09-21
sh603048,,,2026-09-21
sh603049,,,2026-09-21
sh603050,,,2026-09-21
sh603051,,,2026-09-21
sh603052,,,2026-09-21
sh603055,,,2026-09-21
sh603056,,,2026-04-01
sh603057,,,2026-09-21
sh603058,,,2026-09-21
sh603059,,,2026-09-21
sh603060,,,2026-09-21
sh603061,,,2026-09-21
sh603063,,,2026-09-21
sh603065,,,2026-09-21
sh603067,,,2026-09-21
sh603068,,,2026-09-21
sh603069,,,2026-09-21
sh603070,,,2026-09-21
sh603071,,,2026-09-21
sh603072,,,2026-09-21
sh603073,,,2026-09-21
sh603075,,,2026-09-21
sh603076,,,2026-09-21
sh603077,,,2026-09-21
sh603078,,,2026-09-21
sh603079,,,2026-09-21
sh603081,,,2026-09-21
sh603082,,,2026-09-21
sh603083,,,2026-09-21
sh603085,,,2026-09-21
sh603086,,,2026-09-21
sh603087,,,2026-09-21
sh603088,,,2026-09-21
sh603089,,,2026-09-21
sh603090,,,2026-09-21
sh603091,,,2026-09-21
sh603092,,,2026-09-21
sh603093,,,2026-09-21
sh603095,,,2026-09-21
sh603096,,,2026-09-21
sh603097,,,2026-09-21
sh603098,,,2026-09-21
sh603099,,,2026-09-21
sh603100,,,2026-09-21
sh603101,,,2026-09-21
sh603102,,,2026-09-21
sh603103,,,2026-09-21
sh603105,,,2026-09-21
sh603106,,,2026-09-21
sh603107,,,2026-09-21
sh603108,,,2026-09-21
sh603109,,,2026-09-21
sh603110,,,2026-09-21
sh603111,,,2026-09-21
sh603112,,,2026-09-21
sh603113,,,2026-09-21
sh603115,,,2026-09-21
sh603116,,,2026-09-21
sh603117,,,2026-09-21
sh603118,,,2026-09-21
sh603119,,,2026-09-21
sh603120,,,2026-09-21
sh603121,,,2026-09-21
sh603122,,,2026-09-21
sh603123,,,2026-09-21
sh603124,,,2026-09-21
sh603125,,,2026-09-21
sh603126,,,2026-09-21
sh603127,,,2026-09-21
sh603128,,,2026-09-21
sh603129,,,2026-09-21
sh603130,,,2026-09-21
sh603131,,,2026-09-21
sh603132,,,2026-09-21
sh603133,,,2024-06-26
sh603135,,,2026-09-21
sh603136,,,2026-09-21
sh603137,,,2026-09-21
sh603138,,,2026-09-21
sh603151,,,2026-09-21
sh603153,,,2026-09-21
sh603155,,,2026-09-21
sh603156,,,2026-09-21
sh603157,,,2022-05-17
sh603158,,,2026-09-21
sh603159,,,2026-09-21
sh603160,,,2026-09-21
sh603161,,,2026-09-21
sh603162,,,2026-09-21
sh603163,,,2026-09-21
sh603165,,,2026-09-21
sh603166,,,2026-09-21
sh603167,,,2026-09-21
sh603168,,,2026-09-21
sh603169,,,2026-09-21
sh603170,,,2026-09-21
sh603171,,,2026-09-21
sh603172,,,2026-09-21
sh603173,,,2026-09-21
sh603175,,,2026-09-21
sh603176,,,2026-09-21
sh603177,,,2026-09-21
sh603178,,,2026-09-21
sh603179,,,2026-09-21
sh603180,,,2026-09-21
sh603181,,,2026-09-21
sh603182,,,2026-09-21
sh603183,,,2026-09-21
sh603185,,,2026-09-21
sh603186,,,2026-09-21
sh603188,,,2026-09-21
sh603189,,,2026-09-21
sh603190,,,2026-09-21
sh603191,,,2026-09-21
sh603192,,,2026-09-21
sh603193,,,2026-09-21
sh603194,,,2026-09-21
sh603195,,,2026-09-21
sh603196,,,2026-09-21
sh603197,,,2026-09-21
sh603198,,,2026-09-21
sh603200,,,2026-09-21
sh603201,,,2026-09-21
sh603202,,,2026-09-21
sh603203,,,2026-09-21
sh603205,,,2026-09-21
sh603206,,,2026-09-21
sh603207,,,2026-09-21
sh603208,,,2026-09-21
sh603209,,,2026-09-21
sh603210,,,2026-09-21
sh603211,,,2026-09-21
sh603212,,,2026-09-21
sh603214,,,2026-09-21
sh603215,,,2026-09-21
sh603216,,,2026-09-21
sh603217,,,2026-09-21
sh603218,,,2026-09-21
sh603219,,,2026-09-21
sh603220,,,2026-09-21
sh603221,,,2026-09-21
sh603222,,,2026-09-21
sh603223,,,2026-09-21
sh603225,,,2026-09-21
sh603226,,,2026-09-21
sh603227,,,2026-09-21
sh603228,,,2026-09-21
sh603229,,,2026-09-21
sh603230,,,2026-09-21
sh603232,,,2026-09-21
sh603233,,,2026-09-21
sh603236,,,2026-09-21
sh603237,,,2026-09-21
sh603238,,,2026-09-21
sh603239,,,2026-09-21
sh603248,,,2026-09-21
sh603255,,,2026-09-21
sh603256,,,2026-09-21
sh603257,,,2026-09-21
sh603258,,,2026-09-21
sh603259,,,2026-09-21
sh603260,,,2026-09-21
sh603261,,,2026-09-21
sh603262,,,2026-09-21
sh603266,,,2026-09-21
sh603267,,,2026-09-21
sh603268,,,2026-09-21
sh603269,,,2026-09-21
sh603270,,,2026-09-21
sh603271,,,2026-09-21
sh603272,,,2026-09-21
sh603273,,,2026-09-21
sh603275,,,2026-09-21
sh603276,,,2026-09-21
sh603277,,,2026-09-21
sh603278,,,2026-09-21
sh603279,,,2026-09-21
sh603280,,,2026-09-21
sh603281,,,2026-09-21
sh603282,,,2026-09-21
sh603283,,,2026-09-21
sh603284,,,2026-09-21
sh603285,,,2026-09-21
sh603286,,,2026-09-21
sh603288,,,2026-09-21
sh603289,,,2026-09-21
sh603290,,,2026-09-21
sh603291,,,2026-09-21
sh603293,,,2026-09-21
sh603296,,,2026-09-21
sh603297,,,2026-09-21
sh603298,,,2026-09-21
sh603299,,,2026-09-21
sh603300,,,2026-09-21
sh603301,,,2026-09-21
sh603303,,,2026-09-21
sh603305,,,2026-09-21
sh603306,,,2026-09-21
sh603307,,,2026-09-21
sh603308,,,2026-09-21
sh603309,,,2026-09-21
sh603310,,,2026-09-21
sh603311,,,2026-09-21
sh603312,,,2026-09-21
sh603313,,,2026-09-21
sh603315,,,2026-09-21
sh603316,,,2026-09-21
sh603317,,,2026-09-21
sh603318,,,2026-09-21
sh603319,,,2026-09-21
sh603320,,,2026-09-21
sh603321,,,2026-09-21
sh603322,,,2026-09-21
sh603323,,,2026-09-21
sh603324,,,2026-09-21
sh603326,,,2026-09-21
sh603327,,,2026-09-21
sh603328,,,2026-09-21
sh603329,,,2026-09-21
sh603330,,,2026-09-21
sh603331,,,2026-09-21
sh603332,,,2026-09-21
sh603333,,,2026-09-21
sh603334,,,2026-09-21
sh603335,,,2026-09-21
sh603336,,,2026-09-21
sh603337,,,2026-09-21
sh603338,,,2026-09-21
sh603339,,,2026-09-21
sh603341,,,2026-09-21
sh603344,,,2026-09-21
sh603345,,,2026-09-21
sh603348,,,2026-09-21
sh603350,,,2026-09-21
sh603351,,,2026-09-21
sh603352,,,2026-09-21
sh603353,,,2026-09-21
sh603355,,,2026-09-21
sh603356,,,2026-09-21
sh603358,,,2026-09-21
sh603359,,,2026-09-21
sh603360,,,2026-09-21
sh603363,,,2026-09-21
sh603365,,,2026-09-21
sh603366,,,2026-09-21
sh603367,,,2026-09-21
sh603368,,,2026-09-21
sh603369,,,2026-09-21
sh603370,,,2026-09-21
sh603373,,,2026-09-21
sh603375,,,2026-09-21
sh603376,,,2026-09-21
sh603377,,,2026-09-21
sh603378,,,2026-09-21
sh603379,,,2026-09-21
sh603380,,,2026-09-21
sh603381,,,2026-09-21
sh603382,,,2026-09-21
sh603383,,,2026-09-21
sh603385,,,2026-09-21
sh603386,,,2026-09-21
sh603387,,,2026-09-21
sh603388,,,2025-11-10
sh603389,,,2026-09-21
sh603390,,,2026-09-21
sh603391,,,2026-09-21
sh603392,,,2026-09-21
sh603393,,,2026-09-21
sh603395,,,2026-09-21
sh603396,,,2026-09-21
sh603398,,,2026-09-21
sh603399,,,2026-09-21
sh603400,,,2026-09-14
sh603402,,,2026-09-21
sh603406,,,2026-09-21
sh603407,,,2026-09-21
sh603408,,,2026-09-21
sh603409,,,2026-09-21
sh603416,,,2026-09-21
sh603418,,,2026-09-21
sh603421,,,2026-09-21
sh603429,,,2026-09-21
sh603435,,,2026-09-21
sh603439,,,2026-09-21
sh603444,,,2026-09-21
sh603448,,,2026-09-21
sh603456,,,2026-09-21
sh603458,,,2026-09-21
sh603459,,,2026-09-21
sh603466,,,2026-09-21
sh603468,,,2026-09-21
sh603477,,,2026-09-21
sh603486,,,2026-09-21
sh603488,,,2026-09-21
sh603489,,,2026-09-21
sh603496,,,2026-09-21
sh603499,,,2026-09-21
sh603500,,,2026-09-21
sh603501,,,2026-09-21
sh603505,,,2026-09-21
sh603506,,,2026-09-21
sh603507,,,2026-09-21
sh603508,,,2026-09-21
sh603511,,,2026-09-21
sh603515,,,2026-09-21
sh603516,,,2026-09-21
sh603517,,,2026-09-21
sh603519,,,2026-09-21
sh603520,,,2026-09-21
sh603527,,,2026-09-21
sh603528,,,2026-09-21
sh603529,,,2026-09-21
sh603530,,,2026-09-21
sh603533,,,2026-09-21
sh603535,,,2026-09-21
sh603536,,,2026-09-21
sh603538,,,2026-09-21
sh603551,,,2026-09-21
sh603555,,,2024-03-07
sh603556,,,2026-09-21
sh603557,,,2026-09-21
sh603558,,,2026-09-21
sh603559,,,2026-09-21
sh603565,,,2026-09-21
sh603566,,,2026-09-21
sh603567,,,2026-09-21
sh603568,,,2026-09-21
sh603569,,,2026-09-21
sh603577,,,2026-09-21
sh603578,,,2026-09-21
sh603579,,,2026-09-21
sh603580,,,2026-09-21
sh603583,,,2026-09-21
sh603585,,,2026-09-21
sh603586,,,2026-09-21
sh603587,,,2026-09-21
sh603588,,,2026-09-21
sh603589,,,2026-09-21
sh603590,,,2026-09-21
sh603595,,,2026-09-21
sh603596,,,2026-09-21
sh603598,,,2026-09-21
sh603599,,,2026-09-21
sh603600,,,2026-09-21
sh603601,,,2026-09-21
sh603602,,,2026-09-21
sh603603,,,2024-04-18
sh603605,,,2026-09-21
sh603606,,,2026-09-21
sh603607,,,2026-09-21
sh603608,,,2026-09-21
sh603609,,,2026-09-21
sh603610,,,2026-09-21
sh603611,,,2026-09-21
sh603612,,,2026-09-21
sh603613,,,2026-09-21
sh603615,,,2026-09-21
sh603616,,,2026-09-21
sh603617,,,2026-09-21
sh603618,,,2026-09-21
sh603619,,,2026-09-21
sh603626,,,2026-09-21
sh603628,,,2026-09-21
sh603629,,,2026-09-21
sh603630,,,2026-09-21
sh603633,,,2026-09-21
sh603636,,,2026-09-21
sh603637,,,2026-09-21
sh603638,,,2026-09-21
sh603639,,,2026-09-21
sh603648,,,2026-09-21
sh603650,,,2026-09-21
sh603655,,,2026-09-21
sh603656,,,2026-09-21
sh603657,,,2026-09-21
sh603658,,,2026-09-21
sh603659,,,2026-09-21
sh603660,,,2026-09-21
sh603661,,,2026-09-21
sh603662,,,2026-09-21
sh603663,,,2026-09-21
sh603665,,,2026-09-21
sh603666,,,2026-09-21
sh603667,,,2026-09-21
sh603668,,,2026-09-21
sh603669,,,2026-09-21
sh603676,,,2026-09-21
sh603677,,,2026-09-21
sh603680,,,2026-09-21
sh603681,,,2026-09-21
sh603683,,,2026-09-21
sh603685,,,2026-09-21
sh603686,,,2026-09-21
sh603687,,,2026-09-21
sh603688,,,2026-09-21
sh603689,,,2026-09-21
sh603690,,,2026-09-21
sh603693,,,2026-09-21
sh603696,,,2026-09-21
sh603697,,,2026-09-21
sh603698,,,2026-09-21
sh603699,,,2026-09-21
sh603700,,,2026-09-21
sh603701,,,2026-09-21
sh603703,,,2026-09-21
sh603706,,,2026-09-21
sh603707,,,2026-09-21
sh603708,,,2026-09-21
sh603709,,,2026-09-21
sh603711,,,2026-09-21
sh603712,,,2026-09-21
sh603713,,,2026-09-21
sh603716,,,2026-09-21
sh603717,,,2026-09-21
sh603718,,,2026-09-21
sh603719,,,2026-09-21
sh603721,,,2026-09-21
sh603722,,,2026-09-21
sh603725,,,2026-09-21
sh603726,,,2026-09-21
sh603727,,,2026-09-21
sh603728,,,2026-09-21
sh603729,,,2026-09-21
sh603730,,,2026-09-21
sh603733,,,2026-09-21
sh603737,,,2026-09-21
sh603738,,,2026-09-21
sh603739,,,2026-09-21
sh603755,,,2026-09-21
sh603757,,,2026-09-21
sh603758,,,2026-09-21
sh603759,,,2026-09-21
sh603766,,,2026-09-21
sh603767,,,2026-09-21
sh603768,,,2026-09-21
sh603773,,,2026-09-21
sh603776,,,2026-09-21
sh603777,,,2026-09-21
sh603778,,,2026-09-21
sh603779,,,2026-09-21
sh603786,,,2026-09-21
sh603787,,,2026-09-21
sh603789,,,2026-09-21
sh603790,,,2026-09-21
sh603797,,,2026-09-21
sh603798,,,2026-09-21
sh603799,,,2026-09-21
sh603800,,,2026-09-21
sh603801,,,2026-09-21
sh603803,,,2026-09-21
sh603806,,,2026-09-21
sh603808,,,2026-09-21
sh603809,,,2026-09-21
sh603810,,,2026-09-21
sh603811,,,2026-09-21
sh603813,,,2026-09-21
sh603815,,,2026-09-21
sh603816,,,2026-09-21
sh603817,,,2026-09-21
sh603818,,,2026-09-21
sh603819,,,2026-09-21
sh603822,,,2026-09-21
sh603823,,,2026-09-21
sh603825,,,2026-09-21
sh603826,,,2026-09-21
sh603828,,,2026-09-21
sh603829,,,2026-09-21
sh603833,,,2026-09-21
sh603836,,,2026-09-21
sh603838,,,2026-09-21
sh603839,,,2026-09-21
sh603843,,,2026-09-21
sh603848,,,2026-09-21
sh603855,,,2026-09-21
sh603856,,,2026-09-21
sh603858,,,2026-09-21
sh603859,,,2026-09-21
sh603860,,,2026-09-21
sh603861,,,2026-09-21
sh603863,,,2026-09-21
sh603866,,,2026-09-21
sh603867,,,2026-09-21
sh603868,,,2026-09-21
sh603871,,,2026-09-21
sh603876,,,2026-09-21
sh603877,,,2026-09-21
sh603878,,,2026-09-21
sh603879,,,2026-09-21
sh603880,,,2026-09-21
sh603881,,,2026-09-21
sh603882,,,2026-09-21
sh603883,,,2026-09-21
sh603885,,,2026-09-21
sh603886,,,2026-09-21
sh603887,,,2026-09-21
sh603888,,,2026-09-21
sh603889,,,2026-09-21
sh603890,,,2026-09-21
sh603893,,,2026-09-21
sh603895,,,2026-09-21
sh603896,,,2026-09-21
sh603897,,,2026-09-21
sh603898,,,2026-09-21
sh603899,,,2026-09-21
sh603900,,,2026-09-21
sh603901,,,2026-09-21
sh603903,,,2026-09-21
sh603906,,,2026-09-21
sh603908,,,2026-09-21
sh603909,,,2026-09-21
sh603912,,,2026-09-21
sh603915,,,2026-09-21
sh603916,,,2026-09-21
sh603917,,,2026-09-21
sh603918,,,2026-09-21
sh603919,,,2026-09-21
sh603920,,,2026-09-21
sh603922,,,2026-09-21
sh603926,,,2026-09-21
sh603927,,,2026-09-21
sh603928,,,2026-09-21
sh603929,,,2026-09-21
sh603931,,,2026-09-21
sh603933,,,2026-09-21
sh603937,,,2026-09-21
sh603938,,,2026-09-21
sh603939,,,2026-09-21
sh603948,,,2026-09-21
sh603949,,,2026-09-21
sh603950,,,2026-09-21
sh603955,,,2026-09-21
sh603956,,,2026-09-21
sh603958,,,2026-09-21
sh603959,,,2026-09-21
sh603960,,,2026-09-21
sh603963,,,2025-02-07
sh603966,,,2026-09-21
sh603967,,,2026-09-21
sh603968,,,2026-09-21
sh603969,,,2026-09-21
sh603970,,,2026-09-21
sh603976,,,2026-09-21
sh603977,,,2026-09-21
sh603978,,,2026-09-21
sh603979,,,2026-09-21
sh603980,,,2026-09-21
sh603982,,,2026-09-21
sh603983,,,2026-09-21
sh603985,,,2026-09-21
sh603986,,,2026-09-21
sh603987,,,2026-09-21
sh603988,,,2026-09-21
sh603989,,,2026-09-21
sh603990,,,2026-09-21
sh603991,,,2026-09-21
sh603992,,,2026-09-21
sh603993,,,2026-09-21
sh603995,,,2026-09-21
sh603996,,,2022-05-17
sh603997,,,2026-09-21
sh603998,,,2026-09-21
sh603999,,,2026-09-21
sh605001,,,2026-09-21
sh605003,,,2026-09-21
sh605005,,,2026-09-21
sh605007,,,2026-09-21
sh605008,,,2026-09-21
sh605009,,,2026-09-21
sh605011,,,2026-09-21
sh605016,,,2026-09-21
sh605018,,,2026-09-21
sh605020,,,2026-09-21
sh605033,,,2026-09-21
sh605050,,,2026-09-21
sh605055,,,2026-09-21
sh605056,,,2026-09-21
sh605058,,,2026-09-21
sh605060,,,2026-09-21
sh605066,,,2026-09-21
sh605068,,,2026-09-21
sh605069,,,2026-09-21
sh605077,,,2026-09-21
sh605080,,,2026-09-21
sh605081,,,2026-06-29
sh605086,,,2026-09-21
sh605088,,,2026-09-21
sh605089,,,2026-09-21
sh605090,,,2026-09-21
sh605098,,,2026-09-21
sh605099,,,2026-09-21
sh605100,,,2026-09-21
sh605108,,,2026-09-21
sh605116,,,2026-09-21
sh605117,,,2026-09-21
sh605118,,,2026-09-21
sh605122,,,2026-09-21
sh605123,,,2026-09-21
sh605128,,,2026-09-21
sh605133,,,2026-09-21
sh605136,,,2026-09-21
sh605138,,,2026-09-21
sh605151,,,2026-09-21
sh605155,,,2026-09-21
sh605162,,,2026-09-21
sh605166,,,2026-09-21
sh605167,,,2026-09-21
sh605168,,,2026-09-21
sh605169,,,2026-09-21
sh605177,,,2026-09-21
sh605178,,,2026-09-21
sh605180,,,2026-09-21
sh605183,,,2026-09-21
sh605186,,,2026-09-21
sh605188,,,2026-09-21
sh605189,,,2026-09-21
sh605196,,,2026-09-21
sh605199,,,2026-09-21
sh605208,,,2026-09-21
sh605218,,,2026-09-21
sh605222,,,2026-09-21
sh605228,,,2026-09-21
sh605255,,,2026-09-21
sh605258,,,2026-09-21
sh605259,,,2026-09-21
sh605266,,,2026-09-21
sh605268,,,2026-09-21
sh605277,,,2026-09-21
sh605286,,,2026-09-21
sh605287,,,2026-09-21
sh605288,,,2026-09-21
sh605289,,,2026-09-21
sh605296,,,2026-09-21
sh605298,,,2026-09-21
sh605299,,,2026-09-21
sh605300,,,2026-09-21
sh605303,,,2026-09-11
sh605305,,,2026-09-21
sh605318,,,2026-09-21
sh605319,,,2026-09-21
sh605333,,,2026-09-21
sh605336,,,2026-09-21
sh605337,,,2026-09-21
sh605338,,,2026-09-21
sh605339,,,2026-09-21
sh605358,,,2026-09-21
sh605365,,,2026-09-21
sh605366,,,2026-09-21
sh605368,,,2026-09-21
sh605369,,,2026-09-21
sh605376,,,2026-09-21
sh605377,,,2026-09-21
sh605378,,,2026-09-21
sh605388,,,2026-09-21
sh605389,,,2026-09-21
sh605398,,,2026-09-21
sh605399,,,2026-09-21
sh605488,,,2026-09-21
sh605499,,,2026-09-21
sh605500,,,2026-09-21
sh605507,,,2026-09-21
sh605555,,,2026-09-21
sh605566,,,2026-09-21
sh605567,,,2026-09-21
sh605577,,,2026-09-21
sh605580,,,2026-09-21
sh605588,,,2026-09-21
sh605589,,,2026-09-21
sh605598,,,2026-09-21
sh605599,,,2026-09-21
sh688001,,,2026-09-21
sh688002,,,2026-09-21
sh688004,,,2026-09-21
sh688005,,,2026-09-21
sh688006,,,2026-09-21
sh688007,,,2026-09-21
sh688008,,,2026-09-21
sh688010,,,2026-09-21
sh688011,,,2026-09-21
sh688012,,,2026-09-21
sh688013,,,2026-09-21
sh688015,,,2026-09-21
sh688016,,,2026-09-21
sh688017,,,2026-09-21
sh688018,,,2026-09-21
sh688019,,,2026-09-21
sh688020,,,2026-09-21
sh688021,,,2026-09-21
sh688022,,,2026-09-21
sh688023,,,2026-09-21
sh688025,,,2026-09-21
sh688026,,,2026-09-21
sh688027,,,2026-09-21
sh688028,,,2026-09-21
sh688030,,,2026-09-21
sh688031,,,2026-09-21
sh688032,,,2026-09-21
sh688033,,,2026-09-21
sh688035,,,2026-09-21
sh688037,,,2026-09-21
sh688038,,,2026-09-21
sh688039,,,2026-09-21
sh688041,,,2026-09-21
sh688047,,,2026-09-21
sh688048,,,2026-09-21
sh688049,,,2026-09-21
sh688050,,,2026-09-21
sh688051,,,2026-09-21
sh688052,,,2026-09-21
sh688053,,,2026-09-21
sh688055,,,2026-09-21
sh688057,,,2026-09-21
sh688058,,,2026-09-21
sh688059,,,2026-09-21
sh688060,,,2026-09-21
sh688061,,,2026-09-21
sh688062,,,2026-09-21
sh688063,,,2026-09-21
sh688065,,,2026-09-21
sh688066,,,2026-09-21
sh688067,,,2026-09-21
sh688068,,,2026-09-21
sh688069,,,2026-09-21
sh688070,,,2026-09-21
sh688071,,,2026-09-21
sh688073,,,2026-09-21
sh688075,,,2026-09-21
sh688076,,,2026-09-21
sh688077,,,2026-09-21
sh688078,,,2026-09-21
sh688079,,,2026-09-21
sh688080,,,2026-09-21
sh688081,,,2026-09-21
sh688082,,,2026-09-21
sh688083,,,2026-09-21
sh688084,,,2026-09-21
sh688085,,,2026-09-21
sh688086,,,2023-06-30
sh688088,,,2026-09-21
sh688089,,,2026-09-21
sh688090,,,2026-09-21
sh688091,,,2026-09-21
sh688092,,,2026-09-21
sh688093,,,2026-09-21
sh688095,,,2026-09-21
sh688096,,,2026-09-21
sh688097,,,2026-09-21
sh688098,,,2026-09-21
sh688099,,,2026-09-21
sh688100,,,2026-09-21
sh688101,,,2026-09-21
sh688102,,,2026-09-21
sh688105,,,2026-09-21
sh688106,,,2026-09-21
sh688107,,,2026-09-21
sh688108,,,2026-09-21
sh688109,,,2026-09-21
sh688110,,,2026-09-21
sh688111,,,2026-09-21
sh688113,,,2026-09-21
sh688114,,,2026-09-21
sh688116,,,2026-09-21
sh688117,,,2026-09-21
sh688118,,,2026-09-21
sh688119,,,2026-09-21
sh688120,,,2026-09-21
sh688121,,,2026-09-21
sh688122,,,2026-09-21
sh688123,,,2026-09-21
sh688125,,,2026-09-21
sh688126,,,2026-09-21
sh688127,,,2026-09-21
sh688128,,,2026-09-21
sh688129,,,2026-09-21
sh688130,,,2026-09-21
sh688132,,,2026-09-21
sh688133,,,2026-09-21
sh688135,,,2026-09-21
sh688136,,,2026-09-21
sh688138,,,2026-09-21
sh688143,,,2026-09-21
sh688147,,,2026-09-21
sh688148,,,2026-09-21
sh688150,,,2026-09-21
sh688151,,,2026-09-21
sh688152,,,2026-09-21
sh688153,,,2026-09-21
sh688156,,,2026-09-21
sh688157,,,2026-09-21
sh688158,,,2026-09-21
sh688159,,,2026-09-21
sh688160,,,2026-09-21
sh688161,,,2026-09-21
sh688162,,,2026-09-21
sh688163,,,2026-09-21
sh688165,,,2026-09-21
sh688166,,,2026-09-21
sh688167,,,2026-09-21
sh688168,,,2026-09-21
sh688169,,,2026-09-21
sh688171,,,2026-09-21
sh688172,,,2026-09-21
sh688173,,,2026-09-21
sh688175,,,2026-09-21
sh688176,,,2026-09-21
sh688177,,,2026-09-21
sh688178,,,2026-09-21
sh688180,,,2026-09-21
sh688181,,,2026-09-21
sh688182,,,2026-09-21
sh688183,,,2026-09-21
sh688184,,,2026-09-21
sh688185,,,2026-09-21
sh688186,,,2026-09-21
sh688187,,,2026-09-21
sh688188,,,2026-09-21
sh688189,,,2026-09-21
sh688190,,,2026-09-21
sh688191,,,2026-09-21
sh688192,,,2026-09-21
sh688193,,,2026-09-21
sh688195,,,2026-09-21
sh688196,,,2026-09-21
sh688197,,,2026-09-21
sh688198,,,2026-09-21
sh688199,,,2026-09-21
sh688200,,,2026-09-21
sh688201,,,2026-09-21
sh688203,,,2026-09-21
sh688205,,,2026-09-21
sh688206,,,2026-09-21
sh688210,,,2026-09-21
sh688211,,,2026-09-21
sh688212,,,2026-09-21
sh688213,,,2026-09-21
sh688215,,,2026-09-21
sh688216,,,2026-09-21
sh688217,,,2026-09-21
sh688219,,,2026-09-21
sh688220,,,2026-09-21
sh688221,,,2026-09-21
sh688222,,,2026-09-21
sh688223,,,2026-09-21
sh688225,,,2026-09-21
sh688226,,,2026-09-21
sh688227,,,2026-09-21
sh688228,,,2026-09-21
sh688229,,,2026-09-21
sh688230,,,2026-09-21
sh688231,,,2026-09-21
sh688232,,,2026-09-21
sh688233,,,2026-09-21
sh688234,,,2026-09-21
sh688235,,,2026-09-21
sh688236,,,2026-09-21
sh688237,,,2026-09-21
sh688238,,,2026-09-21
sh688239,,,2026-09-21
sh688244,,,2026-09-21
sh688246,,,2026-09-21
sh688247,,,2026-09-21
sh688248,,,2026-09-21
sh688249,,,2026-09-21
sh688251,,,2026-09-21
sh688252,,,2026-09-21
sh688255,,,2026-09-21
sh688256,,,2026-09-21
sh688257,,,2026-09-21
sh688258,,,2026-09-21
sh688259,,,2026-09-21
sh688260,,,2026-09-21
sh688261,,,2026-09-21
sh688262,,,2026-09-21
sh688265,,,2026-09-21
sh688266,,,2026-09-21
sh688267,,,2026-09-21
sh688268,,,2026-09-21
sh688269,,,2026-09-21
sh688270,,,2026-09-21
sh688271,,,2026-09-21
sh688272,,,2026-09-21
sh688273,,,2026-09-21
sh688275,,,2026-09-21
sh688276,,,2026-09-21
sh688277,,,2026-09-21
sh688278,,,2026-09-21
sh688279,,,2026-09-21
sh688280,,,2026-09-21
sh688281,,,2026-09-21
sh688282,,,2026-09-21
sh688283,,,2026-09-21
sh688285,,,2026-09-21
sh688286,,,2026-09-21
sh688287,,,2026-06-09
sh688288,,,2026-09-21
sh688289,,,2026-09-21
sh688290,,,2026-09-21
sh688291,,,2026-09-21
sh688292,,,2026-09-21
sh688293,,,2026-09-21
sh688295,,,2026-09-21
sh688296,,,2026-09-21
sh688297,,,2026-09-21
sh688298,,,2026-09-21
sh688299,,,2026-09-21
sh688300,,,2026-09-21
sh688301,,,2026-09-21
sh688302,,,2026-09-21
sh688303,,,2026-09-21
sh688305,,,2026-09-21
sh688306,,,2026-09-21
sh688307,,,2026-09-21
sh688308,,,2026-09-21
sh688309,,,2026-09-21
sh688310,,,2026-09-21
sh688311,,,2026-09-21
sh688312,,,2026-09-21
sh688313,,,2026-09-21
sh688314,,,2026-09-21
sh688315,,,2026-09-21
sh688316,,,2026-09-21
sh688317,,,2026-09-21
sh688318,,,2026-09-21
sh688319,,,2026-09-21
sh688320,,,2026-09-21
sh688321,,,2026-09-21
sh688323,,,2026-09-21
sh688325,,,2026-09-21
sh688327,,,2026-09-21
sh688328,,,2026-09-21
sh688329,,,2026-09-21
sh688330,,,2026-09-21
sh688331,,,2026-09-21
sh688332,,,2026-09-21
sh688334,,,2026-09-21
sh688335,,,2026-09-21
sh688336,,,2026-09-21
sh688337,,,2026-09-21
sh688338,,,2026-09-21
sh688339,,,2026-09-21
sh688343,,,2026-09-21
sh688348,,,2026-09-21
sh688349,,,2026-09-21
sh688350,,,2026-09-21
sh688353,,,2026-09-21
sh688355,,,2026-09-21
sh688356,,,2026-09-21
sh688357,,,2026-09-21
sh688358,,,2026-09-21
sh688360,,,2026-09-21
sh688361,,,2026-09-21
sh688363,,,2026-09-21
sh688365,,,2026-09-21
sh688366,,,2026-09-21
sh688367,,,2026-09-21
sh688368,,,2026-09-21
sh688369,,,2026-09-21
sh688370,,,2026-09-21
sh688372,,,2026-09-21
sh688373,,,2026-09-21
sh688375,,,2026-09-21
sh688376,,,2026-09-21
sh688377,,,2026-09-21
sh688378,,,2026-09-21
sh688379,,,2026-09-21
sh688380,,,2026-09-21
sh688382,,,2026-09-21
sh688383,,,2026-09-21
sh688385,,,2026-09-21
sh688386,,,2026-09-21
sh688387,,,2026-09-21
sh688388,,,2026-09-21
sh688389,,,2026-09-21
sh688390,,,2026-09-21
sh688391,,,2026-09-21
sh688392,,,2026-09-21
sh688393,,,2026-09-21
sh688395,,,2026-09-21
sh688396,,,2026-09-21
sh688398,,,2026-09-21
sh688399,,,2026-09-21
sh688400,,,2026-09-21
sh688401,,,2026-09-21
sh688403,,,2026-09-21
sh688408,,,2026-09-21
sh688409,,,2026-09-21
sh688410,,,2026-09-21
sh688411,,,2026-09-21
sh688416,,,2026-09-21
sh688418,,,2026-09-21
sh688420,,,2026-09-21
sh688426,,,2026-09-21
sh688428,,,2026-09-21
sh688429,,,2026-09-21
sh688432,,,2026-09-21
sh688433,,,2026-09-21
sh688435,,,2026-09-21
sh688443,,,2026-09-21
sh688448,,,2026-09-21
sh688450,,,2026-09-21
sh688456,,,2026-09-21
sh688458,,,2026-09-21
sh688459,,,2026-09-21
sh688466,,,2026-09-21
sh688468,,,2026-09-21
sh688472,,,2026-09-21
sh688475,,,2026-09-21
sh688478,,,2026-09-21
sh688479,,,2026-09-21
sh688480,,,2026-09-21
sh688484,,,2026-09-21
sh688485,,,2026-09-21
sh688486,,,2026-09-21
sh688488,,,2026-09-21
sh688496,,,2026-09-11
sh688498,,,2026-09-21
sh688499,,,2026-09-21
sh688500,,,2026-09-21
sh688501,,,2026-09-21
sh688502,,,2026-09-21
sh688505,,,2026-09-21
sh688506,,,2026-09-21
sh688507,,,2026-09-21
sh688508,,,2026-09-21
sh688509,,,2026-09-21
sh688510,,,2026-09-21
sh688511,,,2026-09-21
sh688512,,,2026-09-21
sh688513,,,2026-09-21
sh688515,,,2026-09-21
sh688516,,,2026-09-21
sh688517,,,2026-09-21
sh688518,,,2026-09-21
sh688519,,,2026-09-21
sh688520,,,2026-09-21
sh688521,,,2026-09-21
sh688522,,,2026-09-21
sh688523,,,2026-09-21
sh688525,,,2026-09-21
sh688526,,,2026-09-21
sh688528,,,2026-09-21
sh688529,,,2026-09-21
sh688530,,,2026-09-21
sh688531,,,2026-09-21
sh688533,,,2026-09-21
sh688535,,,2026-09-21
sh688536,,,2026-09-21
sh688538,,,2026-09-21
sh688539,,,2026-09-21
sh688543,,,2026-09-21
sh688545,,,2026-09-21
sh688548,,,2026-09-21
sh688549,,,2026-09-21
sh688550,,,2026-09-21
sh688551,,,2026-09-21
sh688552,,,2026-09-21
sh688553,,,2026-09-21
sh688555,,,2023-06-30
sh688556,,,2026-09-21
sh688557,,,2026-09-21
sh688558,,,2026-09-21
sh688559,,,2026-09-21
sh688560,,,2026-09-21
sh688561,,,2026-09-21
sh688562,,,2026-09-21
sh688563,,,2026-09-21
sh688565,,,2026-09-21
sh688566,,,2026-09-21
sh688567,,,2026-09-21
sh688568,,,2026-09-21
sh688569,,,2026-09-21
sh688570,,,2026-09-21
sh688571,,,2026-09-21
sh688573,,,2026-09-21
sh688576,,,2026-09-21
sh688577,,,2026-09-21
sh688578,,,2026-09-21
sh688579,,,2026-09-21
sh688580,,,2026-09-21
sh688581,,,2026-09-21
sh688582,,,2026-09-21
sh688583,,,2026-09-21
sh688584,,,2026-09-21
sh688585,,,2026-09-21
sh688588,,,2026-09-21
sh688590,,,2026-09-21
sh688592,,,2026-09-21
sh688593,,,2026-09-21
sh688595,,,2026-09-21
sh688597,,,2026-09-21
sh688598,,,2026-09-21
sh688599,,,2026-09-21
sh688600,,,2026-09-21
sh688601,,,2026-09-21
sh688602,,,2026-09-21
sh688603,,,2026-09-21
sh688605,,,2026-09-21
sh688606,,,2026-09-21
sh688607,,,2026-09-21
sh688609,,,2026-09-21
sh688610,,,2026-09-21
sh688611,,,2026-09-21
sh688612,,,2026-09-21
sh688613,,,2026-09-21
sh688616,,,2026-09-21
sh688617,,,2026-09-21
sh688618,,,2026-09-21
sh688619,,,2026-09-21
sh688620,,,2026-09-21
sh688621,,,2026-09-21
sh688622,,,2026-09-21
sh688623,,,2026-09-21
sh688625,,,2026-09-21
sh688626,,,2026-09-21
sh688627,,,2026-09-21
sh688628,,,2026-09-21
sh688629,,,2026-09-21
sh688630,,,2026-09-21
sh688631,,,2026-09-21
sh688635,,,2026-09-21
sh688636,,,2026-09-21
sh688638,,,2026-09-21
sh688639,,,2026-09-21
sh688646,,,2026-09-21
sh688648,,,2026-09-21
sh688651,,,2026-09-21
sh688652,,,2026-09-21
sh688653,,,2026-09-21
sh688656,,,2026-09-21
sh688657,,,2026-09-21
sh688658,,,2026-09-21
sh688660,,,2026-09-21
sh688661,,,2026-09-21
sh688662,,,2026-09-21
sh688663,,,2026-09-21
sh688665,,,2026-09-21
sh688667,,,2026-09-21
sh688668,,,2026-09-21
sh688669,,,2026-09-21
sh688670,,,2026-09-21
sh688671,,,2026-09-21
sh688676,,,2026-09-21
sh688677,,,2026-09-21
sh688678,,,2026-09-21
sh688679,,,2026-09-21
sh688680,,,2026-09-21
sh688681,,,2026-09-21
sh688682,,,2026-09-21
sh688683,,,2026-09-21
sh688685,,,2026-09-21
sh688686,,,2026-09-21
sh688687,,,2026-09-21
sh688689,,,2026-09-21
sh688691,,,2026-09-21
sh688692,,,2026-09-21
sh688693,,,2026-09-21
sh688695,,,2026-09-21
sh688696,,,2026-09-21
sh688697,,,2026-09-21
sh688698,,,2026-09-21
sh688700,,,2026-09-21
sh688701,,,2026-09-21
sh688702,,,2026-09-21
sh688707,,,2026-09-21
sh688709,,,2026-09-21
sh688710,,,2026-09-21
sh688711,,,2026-09-21
sh688712,,,2026-09-21
sh688716,,,2026-09-21
sh688717,,,2026-09-21
sh688718,,,2026-09-21
sh688719,,,2026-09-21
sh688720,,,2026-09-21
sh688721,,,2026-09-21
sh688722,,,2026-09-21
sh688727,,,2026-09-21
sh688728,,,2026-09-21
sh688729,,,2026-09-21
sh688733,,,2026-09-21
sh688737,,,2026-09-21
sh688750,,,2026-09-21
sh688755,,,2026-09-21
sh688757,,,2026-09-21
sh688759,,,2026-09-21
sh688765,,,2026-09-21
sh688766,,,2026-09-21
sh688767,,,2026-09-21
sh688768,,,2026-09-21
sh688775,,,2026-09-21
sh688776,,,2026-09-21
sh688777,,,2026-09-21
sh688778,,,2026-09-21
sh688781,,,2026-09-21
sh688783,,,2026-09-21
sh688785,,,2026-09-21
sh688786,,,2026-09-21
sh688787,,,2026-09-21
sh688788,,,2026-09-21
sh688790,,,2026-09-21
sh688795,,,2026-09-21
sh688796,,,2026-09-21
sh688797,,,2026-09-21
sh688799,,,2026-09-21
sh688800,,,2026-09-21
sh688802,,,2026-09-21
sh688805,,,2026-09-21
sh688806,,,2026-09-21
sh688807,,,2026-09-21
sh688808,,,2026-09-21
sh688809,,,2026-09-21
sh688811,,,2026-09-21
sh688813,,,2026-09-21
sh688816,,,2026-09-21
sh688818,,,2026-09-21
sh688820,,,2026-09-21
sh688825,,,2026-09-21
sh688826,,,2026-09-21
sh688828,,,2026-09-21
sh688835,,,2026-09-21
sh688836,,,2026-09-21
sh688981,,,2026-09-21
sh900935,,,2016-12-05
sh900951,,,2020-08-20
sh900953,,,2024-06-11
sh900956,,,2020-11-04
sh900957,,,2025-06-09
sz000001,,,2026-09-21
sz000002,,,2026-09-21
sz000003,,,2002-06-13
sz000004,,,2026-07-13
sz000005,,,2024-03-05
sz000006,,,2026-09-21
sz000007,,,2026-09-21
sz000009,,,2026-09-21
sz000010,,,2026-09-21
sz000011,,,2026-09-21
sz000012,,,2026-09-21
sz000013,,,2004-04-28
sz000014,,,2026-09-21
sz000015,,,2015-12-29
sz000016,,,2026-09-11
sz000017,,,2026-09-21
sz000018,,,2020-01-06
sz000019,,,2026-09-21
sz000020,,,2026-09-21
sz000021,,,2026-09-21
sz000023,,,2024-07-24
sz000024,,,2015-12-07
sz000025,,,2026-09-21
sz000026,,,2026-09-21
sz000027,,,2026-09-21
sz000028,,,2026-09-21
sz000029,,,2026-09-21
sz000030,,,2026-09-21
sz000031,,,2026-09-21
sz000032,,,2026-09-21
sz000033,,,2017-07-06
sz000034,,,2026-09-21
sz000035,,,2026-09-21
sz000036,,,2026-09-21
sz000037,,,2026-09-21
sz000038,,,2023-07-11
sz000039,,,2026-09-21
sz000040,,,2025-03-31
sz000042,,,2026-09-21
sz000045,,,2026-09-21
sz000046,,,2023-12-27
sz000047,,,2003-04-29
sz000048,,,2026-09-21
sz000049,,,2026-09-21
sz000050,,,2026-09-21
sz000056,,,2026-09-21
sz000058,,,2026-09-21
sz000059,,,2026-09-21
sz000060,,,2026-09-21
sz000061,,,2026-09-21
sz000062,,,2026-09-21
sz000063,,,2026-09-21
sz000065,,,2026-09-21
sz000066,,,2026-09-21
sz000068,,,2026-09-21
sz000069,,,2026-09-21
sz000070,,,2026-09-21
sz000078,,,2026-09-21
sz000088,,,2026-09-21
sz000089,,,2026-09-21
sz000090,,,2026-09-21
sz000096,,,2026-09-21
sz000099,,,2026-09-21
sz000100,,,2026-09-21
sz000150,,,2023-04-27
sz000151,,,2026-09-21
sz000153,,,2026-09-21
sz000155,,,2026-09-21
sz000156,,,2026-09-21
sz000157,,,2026-09-21
sz000158,,,2026-09-21
sz000159,,,2026-09-21
sz000166,,,2026-09-21
sz000301,,,2026-09-21
sz000333,,,2026-09-21
sz000338,,,2026-09-21
sz000400,,,2026-09-21
sz000401,,,2026-09-21
sz000402,,,2026-09-21
sz000403,,,2026-09-21
sz000404,,,2026-09-21
sz000405,,,2006-04-20
sz000406,,,2006-04-06
sz000407,,,2026-09-21
sz000408,,,2026-09-21
sz000409,,,2026-09-21
sz000410,,,2026-09-21
sz000411,,,2026-09-21
sz000412,,,2013-09-17
sz000413,,,2024-08-14
sz000415,,,2026-09-21
sz000416,,,2024-04-24
sz000417,,,2026-09-21
sz000418,,,2019-05-07
sz000419,,,2026-09-21
sz000420,,,2026-09-21
sz000421,,,2026-09-21
sz000422,,,2026-09-21
sz000423,,,2026-09-21
sz000425,,,2026-09-21
sz000426,,,2026-09-21
sz000428,,,2026-09-21
sz000429,,,2026-09-21
sz000430,,,2026-09-21
sz000488,,,2026-09-21
sz000501,,,2026-09-21
sz000502,,,2022-06-24
sz000503,,,2026-09-21
sz000504,,,2026-09-21
sz000505,,,2026-09-21
sz000506,,,2026-09-21
sz000509,,,2026-09-21
sz000510,,,2026-09-21
sz000511,,,2018-07-17
sz000513,,,2026-09-21
sz000514,,,2026-09-21
sz000516,,,2026-09-21
sz000517,,,2026-09-21
sz000519,,,2026-09-21
sz000520,,,2026-09-21
sz000521,,,2026-09-21
sz000523,,,2026-09-21
sz000524,,,2026-09-21
sz000525,,,2026-09-21
sz000526,,,2026-09-21
sz000527,,,2013-08-14
sz000528,,,2026-09-21
sz000529,,,2026-09-21
sz000530,,,2026-09-21
sz000531,,,2026-09-21
sz000532,,,2026-09-21
sz000533,,,2026-09-21
sz000534,,,2026-09-21
sz000535,,,2005-04-29
sz000536,,,2026-09-21
sz000537,,,2026-09-21
sz000538,,,2026-09-21
sz000539,,,2026-09-21
sz000540,,,2023-05-18
sz000542,,,2007-04-26
sz000543,,,2026-09-21
sz000545,,,2026-09-21
sz000546,,,2026-09-21
sz000547,,,2026-09-21
sz000548,,,2026-09-21
sz000549,,,2006-12-18
sz000550,,,2026-09-21
sz000551,,,2026-09-21
sz000552,,,2026-09-21
sz000553,,,2026-09-21
sz000554,,,2026-09-21
sz000555,,,2026-09-21
sz000556,,,2015-01-23
sz000557,,,2026-09-21
sz000558,,,2026-09-21
sz000559,,,2026-09-21
sz000560,,,2026-09-21
sz000561,,,2026-09-21
sz000562,,,2014-12-09
sz000563,,,2026-09-21
sz000564,,,2026-09-21
sz000565,,,2026-09-21
sz000566,,,2026-09-21
sz000567,,,2026-09-21
sz000568,,,2026-09-21
sz000569,,,2011-03-21
sz000571,,,2026-09-21
sz000572,,,2026-09-21
sz000573,,,2026-09-21
sz000576,,,2026-09-21
sz000578,,,2011-02-18
sz000581,,,2026-09-21
sz000582,,,2026-09-21
sz000583,,,2015-07-10
sz000584,,,2025-07-10
sz000585,,,2022-05-23
sz000586,,,2026-09-21
sz000587,,,2023-02-02
sz000589,,,2026-09-21
sz000590,,,2026-09-21
sz000591,,,2026-09-21
sz000592,,,2026-09-21
sz000593,,,2026-09-21
sz000594,,,2015-07-10
sz000595,,,2026-09-21
sz000596,,,2026-09-21
sz000597,,,2026-09-21
sz000599,,,2026-09-21
sz000600,,,2026-09-21
sz000601,,,2026-09-21
sz000603,,,2026-09-21
sz000605,,,2026-09-21
sz000606,,,2023-07-05
sz000607,,,2026-09-21
sz000608,,,2026-09-21
sz000609,,,2026-09-21
sz000610,,,2026-09-21
sz000611,,,2022-06-27
sz000612,,,2026-09-21
sz000613,,,2022-06-28
sz000616,,,2023-06-13
sz000617,,,2026-09-21
sz000618,,,2006-02-10
sz000619,,,2026-09-21
sz000620,,,2026-09-21
sz000621,,,2004-04-16
sz000622,,,2025-07-15
sz000625,,,2026-09-21
sz000626,,,2026-09-21
sz000627,,,2025-08-13
sz000628,,,2026-09-21
sz000629,,,2026-09-21
sz000630,,,2026-09-21
sz000631,,,2026-09-21
sz000632,,,2026-09-21
sz000633,,,2026-09-21
sz000635,,,2026-09-21
sz000636,,,2026-09-21
sz000637,,,2026-09-21
sz000638,,,2026-04-13
sz000639,,,2026-09-21
sz000650,,,2026-09-21
sz000651,,,2026-09-21
sz000652,,,2026-09-21
sz000653,,,2002-04-17
sz000655,,,2026-09-21
sz000656,,,2026-09-21
sz000657,,,2026-09-21
sz000658,,,2004-04-28
sz000659,,,2026-09-21
sz000660,,,2004-04-21
sz000661,,,2026-09-21
sz000662,,,2021-04-09
sz000663,,,2026-09-21
sz000665,,,2026-09-21
sz000666,,,2023-08-31
sz000667,,,2023-05-25
sz000668,,,2026-09-21
sz000669,,,2026-09-21
sz000670,,,2026-09-21
sz000671,,,2023-06-09
sz000672,,,2026-09-21
sz000673,,,2022-07-01
sz000675,,,2002-04-23
sz000676,,,2026-09-21
sz000677,,,2026-09-21
sz000678,,,2026-09-21
sz000679,,,2026-09-21
sz000680,,,2026-09-21
sz000681,,,2026-09-21
sz000682,,,2026-09-21
sz000683,,,2026-09-21
sz000686,,,2026-09-21
sz000687,,,2022-06-16
sz000688,,,2026-09-21
sz000689,,,2006-05-12
sz000690,,,2026-09-21
sz000691,,,2026-09-21
sz000692,,,2026-09-21
sz000693,,,2019-07-08
sz000695,,,2026-09-21
sz000697,,,2026-09-21
sz000698,,,2026-09-21
sz000699,,,2006-04-28
sz000700,,,2026-09-21
sz000701,,,2026-09-21
sz000702,,,2026-09-21
sz000703,,,2026-09-21
sz000705,,,2026-09-21
sz000707,,,2026-09-21
sz000708,,,2026-09-21
sz000709,,,2026-09-21
sz000710,,,2026-09-21
sz000711,,,2026-09-21
sz000712,,,2026-09-21
sz000713,,,2026-09-21
sz000715,,,2026-09-21
sz000716,,,2026-09-21
sz000717,,,2026-09-21
sz000718,,,2026-09-21
sz000719,,,2026-09-21
sz000720,,,2026-09-21
sz000721,,,2026-09-21
sz000722,,,2026-09-21
sz000723,,,2026-09-21
sz000726,,,2026-09-21
sz000727,,,2026-09-21
sz000728,,,2026-09-21
sz000729,,,2026-09-21
sz000730,,,2005-12-30
sz000731,,,2026-09-21
sz000732,,,2023-06-02
sz000733,,,2026-09-21
sz000735,,,2026-09-21
sz000736,,,2026-09-21
sz000737,,,2026-09-21
sz000738,,,2026-09-21
sz000748,,,2016-10-31
sz000750,,,2026-09-21
sz000751,,,2026-09-21
sz000752,,,2026-09-21
sz000753,,,2026-09-21
sz000755,,,2026-09-21
sz000756,,,2026-09-21
sz000757,,,2026-09-21
sz000758,,,2026-09-21
sz000759,,,2026-09-21
sz000760,,,2021-07-22
sz000761,,,2026-09-21
sz000762,,,2026-09-21
sz000763,,,2005-12-14
sz000765,,,2005-06-01
sz000766,,,2026-09-21
sz000767,,,2026-09-21
sz000769,,,2007-05-23
sz000776,,,2026-09-21
sz000777,,,2026-09-21
sz000778,,,2026-09-21
sz000779,,,2026-09-21
sz000780,,,2021-12-16
sz000783,,,2026-09-21
sz000785,,,2026-09-21
sz000786,,,2026-09-21
sz000787,,,2007-04-27
sz000788,,,2026-09-21
sz000789,,,2026-09-21
sz000790,,,2026-09-21
sz000791,,,2026-09-21
sz000792,,,2026-09-21
sz000793,,,2026-09-21
sz000795,,,2026-09-21
sz000796,,,2026-09-21
sz000797,,,2026-09-21
sz000798,,,2026-09-21
sz000799,,,2026-09-21
sz000800,,,2026-09-21
sz000801,,,2026-09-21
sz000802,,,2026-09-21
sz000803,,,2026-09-21
sz000805,,,2006-04-28
sz000806,,,2023-07-05
sz000807,,,2026-09-21
sz000809,,,2026-09-21
sz000810,,,2026-09-21
sz000811,,,2026-09-21
sz000812,,,2026-09-21
sz000813,,,2026-09-21
sz000815,,,2026-09-21
sz000816,,,2026-09-21
sz000817,,,2005-12-14
sz000818,,,2026-09-21
sz000819,,,2026-09-21
sz000820,,,2026-09-21
sz000821,,,2026-09-21
sz000822,,,2026-09-21
sz000825,,,2026-09-21
sz000826,,,2026-09-21
sz000827,,,2005-05-17
sz000828,,,2026-09-21
sz000829,,,2026-09-21
sz000830,,,2026-09-21
sz000832,,,2006-04-20
sz000833,,,2026-09-21
sz000835,,,2022-05-20
sz000836,,,2024-06-17
sz000837,,,2026-09-21
sz000838,,,2026-09-21
sz000839,,,2026-09-21
sz000848,,,2026-09-21
sz000851,,,2025-09-26
sz000852,,,2026-09-21
sz000858,,,2026-09-21
sz000859,,,2026-09-21
sz000860,,,2026-09-21
sz000861,,,2024-08-05
sz000862,,,2026-09-21
sz000863,,,2026-09-21
sz000866,,,2006-04-20
sz000868,,,2026-09-21
sz000869,,,2026-09-21
sz000875,,,2026-09-21
sz000876,,,2026-09-21
sz000877,,,2026-09-21
sz000878,,,2026-09-21
sz000880,,,2026-09-21
sz000881,,,2026-09-21
sz000882,,,2026-09-21
sz000883,,,2026-09-21
sz000885,,,2026-09-21
sz000886,,,2026-09-21
sz000887,,,2026-09-21
sz000888,,,2026-09-21
sz000889,,,2026-09-21
sz000890,,,2026-09-21
sz000892,,,2026-09-21
sz000893,,,2026-09-21
sz000895,,,2026-09-21
sz000897,,,2026-09-21
sz000898,,,2026-09-21
sz000899,,,2026-09-21
sz000900,,,2026-09-21
sz000901,,,2026-09-21
sz000902,,,2026-09-21
sz000903,,,2026-09-21
sz000905,,,2026-09-21
sz000906,,,2026-09-21
sz000908,,,2026-09-21
sz000909,,,2026-09-21
sz000910,,,2026-09-21
sz000911,,,2026-09-21
sz000913,,,2026-09-21
sz000915,,,2026-09-21
sz000916,,,2017-12-04
sz000917,,,2026-09-21
sz000918,,,2023-05-31
sz000919,,,2026-09-21
sz000920,,,2026-09-21
sz000921,,,2026-09-21
sz000922,,,2026-09-21
sz000923,,,2026-09-21
sz000925,,,2026-09-21
sz000926,,,2026-09-21
sz000927,,,2026-09-21
sz000928,,,2026-09-21
sz000929,,,2026-09-21
sz000930,,,2026-09-21
sz000931,,,2026-09-21
sz000932,,,2026-09-21
sz000933,,,2026-09-21
sz000935,,,2026-09-21
sz000936,,,2026-09-21
sz000939,,,2020-12-16
sz000948,,,2026-09-21
sz000949,,,2026-09-21
sz000950,,,2026-09-21
sz000951,,,2026-09-21
sz000952,,,2026-09-21
sz000953,,,2026-09-21
sz000955,,,2026-09-21
sz000956,,,2006-04-06
sz000957,,,2026-09-21
sz000958,,,2026-09-21
sz000959,,,2026-09-21
sz000960,,,2026-09-21
sz000961,,,2024-05-08
sz000962,,,2026-09-21
sz000963,,,2026-09-21
sz000965,,,2026-09-21
sz000966,,,2026-09-21
sz000967,,,2026-09-21
sz000968,,,2026-09-21
sz000969,,,2026-09-21
sz000970,,,2026-09-21
sz000971,,,2024-06-04
sz000972,,,2026-09-21
sz000973,,,2026-09-21
sz000975,,,2026-09-21
sz000976,,,2024-07-25
sz000977,,,2026-09-21
sz000978,,,2026-09-21
sz000979,,,2018-12-27
sz000980,,,2026-09-21
sz000981,,,2026-09-21
sz000982,,,2024-06-21
sz000983,,,2026-09-21
sz000985,,,2026-09-21
sz000987,,,2026-09-21
sz000988,,,2026-09-21
sz000989,,,2026-09-21
sz000990,,,2026-09-21
sz000993,,,2026-09-21
sz000995,,,2026-09-21
sz000996,,,2024-06-27
sz000997,,,2026-09-21
sz000998,,,2026-09-21
sz000999,,,2026-09-21
sz001201,,,2026-09-21
sz001202,,,2026-09-21
sz001203,,,2026-09-21
sz001205,,,2026-09-21
sz001206,,,2026-09-21
sz001207,,,2026-09-21
sz001208,,,2026-09-21
sz001209,,,2026-09-21
sz001210,,,2026-09-21
sz001211,,,2026-09-21
sz001212,,,2026-09-21
sz001215,,,2026-09-21
sz001216,,,2026-09-21
sz001217,,,2026-09-21
sz001218,,,2026-09-21
sz001219,,,2026-09-21
sz001220,,,2026-09-21
sz001221,,,2026-09-21
sz001222,,,2026-09-21
sz001223,,,2026-09-21
sz001225,,,2026-09-21
sz001226,,,2026-09-21
sz001227,,,2026-09-21
sz001228,,,2026-09-21
sz001231,,,2026-09-21
sz001232,,,2026-09-21
sz001233,,,2026-09-21
sz001234,,,2026-09-21
sz001236,,,2026-09-21
sz001237,,,2026-09-21
sz001238,,,2026-09-21
sz001239,,,2026-09-21
sz001248,,,2026-09-21
sz001255,,,2026-09-21
sz001256,,,2026-09-21
sz001257,,,2026-09-21
sz001258,,,2026-09-21
sz001259,,,2026-09-21
sz001260,,,2026-09-21
sz001266,,,2026-09-21
sz001267,,,2026-09-21
sz001268,,,2026-09-21
sz001269,,,2026-09-21
sz001270,,,2026-09-21
sz001277,,,2026-09-21
sz001278,,,2026-09-21
sz001279,,,2026-09-21
sz001280,,,2026-09-21
sz001282,,,2026-09-21
sz001283,,,2026-09-21
sz001285,,,2026-09-21
sz001286,,,2026-09-21
sz001287,,,2026-09-21
sz001288,,,2026-09-21
sz001289,,,2026-09-21
sz001296,,,2026-09-21
sz001298,,,2026-09-21
sz001300,,,2026-09-21
sz001301,,,2026-09-21
sz001306,,,2026-09-21
sz001309,,,2026-09-21
sz001311,,,2026-09-21
sz001312,,,2026-09-21
sz001313,,,2026-09-21
sz001314,,,2026-09-21
sz001316,,,2026-09-21
sz001317,,,2026-09-21
sz001318,,,2026-09-21
sz001319,,,2026-09-21
sz001322,,,2026-09-21
sz001323,,,2026-09-21
sz001324,,,2026-09-21
sz001325,,,2026-09-21
sz001326,,,2026-09-21
sz001328,,,2026-09-21
sz001330,,,2026-09-21
sz001331,,,2026-09-21
sz001332,,,2026-09-21
sz001333,,,2026-09-21
sz001335,,,2026-09-21
sz001336,,,2026-09-21
sz001337,,,2026-09-21
sz001338,,,2026-09-21
sz001339,,,2026-09-21
sz001356,,,2026-09-21
sz001358,,,2026-09-21
sz001359,,,2026-09-21
sz001360,,,2026-09-21
sz001365,,,2026-09-21
sz001366,,,2026-09-21
sz001367,,,2026-09-21
sz001368,,,2026-09-21
sz001369,,,2026-09-21
sz001373,,,2026-09-21
sz001376,,,2026-09-21
sz001378,,,2026-09-21
sz001379,,,2026-09-21
sz001380,,,2026-09-21
sz001382,,,2026-09-21
sz001386,,,2026-09-21
sz001387,,,2026-09-21
sz001388,,,2026-09-21
sz001389,,,2026-09-21
sz001390,,,2026-09-21
sz001391,,,2026-09-21
sz001393,,,2026-09-21
sz001395,,,2026-09-21
sz001396,,,2026-09-21
sz001399,,,2026-09-21
sz001400,,,2026-09-21
sz001696,,,2026-09-21
sz001872,,,2026-09-21
sz001896,,,2026-09-21
sz001914,,,2026-09-21
sz001965,,,2026-09-21
sz001979,,,2026-09-21
sz002001,,,2026-09-21
sz002002,,,2024-01-18
sz002003,,,2026-09-21
sz002004,,,2026-09-21
sz002005,,,2026-09-21
sz002006,,,2026-09-21
sz002007,,,2026-09-21
sz002008,,,2026-09-21
sz002009,,,2026-09-21
sz002010,,,2026-09-21
sz002011,,,2026-09-21
sz002012,,,2026-09-21
sz002013,,,2023-02-07
sz002014,,,2026-09-21
sz002015,,,2026-09-21
sz002016,,,2026-09-21
sz002017,,,2026-09-21
sz002018,,,2019-10-31
sz002019,,,2026-09-21
sz002020,,,2026-09-21
sz002021,,,2026-09-21
sz002022,,,2026-09-21
sz002023,,,2026-09-21
sz002024,,,2026-09-21
sz002025,,,2026-09-21
sz002026,,,2026-09-21
sz002027,,,2026-09-21
sz002028,,,2026-09-21
sz002029,,,2026-09-21
sz002030,,,2026-09-21
sz002031,,,2026-09-21
sz002032,,,2026-09-21
sz002034,,,2026-09-21
sz002035,,,2026-09-21
sz002036,,,2026-09-21
sz002037,,,2026-09-21
sz002038,,,2026-09-21
sz002039,,,2026-09-21
sz002040,,,2026-09-21
sz002041,,,2026-09-21
sz002042,,,2026-09-21
sz002043,,,2026-09-21
sz002044,,,2026-09-21
sz002045,,,2026-09-21
sz002046,,,2026-09-21
sz002047,,,2026-09-21
sz002048,,,2026-09-21
sz002049,,,2026-09-21
sz002050,,,2026-09-21
sz002051,,,2026-09-21
sz002052,,,2026-09-21
sz002053,,,2026-09-21
sz002054,,,2026-09-21
sz002055,,,2026-09-21
sz002056,,,2026-09-21
sz002057,,,2026-09-21
sz002058,,,2026-09-21
sz002059,,,2026-09-21
sz002060,,,2026-09-21
sz002061,,,2026-09-21
sz002062,,,2026-09-21
sz002063,,,2026-09-21
sz002064,,,2026-09-21
sz002065,,,2026-09-21
sz002066,,,2026-09-21
sz002067,,,2026-09-21
sz002068,,,2026-09-21
sz002070,,,2019-07-08
sz002071,,,2021-05-06
sz002072,,,2026-09-21
sz002073,,,2026-09-21
sz002074,,,2026-09-21
sz002075,,,2026-09-21
sz002076,,,2026-09-21
sz002077,,,2026-09-21
sz002078,,,2026-09-21
sz002079,,,2026-09-21
sz002080,,,2026-09-21
sz002081,,,2026-09-21
sz002082,,,2026-09-21
sz002083,,,2026-09-21
sz002084,,,2026-09-21
sz002085,,,2026-09-21
sz002086,,,2026-09-21
sz002087,,,2024-06-27
sz002088,,,2026-09-21
sz002089,,,2024-04-17
sz002090,,,2026-09-21
sz002091,,,2026-09-21
sz002092,,,2026-09-21
sz002093,,,2026-09-21
sz002094,,,2026-09-21
sz002095,,,2026-09-21
sz002096,,,2026-09-21
sz002097,,,2026-09-21
sz002098,,,2026-09-21
sz002099,,,2026-09-21
sz002100,,,2026-09-21
sz002101,,,2026-09-21
sz002102,,,2026-09-21
sz002103,,,2026-09-21
sz002104,,,2026-09-21
sz002106,,,2026-09-21
sz002107,,,2026-09-21
sz002108,,,2026-09-21
sz002109,,,2026-09-21
sz002110,,,2026-09-21
sz002112,,,2026-09-21
sz002113,,,2023-06-12
sz002114,,,2026-09-21
sz002115,,,2026-09-21
sz002116,,,2026-09-21
sz002117,,,2026-09-21
sz002118,,,2023-06-15
sz002119,,,2026-09-21
sz002120,,,2026-09-21
sz002121,,,2026-09-21
sz002122,,,2026-09-21
sz002123,,,2026-09-21
sz002124,,,2026-09-21
sz002125,,,2026-09-21
sz002126,,,2026-09-21
sz002127,,,2026-09-21
sz002128,,,2026-09-21
sz002129,,,2026-09-21
sz002130,,,2026-09-21
sz002131,,,2026-09-21
sz002132,,,2026-09-21
sz002133,,,2026-09-21
sz002134,,,2026-09-21
sz002135,,,2026-09-21
sz002136,,,2026-09-21
sz002137,,,2026-09-21
sz002139,,,2026-09-21
sz002140,,,2026-09-21
sz002142,,,2026-09-21
sz002143,,,2019-11-28
sz002144,,,2026-09-21
sz002145,,,2026-09-21
sz002146,,,2026-09-21
sz002147,,,2022-06-22
sz002148,,,2026-09-21
sz002149,,,2026-09-21
sz002150,,,2026-09-21
sz002151,,,2026-09-21
sz002152,,,2026-09-21
sz002153,,,2026-09-21
sz002154,,,2026-09-21
sz002155,,,2026-09-21
sz002156,,,2026-09-21
sz002157,,,2026-09-21
sz002158,,,2026-09-21
sz002159,,,2026-09-21
sz002160,,,2026-09-21
sz002161,,,2026-09-21
sz002162,,,2026-09-21
sz002163,,,2026-09-21
sz002164,,,2026-09-21
sz002165,,,2026-09-21
sz002166,,,2026-09-21
sz002167,,,2026-09-21
sz002168,,,2026-09-21
sz002169,,,2026-09-21
sz002170,,,2026-09-21
sz002171,,,2026-09-21
sz002172,,,2026-09-21
sz002173,,,2026-09-21
sz002174,,,2026-09-21
sz002175,,,2026-09-21
sz002176,,,2026-09-21
sz002177,,,2026-09-21
sz002178,,,2026-09-21
sz002179,,,2026-09-21
sz002180,,,2026-09-21
sz002181,,,2026-09-21
sz002182,,,2026-09-21
sz002183,,,2026-09-21
sz002184,,,2026-09-21
sz002185,,,2026-09-21
sz002186,,,2026-09-21
sz002187,,,2026-09-21
sz002188,,,2026-09-21
sz002189,,,2026-09-21
sz002190,,,2026-09-21
sz002191,,,2026-09-21
sz002192,,,2026-09-21
sz002193,,,2026-09-21
sz002194,,,2026-09-21
sz002195,,,2026-09-21
sz002196,,,2026-09-21
sz002197,,,2026-09-21
sz002198,,,2026-09-21
sz002199,,,2026-09-21
sz002200,,,2026-09-21
sz002201,,,2026-09-21
sz002202,,,2026-09-21
sz002203,,,2026-09-21
sz002204,,,2026-09-21
sz002205,,,2026-09-21
sz002206,,,2026-09-21
sz002207,,,2026-09-21
sz002208,,,2026-09-21
sz002209,,,2026-09-21
sz002210,,,2026-09-21
sz002211,,,2026-09-21
sz002212,,,2026-09-21
sz002213,,,2026-09-21
sz002214,,,2026-09-21
sz002215,,,2026-09-21
sz002216,,,2026-09-21
sz002217,,,2026-09-21
sz002218,,,2026-09-21
sz002219,,,2026-09-21
sz002220,,,2020-08-10
sz002221,,,2026-09-21
sz002222,,,2026-09-21
sz002223,,,2026-09-21
sz002225,,,2026-09-21
sz002226,,,2026-09-21
sz002227,,,2026-09-21
sz002228,,,2026-09-21
sz002229,,,2026-09-21
sz002230,,,2026-09-21
sz002231,,,2026-04-01
sz002232,,,2026-09-21
sz002233,,,2026-09-21
sz002234,,,2026-09-21
sz002235,,,2026-09-21
sz002236,,,2026-09-21
sz002237,,,2026-09-21
sz002238,,,2026-09-21
sz002239,,,2026-09-21
sz002240,,,2026-09-21
sz002241,,,2026-09-21
sz002242,,,2026-09-21
sz002243,,,2026-09-21
sz002244,,,2026-09-21
sz002245,,,2026-09-21
sz002246,,,2026-09-21
sz002247,,,2026-09-21
sz002248,,,2026-09-21
sz002249,,,2026-09-21
sz002250,,,2026-09-21
sz002251,,,2026-09-21
sz002252,,,2026-09-21
sz002253,,,2026-09-21
sz002254,,,2026-09-21
sz002255,,,2026-09-21
sz002256,,,2026-09-21
sz002258,,,2026-09-21
sz002259,,,2026-09-21
sz002260,,,2022-06-16
sz002261,,,2026-09-21
sz002262,,,2026-09-21
sz002263,,,2026-09-21
sz002264,,,2026-09-21
sz002265,,,2026-09-21
sz002266,,,2026-09-21
sz002267,,,2026-09-21
sz002268,,,2026-09-21
sz002269,,,2026-09-21
sz002270,,,2026-09-21
sz002271,,,2026-09-21
sz002272,,,2026-09-21
sz002273,,,2026-09-21
sz002276,,,2026-09-21
sz002277,,,2026-09-21
sz002278,,,2026-09-21
sz002279,,,2026-09-21
sz002280,,,2024-06-26
sz002281,,,2026-09-21
sz002282,,,2026-09-21
sz002283,,,2026-09-21
sz002284,,,2026-09-21
sz002285,,,2026-09-21
sz002286,,,2026-09-21
sz002288,,,2024-06-26
sz002289,,,2026-09-21
sz002290,,,2026-09-21
sz002291,,,2026-09-21
sz002292,,,2026-09-21
sz002293,,,2026-09-21
sz002294,,,2026-09-21
sz002295,,,2026-09-21
sz002296,,,2026-09-21
sz002297,,,2026-09-21
sz002298,,,2026-09-21
sz002299,,,2026-09-21
sz002300,,,2026-09-21
sz002301,,,2026-09-21
sz002302,,,2026-09-21
sz002304,,,2026-09-21
sz002305,,,2026-09-21
sz002306,,,2026-09-21
sz002307,,,2026-09-21
sz002308,,,2024-08-22
sz002309,,,2026-09-21
sz002310,,,2026-09-21
sz002311,,,2026-09-21
sz002312,,,2026-09-21
sz002313,,,2026-09-21
sz002314,,,2026-09-21
sz002315,,,2026-09-21
sz002316,,,2026-09-21
sz002318,,,2026-09-21
sz002319,,,2026-09-21
sz002320,,,2026-09-21
sz002322,,,2026-09-21
sz002323,,,2026-09-21
sz002324,,,2026-09-21
sz002325,,,2024-06-28
sz002326,,,2026-09-21
sz002327,,,2026-09-21
sz002328,,,2026-09-21
sz002329,,,2026-09-21
sz002330,,,2026-09-21
sz002331,,,2026-09-21
sz002332,,,2026-09-21
sz002333,,,2026-09-21
sz002334,,,2026-09-21
sz002335,,,2026-09-21
sz002336,,,2025-07-03
sz002337,,,2026-09-21
sz002338,,,2026-09-21
sz002339,,,2026-09-21
sz002340,,,2026-09-21
sz002341,,,2024-07-02
sz002342,,,2026-09-21
sz002343,,,2026-09-21
sz002344,,,2026-09-21
sz002345,,,2026-09-21
sz002347,,,2026-09-21
sz002348,,,2026-09-21
sz002349,,,2026-09-21
sz002350,,,2026-09-21
sz002351,,,2026-09-21
sz002352,,,2026-09-21
sz002353,,,2026-09-21
sz002354,,,2026-09-21
sz002355,,,2026-09-21
sz002356,,,2026-09-21
sz002357,,,2026-09-21
sz002358,,,2026-09-21
sz002359,,,2021-07-22
sz002360,,,2026-09-21
sz002361,,,2026-09-21
sz002362,,,2026-09-21
sz002363,,,2026-09-21
sz002365,,,2026-09-21
sz002366,,,2026-09-21
sz002367,,,2026-09-21
sz002368,,,2026-09-21
sz002369,,,2026-09-21
sz002370,,,2026-09-21
sz002371,,,2026-09-21
sz002372,,,2026-09-21
sz002373,,,2026-09-21
sz002374,,,2026-09-21
sz002375,,,2026-09-21
sz002376,,,2026-09-21
sz002377,,,2026-09-21
sz002378,,,2026-09-21
sz002379,,,2026-09-21
sz002380,,,2026-09-21
sz002381,,,2026-09-21
sz002382,,,2026-09-21
sz002383,,,2026-09-21
sz002384,,,2026-09-21
sz002385,,,2026-09-21
sz002386,,,2026-09-21
sz002387,,,2026-09-21
sz002388,,,2026-09-21
sz002389,,,2026-09-21
sz002390,,,2026-09-21
sz002391,,,2026-09-21
sz002392,,,2026-09-21
sz002393,,,2026-09-21
sz002394,,,2026-09-21
sz002395,,,2026-09-21
sz002397,,,2026-09-21
sz002398,,,2026-09-21
sz002399,,,2026-09-21
sz002400,,,2026-09-21
sz002401,,,2026-09-21
sz002402,,,2026-09-21
sz002403,,,2026-09-21
sz002404,,,2026-09-21
sz002405,,,2026-09-21
sz002406,,,2026-09-21
sz002407,,,2026-09-21
sz002408,,,2026-09-21
sz002409,,,2026-09-21
sz002410,,,2026-09-21
sz002411,,,2023-07-11
sz002412,,,2026-09-21
sz002413,,,2026-09-21
sz002414,,,2026-09-21
sz002415,,,2026-09-21
sz002416,,,2026-09-21
sz002417,,,2023-07-07
sz002418,,,2026-09-21
sz002419,,,2026-09-21
sz002420,,,2026-09-21
sz002421,,,2026-09-21
sz002422,,,2026-09-21
sz002423,,,2026-09-21
sz002424,,,2026-09-21
sz002425,,,2026-09-21
sz002426,,,2026-09-21
sz002427,,,2026-09-21
sz002428,,,2026-09-21
sz002429,,,2026-09-21
sz002430,,,2026-09-21
sz002431,,,2026-09-21
sz002432,,,2026-09-21
sz002433,,,2024-07-04
sz002434,,,2026-09-21
sz002435,,,2024-07-01
sz002436,,,2026-09-21
sz002437,,,2026-09-21
sz002438,,,2026-09-21
sz002439,,,2026-09-21
sz002440,,,2026-09-21
sz002441,,,2026-09-21
sz002442,,,2026-09-21
sz002443,,,2026-09-21
sz002444,,,2026-09-21
sz002445,,,2026-09-21
sz002446,,,2026-09-21
sz002447,,,2022-06-24
sz002448,,,2026-09-21
sz002449,,,2026-09-21
sz002450,,,2021-05-28
sz002451,,,2026-09-21
sz002452,,,2026-09-21
sz002453,,,2026-09-21
sz002454,,,2026-09-21
sz002455,,,2026-09-21
sz002456,,,2026-09-21
sz002457,,,2026-09-21
sz002459,,,2026-09-21
sz002460,,,2026-09-21
sz002461,,,2026-09-21
sz002462,,,2026-09-21
sz002463,,,2026-09-21
sz002464,,,2022-06-27
sz002465,,,2026-09-21
sz002466,,,2026-09-21
sz002467,,,2026-09-21
sz002468,,,2026-09-21
sz002469,,,2026-09-21
sz002470,,,2026-09-21
sz002471,,,2026-09-21
sz002472,,,2026-09-21
sz002473,,,2022-06-21
sz002474,,,2026-09-21
sz002475,,,2026-09-21
sz002476,,,2026-09-21
sz002477,,,2019-10-15
sz002478,,,2026-09-21
sz002480,,,2026-09-21
sz002481,,,2026-09-21
sz002482,,,2026-09-21
sz002483,,,2026-09-21
sz002484,,,2026-09-21
sz002485,,,2026-09-21
sz002486,,,2026-09-21
sz002487,,,2026-09-21
sz002488,,,2026-09-21
sz002489,,,2026-09-21
sz002490,,,2026-09-21
sz002491,,,2026-09-21
sz002492,,,2026-09-21
sz002493,,,2026-09-21
sz002494,,,2026-09-21
sz002495,,,2026-09-21
sz002496,,,2026-09-21
sz002497,,,2026-09-21
sz002498,,,2026-09-21
sz002499,,,2023-04-17
sz002500,,,2026-09-21
sz002501,,,2026-09-21
sz002502,,,2024-07-16
sz002503,,,2023-05-22
sz002504,,,2023-06-12
sz002505,,,2024-07-02
sz002506,,,2026-09-21
sz002507,,,2026-09-21
sz002508,,,2026-09-21
sz002509,,,2020-07-17
sz002510,,,2026-09-21
sz002511,,,2026-09-21
sz002512,,,2026-09-21
sz002513,,,2026-09-21
sz002514,,,2026-09-21
sz002515,,,2026-09-21
sz002516,,,2026-09-21
sz002517,,,2026-09-21
sz002518,,,2026-09-21
sz002519,,,2026-09-21
sz002520,,,2026-09-21
sz002522,,,2026-09-21
sz002523,,,2026-09-21
sz002524,,,2026-09-21
sz002526,,,2026-09-21
sz002527,,,2026-09-21
sz002528,,,2026-09-21
sz002529,,,2026-09-21
sz002530,,,2026-09-21
sz002531,,,2026-09-21
sz002532,,,2026-09-21
sz002533,,,2026-09-21
sz002534,,,2026-09-21
sz002535,,,2026-09-21
sz002536,,,2026-09-21
sz002537,,,2026-09-21
sz002538,,,2026-09-21
sz002539,,,2026-09-21
sz002540,,,2026-09-21
sz002541,,,2026-09-21
sz002542,,,2026-09-21
sz002543,,,2026-09-21
sz002544,,,2026-09-21
sz002545,,,2026-09-21
sz002546,,,2026-09-21
sz002547,,,2026-09-21
sz002548,,,2026-09-21
sz002549,,,2026-09-21
sz002550,,,2026-09-21
sz002551,,,2026-09-21
sz002552,,,2026-09-21
sz002553,,,2026-09-21
sz002555,,,2026-09-21
sz002556,,,2026-09-21
sz002557,,,2026-09-21
sz002558,,,2026-09-21
sz002559,,,2026-09-21
sz002560,,,2026-09-21
sz002561,,,2026-09-21
sz002562,,,2026-09-21
sz002563,,,2026-09-21
sz002564,,,2026-09-21
sz002565,,,2026-09-21
sz002566,,,2026-09-21
sz002567,,,2026-09-21
sz002568,,,2026-09-21
sz002569,,,2026-09-21
sz002570,,,2026-09-21
sz002571,,,2026-09-21
sz002572,,,2026-09-21
sz002573,,,2026-09-21
sz002574,,,2026-09-21
sz002575,,,2026-09-21
sz002576,,,2026-09-21
sz002577,,,2026-09-21
sz002578,,,2026-09-21
sz002580,,,2026-09-21
sz002581,,,2026-09-21
sz002582,,,2026-09-21
sz002583,,,2026-09-21
sz002584,,,2026-09-21
sz002586,,,2026-09-21
sz002587,,,2026-09-21
sz002588,,,2026-09-21
sz002589,,,2026-09-21
sz002590,,,2026-09-21
sz002591,,,2026-09-21
sz002592,,,2026-09-21
sz002593,,,2026-09-21
sz002594,,,2026-09-21
sz002596,,,2026-09-21
sz002597,,,2026-09-21
sz002598,,,2026-09-21
sz002599,,,2026-09-21
sz002600,,,2026-09-21
sz002601,,,2026-09-21
sz002602,,,2026-09-21
sz002603,,,2026-09-21
sz002604,,,2020-07-14
sz002605,,,2026-09-21
sz002606,,,2026-09-21
sz002607,,,2026-09-21
sz002608,,,2026-09-21
sz002609,,,2026-09-21
sz002610,,,2024-06-18
sz002611,,,2026-09-21
sz002612,,,2026-09-21
sz002613,,,2026-09-21
sz002615,,,2026-09-21
sz002617,,,2026-09-21
sz002618,,,2022-06-21
sz002619,,,2022-03-31
sz002620,,,2026-09-21
sz002621,,,2024-06-13
sz002622,,,2026-09-21
sz002623,,,2026-09-21
sz002624,,,2026-09-21
sz002625,,,2026-09-21
sz002626,,,2026-09-21
sz002627,,,2026-09-21
sz002628,,,2026-09-21
sz002629,,,2026-09-21
sz002630,,,2026-09-21
sz002632,,,2026-09-21
sz002633,,,2026-09-21
sz002634,,,2026-09-21
sz002635,,,2026-09-21
sz002636,,,2026-09-21
sz002637,,,2026-09-21
sz002638,,,2026-09-21
sz002639,,,2026-09-21
sz002640,,,2026-09-21
sz002642,,,2026-09-21
sz002643,,,2026-09-21
sz002644,,,2026-09-21
sz002645,,,2026-09-21
sz002646,,,2026-09-21
sz002647,,,2026-09-21
sz002648,,,2026-09-21
sz002649,,,2026-09-21
sz002650,,,2026-09-21
sz002651,,,2026-09-21
sz002652,,,2026-09-21
sz002654,,,2026-09-21
sz002655,,,2026-09-21
sz002656,,,2026-09-21
sz002657,,,2026-09-21
sz002658,,,2026-09-21
sz002659,,,2026-09-21
sz002660,,,2026-09-21
sz002661,,,2026-09-21
sz002662,,,2026-09-21
sz002663,,,2026-09-21
sz002664,,,2026-09-21
sz002665,,,2024-06-27
sz002666,,,2026-09-21
sz002667,,,2026-09-21
sz002669,,,2026-09-21
sz002670,,,2026-09-21
sz002671,,,2026-09-21
sz002672,,,2026-09-21
sz002673,,,2026-09-21
sz002674,,,2026-09-21
sz002675,,,2026-09-21
sz002676,,,2026-09-21
sz002677,,,2026-09-21
sz002678,,,2026-09-21
sz002679,,,2026-09-21
sz002680,,,2019-11-26
sz002681,,,2026-09-21
sz002682,,,2026-09-21
sz002683,,,2026-09-21
sz002684,,,2022-06-24
sz002685,,,2026-09-21
sz002686,,,2026-09-21
sz002687,,,2026-09-21
sz002688,,,2026-09-21
sz002689,,,2026-09-21
sz002690,,,2026-09-21
sz002691,,,2026-09-21
sz002692,,,2026-09-21
sz002693,,,2026-09-21
sz002694,,,2026-09-21
sz002695,,,2026-09-21
sz002696,,,2026-09-21
sz002697,,,2026-09-21
sz002698,,,2026-09-21
sz002699,,,2024-04-25
sz002700,,,2026-09-21
sz002701,,,2026-09-21
sz002702,,,2026-09-21
sz002703,,,2026-09-21
sz002705,,,2026-09-21
sz002706,,,2026-09-21
sz002707,,,2026-09-21
sz002708,,,2026-09-21
sz002709,,,2026-09-21
sz002711,,,2021-07-14
sz002712,,,2026-09-21
sz002713,,,2026-09-21
sz002714,,,2026-09-21
sz002715,,,2026-09-21
sz002716,,,2026-09-21
sz002717,,,2026-09-21
sz002718,,,2026-09-21
sz002719,,,2026-09-21
sz002721,,,2026-09-21
sz002722,,,2026-09-21
sz002723,,,2026-09-21
sz002724,,,2026-09-21
sz002725,,,2026-09-21
sz002726,,,2026-09-21
sz002727,,,2026-09-21
sz002728,,,2026-09-21
sz002729,,,2026-09-21
sz002730,,,2026-09-21
sz002731,,,2026-09-11
sz002732,,,2026-09-21
sz002733,,,2026-09-21
sz002734,,,2026-09-21
sz002735,,,2026-09-21
sz002736,,,2026-09-21
sz002737,,,2026-09-21
sz002738,,,2026-09-21
sz002739,,,2026-09-21
sz002740,,,2024-01-19
sz002741,,,2026-09-21
sz002742,,,2026-09-21
sz002743,,,2026-09-21
sz002746,,,2026-09-21
sz002747,,,2026-09-21
sz002748,,,2026-09-21
sz002749,,,2026-09-21
sz002750,,,2025-06-26
sz002751,,,2023-07-12
sz002752,,,2026-09-21
sz002755,,,2026-09-21
sz002756,,,2026-09-21
sz002757,,,2026-09-21
sz002758,,,2026-09-21
sz002759,,,2026-09-21
sz002760,,,2026-09-21
sz002761,,,2026-09-21
sz002763,,,2026-09-21
sz002765,,,2026-09-21
sz002766,,,2026-09-21
sz002767,,,2026-09-21
sz002768,,,2026-09-21
sz002769,,,2026-09-21
sz002770,,,2022-06-22
sz002771,,,2026-09-21
sz002772,,,2026-09-21
sz002773,,,2026-09-21
sz002775,,,2026-09-21
sz002776,,,2023-12-26
sz002777,,,2026-09-21
sz002778,,,2026-09-21
sz002779,,,2026-09-21
sz002780,,,2026-09-21
sz002781,,,2023-07-04
sz002782,,,2026-09-21
sz002783,,,2026-09-21
sz002785,,,2026-09-21
sz002786,,,2026-09-21
sz002787,,,2026-09-21
sz002788,,,2026-09-21
sz002789,,,2026-09-21
sz002790,,,2026-09-21
sz002791,,,2026-09-21
sz002792,,,2026-09-21
sz002793,,,2026-09-21
sz002795,,,2026-09-21
sz002796,,,2026-09-21
sz002797,,,2026-09-21
sz002798,,,2026-09-21
sz002799,,,2026-09-21
sz002800,,,2026-09-21
sz002801,,,2026-09-21
sz002802,,,2026-09-21
sz002805,,,2026-09-21
sz002806,,,2026-09-21
sz002807,,,2026-09-21
sz002808,,,2026-07-13
sz002809,,,2026-09-21
sz002810,,,2026-09-21
sz002811,,,2026-09-21
sz002812,,,2026-09-21
sz002813,,,2026-09-21
sz002815,,,2026-09-21
sz002816,,,2026-09-21
sz002817,,,2026-09-21
sz002818,,,2026-09-21
sz002819,,,2026-09-21
sz002820,,,2026-09-21
sz002821,,,2026-09-21
sz002822,,,2026-09-21
sz002823,,,2026-09-21
sz002824,,,2026-09-21
sz002825,,,2026-09-21
sz002826,,,2026-09-21
sz002827,,,2026-09-21
sz002828,,,2026-09-21
sz002829,,,2026-09-21
sz002830,,,2026-09-21
sz002831,,,2026-09-21
sz002832,,,2026-09-21
sz002833,,,2026-09-21
sz002835,,,2026-09-21
sz002836,,,2026-09-21
sz002837,,,2026-09-21
sz002838,,,2026-09-21
sz002839,,,2026-09-21
sz002840,,,2026-09-21
sz002842,,,2026-09-21
sz002843,,,2026-09-21
sz002845,,,2026-09-21
sz002846,,,2026-09-21
sz002847,,,2026-09-21
sz002848,,,2026-09-21
sz002849,,,2026-09-21
sz002850,,,2026-09-21
sz002851,,,2026-09-21
sz002852,,,2026-09-21
sz002853,,,2026-09-21
sz002855,,,2026-09-21
sz002856,,,2026-09-21
sz002857,,,2026-09-21
sz002858,,,2026-09-21
sz002859,,,2026-09-21
sz002860,,,2026-09-21
sz002861,,,2026-09-21
sz002862,,,2026-09-21
sz002863,,,2026-09-21
sz002864,,,2026-09-21
sz002865,,,2026-09-21
sz002866,,,2026-09-21
sz002867,,,2026-09-21
sz002868,,,2026-09-21
sz002869,,,2026-09-21
sz002870,,,2026-09-21
sz002871,,,2026-09-21
sz002872,,,2026-09-21
sz002873,,,2026-09-21
sz002875,,,2026-09-21
sz002876,,,2026-09-21
sz002877,,,2026-09-21
sz002878,,,2026-09-21
sz002879,,,2026-09-21
sz002880,,,2026-09-21
sz002881,,,2026-09-21
sz002882,,,2026-09-21
sz002883,,,2026-09-21
sz002884,,,2026-09-21
sz002885,,,2026-09-21
sz002886,,,2026-09-21
sz002887,,,2026-09-21
sz002888,,,2026-09-21
sz002889,,,2026-09-21
sz002890,,,2026-09-21
sz002891,,,2026-09-21
sz002892,,,2026-09-21
sz002893,,,2026-09-21
sz002895,,,2026-09-21
sz002896,,,2026-09-21
sz002897,,,2026-09-21
sz002898,,,2026-07-16
sz002899,,,2026-09-21
sz002900,,,2026-09-21
sz002901,,,2026-09-21
sz002902,,,2026-09-21
sz002903,,,2026-09-21
sz002905,,,2026-09-21
sz002906,,,2026-09-21
sz002907,,,2026-09-21
sz002908,,,2026-09-21
sz002909,,,2026-09-21
sz002910,,,2026-09-21
sz002911,,,2026-09-21
sz002912,,,2026-09-21
sz002915,,,2026-09-21
sz002916,,,2026-09-21
sz002917,,,2026-09-21
sz002918,,,2026-09-21
sz002919,,,2026-09-21
sz002920,,,2026-09-21
sz002921,,,2026-09-21
sz002922,,,2026-09-21
sz002923,,,2026-09-21
sz002925,,,2026-09-21
sz002927,,,2026-09-21
sz002928,,,2026-09-21
sz002929,,,2026-09-21
sz002930,,,2026-09-21
sz002931,,,2026-09-21
sz002933,,,2026-09-21
sz002935,,,2026-09-21
sz002936,,,2026-09-21
sz002937,,,2026-09-21
sz002938,,,2026-09-21
sz002939,,,2026-09-21
sz002940,,,2026-09-21
sz002941,,,2026-09-21
sz002942,,,2026-09-21
sz002943,,,2026-09-21
sz002945,,,2026-09-21
sz002946,,,2026-09-21
sz002947,,,2026-09-21
sz002948,,,2026-09-21
sz002949,,,2026-09-21
sz002950,,,2026-09-21
sz002951,,,2026-09-21
sz002952,,,2026-09-21
sz002953,,,2026-09-21
sz002955,,,2026-09-21
sz002956,,,2026-09-21
sz002957,,,2026-09-21
sz002958,,,2026-09-21
sz002960,,,2026-09-21
sz002961,,,2026-09-21
sz002962,,,2026-09-21
sz002963,,,2026-09-21
sz002965,,,2026-09-21
sz002966,,,2026-09-21
sz002967,,,2026-09-21
sz002968,,,2026-09-21
sz002969,,,2026-09-21
sz002970,,,2026-09-21
sz002971,,,2026-09-21
sz002972,,,2026-09-21
sz002973,,,2026-09-21
sz002975,,,2026-09-21
sz002976,,,2026-09-21
sz002977,,,2026-09-21
sz002978,,,2026-09-21
sz002980,,,2026-09-21
sz002981,,,2026-09-21
sz002982,,,2026-09-21
sz002983,,,2026-09-21
sz002984,,,2026-09-21
sz002985,,,2026-09-21
sz002986,,,2026-09-21
sz002987,,,2026-09-21
sz002988,,,2026-09-21
sz002989,,,2026-09-21
sz002991,,,2026-09-21
sz002992,,,2026-09-21
sz002993,,,2026-09-21
sz002995,,,2026-09-21
sz002996,,,2026-09-21
sz002998,,,2026-09-21
sz002999,,,2026-09-21
sz003000,,,2026-09-21
sz003001,,,2026-09-21
sz003002,,,2026-09-21
sz003003,,,2026-09-21
sz003004,,,2026-09-21
sz003005,,,2026-09-21
sz003006,,,2026-09-21
sz003007,,,2026-09-21
sz003008,,,2026-09-21
sz003009,,,2026-09-21
sz003010,,,2026-09-21
sz003011,,,2026-09-21
sz003012,,,2026-09-21
sz003013,,,2026-09-21
sz003015,,,2026-09-21
sz003016,,,2026-09-21
sz003017,,,2026-09-21
sz003018,,,2026-09-21
sz003019,,,2026-09-21
sz003020,,,2026-09-21
sz003021,,,2026-09-21
sz003022,,,2026-09-21
sz003023,,,2026-09-21
sz003025,,,2026-09-21
sz003026,,,2026-09-21
sz003027,,,2026-09-21
sz003028,,,2026-09-21
sz003029,,,2026-09-21
sz003030,,,2026-09-21
sz003031,,,2026-09-21
sz003032,,,2026-09-21
sz003033,,,2026-09-21
sz003035,,,2026-09-21
sz003036,,,2026-09-21
sz003037,,,2026-09-21
sz003038,,,2026-09-21
sz003039,,,2026-09-21
sz003040,,,2026-09-21
sz003041,,,2026-09-21
sz003042,,,2026-09-21
sz003816,,,2026-09-21
sz158000,,,2026-09-21
sz158001,,,2026-09-21
sz158003,,,2026-09-21
sz158005,,,2026-09-21
sz158006,,,2026-09-21
sz158008,,,2026-09-21
sz158009,,,2026-09-21
sz158010,,,2026-09-21
sz158011,,,2026-09-21
sz158012,,,2026-09-21
sz158013,,,2026-09-21
sz158017,,,2026-09-21
sz158019,,,2026-09-21
sz158023,,,2026-09-21
sz158027,,,2026-09-21
sz159001,,,2026-09-21
sz159003,,,2026-09-21
sz159005,,,2026-09-21
sz159007,,,2026-09-21
sz159008,,,2026-09-21
sz159009,,,2026-09-21
sz159010,,,2026-09-21
sz159011,,,2026-09-21
sz159012,,,2026-09-21
sz159013,,,2026-09-21
sz159015,,,2026-09-21
sz159016,,,2026-09-21
sz159017,,,2026-09-21
sz159018,,,2026-09-21
sz159019,,,2026-09-21
sz159020,,,2026-09-21
sz159021,,,2026-09-21
sz159022,,,2026-09-21
sz159023,,,2026-09-21
sz159026,,,2026-09-21
sz159027,,,2026-09-21
sz159028,,,2026-09-21
sz159029,,,2026-09-21
sz159030,,,2026-09-21
sz159031,,,2026-09-21
sz159032,,,2026-09-21
sz159033,,,2026-09-21
sz159035,,,2026-09-21
sz159036,,,2026-09-21
sz159037,,,2026-09-21
sz159038,,,2026-09-21
sz159039,,,2026-09-21
sz159040,,,2026-09-21
sz159041,,,2026-09-21
sz159042,,,2026-09-21
sz159043,,,2026-09-21
sz159045,,,2026-09-21
sz159046,,,2026-09-21
sz159048,,,2026-09-21
sz159049,,,2026-09-21
sz159050,,,2026-09-21
sz159051,,,2026-09-21
sz159052,,,2026-09-21
sz159053,,,2026-09-21
sz159055,,,2026-09-21
sz159056,,,2026-09-21
sz159057,,,2026-09-21
sz159058,,,2026-09-21
sz159059,,,2026-09-21
sz159060,,,2026-09-21
sz159061,,,2026-09-21
sz159062,,,2026-09-21
sz159063,,,2026-09-21
sz159065,,,2026-09-21
sz159066,,,2026-09-21
sz159067,,,2026-09-21
sz159068,,,2026-09-21
sz159069,,,2026-09-21
sz159070,,,2026-09-21
sz159071,,,2026-09-21
sz159072,,,2026-09-21
sz159073,,,2026-09-21
sz159075,,,2026-09-21
sz159076,,,2026-09-21
sz159077,,,2026-09-21
sz159078,,,2026-09-21
sz159079,,,2026-09-21
sz159082,,,2026-09-21
sz159083,,,2026-09-21
sz159085,,,2026-09-21
sz159086,,,2026-09-21
sz159087,,,2026-09-21
sz159091,,,2026-09-21
sz159093,,,2026-09-21
sz159095,,,2026-09-21
sz159096,,,2026-09-21
sz159098,,,2026-09-21
sz159099,,,2026-09-21
sz159100,,,2026-09-21
sz159101,,,2026-09-21
sz159102,,,2026-09-21
sz159103,,,2026-09-21
sz159105,,,2026-09-21
sz159106,,,2026-09-21
sz159107,,,2026-09-21
sz159108,,,2026-09-21
sz159109,,,2026-09-21
sz159110,,,2026-09-21
sz159111,,,2026-09-21
sz159112,,,2026-09-21
sz159113,,,2026-09-21
sz159115,,,2026-09-21
sz159116,,,2026-09-21
sz159117,,,2026-09-21
sz159118,,,2026-09-21
sz159119,,,2026-09-21
sz159120,,,2026-09-21
sz159121,,,2026-09-21
sz159122,,,2026-09-21
sz159123,,,2026-09-21
sz159125,,,2026-09-21
sz159126,,,2026-09-21
sz159127,,,2026-09-21
sz159128,,,2026-09-21
sz159129,,,2026-09-21
sz159130,,,2026-09-21
sz159131,,,2026-09-21
sz159132,,,2026-09-21
sz159133,,,2026-09-21
sz159135,,,2026-09-21
sz159136,,,2026-09-21
sz159137,,,2026-09-21
sz159138,,,2026-09-21
sz159139,,,2026-09-21
sz159140,,,2026-09-21
sz159141,,,2026-09-21
sz159142,,,2026-09-21
sz159143,,,2026-09-21
sz159145,,,2026-09-21
sz159146,,,2026-09-21
sz159147,,,2026-09-21
sz159148,,,2026-09-21
sz159149,,,2026-09-21
sz159150,,,2026-09-21
sz159151,,,2026-09-21
sz159152,,,2026-09-21
sz159153,,,2026-09-21
sz159155,,,2026-09-21
sz159156,,,2026-09-21
sz159157,,,2026-09-21
sz159158,,,2026-09-21
sz159159,,,2026-09-21
sz159160,,,2026-09-21
sz159161,,,2026-09-21
sz159162,,,2026-09-21
sz159163,,,2026-09-21
sz159165,,,2026-09-21
sz159166,,,2026-09-21
sz159167,,,2026-09-21
sz159168,,,2026-09-21
sz159169,,,2026-09-21
sz159170,,,2026-09-21
sz159171,,,2026-09-21
sz159172,,,2026-09-21
sz159173,,,2026-09-21
sz159175,,,2026-09-21
sz159176,,,2026-09-21
sz159177,,,2026-09-21
sz159178,,,2026-09-21
sz159179,,,2026-09-21
sz159180,,,2026-09-21
sz159181,,,2026-09-21
sz159182,,,2026-09-21
sz159183,,,2026-09-21
sz159185,,,2026-09-21
sz159186,,,2026-09-21
sz159187,,,2026-09-21
sz159188,,,2026-09-21
sz159189,,,2026-09-21
sz159190,,,2026-09-21
sz159191,,,2026-09-21
sz159192,,,2026-09-21
sz159193,,,2026-09-21
sz159195,,,2026-09-21
sz159196,,,2026-09-21
sz159197,,,2026-09-21
sz159198,,,2026-09-21
sz159199,,,2026-09-21
sz159200,,,2026-09-21
sz159201,,,2026-09-21
sz159202,,,2026-09-21
sz159203,,,2026-09-21
sz159205,,,2026-09-21
sz159206,,,2026-09-21
sz159207,,,2026-09-21
sz159208,,,2026-09-21
sz159209,,,2026-09-21
sz159210,,,2026-09-21
sz159211,,,2026-09-21
sz159212,,,2026-09-21
sz159213,,,2026-09-21
sz159215,,,2026-09-21
sz159216,,,2026-09-21
sz159217,,,2026-09-21
sz159218,,,2026-09-21
sz159219,,,2026-09-21
sz159220,,,2026-09-21
sz159221,,,2026-09-21
sz159222,,,2026-09-21
sz159223,,,2026-09-21
sz159225,,,2026-09-21
sz159226,,,2026-09-21
sz159227,,,2026-09-21
sz159228,,,2026-09-21
sz159229,,,2026-09-21
sz159230,,,2026-09-21
sz159231,,,2026-09-21
sz159232,,,2026-09-21
sz159233,,,2026-09-21
sz159235,,,2026-09-21
sz159236,,,2026-09-21
sz159237,,,2026-09-21
sz159238,,,2026-09-21
sz159239,,,2026-09-21
sz159240,,,2026-09-21
sz159241,,,2026-09-21
sz159242,,,2026-09-21
sz159243,,,2026-09-21
sz159245,,,2026-09-21
sz159246,,,2026-09-21
sz159247,,,2026-09-21
sz159248,,,2026-09-21
sz159249,,,2026-09-21
sz159251,,,2026-09-21
sz159253,,,2026-09-21
sz159255,,,2026-09-21
sz159256,,,2026-09-21
sz159257,,,2026-09-21
sz159258,,,2026-09-21
sz159259,,,2026-09-21
sz159260,,,2026-09-21
sz159261,,,2026-09-21
sz159262,,,2026-09-21
sz159263,,,2026-09-21
sz159265,,,2026-09-21
sz159266,,,2026-09-21
sz159267,,,2026-09-21
sz159268,,,2026-09-21
sz159269,,,2026-09-21
sz159270,,,2026-09-21
sz159271,,,2026-09-21
sz159272,,,2026-09-21
sz159273,,,2026-09-21
sz159275,,,2026-09-21
sz159276,,,2026-09-21
sz159277,,,2026-09-21
sz159278,,,2026-09-21
sz159279,,,2026-09-21
sz159280,,,2026-09-21
sz159281,,,2026-09-21
sz159283,,,2026-09-21
sz159285,,,2026-09-21
sz159286,,,2026-09-21
sz159287,,,2026-09-21
sz159288,,,2026-09-21
sz159289,,,2026-09-21
sz159290,,,2026-09-21
sz159291,,,2026-09-21
sz159292,,,2026-09-21
sz159293,,,2026-09-21
sz159295,,,2026-09-21
sz159296,,,2026-09-21
sz159297,,,2026-09-21
sz159298,,,2026-09-21
sz159299,,,2026-09-21
sz159300,,,2026-09-21
sz159301,,,2026-09-21
sz159302,,,2026-09-21
sz159303,,,2026-09-21
sz159305,,,2026-09-21
sz159306,,,2026-09-21
sz159307,,,2026-09-21
sz159309,,,2026-09-21
sz159310,,,2026-09-21
sz159311,,,2026-09-21
sz159312,,,2026-09-21
sz159315,,,2026-09-21
sz159316,,,2026-09-21
sz159318,,,2026-09-21
sz159320,,,2026-09-21
sz159321,,,2026-09-21
sz159322,,,2026-09-21
sz159323,,,2026-09-21
sz159325,,,2026-09-21
sz159326,,,2026-09-21
sz159327,,,2026-09-21
sz159328,,,2026-09-21
sz159329,,,2026-09-21
sz159330,,,2026-09-21
sz159331,,,2026-09-21
sz159332,,,2026-09-21
sz159333,,,2026-09-21
sz159335,,,2026-09-21
sz159336,,,2026-09-21
sz159337,,,2026-09-21
sz159338,,,2026-09-21
sz159339,,,2026-09-21
sz159350,,,2026-09-21
sz159351,,,2026-09-21
sz159352,,,2026-09-21
sz159353,,,2026-09-21
sz159355,,,2026-09-21
sz159356,,,2026-09-21
sz159357,,,2026-09-21
sz159358,,,2026-09-21
sz159359,,,2026-09-21
sz159360,,,2026-09-21
sz159361,,,2026-09-21
sz159362,,,2026-09-21
sz159363,,,2026-09-21
sz159365,,,2026-09-21
sz159366,,,2026-09-21
sz159367,,,2026-09-21
sz159368,,,2026-09-21
sz159369,,,2026-09-21
sz159370,,,2026-09-21
sz159371,,,2026-09-21
sz159372,,,2026-09-21
sz159373,,,2026-09-21
sz159375,,,2026-09-21
sz159376,,,2026-09-21
sz159377,,,2026-09-21
sz159378,,,2026-09-21
sz159379,,,2026-09-21
sz159380,,,2026-09-21
sz159381,,,2026-09-21
sz159382,,,2026-09-21
sz159383,,,2026-09-21
sz159385,,,2026-09-21
sz159386,,,2026-09-21
sz159387,,,2026-09-21
sz159388,,,2026-09-21
sz159389,,,2026-09-21
sz159390,,,2026-09-21
sz159391,,,2026-09-21
sz159392,,,2026-09-21
sz159393,,,2026-09-21
sz159395,,,2026-09-21
sz159396,,,2026-09-21
sz159397,,,2026-09-21
sz159398,,,2026-09-21
sz159399,,,2026-09-21
sz159400,,,2026-09-21
sz159500,,,2026-09-21
sz159501,,,2026-09-21
sz159502,,,2026-09-21
sz159505,,,2026-09-21
sz159506,,,2026-09-21
sz159507,,,2026-09-21
sz159508,,,2026-09-21
sz159509,,,2026-09-21
sz159510,,,2026-09-21
sz159511,,,2026-09-21
sz159512,,,2026-09-21
sz159513,,,2026-09-21
sz159515,,,2026-09-21
sz159516,,,2026-09-21
sz159517,,,2026-09-21
sz159518,,,2026-09-21
sz159519,,,2026-09-21
sz159520,,,2026-09-21
sz159521,,,2026-09-21
sz159523,,,2026-09-21
sz159525,,,2026-09-21
sz159526,,,2026-09-21
sz159527,,,2026-09-21
sz159528,,,2026-09-21
sz159529,,,2026-09-21
sz159530,,,2026-09-21
sz159531,,,2026-09-21
sz159532,,,2026-09-21
sz159533,,,2026-09-21
sz159535,,,2026-09-21
sz159536,,,2026-09-21
sz159537,,,2026-09-21
sz159538,,,2026-09-21
sz159539,,,2026-09-21
sz159540,,,2026-09-21
sz159541,,,2026-09-21
sz159542,,,2026-09-21
sz159543,,,2026-09-21
sz159545,,,2026-09-21
sz159546,,,2026-09-21
sz159547,,,2026-09-21
sz159549,,,2026-09-21
sz159550,,,2026-09-21
sz159551,,,2026-09-21
sz159552,,,2026-09-21
sz159553,,,2026-09-21
sz159555,,,2026-09-21
sz159556,,,2026-09-21
sz159557,,,2026-09-21
sz159558,,,2026-09-21
sz159559,,,2026-09-21
sz159560,,,2026-09-21
sz159561,,,2026-09-21
sz159562,,,2026-09-21
sz159563,,,2026-09-21
sz159565,,,2026-09-21
sz159566,,,2026-09-21
sz159567,,,2026-09-21
sz159568,,,2026-09-21
sz159569,,,2026-09-21
sz159570,,,2026-09-21
sz159571,,,2026-09-21
sz159572,,,2026-09-21
sz159573,,,2026-09-21
sz159575,,,2026-09-21
sz159576,,,2026-09-21
sz159577,,,2026-09-21
sz159578,,,2026-09-21
sz159581,,,2026-09-21
sz159582,,,2026-09-21
sz159583,,,2026-09-21
sz159586,,,2026-09-21
sz159587,,,2026-09-21
sz159588,,,2026-09-21
sz159589,,,2026-09-21
sz159590,,,2026-09-21
sz159591,,,2026-09-21
sz159592,,,2026-09-21
sz159593,,,2026-09-21
sz159595,,,2026-09-21
sz159596,,,2026-09-21
sz159597,,,2026-09-21
sz159599,,,2026-09-21
sz159600,,,2026-09-21
sz159601,,,2026-09-21
sz159602,,,2026-09-21
sz159603,,,2026-09-21
sz159605,,,2026-09-21
sz159606,,,2026-09-21
sz159607,,,2026-09-21
sz159608,,,2026-09-21
sz159609,,,2026-09-21
sz159610,,,2026-09-21
sz159611,,,2026-09-21
sz159612,,,2026-09-21
sz159613,,,2026-09-21
sz159615,,,2026-09-21
sz159616,,,2026-09-21
sz159617,,,2026-09-21
sz159618,,,2026-09-21
sz159619,,,2026-09-21
sz159620,,,2026-09-21
sz159621,,,2026-09-21
sz159622,,,2026-09-21
sz159623,,,2026-09-21
sz159625,,,2026-09-21
sz159627,,,2026-09-21
sz159628,,,2026-09-21
sz159629,,,2026-09-21
sz159630,,,2026-09-21
sz159631,,,2026-09-21
sz159632,,,2026-09-21
sz159633,,,2026-09-21
sz159635,,,2026-09-21
sz159636,,,2026-09-21
sz159637,,,2026-09-21
sz159638,,,2026-09-21
sz159639,,,2026-09-21
sz159640,,,2026-09-21
sz159641,,,2026-09-21
sz159642,,,2026-09-21
sz159643,,,2026-09-21
sz159645,,,2026-09-21
sz159647,,,2026-09-21
sz159649,,,2026-09-21
sz159650,,,2026-09-21
sz159651,,,2026-09-21
sz159652,,,2026-09-21
sz159653,,,2026-09-21
sz159655,,,2026-09-21
sz159656,,,2026-09-21
sz159657,,,2026-09-21
sz159658,,,2026-09-21
sz159659,,,2026-09-21
sz159660,,,2026-09-21
sz159661,,,2026-09-21
sz159662,,,2026-09-21
sz159663,,,2026-09-21
sz159665,,,2026-09-21
sz159666,,,2026-09-21
sz159667,,,2026-09-21
sz159669,,,2026-09-21
sz159670,,,2026-09-21
sz159671,,,2026-09-21
sz159672,,,2026-09-21
sz159673,,,2026-09-21
sz159675,,,2026-09-21
sz159676,,,2026-09-21
sz159677,,,2026-09-21
sz159678,,,2026-09-21
sz159679,,,2026-09-21
sz159680,,,2026-09-21
sz159681,,,2026-09-21
sz159682,,,2026-09-21
sz159685,,,2026-09-21
sz159686,,,2026-09-21
sz159687,,,2026-09-21
sz159688,,,2026-09-21
sz159689,,,2026-09-21
sz159690,,,2026-09-21
sz159691,,,2026-09-21
sz159692,,,2026-09-21
sz159695,,,2026-09-21
sz159696,,,2026-09-21
sz159697,,,2026-09-21
sz159698,,,2026-09-21
sz159699,,,2026-09-21
sz159700,,,2026-09-21
sz159701,,,2026-09-21
sz159703,,,2026-09-21
sz159706,,,2026-09-21
sz159707,,,2026-09-21
sz159708,,,2026-09-21
sz159709,,,2026-09-21
sz159711,,,2026-09-21
sz159712,,,2026-09-21
sz159713,,,2026-09-21
sz159715,,,2026-09-21
sz159716,,,2026-09-21
sz159717,,,2026-09-21
sz159718,,,2026-09-21
sz159719,,,2026-09-21
sz159720,,,2026-09-21
sz159721,,,2026-09-21
sz159723,,,2026-09-21
sz159725,,,2026-09-21
sz159726,,,2026-09-21
sz159728,,,2026-09-21
sz159729,,,2026-09-21
sz159730,,,2026-09-21
sz159731,,,2026-09-21
sz159732,,,2026-09-21
sz159735,,,2026-09-21
sz159736,,,2026-09-21
sz159738,,,2026-09-21
sz159739,,,2026-09-21
sz159740,,,2026-09-21
sz159741,,,2026-09-21
sz159742,,,2026-09-21
sz159743,,,2026-09-21
sz159745,,,2026-09-21
sz159747,,,2026-09-21
sz159748,,,2026-09-21
sz159750,,,2026-09-21
sz159751,,,2026-09-21
sz159752,,,2026-09-21
sz159755,,,2026-09-21
sz159757,,,2026-09-21
sz159758,,,2026-09-21
sz159760,,,2026-09-21
sz159761,,,2026-09-21
sz159763,,,2026-09-21
sz159766,,,2026-09-21
sz159767,,,2026-09-21
sz159768,,,2026-09-21
sz159770,,,2026-09-21
sz159773,,,2026-09-21
sz159775,,,2026-09-21
sz159776,,,2026-09-21
sz159777,,,2026-09-21
sz159778,,,2026-09-21
sz159779,,,2026-09-21
sz159780,,,2026-09-21
sz159781,,,2026-09-21
sz159782,,,2026-09-21
sz159783,,,2026-09-21
sz159786,,,2026-09-21
sz159787,,,2026-09-21
sz159788,,,2026-09-21
sz159790,,,2026-09-21
sz159791,,,2026-09-21
sz159792,,,2026-09-21
sz159793,,,2026-09-21
sz159795,,,2026-09-21
sz159796,,,2026-09-21
sz159797,,,2026-09-21
sz159798,,,2026-09-21
sz159800,,,2026-09-21
sz159801,,,2026-09-21
sz159804,,,2026-09-21
sz159805,,,2026-09-21
sz159806,,,2026-09-21
sz159807,,,2026-09-21
sz159808,,,2026-09-21
sz159810,,,2026-09-21
sz159811,,,2026-09-21
sz159812,,,2026-09-21
sz159813,,,2026-09-21
sz159814,,,2026-09-21
sz159816,,,2026-09-21
sz159819,,,2026-09-21
sz159820,,,2026-09-21
sz159821,,,2026-09-21
sz159822,,,2026-09-21
sz159824,,,2026-09-21
sz159825,,,2026-09-21
sz159827,,,2026-09-21
sz159828,,,2026-09-21
sz159830,,,2026-09-21
sz159831,,,2026-09-21
sz159834,,,2026-09-21
sz159835,,,2026-09-21
sz159836,,,2026-09-21
sz159837,,,2026-09-21
sz159838,,,2026-09-21
sz159839,,,2026-09-21
sz159840,,,2026-09-21
sz159841,,,2026-09-21
sz159842,,,2026-09-21
sz159843,,,2026-09-21
sz159845,,,2026-09-21
sz159847,,,2026-09-21
sz159848,,,2026-09-21
sz159849,,,2026-09-21
sz159850,,,2026-09-21
sz159851,,,2026-09-21
sz159852,,,2026-09-21
sz159855,,,2026-09-21
sz159856,,,2026-09-21
sz159857,,,2026-09-21
sz159858,,,2026-09-21
sz159859,,,2026-09-21
sz159861,,,2026-09-21
sz159862,,,2026-09-21
sz159863,,,2026-09-21
sz159864,,,2026-09-21
sz159865,,,2026-09-21
sz159866,,,2026-09-21
sz159867,,,2026-09-21
sz159869,,,2026-09-21
sz159870,,,2026-09-21
sz159871,,,2026-09-21
sz159872,,,2026-09-21
sz159873,,,2026-09-21
sz159875,,,2026-09-21
sz159876,,,2026-09-21
sz159877,,,2026-09-21
sz159880,,,2026-09-21
sz159881,,,2026-09-21
sz159883,,,2026-09-21
sz159885,,,2026-09-21
sz159886,,,2026-09-21
sz159887,,,2026-09-21
sz159888,,,2026-09-21
sz159889,,,2026-09-21
sz159890,,,2026-09-21
sz159891,,,2026-09-21
sz159892,,,2026-09-21
sz159895,,,2026-09-21
sz159896,,,2026-09-21
sz159898,,,2026-09-21
sz159899,,,2026-09-21
sz159901,,,2026-09-21
sz159902,,,2026-09-21
sz159903,,,2026-09-21
sz159905,,,2026-09-21
sz159906,,,2026-09-21
sz159907,,,2026-09-21
sz159908,,,2026-09-21
sz159909,,,2026-09-21
sz159910,,,2026-09-21
sz159912,,,2026-09-21
sz159913,,,2026-09-21
sz159915,,,2026-09-21
sz159916,,,2026-09-21
sz159918,,,2026-09-21
sz159919,,,2026-09-21
sz159920,,,2026-09-21
sz159922,,,2026-09-21
sz159923,,,2026-09-21
sz159925,,,2026-09-21
sz159928,,,2026-09-21
sz159929,,,2026-09-21
sz159930,,,2026-09-21
sz159931,,,2026-09-21
sz159933,,,2026-09-21
sz159934,,,2026-09-21
sz159935,,,2026-09-21
sz159936,,,2026-09-21
sz159937,,,2026-09-21
sz159938,,,2026-09-21
sz159939,,,2026-09-21
sz159940,,,2026-09-21
sz159941,,,2026-09-21
sz159943,,,2026-09-21
sz159944,,,2026-09-21
sz159945,,,2026-09-21
sz159948,,,2026-09-21
sz159949,,,2026-09-21
sz159952,,,2026-09-21
sz159954,,,2026-09-21
sz159956,,,2026-09-21
sz159957,,,2026-09-21
sz159958,,,2026-09-21
sz159959,,,2026-09-21
sz159960,,,2026-09-21
sz159961,,,2026-09-21
sz159964,,,2026-09-21
sz159965,,,2026-09-21
sz159966,,,2026-09-21
sz159967,,,2026-09-21
sz159968,,,2026-09-21
sz159970,,,2026-09-21
sz159971,,,2026-09-21
sz159972,,,2026-09-21
sz159973,,,2026-09-21
sz159974,,,2026-09-21
sz159975,,,2026-09-21
sz159976,,,2026-09-21
sz159977,,,2026-09-21
sz159980,,,2026-09-21
sz159981,,,2026-09-21
sz159982,,,2026-09-21
sz159985,,,2026-09-21
sz159991,,,2026-09-21
sz159992,,,2026-09-21
sz159993,,,2026-09-21
sz159994,,,2026-09-21
sz159995,,,2026-09-21
sz159996,,,2026-09-21
sz159997,,,2026-09-21
sz159998,,,2026-09-21
sz160916,,,2026-09-21
sz300002,,,2026-09-21
sz300003,,,2026-09-21
sz300004,,,2026-09-21
sz300005,,,2026-09-21
sz300006,,,2026-09-21
sz300007,,,2026-09-21
sz300008,,,2026-09-21
sz300009,,,2026-09-21
sz300010,,,2026-09-21
sz300011,,,2026-09-21
sz300012,,,2026-09-21
sz300013,,,2026-09-21
sz300015,,,2026-09-21
sz300016,,,2026-09-21
sz300017,,,2026-09-21
sz300018,,,2026-09-21
sz300019,,,2026-09-21
sz300020,,,2026-09-21
sz300021,,,2026-09-21
sz300022,,,2026-09-21
sz300023,,,2022-06-28
sz300024,,,2026-09-21
sz300025,,,2026-09-21
sz300026,,,2026-09-21
sz300027,,,2026-09-21
sz300028,,,2021-06-27
sz300029,,,2026-07-09
sz300030,,,2026-09-21
sz300031,,,2026-09-21
sz300032,,,2026-09-21
sz300033,,,2026-09-21
sz300035,,,2026-09-21
sz300036,,,2026-09-21
sz300037,,,2026-09-21
sz300038,,,2022-06-29
sz300039,,,2026-09-21
sz300040,,,2026-09-21
sz300041,,,2026-09-21
sz300042,,,2026-09-21
sz300043,,,2026-09-21
sz300044,,,2026-09-21
sz300045,,,2026-09-21
sz300046,,,2026-09-21
sz300047,,,2026-09-21
sz300048,,,2026-09-21
sz300049,,,2026-09-21
sz300050,,,2026-09-21
sz300051,,,2026-09-21
sz300052,,,2026-09-21
sz300053,,,2026-09-21
sz300054,,,2026-09-21
sz300055,,,2026-09-21
sz300056,,,2026-09-21
sz300058,,,2026-09-21
sz300059,,,2026-09-21
sz300061,,,2026-09-21
sz300062,,,2026-09-21
sz300063,,,2026-09-21
sz300064,,,2022-06-24
sz300065,,,2026-09-21
sz300066,,,2026-09-21
sz300067,,,2026-09-21
sz300068,,,2026-09-21
sz300069,,,2026-09-21
sz300071,,,2026-09-21
sz300073,,,2026-09-21
sz300074,,,2026-09-21
sz300075,,,2026-09-21
sz300076,,,2026-09-21
sz300077,,,2026-09-21
sz300078,,,2026-09-21
sz300079,,,2026-09-21
sz300080,,,2026-09-21
sz300081,,,2026-09-21
sz300082,,,2026-09-18
sz300084,,,2026-09-21
sz300085,,,2026-09-21
sz300086,,,2026-09-21
sz300087,,,2026-09-21
sz300088,,,2026-09-21
sz300089,,,2023-07-12
sz300090,,,2021-06-27
sz300091,,,2026-09-21
sz300092,,,2026-09-21
sz300094,,,2026-09-21
sz300095,,,2026-09-21
sz300096,,,2026-09-21
sz300097,,,2026-09-21
sz300098,,,2026-09-21
sz300099,,,2026-09-21
sz300100,,,2026-09-21
sz300101,,,2026-09-21
sz300102,,,2026-09-21
sz300103,,,2026-09-21
sz300104,,,2021-06-27
sz300105,,,2026-09-21
sz300106,,,2026-09-21
sz300107,,,2026-09-21
sz300108,,,2025-04-23
sz300109,,,2026-09-21
sz300110,,,2026-09-21
sz300111,,,2026-09-21
sz300112,,,2026-09-21
sz300113,,,2026-09-21
sz300115,,,2026-09-21
sz300116,,,2024-05-16
sz300117,,,2025-03-31
sz300118,,,2026-09-21
sz300119,,,2026-09-21
sz300120,,,2026-09-21
sz300121,,,2026-09-21
sz300122,,,2026-09-21
sz300123,,,2026-09-21
sz300124,,,2026-09-21
sz300125,,,2026-09-21
sz300126,,,2026-09-21
sz300127,,,2026-09-21
sz300128,,,2026-09-21
sz300129,,,2026-09-21
sz300130,,,2026-09-21
sz300131,,,2026-09-21
sz300132,,,2026-09-21
sz300133,,,2026-09-21
sz300134,,,2026-09-21
sz300136,,,2026-09-21
sz300137,,,2026-09-21
sz300138,,,2026-09-21
sz300139,,,2026-09-21
sz300140,,,2026-09-21
sz300141,,,2026-09-21
sz300142,,,2026-09-21
sz300143,,,2026-09-21
sz300145,,,2026-09-21
sz300146,,,2026-09-21
sz300147,,,2026-09-21
sz300148,,,2026-09-21
sz300149,,,2026-09-21
sz300150,,,2026-09-21
sz300151,,,2026-09-21
sz300152,,,2026-09-21
sz300153,,,2026-09-21
sz300154,,,2026-09-21
sz300155,,,2026-09-21
sz300156,,,2021-06-27
sz300157,,,2026-09-21
sz300158,,,2026-09-21
sz300159,,,2026-09-21
sz300160,,,2026-09-21
sz300161,,,2026-09-21
sz300162,,,2026-09-21
sz300164,,,2026-09-21
sz300165,,,2026-09-21
sz300166,,,2026-09-21
sz300167,,,2026-09-21
sz300168,,,2026-09-21
sz300169,,,2026-09-21
sz300170,,,2026-09-21
sz300171,,,2026-09-21
sz300172,,,2026-09-21
sz300173,,,2026-09-21
sz300174,,,2026-09-21
sz300175,,,2026-09-21
sz300176,,,2026-09-21
sz300177,,,2026-09-21
sz300178,,,2022-06-21
sz300179,,,2026-09-21
sz300180,,,2026-09-21
sz300181,,,2026-09-21
sz300182,,,2026-09-21
sz300183,,,2026-09-21
sz300184,,,2026-09-21
sz300185,,,2026-09-21
sz300186,,,2015-10-16
sz300187,,,2026-09-21
sz300188,,,2026-09-21
sz300189,,,2026-09-21
sz300190,,,2026-09-21
sz300191,,,2026-09-21
sz300192,,,2026-09-21
sz300193,,,2026-09-21
sz300194,,,2026-09-21
sz300195,,,2026-09-21
sz300196,,,2026-09-21
sz300197,,,2026-09-21
sz300198,,,2026-09-21
sz300199,,,2026-09-21
sz300200,,,2026-09-21
sz300201,,,2026-09-21
sz300202,,,2022-07-01
sz300204,,,2026-09-21
sz300205,,,2026-09-21
sz300206,,,2026-09-21
sz300207,,,2026-09-21
sz300208,,,2025-07-18
sz300209,,,2026-09-21
sz300210,,,2026-09-21
sz300211,,,2026-09-21
sz300212,,,2026-09-21
sz300213,,,2026-09-21
sz300215,,,2026-09-21
sz300216,,,2021-06-27
sz300217,,,2026-09-21
sz300218,,,2026-09-21
sz300220,,,2026-09-21
sz300222,,,2026-09-21
sz300223,,,2026-09-21
sz300224,,,2026-09-21
sz300225,,,2026-09-21
sz300226,,,2026-09-21
sz300227,,,2026-09-21
sz300228,,,2026-09-21
sz300229,,,2026-09-21
sz300230,,,2026-09-21
sz300231,,,2026-09-21
sz300232,,,2026-09-21
sz300233,,,2026-09-21
sz300235,,,2026-09-21
sz300236,,,2026-09-21
sz300237,,,2026-09-21
sz300238,,,2026-09-21
sz300239,,,2026-09-21
sz300240,,,2026-09-21
sz300241,,,2026-09-21
sz300242,,,2026-09-21
sz300243,,,2026-09-21
sz300244,,,2026-09-21
sz300245,,,2026-09-21
sz300246,,,2026-09-21
sz300247,,,2026-09-21
sz300248,,,2026-09-21
sz300249,,,2026-09-21
sz300250,,,2026-09-21
sz300251,,,2026-09-21
sz300252,,,2026-09-21
sz300253,,,2026-09-21
sz300254,,,2026-09-21
sz300255,,,2026-09-21
sz300256,,,2026-09-21
sz300257,,,2026-09-21
sz300258,,,2026-09-21
sz300259,,,2026-09-21
sz300260,,,2026-09-21
sz300261,,,2026-09-21
sz300262,,,2024-06-18
sz300263,,,2026-09-21
sz300264,,,2026-09-21
sz300265,,,2026-09-21
sz300266,,,2026-09-21
sz300267,,,2026-09-21
sz300268,,,2026-09-21
sz300269,,,2026-09-21
sz300270,,,2026-09-21
sz300271,,,2026-09-21
sz300272,,,2026-09-21
sz300273,,,2023-07-05
sz300274,,,2026-09-21
sz300275,,,2026-09-21
sz300276,,,2026-09-21
sz300277,,,2026-09-21
sz300278,,,2026-09-21
sz300279,,,2026-09-21
sz300280,,,2025-10-13
sz300281,,,2026-09-21
sz300282,,,2024-07-17
sz300283,,,2026-09-21
sz300284,,,2026-09-21
sz300286,,,2026-09-21
sz300287,,,2026-09-21
sz300288,,,2026-09-21
sz300289,,,2026-09-21
sz300290,,,2026-09-21
sz300291,,,2026-09-21
sz300292,,,2026-09-21
sz300293,,,2026-09-21
sz300294,,,2026-09-21
sz300295,,,2026-09-21
sz300296,,,2026-09-21
sz300297,,,2023-07-28
sz300299,,,2026-09-21
sz300300,,,2026-09-21
sz300301,,,2026-09-21
sz300302,,,2026-09-21
sz300303,,,2026-09-21
sz300304,,,2026-09-21
sz300305,,,2026-09-21
sz300306,,,2026-09-21
sz300307,,,2026-09-21
sz300308,,,2026-09-21
sz300309,,,2023-05-29
sz300310,,,2026-09-21
sz300311,,,2026-09-21
sz300312,,,2022-07-01
sz300313,,,2026-09-21
sz300314,,,2026-09-21
sz300315,,,2026-09-21
sz300316,,,2026-09-21
sz300317,,,2026-09-21
sz300318,,,2026-09-21
sz300320,,,2026-09-21
sz300321,,,2026-09-21
sz300322,,,2026-09-21
sz300323,,,2026-09-21
sz300324,,,2026-09-21
sz300325,,,2022-06-27
sz300326,,,2026-09-21
sz300327,,,2026-09-21
sz300328,,,2026-09-21
sz300329,,,2026-09-21
sz300330,,,2023-05-23
sz300331,,,2026-09-21
sz300333,,,2026-09-21
sz300334,,,2026-09-21
sz300335,,,2026-09-21
sz300336,,,2023-07-04
sz300337,,,2026-09-21
sz300338,,,2026-09-21
sz300339,,,2026-09-21
sz300341,,,2026-09-21
sz300342,,,2026-09-21
sz300343,,,2026-09-21
sz300344,,,2026-04-21
sz300345,,,2026-09-21
sz300346,,,2026-09-21
sz300347,,,2026-09-21
sz300348,,,2026-09-21
sz300349,,,2026-09-21
sz300350,,,2026-09-21
sz300351,,,2026-09-21
sz300352,,,2026-09-21
sz300353,,,2026-09-21
sz300354,,,2026-09-21
sz300355,,,2026-09-21
sz300356,,,2023-07-12
sz300357,,,2026-09-21
sz300358,,,2026-09-21
sz300359,,,2026-09-21
sz300360,,,2026-09-21
sz300362,,,2021-08-27
sz300363,,,2026-09-21
sz300364,,,2026-09-21
sz300365,,,2026-09-21
sz300366,,,2026-09-21
sz300367,,,2022-06-29
sz300369,,,2026-09-21
sz300370,,,2026-09-21
sz300371,,,2026-09-21
sz300372,,,2021-06-27
sz300373,,,2026-09-21
sz300374,,,2026-09-21
sz300375,,,2026-09-21
sz300376,,,2026-09-21
sz300377,,,2026-09-21
sz300378,,,2026-09-21
sz300379,,,2026-01-21
sz300380,,,2026-09-21
sz300381,,,2026-09-21
sz300382,,,2026-09-21
sz300383,,,2026-09-21
sz300384,,,2026-09-21
sz300385,,,2026-09-21
sz300386,,,2026-09-21
sz300387,,,2026-09-21
sz300388,,,2026-09-21
sz300389,,,2026-09-21
sz300390,,,2026-09-21
sz300391,,,2026-04-14
sz300392,,,2023-07-07
sz300393,,,2026-09-21
sz300394,,,2026-09-21
sz300395,,,2026-09-21
sz300396,,,2026-09-21
sz300397,,,2026-09-21
sz300398,,,2026-09-21
sz300399,,,2026-09-21
sz300401,,,2026-09-21
sz300402,,,2026-09-21
sz300403,,,2026-09-21
sz300404,,,2026-09-21
sz300405,,,2026-09-21
sz300406,,,2026-09-21
sz300407,,,2026-09-21
sz300408,,,2026-09-21
sz300409,,,2026-09-21
sz300410,,,2026-09-21
sz300411,,,2026-09-21
sz300412,,,2026-09-21
sz300413,,,2026-09-21
sz300414,,,2026-09-21
sz300415,,,2026-09-21
sz300416,,,2026-09-21
sz300417,,,2026-09-21
sz300418,,,2026-09-21
sz300419,,,2026-09-21
sz300420,,,2026-09-21
sz300421,,,2026-09-21
sz300422,,,2026-09-21
sz300423,,,2026-09-21
sz300424,,,2026-09-21
sz300425,,,2026-09-21
sz300426,,,2026-09-21
sz300427,,,2026-09-21
sz300429,,,2026-09-21
sz300430,,,2026-09-21
sz300431,,,2021-06-27
sz300432,,,2026-09-21
sz300433,,,2026-09-21
sz300434,,,2026-09-21
sz300435,,,2026-09-21
sz300436,,,2026-09-21
sz300437,,,2026-09-21
sz300438,,,2026-09-21
sz300439,,,2026-09-21
sz300440,,,2026-09-21
sz300441,,,2026-09-21
sz300442,,,2026-09-21
sz300444,,,2026-09-21
sz300445,,,2026-09-21
sz300446,,,2026-09-21
sz300447,,,2026-09-21
sz300448,,,2026-09-21
sz300449,,,2026-09-21
sz300450,,,2026-09-21
sz300451,,,2026-09-21
sz300452,,,2026-09-21
sz300453,,,2026-09-21
sz300454,,,2026-09-21
sz300455,,,2026-09-21
sz300456,,,2026-09-21
sz300457,,,2026-09-21
sz300458,,,2026-09-21
sz300459,,,2026-09-21
sz300460,,,2026-09-21
sz300461,,,2026-09-21
sz300462,,,2026-09-21
sz300463,,,2026-09-21
sz300464,,,2026-09-21
sz300465,,,2026-09-21
sz300466,,,2026-09-21
sz300467,,,2026-09-21
sz300468,,,2026-09-21
sz300469,,,2026-09-21
sz300470,,,2026-09-21
sz300471,,,2026-09-21
sz300472,,,2026-09-21
sz300474,,,2026-09-21
sz300475,,,2026-09-21
sz300476,,,2026-09-21
sz300477,,,2026-09-21
sz300478,,,2026-09-21
sz300479,,,2026-09-21
sz300480,,,2026-09-21
sz300481,,,2026-09-21
sz300482,,,2026-09-21
sz300483,,,2026-09-21
sz300484,,,2026-09-21
sz300485,,,2026-09-21
sz300486,,,2026-09-21
sz300487,,,2026-09-21
sz300488,,,2026-09-21
sz300489,,,2026-09-21
sz300490,,,2026-09-21
sz300491,,,2026-09-21
sz300492,,,2026-09-21
sz300493,,,2026-09-21
sz300494,,,2026-09-21
sz300495,,,2024-05-08
sz300496,,,2026-09-21
sz300497,,,2026-09-21
sz300499,,,2026-09-21
sz300500,,,2026-09-21
sz300501,,,2026-09-21
sz300502,,,2026-09-21
sz300503,,,2026-09-21
sz300504,,,2026-09-21
sz300505,,,2026-09-21
sz300506,,,2026-09-21
sz300507,,,2026-09-21
sz300508,,,2026-09-21
sz300510,,,2026-09-21
sz300511,,,2026-09-21
sz300512,,,2026-09-21
sz300513,,,2026-09-21
sz300514,,,2026-09-21
sz300515,,,2026-09-21
sz300516,,,2026-09-21
sz300517,,,2026-09-21
sz300518,,,2026-09-21
sz300519,,,2026-09-21
sz300520,,,2026-09-21
sz300521,,,2026-09-21
sz300522,,,2026-09-21
sz300523,,,2026-09-21
sz300525,,,2026-09-21
sz300526,,,2023-07-11
sz300527,,,2026-09-21
sz300528,,,2026-09-21
sz300529,,,2026-09-21
sz300530,,,2026-09-21
sz300531,,,2026-09-21
sz300533,,,2026-09-21
sz300534,,,2026-09-21
sz300535,,,2026-09-21
sz300536,,,2026-09-21
sz300537,,,2026-09-21
sz300538,,,2026-09-21
sz300539,,,2026-09-21
sz300540,,,2026-09-21
sz300541,,,2026-09-21
sz300542,,,2026-09-21
sz300543,,,2026-09-21
sz300545,,,2026-09-21
sz300546,,,2026-09-21
sz300547,,,2026-09-21
sz300548,,,2026-09-21
sz300549,,,2026-09-21
sz300550,,,2026-09-21
sz300551,,,2026-09-21
sz300552,,,2026-09-21
sz300553,,,2026-09-21
sz300554,,,2026-09-21
sz300555,,,2026-09-21
sz300556,,,2026-09-21
sz300557,,,2026-09-21
sz300558,,,2026-09-21
sz300559,,,2026-09-21
sz300560,,,2026-09-21
sz300561,,,2026-09-21
sz300562,,,2026-09-21
sz300563,,,2026-09-21
sz300564,,,2026-09-21
sz300565,,,2026-09-21
sz300567,,,2026-09-21
sz300568,,,2026-09-21
sz300569,,,2026-09-21
sz300571,,,2026-09-21
sz300572,,,2026-09-21
sz300573,,,2026-09-21
sz300575,,,2026-09-21
sz300576,,,2026-09-21
sz300577,,,2026-09-21
sz300578,,,2026-09-21
sz300579,,,2026-09-21
sz300580,,,2026-09-21
sz300581,,,2026-09-21
sz300582,,,2026-09-21
sz300583,,,2026-09-21
sz300584,,,2026-09-21
sz300585,,,2026-09-18
sz300586,,,2026-09-21
sz300587,,,2026-09-21
sz300588,,,2026-09-21
sz300589,,,2026-09-21
sz300590,,,2026-09-21
sz300591,,,2026-09-21
sz300593,,,2026-09-21
sz300594,,,2026-09-21
sz300595,,,2026-09-21
sz300596,,,2026-09-21
sz300597,,,2026-09-21
sz300598,,,2026-09-21
sz300599,,,2026-09-21
sz300600,,,2026-09-21
sz300601,,,2026-09-21
sz300603,,,2026-09-21
sz300604,,,2026-09-21
sz300605,,,2026-09-21
sz300606,,,2026-09-21
sz300607,,,2026-09-21
sz300608,,,2026-09-21
sz300609,,,2026-09-21
sz300611,,,2026-09-21
sz300612,,,2026-09-21
sz300613,,,2026-09-21
sz300614,,,2026-09-21
sz300615,,,2026-09-21
sz300616,,,2026-09-21
sz300617,,,2026-09-21
sz300618,,,2026-09-21
sz300619,,,2026-09-21
sz300620,,,2026-09-21
sz300621,,,2026-09-21
sz300622,,,2026-09-21
sz300623,,,2026-09-21
sz300624,,,2026-09-21
sz300626,,,2026-09-21
sz300627,,,2026-09-21
sz300629,,,2026-09-21
sz300630,,,2025-05-21
sz300631,,,2026-09-21
sz300632,,,2026-09-21
sz300633,,,2026-09-21
sz300634,,,2026-09-21
sz300635,,,2026-09-21
sz300636,,,2026-09-21
sz300637,,,2026-09-21
sz300638,,,2026-09-21
sz300639,,,2026-09-21
sz300640,,,2026-09-21
sz300641,,,2026-09-21
sz300642,,,2026-09-21
sz300643,,,2026-09-21
sz300644,,,2026-09-21
sz300645,,,2026-09-21
sz300647,,,2026-09-21
sz300648,,,2026-09-21
sz300650,,,2026-09-21
sz300651,,,2026-09-21
sz300652,,,2026-09-21
sz300653,,,2026-09-21
sz300654,,,2026-09-21
sz300655,,,2026-09-21
sz300656,,,2026-09-21
sz300657,,,2026-09-21
sz300658,,,2026-09-21
sz300659,,,2026-09-21
sz300660,,,2026-09-21
sz300662,,,2026-09-21
sz300664,,,2026-09-21
sz300665,,,2026-09-21
sz300666,,,2026-09-21
sz300667,,,2026-09-21
sz300668,,,2026-09-21
sz300669,,,2026-09-21
sz300670,,,2026-09-21
sz300671,,,2026-09-21
sz300672,,,2026-09-21
sz300673,,,2026-09-21
sz300674,,,2026-09-21
sz300675,,,2026-09-21
sz300676,,,2026-09-21
sz300678,,,2026-09-21
sz300679,,,2026-09-21
sz300680,,,2026-09-21
sz300681,,,2026-09-21
sz300682,,,2026-09-21
sz300683,,,2026-09-21
sz300684,,,2026-09-21
sz300685,,,2026-09-21
sz300686,,,2026-09-21
sz300687,,,2026-09-21
sz300688,,,2026-09-21
sz300689,,,2026-09-21
sz300690,,,2026-09-21
sz300691,,,2026-09-21
sz300692,,,2026-09-21
sz300693,,,2026-09-21
sz300694,,,2026-09-21
sz300695,,,2026-09-21
sz300696,,,2026-09-21
sz300697,,,2026-09-21
sz300698,,,2026-09-21
sz300699,,,2026-09-21
sz300701,,,2026-09-21
sz300702,,,2026-09-21
sz300703,,,2026-09-21
sz300705,,,2026-09-21
sz300706,,,2026-09-21
sz300707,,,2026-09-21
sz300708,,,2026-09-21
sz300709,,,2026-09-21
sz300710,,,2026-09-21
sz300711,,,2026-09-21
sz300712,,,2026-09-21
sz300713,,,2026-09-21
sz300715,,,2026-09-21
sz300716,,,2026-09-21
sz300717,,,2026-09-21
sz300718,,,2026-09-21
sz300719,,,2026-09-21
sz300720,,,2026-09-21
sz300722,,,2026-09-21
sz300723,,,2026-09-21
sz300724,,,2026-09-21
sz300725,,,2026-09-21
sz300726,,,2026-09-21
sz300727,,,2026-09-21
sz300729,,,2026-09-21
sz300730,,,2026-09-21
sz300731,,,2026-09-21
sz300732,,,2026-09-21
sz300733,,,2026-09-21
sz300735,,,2026-09-21
sz300736,,,2026-09-21
sz300737,,,2026-09-21
sz300738,,,2026-09-21
sz300739,,,2026-09-21
sz300740,,,2026-09-21
sz300741,,,2026-09-21
sz300742,,,2024-07-19
sz300743,,,2026-09-21
sz300745,,,2026-09-21
sz300746,,,2026-09-21
sz300747,,,2026-09-21
sz300748,,,2026-09-21
sz300749,,,2026-09-21
sz300750,,,2026-09-21
sz300751,,,2026-09-21
sz300752,,,2026-09-21
sz300753,,,2026-09-21
sz300755,,,2026-09-21
sz300756,,,2026-09-21
sz300757,,,2026-09-21
sz300758,,,2026-09-21
sz300762,,,2026-09-21
sz300763,,,2026-09-21
sz300765,,,2026-09-21
sz300766,,,2026-09-21
sz300767,,,2026-09-21
sz300768,,,2026-09-21
sz300769,,,2026-09-21
sz300771,,,2026-09-21
sz300772,,,2026-09-21
sz300773,,,2026-09-21
sz300774,,,2026-09-21
sz300775,,,2026-09-21
sz300776,,,2026-09-21
sz300777,,,2026-09-21
sz300778,,,2026-09-21
sz300779,,,2026-09-21
sz300780,,,2026-09-21
sz300781,,,2026-09-21
sz300782,,,2026-09-21
sz300783,,,2026-09-21
sz300784,,,2026-09-21
sz300785,,,2026-09-21
sz300786,,,2026-09-21
sz300787,,,2026-09-21
sz300788,,,2026-09-21
sz300789,,,2026-09-21
sz300790,,,2026-09-21
sz300791,,,2026-09-21
sz300792,,,2026-09-21
sz300793,,,2026-09-21
sz300795,,,2026-09-21
sz300796,,,2026-09-21
sz300797,,,2026-09-21
sz300798,,,2026-09-21
sz300799,,,2024-07-26
sz300801,,,2026-09-21
sz300802,,,2026-09-21
sz300803,,,2026-09-21
sz300804,,,2026-09-21
sz300805,,,2026-09-21
sz300806,,,2026-09-21
sz300807,,,2026-09-21
sz300808,,,2026-09-21
sz300809,,,2026-09-21
sz300810,,,2026-09-21
sz300811,,,2026-09-21
sz300812,,,2026-09-21
sz300813,,,2026-09-21
sz300814,,,2026-09-21
sz300815,,,2026-09-21
sz300816,,,2026-09-21
sz300817,,,2026-09-21
sz300818,,,2026-09-21
sz300819,,,2026-09-21
sz300820,,,2026-09-21
sz300821,,,2026-09-21
sz300822,,,2026-09-21
sz300823,,,2026-09-21
sz300824,,,2026-09-21
sz300826,,,2026-09-21
sz300827,,,2026-09-21
sz300828,,,2026-09-21
sz300829,,,2026-09-21
sz300830,,,2026-09-21
sz300831,,,2026-09-21
sz300832,,,2026-09-21
sz300833,,,2026-09-21
sz300834,,,2026-09-21
sz300835,,,2026-09-21
sz300836,,,2026-09-21
sz300837,,,2026-09-21
sz300838,,,2026-09-21
sz300839,,,2026-09-21
sz300840,,,2026-09-21
sz300841,,,2026-09-21
sz300842,,,2026-09-21
sz300843,,,2026-09-21
sz300844,,,2026-09-21
sz300845,,,2026-09-21
sz300846,,,2026-09-21
sz300847,,,2026-09-21
sz300848,,,2026-09-21
sz300849,,,2026-09-21
sz300850,,,2026-09-21
sz300853,,,2026-09-21
sz300854,,,2026-09-21
sz300856,,,2026-09-21
sz300857,,,2026-09-21
sz300858,,,2026-09-21
sz300859,,,2026-09-21
sz300860,,,2026-09-21
sz300861,,,2026-09-21
sz300862,,,2026-09-21
sz300863,,,2026-09-21
sz300864,,,2026-09-21
sz300865,,,2026-09-21
sz300866,,,2026-09-21
sz300867,,,2026-09-21
sz300868,,,2026-09-21
sz300869,,,2026-09-21
sz300870,,,2026-09-21
sz300871,,,2026-09-21
sz300872,,,2026-09-21
sz300873,,,2026-09-21
sz300875,,,2026-09-21
sz300876,,,2026-09-21
sz300877,,,2026-09-21
sz300878,,,2026-09-21
sz300879,,,2026-09-21
sz300880,,,2026-09-21
sz300881,,,2026-09-21
sz300882,,,2026-09-21
sz300884,,,2026-09-21
sz300885,,,2026-09-21
sz300886,,,2026-09-21
sz300887,,,2026-09-21
sz300888,,,2026-09-21
sz300889,,,2026-09-21
sz300891,,,2026-09-21
sz300892,,,2026-09-21
sz300893,,,2026-09-21
sz300894,,,2026-09-21
sz300895,,,2026-09-21
sz300897,,,2026-09-21
sz300898,,,2026-09-21
sz300899,,,2026-09-21
sz300900,,,2026-09-21
sz300901,,,2026-09-21
sz300902,,,2026-09-21
sz300903,,,2026-09-21
sz300904,,,2026-09-21
sz300905,,,2026-09-21
sz300906,,,2026-09-21
sz300908,,,2026-09-21
sz300911,,,2026-09-21
sz300912,,,2026-09-21
sz300913,,,2026-09-21
sz300915,,,2026-09-21
sz300916,,,2026-09-21
sz300917,,,2026-09-21
sz300918,,,2026-09-21
sz300919,,,2026-09-21
sz300920,,,2026-09-21
sz300921,,,2026-09-21
sz300922,,,2026-09-21
sz300923,,,2026-09-21
sz300925,,,2026-09-21
sz300926,,,2026-09-21
sz300927,,,2026-09-21
sz300928,,,2026-09-21
sz300930,,,2026-09-21
sz300932,,,2026-09-21
sz300933,,,2026-09-21
sz300935,,,2026-09-21
sz300936,,,2026-09-21
sz300937,,,2026-09-21
sz300938,,,2026-09-21
sz300940,,,2026-09-21
sz300941,,,2026-09-21
sz300942,,,2026-09-21
sz300943,,,2026-09-21
sz300945,,,2026-09-21
sz300946,,,2026-09-21
sz300947,,,2026-09-21
sz300948,,,2026-09-21
sz300949,,,2026-09-21
sz300950,,,2026-09-21
sz300951,,,2026-09-21
sz300952,,,2026-09-21
sz300953,,,2026-09-21
sz300955,,,2026-09-21
sz300956,,,2026-09-21
sz300957,,,2026-09-21
sz300959,,,2026-09-21
sz300961,,,2026-09-21
sz300962,,,2026-09-21
sz300963,,,2026-09-21
sz300965,,,2026-09-21
sz300966,,,2026-09-21
sz300968,,,2026-09-21
sz300969,,,2026-09-21
sz300970,,,2026-09-21
sz300971,,,2026-09-21
sz300972,,,2026-09-21
sz300973,,,2026-09-21
sz300975,,,2026-09-21
sz300977,,,2026-09-21
sz300978,,,2026-09-21
sz300979,,,2026-09-21
sz300980,,,2026-09-21
sz300981,,,2026-09-21
sz300982,,,2026-09-21
sz300984,,,2026-09-21
sz300985,,,2026-09-21
sz300986,,,2026-09-21
sz300987,,,2026-09-21
sz300988,,,2026-09-21
sz300989,,,2026-09-21
sz300990,,,2026-09-21
sz300991,,,2026-09-21
sz300992,,,2026-09-21
sz300993,,,2026-09-21
sz300994,,,2026-09-21
sz300995,,,2026-09-21
sz300996,,,2026-09-21
sz300997,,,2026-09-21
sz300998,,,2026-09-21
sz301000,,,2026-09-21
sz301001,,,2026-09-21
sz301002,,,2026-09-21
sz301003,,,2026-09-21
sz301004,,,2026-09-21
sz301005,,,2026-09-21
sz301006,,,2026-09-21
sz301007,,,2026-09-21
sz301008,,,2026-09-21
sz301009,,,2026-09-21
sz301010,,,2026-09-21
sz301011,,,2026-09-21
sz301012,,,2026-09-21
sz301013,,,2026-09-21
sz301015,,,2026-09-21
sz301016,,,2026-09-21
sz301017,,,2026-09-21
sz301018,,,2026-09-21
sz301019,,,2026-09-21
sz301020,,,2026-09-21
sz301021,,,2026-09-21
sz301022,,,2026-09-21
sz301023,,,2026-09-21
sz301024,,,2026-09-21
sz301025,,,2026-09-21
sz301026,,,2026-09-21
sz301027,,,2026-09-21
sz301028,,,2026-09-21
sz301029,,,2026-09-21
sz301030,,,2026-09-21
sz301031,,,2026-09-21
sz301032,,,2026-09-21
sz301033,,,2026-09-21
sz301035,,,2026-09-21
sz301036,,,2026-09-21
sz301037,,,2026-09-21
sz301038,,,2026-09-21
sz301039,,,2026-09-21
sz301040,,,2026-09-21
sz301041,,,2026-09-21
sz301042,,,2026-09-21
sz301043,,,2026-09-21
sz301045,,,2026-09-21
sz301046,,,2026-09-21
sz301047,,,2026-09-21
sz301049,,,2026-09-21
sz301050,,,2026-09-21
sz301051,,,2026-09-21
sz301052,,,2026-09-21
sz301055,,,2026-09-21
sz301056,,,2026-09-21
sz301057,,,2026-09-21
sz301058,,,2026-09-21
sz301059,,,2026-09-21
sz301060,,,2026-09-21
sz301061,,,2026-09-21
sz301062,,,2026-09-21
sz301063,,,2026-09-21
sz301065,,,2026-09-21
sz301066,,,2026-09-21
sz301067,,,2026-09-21
sz301068,,,2026-09-21
sz301069,,,2026-09-21
sz301070,,,2026-09-21
sz301071,,,2026-09-21
sz301073,,,2026-09-21
sz301075,,,2026-09-21
sz301076,,,2026-09-21
sz301077,,,2026-09-21
sz301078,,,2026-09-21
sz301079,,,2026-09-21
sz301080,,,2026-09-21
sz301081,,,2026-09-21
sz301082,,,2026-09-21
sz301083,,,2026-09-21
sz301085,,,2026-09-21
sz301086,,,2026-09-21
sz301087,,,2026-09-21
sz301088,,,2026-09-21
sz301089,,,2026-09-21
sz301091,,,2026-09-21
sz301092,,,2026-09-21
sz301093,,,2026-09-21
sz301095,,,2026-09-21
sz301096,,,2026-09-21
sz301097,,,2026-09-21
sz301098,,,2026-09-21
sz301099,,,2026-09-21
sz301100,,,2026-09-21
sz301102,,,2026-09-21
sz301103,,,2026-09-21
sz301105,,,2026-09-21
sz301106,,,2026-09-21
sz301107,,,2026-09-21
sz301108,,,2026-09-21
sz301109,,,2026-09-21
sz301110,,,2026-09-21
sz301111,,,2026-09-21
sz301112,,,2026-09-21
sz301113,,,2026-09-21
sz301116,,,2026-09-21
sz301117,,,2026-09-21
sz301118,,,2026-09-21
sz301119,,,2026-09-21
sz301120,,,2026-09-21
sz301121,,,2026-09-21
sz301122,,,2026-09-21
sz301123,,,2026-09-21
sz301125,,,2026-09-21
sz301126,,,2026-09-21
sz301127,,,2026-09-21
sz301128,,,2026-09-21
sz301129,,,2026-09-21
sz301130,,,2026-09-21
sz301131,,,2026-09-21
sz301132,,,2026-09-21
sz301133,,,2026-09-21
sz301135,,,2026-09-21
sz301136,,,2026-09-21
sz301137,,,2026-09-21
sz301139,,,2026-09-11
sz301141,,,2026-09-21
sz301148,,,2026-09-21
sz301149,,,2026-09-21
sz301150,,,2026-09-21
sz301151,,,2026-09-21
sz301152,,,2026-09-21
sz301153,,,2026-09-21
sz301155,,,2026-09-21
sz301156,,,2026-09-21
sz301157,,,2026-09-21
sz301158,,,2026-09-21
sz301159,,,2026-09-21
sz301160,,,2026-09-21
sz301161,,,2026-09-21
sz301162,,,2026-09-21
sz301163,,,2026-09-21
sz301165,,,2026-09-21
sz301166,,,2026-09-21
sz301167,,,2026-09-21
sz301168,,,2026-09-21
sz301169,,,2026-09-21
sz301170,,,2026-09-21
sz301171,,,2026-09-21
sz301172,,,2026-09-21
sz301173,,,2026-09-21
sz301177,,,2026-09-21
sz301178,,,2026-09-21
sz301179,,,2026-09-21
sz301180,,,2026-09-21
sz301181,,,2026-09-21
sz301182,,,2026-09-21
sz301183,,,2026-09-21
sz301185,,,2026-09-21
sz301186,,,2026-09-21
sz301187,,,2026-09-21
sz301188,,,2026-09-21
sz301189,,,2026-09-21
sz301190,,,2026-09-21
sz301191,,,2026-09-21
sz301192,,,2026-09-21
sz301193,,,2026-09-21
sz301195,,,2026-09-21
sz301197,,,2026-09-21
sz301198,,,2026-09-21
sz301199,,,2026-09-21
sz301200,,,2026-09-21
sz301201,,,2026-09-21
sz301202,,,2026-09-21
sz301203,,,2026-09-21
sz301205,,,2026-09-21
sz301206,,,2026-09-21
sz301207,,,2026-09-21
sz301208,,,2026-09-21
sz301209,,,2026-09-21
sz301210,,,2026-09-21
sz301211,,,2026-09-21
sz301212,,,2026-09-21
sz301213,,,2026-09-21
sz301215,,,2026-09-21
sz301216,,,2026-09-21
sz301217,,,2026-09-21
sz301219,,,2026-09-21
sz301220,,,2026-09-21
sz301221,,,2026-09-21
sz301222,,,2026-09-21
sz301223,,,2026-09-21
sz301225,,,2026-09-21
sz301226,,,2026-09-21
sz301227,,,2026-09-21
sz301228,,,2026-09-21
sz301229,,,2026-09-21
sz301230,,,2026-09-21
sz301231,,,2026-09-21
sz301232,,,2026-09-21
sz301233,,,2026-09-21
sz301235,,,2026-09-21
sz301236,,,2026-09-21
sz301237,,,2026-09-21
sz301238,,,2026-09-21
sz301239,,,2026-09-21
sz301246,,,2026-09-21
sz301248,,,2026-09-21
sz301252,,,2026-09-21
sz301255,,,2026-09-21
sz301256,,,2026-09-21
sz301257,,,2026-09-21
sz301258,,,2026-09-21
sz301259,,,2026-09-21
sz301260,,,2026-09-21
sz301261,,,2026-09-21
sz301262,,,2026-09-21
sz301263,,,2026-09-21
sz301265,,,2026-09-21
sz301266,,,2026-09-21
sz301267,,,2026-09-21
sz301268,,,2026-09-21
sz301269,,,2026-09-21
sz301270,,,2026-09-21
sz301272,,,2026-09-21
sz301275,,,2026-09-21
sz301276,,,2026-09-21
sz301277,,,2026-09-21
sz301278,,,2026-09-21
sz301279,,,2026-09-21
sz301280,,,2026-09-21
sz301281,,,2026-09-21
sz301282,,,2026-09-21
sz301283,,,2026-09-21
sz301285,,,2026-09-21
sz301286,,,2026-09-21
sz301287,,,2026-09-21
sz301288,,,2026-09-21
sz301289,,,2026-09-21
sz301290,,,2026-09-21
sz301291,,,2026-09-21
sz301292,,,2026-09-21
sz301293,,,2026-09-21
sz301295,,,2026-09-21
sz301296,,,2026-09-21
sz301297,,,2026-09-21
sz301298,,,2026-09-21
sz301299,,,2026-09-21
sz301300,,,2026-09-21
sz301301,,,2026-09-21
sz301302,,,2026-09-21
sz301303,,,2026-09-21
sz301306,,,2026-09-21
sz301307,,,2026-09-21
sz301308,,,2026-09-21
sz301309,,,2026-09-21
sz301310,,,2026-09-21
sz301311,,,2026-09-21
sz301312,,,2026-09-21
sz301313,,,2026-09-21
sz301314,,,2026-09-21
sz301315,,,2026-09-21
sz301316,,,2026-09-21
sz301317,,,2026-09-21
sz301318,,,2026-09-21
sz301319,,,2026-09-21
sz301321,,,2026-09-21
sz301322,,,2026-09-21
sz301323,,,2026-09-21
sz301325,,,2026-09-21
sz301326,,,2026-09-21
sz301327,,,2026-09-21
sz301328,,,2026-09-21
sz301329,,,2026-09-21
sz301330,,,2026-09-21
sz301331,,,2026-09-21
sz301332,,,2026-09-21
sz301333,,,2026-09-21
sz301335,,,2026-09-21
sz301336,,,2026-09-21
sz301337,,,2026-09-21
sz301338,,,2026-09-21
sz301339,,,2026-09-21
sz301345,,,2026-09-21
sz301348,,,2026-09-21
sz301349,,,2026-09-21
sz301353,,,2026-09-21
sz301355,,,2026-09-21
sz301356,,,2026-09-21
sz301357,,,2026-09-21
sz301358,,,2026-09-21
sz301359,,,2026-09-21
sz301360,,,2026-09-21
sz301361,,,2026-09-21
sz301362,,,2026-09-21
sz301363,,,2026-09-21
sz301365,,,2026-09-21
sz301367,,,2026-09-21
sz301368,,,2026-09-21
sz301369,,,2026-09-21
sz301370,,,2026-09-21
sz301371,,,2026-09-21
sz301372,,,2026-09-21
sz301373,,,2026-09-21
sz301376,,,2026-09-21
sz301377,,,2026-09-21
sz301378,,,2026-09-21
sz301379,,,2026-09-21
sz301380,,,2026-09-21
sz301382,,,2026-09-21
sz301383,,,2026-09-21
sz301386,,,2026-09-21
sz301387,,,2026-09-21
sz301388,,,2026-09-21
sz301389,,,2026-09-21
sz301390,,,2026-09-21
sz301391,,,2026-09-21
sz301392,,,2026-09-21
sz301393,,,2026-09-21
sz301395,,,2026-09-21
sz301396,,,2026-09-21
sz301397,,,2026-09-21
sz301398,,,2026-09-21
sz301399,,,2026-09-21
sz301408,,,2026-09-21
sz301413,,,2026-09-21
sz301418,,,2026-09-21
sz301421,,,2026-09-21
sz301428,,,2026-09-21
sz301439,,,2026-09-21
sz301446,,,2026-09-21
sz301448,,,2026-09-21
sz301449,,,2026-09-21
sz301456,,,2026-09-21
sz301458,,,2026-09-21
sz301459,,,2026-09-21
sz301468,,,2026-09-21
sz301469,,,2026-09-21
sz301479,,,2026-09-21
sz301486,,,2026-09-21
sz301487,,,2026-09-21
sz301488,,,2026-09-21
sz301489,,,2026-09-21
sz301491,,,2026-09-21
sz301498,,,2026-09-21
sz301499,,,2026-09-21
sz301500,,,2026-09-21
sz301501,,,2026-09-21
sz301502,,,2026-09-21
sz301503,,,2026-09-21
sz301505,,,2026-09-21
sz301507,,,2026-09-21
sz301508,,,2026-09-21
sz301509,,,2026-09-21
sz301510,,,2026-09-21
sz301511,,,2026-09-21
sz301512,,,2026-09-21
sz301513,,,2026-09-21
sz301515,,,2026-09-21
sz301516,,,2026-09-21
sz301517,,,2026-09-21
sz301518,,,2026-09-21
sz301519,,,2026-09-21
sz301522,,,2026-09-21
sz301525,,,2026-09-21
sz301526,,,2026-09-21
sz301529,,,2026-09-21
sz301531,,,2026-09-21
sz301533,,,2026-09-21
sz301535,,,2026-09-21
sz301538,,,2026-09-21
sz301539,,,2026-09-21
sz301548,,,2026-09-21
sz301550,,,2026-09-21
sz301551,,,2026-09-21
sz301552,,,2026-09-21
sz301555,,,2026-09-21
sz301556,,,2026-09-21
sz301557,,,2026-09-21
sz301558,,,2026-09-21
sz301559,,,2026-09-21
sz301560,,,2026-09-21
sz301563,,,2026-09-21
sz301565,,,2026-09-21
sz301566,,,2026-09-21
sz301567,,,2026-09-21
sz301568,,,2026-09-21
sz301571,,,2026-09-21
sz301575,,,2026-09-21
sz301577,,,2026-09-21
sz301578,,,2026-09-21
sz301580,,,2026-09-21
sz301581,,,2026-09-21
sz301583,,,2026-09-21
sz301584,,,2026-09-21
sz301585,,,2026-09-21
sz301586,,,2026-09-21
sz301587,,,2026-09-21
sz301588,,,2026-09-21
sz301589,,,2026-09-21
sz301590,,,2026-09-21
sz301591,,,2026-09-21
sz301592,,,2026-09-21
sz301595,,,2026-09-21
sz301596,,,2026-09-21
sz301598,,,2026-09-21
sz301599,,,2026-09-21
sz301600,,,2026-09-21
sz301601,,,2026-09-21
sz301602,,,2026-09-21
sz301603,,,2026-09-21
sz301608,,,2026-09-21
sz301609,,,2026-09-21
sz301611,,,2026-09-21
sz301613,,,2026-09-21
sz301616,,,2026-09-21
sz301617,,,2026-09-21
sz301618,,,2026-09-21
sz301622,,,2026-09-21
sz301626,,,2026-09-21
sz301628,,,2026-09-21
sz301629,,,2026-09-21
sz301630,,,2026-09-21
sz301631,,,2026-09-21
sz301632,,,2026-09-21
sz301633,,,2026-09-21
sz301636,,,2026-09-21
sz301638,,,2026-09-21
sz301655,,,2026-09-21
sz301656,,,2026-09-21
sz301658,,,2026-09-21
sz301662,,,2026-09-21
sz301665,,,2026-09-21
sz301666,,,2026-09-21
sz301667,,,2026-09-21
sz301668,,,2026-09-21
sz301669,,,2026-09-21
sz301677,,,2026-09-21
sz301678,,,2026-09-21
sz301680,,,2026-09-21
sz301682,,,2026-09-21
sz301683,,,2026-09-21
sz301687,,,2026-09-21
sz301688,,,2026-09-21
sz301696,,,2026-09-21
sz301697,,,2026-09-21
sz301707,,,2026-09-21
sz301717,,,2026-09-21
