基金代码,基金简称,基金类型
000001,华夏成长混合,混合型-灵活
000002,华夏成长混合(后端),混合型-灵活
000003,中海可转债债券A,债券型-混合二级
000004,中海可转债债券C,债券型-混合二级
000005,嘉实增强信用定期债券,债券型-混合一级
000006,西部利得量化成长混合A,混合型-偏股
000008,嘉实中证500ETF联接A,指数型-股票
000011,华夏大盘精选混合A,混合型-灵活
000012,华夏大盘精选混合A(后端),混合型-灵活
000014,华夏聚利债券A,债券型-混合一级
000017,财通可持续混合A,混合型-偏股
000020,景顺长城品质投资混合A,混合型-偏股
000021,华夏优势增长混合,混合型-偏股
000024,大摩双利增强债券A,债券型-混合一级
000025,大摩双利增强债券C,债券型-混合一级
000028,华富安鑫债券A,债券型-混合二级
000029,富国宏观策略灵活配置混合A,混合型-灵活
000030,长城核心优选混合A,混合型-灵活
000031,华夏复兴混合A,混合型-偏股
000039,农银高增长混合,混合型-偏股
000041,华夏全球股票(QDII)(人民币),QDII-普通股票
000042,财通中证ESG100指数增强A,指数型-股票
000043,嘉实美国成长股票人民币,QDII-普通股票
000044,嘉实美国成长股票美元现汇,QDII-普通股票
000045,工银产业债债券A,债券型-混合二级
000046,工银产业债债券B,债券型-混合二级
000047,华夏双债债券A,债券型-混合一级
000048,华夏双债债券C,债券型-混合一级
000051,华夏沪深300ETF联接A,指数型-股票
000054,鹏华双债增利债券A,债券型-混合二级
000055,广发纳斯达克100ETF联接美元(QDII)A,指数型-海外股票
000056,建信消费升级混合,混合型-灵活
000057,中银消费主题混合A,混合型-偏股
000058,国联安安泰灵活配置混合A,混合型-灵活
000059,国联安中证医药100A,指数型-股票
000061,华夏盛世混合,混合型-偏股
000063,长盛电子信息主题混合A,混合型-灵活
000065,国富焦点驱动混合A,混合型-灵活
000066,诺安鸿鑫混合A,混合型-偏股
000067,民生加银转债优选A,债券型-混合二级
000068,民生加银转债优选C,债券型-混合二级
000069,国投瑞银中高等级债券A,债券型-混合一级
000070,国投瑞银中高等级债券C,债券型-混合一级
000071,华夏恒生ETF联接A,指数型-海外股票
000072,华安稳健回报混合A,混合型-灵活
000073,摩根成长动力混合A,混合型-灵活
000075,华夏恒生ETF联接现汇,指数型-海外股票
000076,华夏恒生ETF联接现钞,指数型-海外股票
000080,天治可转债增强债券A,债券型-混合二级
000081,天治可转债增强债券C,债券型-混合二级
000082,嘉实研究阿尔法股票A,股票型
000083,汇添富消费行业混合,混合型-偏股
000104,富国丰泰债券A,债券型-混合一级
000107,富国稳健增强债券A/B,债券型-混合二级
000108,富国稳健增强债券A/B(后端),债券型-混合二级
000109,富国稳健增强债券C,债券型-混合二级
000110,金鹰元安混合A,混合型-偏债
000117,广发轮动配置混合,混合型-偏股
000118,广发聚鑫债券A,债券型-混合二级
000119,广发聚鑫债券C,债券型-混合二级
000120,中银美丽中国混合A,混合型-偏股
000121,华夏永福混合A,混合型-偏债
000122,汇添富实业债债券A,债券型-混合一级
000123,汇添富实业债债券C,债券型-混合一级
000124,华宝服务优选混合,混合型-偏股
000126,招商安润灵活配置混合A,混合型-灵活
000127,农银行业领先混合,混合型-偏股
000130,大成景兴信用债债券A,债券型-混合一级
000131,大成景兴信用债债券C,债券型-混合一级
000136,民生加银策略精选混合A,混合型-灵活
000142,融通增强收益债券A,债券型-混合二级
000143,鹏华双债加利债券A,债券型-混合二级
000149,华安双债添利债券A,债券型-混合一级
000150,华安双债添利债券C,债券型-混合一级
000154,富国沪深300指数增强A(后端),指数型-股票
000155,富国通胀通缩主题轮动混合A(后端),混合型-偏股
000157,富国全球科技互联网股票(QDII)A(后端),QDII-普通股票
000158,富国低碳环保混合(后端),混合型-偏股
000159,富国高新技术产业混合(后端),混合型-偏股
000161,富国宏观策略灵活配置混合A(后端),混合型-灵活
000162,富国中国中小盘混合(QDII)人民币A(后端),QDII-混合偏股
000163,富国全球债券(QDII)人民币A(后端),QDII-混合债
000164,富国上证指数ETF联接A(后端),指数型-股票
000165,国投瑞银策略精选混合,混合型-灵活
000166,中海信息产业混合A,混合型-偏股
000167,广发聚优灵活配置混合A,混合型-灵活
000171,易方达裕丰回报债券A,债券型-混合二级
000172,华泰柏瑞量化增强混合A,混合型-偏股
000173,汇添富美丽30混合A,混合型-偏股
000174,汇添富高息债债券A,债券型-混合一级
000175,汇添富高息债债券C,债券型-混合一级
000176,嘉实沪深300指数研究增强A,指数型-股票
000179,广发美国房地产指数人民币(QDII)A,指数型-海外股票
000180,广发美国房地产指数美元现汇(QDII)A,指数型-海外股票
000181,景顺长城四季金利债券A,债券型-混合二级
000182,景顺长城四季金利债券C,债券型-混合二级
000183,嘉实丰益策略定期债券,债券型-混合一级
000184,工银添福债券A,债券型-混合二级
000185,工银添福债券B,债券型-混合二级
000186,华泰柏瑞季季红债券A,债券型-混合一级
000189,易方达丰华债券A,债券型-混合二级
000190,中银新回报灵活配置混合A,混合型-灵活
000195,工银成长收益混合A,混合型-灵活
000196,工银成长收益混合B,混合型-灵活
000199,国泰量化策略收益混合A,混合型-偏股
000207,建信双债增强债券A,债券型-混合一级
000208,建信双债增强债券C,债券型-混合一级
000209,中信保诚新兴产业混合A,混合型-偏股
000214,广发成长优选混合,混合型-灵活
000215,广发趋势优选灵活配置混合A,混合型-灵活
000219,博时裕益混合A,混合型-灵活
000220,富国医疗保健行业混合A,混合型-偏股
000221,汇添富年年利定期开放债券A,债券型-混合一级
000222,汇添富年年利定期开放债券C,债券型-混合一级
000227,华安年年红债券A,债券型-混合一级
000236,工银月月薪定期支付债券A,债券型-混合二级
000239,华安年年盈定开债A,债券型-混合一级
000240,华安年年盈定开债C,债券型-混合一级
000241,宝盈核心优势混合C,混合型-灵活
000242,景顺长城策略精选灵活配置混合A,混合型-灵活
000244,天弘稳利定期开放A,债券型-混合一级
000245,天弘稳利定期开放B,债券型-混合一级
000248,汇添富中证主要消费ETF联接A,指数型-股票
000251,工银金融地产混合A,混合型-偏股
000254,长城增强收益定开债券A,债券型-混合一级
000255,长城增强收益定开债券C,债券型-混合一级
000259,农银区间收益混合,混合型-灵活
000263,工银信息产业混合A,混合型-偏股
000264,博时内需增长混合A,混合型-灵活
000267,广发集利一年定开债A,债券型-混合一级
000268,广发集利一年定开债C,债券型-混合一级
000270,建信灵活配置混合A,混合型-灵活
000273,华润元大安鑫灵活配置混合A,混合型-灵活
000279,华商红利优选混合,混合型-灵活
000286,银华信用季季红债券A,债券型-混合一级
000289,鹏华丰泰定开债A,债券型-混合一级
000294,华安生态优先混合A,混合型-偏股
000295,鹏华丰实定期开放债券A,债券型-混合一级
000296,鹏华丰实定期开放债券B,债券型-混合一级
000297,鹏华可转债债券A,债券型-混合二级
000306,天弘弘利债券A,债券型-混合二级
000308,建信创新中国混合,混合型-偏股
000309,大摩品质生活精选股票A,股票型
000310,安信永利信用债券A,债券型-混合一级
000311,景顺长城沪深300指数增强A,指数型-股票
000312,华安沪深300增强A,指数型-股票
000313,华安沪深300增强C,指数型-股票
000314,招商瑞丰灵活配置混合发起式A,混合型-灵活
000319,宏利淘利债券A,债券型-混合一级
000320,宏利淘利债券C,债券型-混合一级
000326,南方中小盘成长股票A,股票型
000327,南方潜力新蓝筹混合A,混合型-偏股
000328,摩根转型动力混合A,混合型-灵活
000329,鹏华丰饶定开债,债券型-混合一级
000333,长城稳固收益债券A,债券型-混合二级
000334,长城稳固收益债券C,债券型-混合二级
000335,安信永利信用债券C,债券型-混合一级
000336,农银研究精选混合,混合型-灵活
000338,鹏华双债保利债券B,债券型-混合二级
000339,长城医疗保健混合A,混合型-偏股
000345,鹏华丰融定开债,债券型-混合一级
000351,国富恒丰一年持有期债券A,债券型-混合一级
000352,国富恒丰一年持有期债券C,债券型-混合一级
000354,长盛城镇化主题混合A,混合型-偏股
000355,南方丰元信用增强债券A,债券型-混合一级
000356,南方丰元信用增强债券C,债券型-混合一级
000362,国泰聚信价值优势混合A,混合型-灵活
000363,国泰聚信价值优势混合C,混合型-灵活
000367,国泰安康定期支付混合A,混合型-偏债
000368,汇添富沪深300安中指数A,指数型-股票
000369,广发全球医疗保健指数人民币(QDII)A,指数型-海外股票
000370,广发全球医疗保健美元现汇(QDII)A,指数型-海外股票
000373,华安中证细分医药ETF联接A,指数型-股票
000376,华安中证细分医药ETF联接C,指数型-股票
000377,摩根双债增利债券A,债券型-混合二级
000378,摩根双债增利债券C,债券型-混合二级
000385,景顺长城景颐双利债券A,债券型-混合二级
000386,景顺长城景颐双利债券C,债券型-混合二级
000390,华商优势行业混合A,混合型-灵活
000398,华富灵活配置混合A,混合型-灵活
000404,易方达新兴成长灵活配置,混合型-灵活
000406,汇添富双利增强债券A,债券型-混合二级
000407,汇添富双利增强债券C,债券型-混合二级
000408,民生加银城镇化混合A,混合型-灵活
000409,鹏华环保产业股票,股票型
000410,益民服务领先混合A,混合型-灵活
000411,景顺长城优质成长股票A,股票型
000414,嘉实绝对收益策略定期混合A,混合型-绝对收益
000417,国联安新精选混合A,混合型-灵活
000418,景顺长城成长之星股票A,股票型
000423,前海开源事件驱动混合A,混合型-灵活
000431,鹏华品牌传承混合,混合型-灵活
000432,中银优秀企业混合A,混合型-偏股
000433,安信鑫发优选混合A,混合型-灵活
000436,易方达裕惠定开混合A,混合型-偏债
000452,南方医药保健灵活配置混合A,混合型-灵活
000457,摩根核心成长股票A,股票型
000458,英大领先回报A,混合型-灵活
000459,英大领先回报B,混合型-灵活
000462,农银主题轮动混合A,混合型-灵活
000471,富国城镇发展股票,股票型
000472,富国城镇发展股票(后端),股票型
000477,广发主题领先混合A,混合型-灵活
000478,建信中证500指数增强A,指数型-股票
000480,东方红新动力混合A,混合型-灵活
000496,长安产业精选混合A,混合型-灵活
000507,宏利宏达混合A,混合型-偏债
000508,宏利宏达混合B,混合型-偏债
000511,国泰国策驱动灵活配置混合A,混合型-灵活
000512,国泰沪深300指数增强A,指数型-股票
000513,富国高端制造行业股票A,股票型
000514,富国高端制造行业股票A(后端),股票型
000520,上银新兴价值成长混合A,混合型-灵活
000522,华润元大信息传媒科技混合A,混合型-偏股
000523,国投瑞银医疗保健混合A,混合型-灵活
000524,摩根民生需求股票A,股票型
000526,国泰浓益灵活配置混合A,混合型-灵活
000527,南方新优享灵活配置混合A,混合型-灵活
000529,广发竞争优势混合A,混合型-灵活
000530,招商丰盛稳定增长混合A,混合型-灵活
000531,东吴阿尔法灵活配置混合A,混合型-灵活
000532,景顺长城优势企业混合A,混合型-偏股
000534,长盛高端装备混合A,混合型-灵活
000535,长盛航天海工混合A,混合型-灵活
000536,前海开源可转债债券A,债券型-混合二级
000538,诺安优势行业混合A,混合型-灵活
000541,华商创新成长混合发起式A,混合型-灵活
000545,中邮核心竞争力灵活配置混合,混合型-灵活
000546,兴业定开债A,债券型-混合一级
000547,建信健康民生混合A,混合型-偏股
000549,华安大国新经济股票A,股票型
000550,广发新动力混合A,混合型-偏股
000551,中信保诚幸福消费混合A,混合型-偏股
000554,南方中国梦灵活配置混合A,混合型-灵活
000556,国投瑞银新机遇灵活配置混合A,混合型-灵活
000557,国投瑞银新机遇灵活配置混合C,混合型-灵活
000565,富国医疗保健行业混合A(后端),混合型-偏股
000566,华泰柏瑞创新升级混合A,混合型-灵活
000567,广发聚祥灵活混合,混合型-灵活
000572,中银多策略混合A,混合型-灵活
000573,天弘通利混合A,混合型-灵活
000574,宝盈新价值混合A,混合型-灵活
000577,安信价值精选股票A,股票型
000578,鑫元恒鑫收益增强债券型发起式A,债券型-混合二级
000579,鑫元恒鑫收益增强债券型发起式C,债券型-混合二级
000583,江信聚福定开债,债券型-混合一级
000584,新华鑫益灵活配置混合C,混合型-灵活
000585,嘉实对冲套利定期混合A,混合型-绝对收益
000586,景顺长城中小创精选股票A,股票型
000587,大成灵活配置混合A,混合型-灵活
000589,光大银发商机混合A,混合型-偏股
000590,华安新活力灵活配置混合A,混合型-灵活
000591,中银健康生活混合A,混合型-偏股
000592,建信改革红利股票A,股票型
000593,易方达标普消费品指数美元现汇A,指数型-海外股票
000594,大摩进取优选股票,股票型
000595,嘉实泰和混合,混合型-灵活
000596,前海开源中证军工指数A,指数型-股票
000597,中海积极收益混合,混合型-灵活
000598,长盛生态环境混合A,混合型-灵活
000601,华宝创新优选混合,混合型-偏股
000603,易方达创新驱动灵活配置混合,混合型-灵活
000609,华商新量化混合A,混合型-灵活
000612,华宝生态中国混合A,混合型-偏股
000613,国寿安保沪深300ETF联接A,指数型-股票
000614,华安德国(DAX)联接(QDII)A,指数型-海外股票
000619,东方红产业升级混合,混合型-灵活
000628,大成高鑫股票A,股票型
000634,富国天盛灵活配置基金,混合型-灵活
000635,富国天盛灵活配置基金(后端),混合型-灵活
000639,宝盈祥瑞混合A,混合型-偏债
000646,华润元大量化优选混合A,混合型-偏股
000649,长城久鑫混合A,混合型-灵活
000652,博时裕隆灵活配置混合A,混合型-灵活
000654,华商新锐产业混合,混合型-灵活
000656,前海开源沪深300指数A,指数型-股票
000663,国投瑞银美丽中国混合A,混合型-灵活
000667,工银绝对收益混合发起A,混合型-绝对收益
000668,国寿安保尊享债券A,债券型-混合一级
000669,国寿安保尊享债券C,债券型-混合一级
000672,工银绝对收益混合发起B,混合型-绝对收益
000673,融通四季添利债券(LOF)C,债券型-混合一级
000679,招商丰利灵活配置混合A,混合型-灵活
000684,长盛养老健康混合A,混合型-灵活
000688,景顺长城研究精选股票A,股票型
000689,前海开源新经济混合A,混合型-灵活
000690,前海开源大海洋混合,混合型-灵活
000692,汇添富双利债券C,债券型-混合二级
000696,汇添富环保行业股票,股票型
000697,汇添富移动互联股票A,股票型
000698,宝盈科技30混合,混合型-灵活
000706,中邮多策略灵活配置混合,混合型-灵活
000711,嘉实医疗保健股票,股票型
000714,诺安稳健回报混合A,混合型-灵活
000717,融通转型三动力灵活配置混合A,混合型-灵活
000718,融通转型三动力灵活配置混合A(后端),混合型-灵活
000727,融通健康产业灵活配置混合A/B,混合型-灵活
000728,工银目标收益一年定开C,债券型-混合一级
000729,建信中小盘先锋股票A,股票型
000731,融通健康产业灵活配置混合A/B(后端),混合型-灵活
000739,平安新鑫先锋A,混合型-灵活
000742,国泰新经济灵活配置混合A,混合型-灵活
000743,红塔红土盛世普益混合发起式,混合型-灵活
000746,招商行业精选股票基金,股票型
000747,广发逆向策略混合A,混合型-灵活
000751,嘉实新兴产业股票,股票型
000753,华宝量化对冲混合A,混合型-绝对收益
000754,华宝量化对冲混合C,混合型-绝对收益
000755,富安达新兴成长混合A,混合型-灵活
000756,建信潜力新蓝筹股票A,股票型
000757,华富智慧城市灵活配置混合A,混合型-灵活
000761,国富健康优质生活股票,股票型
000762,汇添富绝对收益定开混合A,混合型-绝对收益
000763,工银新财富灵活配置混合,混合型-灵活
000767,华富国泰民安灵活配置混合A,混合型-灵活
000772,景顺长城中国回报混合A,混合型-灵活
000778,鹏华先进制造股票,股票型
000780,鹏华医疗保健股票,股票型
000788,前海开源中国成长混合,混合型-灵活
000793,工银高端制造股票,股票型
000794,宝盈睿丰创新混合A/B,混合型-灵活
000795,宝盈睿丰创新混合A/B(后端),混合型-灵活
000796,宝盈睿丰创新混合C,混合型-灵活
000800,华商未来主题混合,混合型-偏股
000801,中金纯债A,债券型-混合一级
000802,中金纯债C,债券型-混合一级
000803,工银研究精选股票,股票型
000804,中信建投稳利混合A,混合型-偏债
000805,中银新经济灵活配置混合A,混合型-灵活
000810,富国收益增强债券A,债券型-混合二级
000812,富国收益增强债券C,债券型-混合二级
000822,东海美丽中国A,混合型-灵活
000823,银华高端制造业混合A,混合型-灵活
000824,圆信永丰双利A,混合型-灵活
000825,圆信永丰双利C,混合型-灵活
000826,广发百发100指数A,指数型-股票
000827,广发百发100指数E,指数型-股票
000828,宏利转型机遇股票A,股票型
000831,工银医疗保健股票,股票型
000834,大成纳斯达克100ETF联接(QDII)A,指数型-海外股票
000835,华润元大富时中国A50指数A,指数型-股票
000841,富国新回报灵活配置混合A/B,混合型-灵活
000842,富国新回报灵活配置混合A/B(后端),混合型-灵活
000843,富国新回报灵活配置混合C,混合型-灵活
000844,南方绝对收益,混合型-绝对收益
000845,国投瑞银信息消费混合A,混合型-灵活
000849,汇丰晋信双核策略混合A,混合型-灵活
000850,汇丰晋信双核策略混合C,混合型-灵活
000854,鹏华养老产业股票,股票型
000866,华宝制造股票,股票型
000867,华宝品质生活股票,股票型
000870,嘉实新收益混合,混合型-灵活
000875,建信稳定得利债券A,债券型-混合二级
000876,建信稳定得利债券C,债券型-混合二级
000877,华泰柏瑞量化优选混合,混合型-灵活
000878,中海医药健康产业精选混合A,混合型-灵活
000879,中海医药健康产业精选混合C,混合型-灵活
000880,富国研究精选灵活配置混合A,混合型-灵活
000884,民生加银优选股票,股票型
000892,九泰天宝灵活配置混合A,混合型-灵活
000893,工银创新动力股票,股票型
000894,中欧睿达6个月持有混合A,混合型-偏债
000896,鑫元聚鑫收益增强A,债券型-混合二级
000897,鑫元聚鑫收益增强C,债券型-混合二级
000904,银华回报定开混合,混合型-灵活
000906,广发全球精选股票(QDII)美元A,QDII-普通股票
000913,农银医疗保健股票,股票型
000916,前海开源股息率100强股票A,股票型
000924,宝盈先进制造混合A,混合型-灵活
000925,汇添富外延增长股票A,股票型
000926,中信建投睿信灵活配置混合A,混合型-灵活
000927,博时大中华亚太精选美元现汇,QDII-普通股票
000928,国联国企改革混合A,混合型-灵活
000931,国寿安保尊益信用纯债债券,债券型-混合一级
000932,前海开源睿远稳健增利混合A,混合型-偏债
000933,前海开源睿远稳健增利混合C,混合型-偏债
000934,国富大中华精选混合,QDII-混合偏股
000935,浙商汇金转型成长,混合型-灵活
000936,博时产业新动力混合A,混合型-灵活
000939,中银研究精选灵活配置混合A,混合型-灵活
000940,富国中小盘精选混合A,混合型-偏股
000941,富国中小盘精选混合A(后端),混合型-偏股
000942,广发信息技术联接A,指数型-股票
000945,华夏医疗健康混合A,混合型-灵活
000946,华夏医疗健康混合C,混合型-灵活
000948,华夏沪港通恒生ETF联接A,指数型-股票
000950,易方达证券保险ETF联接A,指数型-股票
000955,南方产业活力,股票型
000960,招商医药健康产业股票,股票型
000961,天弘沪深300ETF联接A,指数型-股票
000962,天弘中证500ETF联接A,指数型-股票
000963,兴业多策略混合,混合型-灵活
000965,汇丰晋信新动力混合A,混合型-偏股
000966,中邮核心科技创新灵活配置混合,混合型-灵活
000967,华泰柏瑞创新动力混合,混合型-灵活
000968,广发养老指数A,指数型-股票
000969,前海开源大安全混合,混合型-灵活
000970,东方红睿元混合,混合型-灵活
000971,诺安新经济股票A,股票型
000973,新华增盈回报债券,债券型-混合二级
000974,安信消费医药股票A,股票型
000975,MSCI中国A股国际通联接A,指数型-股票
000976,长城新兴产业混合A,混合型-灵活
000977,长城环保主题混合A,混合型-灵活
000978,景顺长城量化精选股票A,股票型
000979,景顺长城沪港深精选股票A,股票型
000985,嘉实逆向策略股票,股票型
000986,太平灵活配置,混合型-灵活
000988,嘉实全球互联网股票人民币,QDII-普通股票
000989,嘉实全球互联网股票美元现汇,QDII-普通股票
000990,嘉实全球互联网股票美元现钞,QDII-普通股票
000991,工银战略转型股票A,股票型
000992,广发对冲套利定期开放混合,混合型-绝对收益
000993,华宝稳健回报混合,混合型-灵活
000994,建信睿盈灵活配置混合A,混合型-灵活
000995,建信睿盈灵活配置混合C,混合型-灵活
000996,中银新动力股票A,股票型
000997,南方双元A,债券型-混合一级
000998,南方双元C,债券型-混合一级
001000,中欧明睿新起点混合,混合型-偏股
001001,华夏债券A/B,债券型-混合一级
001002,华夏债券A/B(后端),债券型-混合一级
001003,华夏债券C,债券型-混合一级
001004,新华稳健回报灵活配置混合发起,混合型-灵活
001007,国联安鑫安灵活配置混合,混合型-灵活
001008,工银国企改革股票,股票型
001009,摩根安全战略股票A,股票型
001011,华夏希望债券A,债券型-混合二级
001013,华夏希望债券C,债券型-混合二级
001015,华夏沪深300指数增强A,指数型-股票
001016,华夏沪深300指数增强C,指数型-股票
001017,宏利改革动力混合A,混合型-灵活
001018,易方达新经济混合,混合型-灵活
001019,兴业年年利定开债,债券型-混合一级
001027,前海开源中证大农业指数增强A,指数型-股票
001028,华安物联网主题股票A,股票型
001030,天弘云端生活优选混合A,混合型-灵活
001031,华夏安康债券A,债券型-混合二级
001033,华夏安康债券C,债券型-混合二级
001035,中银恒利半年定开债,债券型-混合二级
001036,嘉实企业变革股票,股票型
001037,国投瑞银锐意改革混合A,混合型-灵活
001039,嘉实先进制造股票,股票型
001040,新华策略精选股票A,股票型
001042,华夏领先股票,股票型
001043,工银美丽城镇股票A,股票型
001044,嘉实新消费股票A,股票型
001045,华夏可转债增强债券A,债券型-混合二级
001046,华夏可转债增强债券I,债券型-混合二级
001047,光大国企改革股票A,股票型
001048,富国新兴产业股票A,股票型
001049,富国新兴产业股票A(后端),股票型
001050,汇添富中证500指数增强A,指数型-股票
001051,华夏上证50ETF联接A,指数型-股票
001052,华夏中证500ETF联接A,指数型-股票
001053,南方创新经济,混合型-灵活
001054,工银新金融股票A,股票型
001056,华银健康生活主题灵活配置,混合型-灵活
001060,前海开源高端装备制造混合A,混合型-灵活
001064,广发中证环保ETF联接A,指数型-股票
001067,鹏华弘盛混合A,混合型-灵活
001068,国新国证新锐A,混合型-灵活
001069,华泰柏瑞消费成长混合,混合型-灵活
001070,建信信息产业股票A,股票型
001071,华安媒体互联网混合A,混合型-灵活
001072,华安智能装备主题股票A,股票型
001073,华泰柏瑞量化绝对收益混合,混合型-绝对收益
001074,华泰柏瑞沪深300指数增强A,指数型-股票
001075,宝盈转型动力混合A,混合型-灵活
001076,易方达改革红利混合,混合型-偏股
001086,华富恒利债券A,债券型-混合二级
001087,华富恒利债券C,债券型-混合二级
001088,华宝国策导向混合A,混合型-偏股
001092,广发生物科技指数人民币(QDII)A,指数型-海外股票
001093,广发生物科技指数美元(QDII)A,指数型-海外股票
001097,华泰柏瑞积极优选股票A,股票型
001102,前海开源国家比较优势混合A,混合型-灵活
001103,前海开源工业革命4.0混合,混合型-灵活
001104,华安新丝路主题股票A,股票型
001105,信澳转型创新股票A,股票型
001106,华商健康生活混合,混合型-灵活
001110,中欧瑾泉灵活配置混合A,混合型-灵活
001111,中欧瑾泉灵活配置混合C,混合型-灵活
001112,东方红中国优势混合,混合型-灵活
001113,南方大数据100A,指数型-股票
001115,广发聚安混合A,混合型-偏债
001116,广发聚安混合C,混合型-偏债
001117,中欧精选定期开放混合A,混合型-灵活
001118,华宝事件驱动混合A,混合型-偏股
001120,东方睿鑫热点挖掘混合A,混合型-灵活
001121,东方睿鑫热点挖掘混合C,混合型-灵活
001122,鹏华弘利混合A,混合型-灵活
001123,鹏华弘利混合C,混合型-灵活
001124,融通增强收益债券C,债券型-混合二级
001125,博时互联网主题灵活配置混合,混合型-灵活
001126,摩根卓越制造股票A,股票型
001127,中银宏观策略混合A,混合型-灵活
001128,宝盈新兴产业混合A,混合型-灵活
001133,广发中证全指可选消费联接A,指数型-股票
001135,益民品质升级混合A,混合型-灵活
001136,易方达裕如灵活配置混合A,混合型-灵活
001139,华安新动力灵活配置混合A,混合型-灵活
001140,工银总回报灵活配置混合A,混合型-灵活
001143,华商量化进取混合,混合型-灵活
001144,大成互联网思维混合A,混合型-灵活
001146,中欧瑾源灵活配置混合A,混合型-灵活
001147,中欧瑾源灵活配置混合C,混合型-灵活
001148,申万菱信多策略灵活配置混合A,混合型-灵活
001149,汇丰晋信恒生龙头指数C,指数型-股票
001150,融通互联网传媒灵活配置混合A,混合型-灵活
001151,融通互联网传媒灵活配置混合A(后端),混合型-灵活
001152,融通新区域新经济灵活配置混合,混合型-灵活
001153,融通新区域新经济灵活配置混合(后端),混合型-灵活
001154,华银平安中国主题灵活配置,混合型-灵活
001156,申万菱信新能源汽车主题灵活配置混合A,混合型-灵活
001157,国联安睿祺灵活配置混合,混合型-灵活
001158,工银新材料新能源股票,股票型
001162,前海开源优势蓝筹股票A,股票型
001163,银华中国梦30股票,股票型
001164,中欧琪和灵活配置混合A,混合型-灵活
001165,中欧琪和灵活配置混合C,混合型-灵活
001166,建信环保产业股票A,股票型
001167,金鹰科技创新股票A,股票型
001170,宏利复兴混合A,混合型-灵活
001171,工银养老产业股票A,股票型
001172,鹏华弘泽混合A,混合型-灵活
001173,中欧瑾和灵活配置混合A,混合型-灵活
001174,中欧瑾和灵活配置混合C,混合型-灵活
001178,前海开源再融资股票,股票型
001179,德邦大健康灵活配置混合A,混合型-灵活
001180,广发医药卫生联接A,指数型-股票
001181,南方改革机遇,混合型-灵活
001182,易方达安心回馈混合A,混合型-偏债
001183,南方利淘A,混合型-灵活
001184,易方达新常态混合A,混合型-灵活
001186,富国文体健康股票A,股票型
001187,富国文体健康股票A(后端),股票型
001188,鹏华改革红利股票,股票型
001189,广发聚宝混合A,混合型-偏债
001190,鹏华弘润混合A,混合型-灵活
001191,鹏华弘润混合C,混合型-灵活
001192,摩根整合驱动混合A,混合型-灵活
001193,中金消费升级股票A,股票型
001194,景顺长城稳健回报混合A,混合型-灵活
001195,工银农业产业股票,股票型
001197,长盛转型升级主题灵活配置混合,混合型-灵活
001198,东方惠新灵活配置混合A,混合型-灵活
001199,创金合信聚利债券A,债券型-混合二级
001200,创金合信聚利债券C,债券型-混合二级
001202,东方红领先精选混合A,混合型-灵活
001203,东方红稳健精选混合A,混合型-偏债
001204,东方红稳健精选混合C,混合型-偏债
001208,诺安低碳经济股票A,股票型
001209,前海开源一带一路混合A,混合型-灵活
001210,天弘互联网混合A,混合型-灵活
001214,华泰柏瑞中证500ETF联接A,指数型-股票
001215,博时沪港深优质企业基金A,混合型-灵活
001216,易方达新收益混合A,混合型-灵活
001217,易方达新收益混合C,混合型-灵活
001218,国投瑞银精选收益混合A,混合型-灵活
001219,摩根动态多因子混合A,混合型-灵活
001220,民生加银研究精选混合,混合型-灵活
001222,鹏华外延成长混合,混合型-灵活
001223,鹏华文化传媒娱乐股票,股票型
001224,中邮新思路灵活配置混合A,混合型-灵活
001225,中邮趋势精选灵活配置混合A,混合型-灵活
001226,中邮稳健添利灵活配置混合,混合型-灵活
001227,中邮信息产业灵活配置混合A,混合型-灵活
001228,国联安鑫享灵活配置混合A,混合型-灵活
001229,德邦福鑫灵活配置混合A,混合型-灵活
001230,鹏华医药科技股票A,股票型
001231,银华泰利灵活配置混合A,混合型-灵活
001235,中银国有企业债A,债券型-混合一级
001236,博时丝路主题股票A,股票型
001237,博时上证50ETF联接A,指数型-股票
001239,长盛国企改革混合,混合型-灵活
001241,国寿安保中证500ETF联接,指数型-股票
001242,博时中证淘金大数据100A,指数型-股票
001243,博时中证淘金大数据100I,指数型-股票
001244,华泰柏瑞量化智慧混合A,混合型-灵活
001245,工银生态环境股票A,股票型
001247,华泰柏瑞新利混合A,混合型-灵活
001249,易方达新利灵活配置混合,混合型-灵活
001250,天弘新活力混合发起A,混合型-灵活
001252,中海进取收益混合,混合型-灵活
001254,宏利新起点混合A,混合型-灵活
001255,长城改革红利混合A,混合型-灵活
001256,泓德优选成长混合,混合型-偏股
001257,兴业收益增强债券A,债券型-混合二级
001258,兴业收益增强债券C,债券型-混合二级
001261,国联新机遇混合A,混合型-灵活
001265,国泰兴益灵活配置混合A,混合型-灵活
001266,国投瑞银招财混合A,混合型-灵活
001267,宏利蓝筹混合,混合型-偏股
001268,富国国家安全主题混合A,混合型-偏股
001269,富国国家安全主题混合A(后端),混合型-偏股
001270,英大灵活配置混合型发起式A,混合型-灵活
001271,英大灵活配置混合型发起式B,混合型-灵活
001272,兴业聚利灵活配置混合A,混合型-灵活
001275,中邮创新优势灵活配置混合,混合型-灵活
001276,建信新经济灵活配置混合,混合型-灵活
001277,博时国企改革股票A,股票型
001278,前海开源清洁能源混合A,混合型-灵活
001279,中海积极增利混合,混合型-灵活
001280,银华聚利灵活配置混合A,混合型-灵活
001281,长安鑫利优选混合A,混合型-灵活
001282,华安新机遇灵活配置混合A,混合型-灵活
001285,易方达新鑫混合I,混合型-灵活
001286,易方达新鑫混合E,混合型-灵活
001287,安信优势增长混合A,混合型-灵活
001289,银华汇利灵活配置混合A,混合型-灵活
001291,大摩量化多策略股票,股票型
001294,新华战略新兴产业灵活配置混合,混合型-灵活
001296,长城悦享增利债券A,债券型-混合二级
001297,平安智慧中国混合,混合型-灵活
001298,金鹰民族新兴混合A,混合型-灵活
001300,大成睿景灵活配置混合A,混合型-灵活
001301,大成睿景灵活配置混合C,混合型-灵活
001302,前海开源金银珠宝混合A,混合型-灵活
001303,银华稳利灵活配置混合A,混合型-灵活
001304,建信鑫安回报灵活配置混合A,混合型-灵活
001305,九泰天富改革混合A,混合型-灵活
001306,中欧永裕混合A,混合型-偏股
001307,中欧永裕混合C,混合型-偏股
001309,东方红睿逸定期开放混合,混合型-偏债
001312,华安新优选灵活配置混合A,混合型-灵活
001313,摩根智慧互联股票A,股票型
001314,易方达新益混合I,混合型-灵活
001315,易方达新益混合E,混合型-灵活
001316,安信稳健增值混合A,混合型-灵活
001318,东方新策略灵活配置混合A,混合型-灵活
001319,农银信息传媒股票A,股票型
001320,工银丰盈回报灵活配置混合A,混合型-灵活
001322,东吴新趋势价值线混合,混合型-灵活
001323,东吴移动互联混合A,混合型-灵活
001324,华宝新价值混合,混合型-灵活
001325,鹏华弘和混合A,混合型-灵活
001326,鹏华弘和混合C,混合型-灵活
001327,鹏华弘华混合A,混合型-灵活
001328,鹏华弘华混合C,混合型-灵活
001329,鹏华弘实混合A,混合型-灵活
001330,鹏华弘实混合C,混合型-灵活
001331,鹏华弘信混合A,混合型-灵活
001332,鹏华弘信混合C,混合型-灵活
001334,南方利鑫A,混合型-灵活
001335,南方利众A,混合型-灵活
001336,鹏华弘益混合A,混合型-灵活
001337,鹏华弘益混合C,混合型-灵活
001338,安信稳健增值混合C,混合型-灵活
001339,兴银鼎新灵活配置A,混合型-灵活
001342,易方达新享混合A,混合型-灵活
001343,易方达新享混合C,混合型-灵活
001344,易方达医药ETF联接A,指数型-股票
001345,富国新收益灵活配置混合A,混合型-灵活
001347,富国新收益灵活配置混合C,混合型-灵活
001349,富国改革动力混合,混合型-偏股
001351,诺安中证500指数增强A,指数型-股票
001352,民生加银新战略混合A,混合型-灵活
001355,广发聚泰混合A,混合型-偏债
001356,广发聚泰混合C,混合型-偏债
001357,泓德泓富混合A,混合型-灵活
001358,宝盈祥泰混合A,混合型-偏债
001361,景顺长城中证科技传媒通信150ETF联接A,指数型-股票
001362,景顺长城领先回报混合A,混合型-灵活
001363,长城久惠灵活配置混合A,混合型-灵活
001364,大成景润灵活配置混合A,混合型-灵活
001365,大成正向回报灵活配置混合A,混合型-灵活
001366,金鹰产业整合混合A,混合型-灵活
001367,德邦新添利债券A,债券型-混合二级
001370,中银新趋势灵活配置混合A,混合型-灵活
001371,富国沪港深价值混合A,混合型-灵活
001373,易方达新丝路灵活配置混合,混合型-灵活
001375,金元顺安优质精选混合C,混合型-灵活
001376,泓德泓富混合C,混合型-灵活
001379,景顺长城领先回报混合C,混合型-灵活
001380,鹏华弘盛混合C,混合型-灵活
001381,鹏华弘泽混合C,混合型-灵活
001382,易方达国企改革混合,混合型-偏股
001384,东方新思路混合A,混合型-灵活
001385,东方新思路混合C,混合型-灵活
001387,国联新经济混合A,混合型-灵活
001388,国联新经济混合C,混合型-灵活
001392,国富金融地产混合A,混合型-灵活
001393,国富金融地产混合C,混合型-灵活
001396,建信互联网+产业升级股票,股票型
001397,建信精工制造指数增强,指数型-股票
001398,华泰柏瑞健康生活混合,混合型-灵活
001399,安信鑫安得利混合A,混合型-灵活
001400,安信鑫安得利混合C,混合型-灵活
001402,中信保诚新选混合A,混合型-灵活
001403,招商国企改革主题混合基金,混合型-偏股
001404,招商移动互联网产业股票基金A,股票型
001405,东方红策略精选混合A,混合型-灵活
001406,东方红策略精选混合C,混合型-灵活
001407,景顺长城稳健回报混合C,混合型-灵活
001409,工银互联网加股票,股票型
001410,信澳新能源产业股票A,股票型
001411,诺安创新驱动混合A,混合型-灵活
001412,德邦鑫星价值灵活配置混合A,混合型-灵活
001413,国联鑫起点混合A,混合型-灵活
001414,国联鑫起点混合C,混合型-灵活
001415,中信保诚新锐混合A,混合型-灵活
001416,嘉实事件驱动股票,股票型
001417,汇添富医疗服务灵活配置混合A,混合型-灵活
001418,宏利创益混合A,混合型-灵活
001420,南方大数据300A,指数型-股票
001421,南方量化成长股票A,股票型
001422,景顺长城安享回报混合A,混合型-灵活
001423,景顺长城安享回报混合C,混合型-灵活
001426,南方大数据300C,指数型-股票
001427,招商丰泽混合A,混合型-灵活
001428,工银瑞信灵活配置混合B,混合型-灵活
001430,中邮乐享收益灵活配置混合A,混合型-灵活
001433,易方达瑞景混合,混合型-灵活
001437,易方达瑞享混合I,混合型-灵活
001438,易方达瑞享混合E,混合型-灵活
001441,易方达瑞信混合I,混合型-灵活
001442,易方达瑞信混合E,混合型-灵活
001443,易方达瑞选灵活配置混合I,混合型-灵活
001444,易方达瑞选灵活配置混合E,混合型-灵活
001445,华安国企改革主题灵活配置混合A,混合型-灵活
001446,招商丰泽混合C,混合型-灵活
001447,天弘惠利混合A,混合型-灵活
001448,华商双翼平衡混合A,混合型-偏债
001449,华商双驱优选混合,混合型-灵活
001453,鹏华弘鑫混合A,混合型-灵活
001454,鹏华弘鑫混合C,混合型-灵活
001455,景顺长城中证500ETF联接,指数型-股票
001457,华商新常态混合A,混合型-灵活
001463,光大一带一路混合A,混合型-偏股
001466,华富永鑫灵活配置混合A,混合型-灵活
001467,华富永鑫灵活配置混合C,混合型-灵活
001468,广发改革混合,混合型-灵活
001469,广发中证全指金融地产联接A,指数型-股票
001470,融通通鑫灵活配置混合,混合型-灵活
001471,融通新能源灵活配置混合A,混合型-灵活
001472,融通新能源灵活配置混合A(后端),混合型-灵活
001473,建信大安全战略精选股票,股票型
001474,兴银丰盈灵活配置A,混合型-灵活
001475,易方达国防军工混合A,混合型-偏股
001476,中银智能制造股票A,股票型
001479,中邮风格轮动灵活配置混合,混合型-灵活
001480,财通成长优选混合A,混合型-灵活
001481,华宝标普油气上游股票美元A,指数型-海外股票
001482,摩根新兴服务股票A,股票型
001484,天弘新价值混合A,混合型-灵活
001485,华安添颐混合A,混合型-偏债
001487,宝盈优势产业混合A,混合型-灵活
001488,万家瑞丰灵活配置混合A,混合型-灵活
001489,万家瑞丰灵活配置混合C,混合型-灵活
001490,汇添富国企创新股票A,股票型
001496,工银聚焦30股票,股票型
001500,泓德远见回报混合,混合型-灵活
001503,南方利鑫C,混合型-灵活
001504,南方利淘C,混合型-灵活
001505,南方利众C,混合型-灵活
001506,景顺长城泰和回报混合A,混合型-灵活
001507,景顺长城泰和回报混合C,混合型-灵活
001508,富国新动力灵活配置混合A,混合型-灵活
001510,富国新动力灵活配置混合C,混合型-灵活
001511,兴全新视野定开混合,混合型-灵活
001513,易方达信息产业混合A,混合型-偏股
001515,平安新鑫先锋C,混合型-灵活
001518,万家瑞兴灵活配置混合A,混合型-灵活
001521,国寿安保成长优选股票A,股票型
001522,博时新策略灵活配置混合A,混合型-灵活
001523,博时新策略灵活配置混合C,混合型-灵活
001528,诺安先进制造股票A,股票型
001530,万家瑞富灵活配置混合A,混合型-灵活
001531,招商安益灵活配置混合A,混合型-灵活
001532,华安文体健康混合A,混合型-灵活
001534,华宝万物互联混合A,混合型-灵活
001535,景顺长城改革机遇灵活配置A,混合型-灵活
001536,南方君选,混合型-灵活
001537,中加改革红利混合,混合型-灵活
001538,摩根科技前沿混合A,混合型-灵活
001539,嘉实中证金融地产ETF联接A,指数型-股票
001540,浙商汇金转型驱动,混合型-灵活
001541,汇添富民营新动力股票,股票型
001542,国泰互联网+股票,股票型
001543,宝盈新锐混合A,混合型-灵活
001547,兴业聚惠混合A,混合型-偏债
001548,天弘上证50ETF联接A,指数型-股票
001549,天弘上证50ETF联接C,指数型-股票
001550,天弘中证医药100A,指数型-股票
001551,天弘中证医药100C,指数型-股票
001552,天弘中证证券保险A,指数型-股票
001553,天弘中证证券保险C,指数型-股票
001556,天弘中证500指数增强A,指数型-股票
001557,天弘中证500指数增强C,指数型-股票
001558,天弘医疗健康混合A,混合型-偏股
001559,天弘医疗健康混合C,混合型-偏股
001562,易方达瑞和灵活配置混合,混合型-灵活
001563,华富健康文娱灵活配置混合A,混合型-灵活
001564,东方红京东大数据混合A,混合型-灵活
001566,南方利达A,混合型-灵活
001567,南方利达C,混合型-灵活
001569,泰信国策驱动灵活配置混合,混合型-灵活
001570,南方利安A,混合型-灵活
001571,嘉合磐石A,混合型-偏债
001572,嘉合磐石C,混合型-偏债
001574,中海混改红利混合A,混合型-灵活
001576,国泰智能装备股票A,股票型
001577,嘉实低价策略股票,股票型
001579,国泰大农业股票A,股票型
001580,南方利安C,混合型-灵活
001581,华安沪港深通精选灵活配置混合A,混合型-灵活
001583,安信新常态股票A,股票型
001584,国投瑞银新活力混合A,混合型-偏债
001585,国投瑞银新活力混合C,混合型-偏债
001588,天弘中证800指数A,指数型-股票
001589,天弘中证800指数C,指数型-股票
001592,天弘创业板ETF联接A,指数型-股票
001593,天弘创业板ETF联接C,指数型-股票
001594,天弘中证银行ETF联接A,指数型-股票
001595,天弘中证银行ETF联接C,指数型-股票
001596,中信保诚新泽混合A,混合型-灵活
001601,鑫元鑫新收益灵活配置混合A,混合型-灵活
001602,鑫元鑫新收益灵活配置混合C,混合型-灵活
001603,易方达安盈回报混合A,混合型-偏债
001604,浙商汇金转型升级A,混合型-灵活
001605,国富沪港深成长精选股票A,股票型
001606,农银工业4.0混合,混合型-灵活
001607,英大策略优选A,混合型-灵活
001608,英大策略优选C,混合型-灵活
001609,平安鑫享混合A,混合型-灵活
001610,平安鑫享混合C,混合型-灵活
001613,长城久祥混合A,混合型-灵活
001614,东方区域发展混合,混合型-灵活
001616,嘉实环保低碳股票,股票型
001617,天弘中证电子ETF联接A,指数型-股票
001618,天弘中证电子ETF联接C,指数型-股票
001623,兴业国企改革混合A,混合型-灵活
001626,国泰央企改革股票A,股票型
001628,招商体育文化休闲股票A,股票型
001629,天弘中证计算机ETF联接A,指数型-股票
001630,天弘中证计算机ETF联接C,指数型-股票
001631,天弘中证食品饮料ETF联接A,指数型-股票
001632,天弘中证食品饮料ETF联接C,指数型-股票
001633,万家瑞祥混合A,混合型-灵活
001634,万家瑞祥混合C,混合型-灵活
001635,万家瑞益灵活配置混合A,混合型-灵活
001636,万家瑞益灵活配置混合C,混合型-灵活
001637,嘉实量化精选股票,股票型
001638,前海开源优势蓝筹股票C,股票型
001641,富国绝对收益多策略混合A,混合型-绝对收益
001643,汇丰晋信智造先锋股票A,股票型
001644,汇丰晋信智造先锋股票C,股票型
001645,国泰大健康股票A,股票型
001648,工银新价值灵活配置混合A,混合型-灵活
001650,工银丰收回报灵活配置混合A,混合型-灵活
001651,工银新蓝筹股票A,股票型
001656,农银中国优势灵活配置混合,混合型-灵活
001657,长安鑫富领先混合A,混合型-灵活
001660,富安达行业轮动混合,混合型-灵活
001662,创金合信沪港深精选混合,混合型-灵活
001664,平安鑫安混合A,混合型-灵活
001665,平安鑫安混合C,混合型-灵活
001667,南方转型增长混合A,混合型-灵活
001668,汇添富全球移动互联混合(QDII)人民币A,QDII-混合灵活
001672,国寿安保智慧生活股票A,股票型
001675,江信同福A,混合型-灵活
001676,江信同福C,混合型-灵活
001677,中银战略新兴产业股票A,股票型
001678,英大国企改革A,股票型
001679,前海开源中国稀缺资产混合A,混合型-灵活
001681,新华积极价值灵活配置混合A,混合型-灵活
001682,新华鑫回报混合,混合型-灵活
001685,汇添富沪港深新价值股票,股票型
001688,嘉实新起点混合A,混合型-灵活
001691,南方香港成长灵活配置混合,QDII-混合灵活
001692,南方国策动力,股票型
001694,华安沪港深外延增长灵活配置混合A,混合型-灵活
001695,泓德泓业混合,混合型-灵活
001701,国联产业升级混合,混合型-灵活
001702,东方创新科技混合,混合型-灵活
001703,银华沪港深增长股票A,股票型
001704,国投瑞银进宝灵活配置混合,混合型-灵活
001705,泓德战略转型股票,股票型
001706,诺安积极回报混合A,混合型-灵活
001707,诺安高端制造股票A,股票型
001708,东兴改革精选混合A,混合型-灵活
001709,华富物联世界灵活配置混合A,混合型-灵活
001710,安信新趋势混合A,混合型-灵活
001711,安信新趋势混合C,混合型-灵活
001712,东方红优势精选混合,混合型-灵活
001714,工银文体产业股票A,股票型
001715,工银新焦点混合A,混合型-灵活
001716,工银新趋势灵活配置混合A,混合型-灵活
001717,工银前沿医疗股票A,股票型
001718,工银物流产业股票A,股票型
001719,工银国家战略股票,股票型
001720,工银新增利混合,混合型-偏债
001721,工银新增益混合,混合型-偏债
001722,工银银和利混合,混合型-偏债
001723,华商新动力混合A,混合型-偏股
001724,申万菱信多策略灵活配置混合C,混合型-灵活
001725,汇添富高端制造股票A,股票型
001726,汇添富新兴消费股票A,股票型
001728,银华战略新兴定开混合,混合型-灵活
001731,广发百发大数据价值混合A,混合型-灵活
001732,广发百发大数据价值混合E,混合型-灵活
001734,广发新锐智选混合A,混合型-偏股
001735,广发新锐智选混合E,混合型-偏股
001736,圆信永丰优加生活,股票型
001740,光大中国制造2025灵活配置混合A,混合型-灵活
001741,广发百发大数据精选混合A,混合型-灵活
001742,广发百发大数据精选混合E,混合型-灵活
001743,诺安优选回报混合A,混合型-灵活
001744,诺安进取回报混合A,混合型-灵活
001745,易方达瑞富灵活配置混合I,混合型-灵活
001746,易方达瑞富灵活配置混合E,混合型-灵活
001747,易方达瑞祺混合A,混合型-灵活
001748,易方达瑞祺混合C,混合型-灵活
001749,招商中国机遇股票A,股票型
001750,景顺长城景瑞收益债券A,债券型-混合一级
001751,华商信用增强债券A,债券型-混合二级
001752,华商信用增强债券C,债券型-混合二级
001753,红土创新新兴产业混合A,混合型-灵活
001755,嘉实新思路混合A,混合型-灵活
001756,嘉实策略优选混合,混合型-灵活
001758,嘉实研究增强混合,混合型-灵活
001759,嘉实成长增强混合,混合型-灵活
001760,嘉实创新成长混合,混合型-灵活
001761,广发安宏回报混合A,混合型-灵活
001762,广发安宏回报混合C,混合型-灵活
001763,广发多策略混合,混合型-灵活
001764,广发沪港深新机遇股票,股票型
001765,前海开源嘉鑫混合A,混合型-灵活
001766,摩根医疗健康股票A,股票型
001770,前海开源嘉鑫混合C,混合型-灵活
001775,鹏华弘泰C,混合型-灵活
001780,诺安改革趋势混合A,混合型-灵活
001782,九泰久益混合A,混合型-灵活
001789,国泰量化收益灵活配置混合A,混合型-灵活
001790,国泰智能汽车股票A,股票型
001791,大成绝对收益策略混合A,混合型-绝对收益
001792,大成绝对收益策略混合C,混合型-绝对收益
001796,汇添富安鑫智选混合A,混合型-灵活
001797,国新国证新利混合A,混合型-灵活
001798,泰康新回报灵活配置混合A,混合型-灵活
001799,泰康新回报灵活配置混合C,混合型-灵活
001800,华安新乐享灵活配置混合A,混合型-灵活
001801,汇添富达欣混合A,混合型-灵活
001802,易方达瑞财混合I,混合型-灵活
001803,易方达瑞财混合E,混合型-灵活
001806,易方达瑞智灵活配置混合I,混合型-灵活
001807,易方达瑞智灵活配置混合E,混合型-灵活
001808,银华互联网主题灵活配置混合A,混合型-灵活
001809,中信建投智信物联网A,混合型-灵活
001810,中欧潜力价值灵活配置混合A,混合型-灵活
001811,中欧明睿新常态混合A,混合型-偏股
001815,华泰柏瑞激励动力混合A,混合型-灵活
001816,汇添富新睿精选混合A,混合型-灵活
001817,易方达瑞兴灵活配置混合I,混合型-灵活
001818,易方达瑞兴灵活配置混合E,混合型-灵活
001822,华商智能生活灵活配置混合A,混合型-灵活
001825,建信中国制造2025股票A,股票型
001827,富国研究优选沪港深灵活配置混合A,混合型-灵活
001829,华银中国智造主题灵活配置,混合型-灵活
001830,融通跨界成长灵活配置混合,混合型-灵活
001831,融通跨界成长灵活配置混合(后端),混合型-灵活
001832,易方达瑞恒灵活配置混合,混合型-灵活
001834,长盛战略新兴产业混合C,混合型-灵活
001835,易方达瑞祥混合A,混合型-灵活
001836,易方达瑞祥混合C,混合型-灵活
001837,前海开源沪港深蓝筹精选混合A,混合型-灵活
001838,国投瑞银国家安全混合A,混合型-灵活
001844,九泰久益混合C,混合型-灵活
001849,前海开源强势共识100强股票,股票型
001850,国泰安益灵活配置混合A,混合型-灵活
001852,融通中国风1号灵活配置混合A/B,混合型-灵活
001853,融通中国风1号灵活配置混合A/B(后端),混合型-灵活
001856,易方达环保主题混合A,混合型-灵活
001857,易方达现代服务业混合,混合型-灵活
001858,建信鑫利灵活配置混合A,混合型-灵活
001861,富安达健康人生混合A,混合型-灵活
001862,东方红收益增强债券A,债券型-混合二级
001863,东方红收益增强债券C,债券型-混合二级
001864,中海魅力长三角混合,混合型-灵活
001865,前海开源事件驱动混合C,混合型-灵活
001868,招商产业债券C,债券型-混合一级
001869,招商制造业混合A,混合型-灵活
001874,前海开源沪港深价值精选混合,混合型-灵活
001875,前海开源沪港深优势精选混合A,混合型-灵活
001877,宝盈国家安全沪港深股票A,股票型
001878,嘉实沪港深精选股票,股票型
001879,长城创业板指数增强A,指数型-股票
001880,长城中国智造灵活配置混合A,混合型-灵活
001881,中欧新趋势混合E,混合型-偏股
001882,中欧价值发现混合E,混合型-偏股
001883,中欧新动力混合(LOF)E,混合型-偏股
001884,中欧互通精选混合E,混合型-偏股
001885,中欧新蓝筹混合E,混合型-偏股
001886,中欧行业成长混合(LOF)E,混合型-偏股
001887,中欧价值智选混合E,混合型-灵活
001888,中欧盛世成长混合(LOF)E,混合型-偏股
001889,中欧增强回报债券(LOF)E,债券型-混合一级
001890,中欧精选定期开放混合E,混合型-灵活
001891,中欧成长优选混合E,混合型-灵活
001892,长盛新兴成长混合A,混合型-灵活
001897,九泰久盛量化先锋混合A,混合型-灵活
001898,易方达大健康混合,混合型-灵活
001899,东海社会安全,指数型-股票
001900,诺安精选价值混合A,混合型-偏股
001901,前海开源沪港深隆鑫混合A,混合型-灵活
001902,前海开源沪港深隆鑫混合C,混合型-灵活
001903,光大欣鑫混合A,混合型-灵活
001904,光大欣鑫混合C,混合型-灵活
001905,华安安益灵活配置混合A,混合型-灵活
001907,国投瑞银境煊灵活配置混合A,混合型-灵活
001908,国投瑞银境煊灵活配置混合C,混合型-灵活
001910,泰康新机遇混合,混合型-灵活
001914,中信建投聚利混合A,混合型-偏债
001915,宝盈医疗健康沪港深股票A,股票型
001917,招商量化精选股票A,股票型
001922,国泰多策略收益灵活配置混合A,混合型-灵活
001924,华夏国企改革混合,混合型-灵活
001927,华夏消费升级灵活配置混合A,混合型-灵活
001928,华夏消费升级灵活配置混合C,混合型-灵活
001933,华商新兴活力混合,混合型-灵活
001938,中欧时代先锋股票A,股票型
001940,农银现代农业加,混合型-灵活
001942,前海开源沪港深汇鑫混合A,混合型-灵活
001943,前海开源沪港深汇鑫混合C,混合型-灵活
001945,东方红信用债债券A,债券型-混合一级
001946,东方红信用债债券C,债券型-混合一级
001950,鹏华丰泰定开债B,债券型-混合一级
001951,金鹰改革红利混合,混合型-灵活
001955,中欧养老产业混合A,混合型-偏股
001956,国联安科技动力,股票型
001957,嘉合磐通债券A,债券型-混合二级
001958,嘉合磐通债券C,债券型-混合二级
001959,华商乐享互联灵活配置混合A,混合型-灵活
001965,圆信永丰兴源灵活配置混合A,混合型-灵活
001966,圆信永丰兴源灵活配置混合C,混合型-灵活
001968,光大尊盈半年定开债A,债券型-混合一级
001969,光大尊盈半年定开债C,债券型-混合一级
001970,泰信鑫选灵活配置混合A,混合型-灵活
001972,前海开源沪港深智慧生活混合,混合型-灵活
001974,景顺长城量化新动力股票A,股票型
001975,景顺长城环保优势股票,股票型
001976,海富通一年定开债C,债券型-混合一级
001978,泰信互联网+主题混合A,混合型-灵活
001980,中欧量化驱动混合A,混合型-偏股
001983,中邮低碳配置混合,混合型-灵活
001984,摩根中国生物医药混合(QDII)A,QDII-混合偏股
001985,富国低碳新经济混合A,混合型-偏股
001986,前海开源人工智能主题混合A,混合型-灵活
001990,中欧数据挖掘多因子混合A,混合型-灵活
001994,华安年年红债券C,债券型-混合一级
001997,工银新趋势灵活配置混合C,混合型-灵活
001998,工银新焦点混合C,混合型-灵活
002000,工银新生利混合,混合型-偏债
002001,华夏回报混合A,混合型-灵活
002002,华夏回报混合A(后端),混合型-灵活
002003,工银新机遇灵活配置混合A,混合型-灵活
002004,工银新机遇灵活配置混合C,混合型-灵活
002005,工银新得利混合,混合型-偏债
002006,工银新得益混合,混合型-偏债
002009,中欧瑾通灵活配置混合A,混合型-灵活
002010,中欧瑾通灵活配置混合C,混合型-灵活
002011,华夏红利混合,混合型-灵活
002012,华夏红利混合(后端),混合型-灵活
002015,南方荣光A,混合型-偏债
002016,南方荣光C,混合型-偏债
002017,招商瑞丰灵活配置混合发起式C,混合型-灵活
002018,鹏华弘安混合A,混合型-灵活
002019,鹏华弘安混合C,混合型-灵活
002020,国都创新驱动,混合型-灵活
002021,华夏回报二号混合,混合型-平衡
002025,广发聚盛混合A,混合型-灵活
002026,广发聚盛混合C,混合型-灵活
002027,中加心享混合A,混合型-灵活
002028,九泰天宝灵活配置混合C,混合型-灵活
002030,中信保诚新选混合B,混合型-灵活
002031,华夏策略混合,混合型-灵活
002035,安信平稳增长混合发起C,混合型-灵活
002036,安信优势增长混合C,混合型-灵活
002043,天治研究驱动混合C,混合型-灵活
002046,中信保诚新锐混合B,混合型-灵活
002049,融通新机遇灵活配置混合,混合型-灵活
002050,融通新机遇灵活配置混合(后端),混合型-灵活
002051,诺安创新驱动混合C,混合型-灵活
002052,诺安稳健回报混合C,混合型-灵活
002053,诺安优势行业混合C,混合型-灵活
002054,中银新财富混合A,混合型-灵活
002055,国泰兴益灵活配置混合C,混合型-灵活
002056,中银新财富混合C,混合型-灵活
002057,中银新机遇混合A,混合型-灵活
002058,中银新机遇混合C,混合型-灵活
002059,国泰浓益灵活配置混合C,混合型-灵活
002060,东方新策略灵活配置混合C,混合型-灵活
002061,国泰安康定期支付混合C,混合型-偏债
002062,国泰国策驱动灵活配置混合C,混合型-灵活
002063,国泰沪深300指数增强C,指数型-股票
002064,华富产业升级灵活配置混合A,混合型-灵活
002065,景顺长城景盛双息收益债券A,债券型-混合二级
002066,景顺长城景盛双息收益债券C,债券型-混合二级
002067,诺安精选回报混合A,混合型-灵活
002071,长安产业精选混合C,混合型-灵活
002072,长安鑫利优选混合C,混合型-灵活
002076,浙商中证500增强A,指数型-股票
002079,前海开源中国稀缺资产混合C,混合型-灵活
002080,前海开源一带一路混合C,混合型-灵活
002082,华泰柏瑞激励动力混合C,混合型-灵活
002083,新华鑫动力灵活配置混合A,混合型-灵活
002084,新华鑫动力灵活配置混合C,混合型-灵活
002085,长盛互联网+混合A,混合型-灵活
002087,国富新机遇混合A,混合型-灵活
002088,国富新机遇混合C,混合型-灵活
002091,华泰柏瑞新利混合C,混合型-灵活
002095,博时新收益A,混合型-灵活
002096,博时新收益C,混合型-灵活
002101,创金合信转债精选债券A,债券型-混合一级
002102,创金合信转债精选债券C,债券型-混合一级
002103,招商康泰灵活配置混合,混合型-灵活
002106,德邦福鑫灵活配置混合C,混合型-灵活
002112,德邦鑫星价值灵活配置混合C,混合型-灵活
002116,广发安享混合A,混合型-灵活
002117,广发安享混合C,混合型-灵活
002118,广发安盈混合A,混合型-灵活
002119,广发安盈混合C,混合型-灵活
002120,广发安悦回报混合A,混合型-灵活
002121,广发沪港深新起点股票A,股票型
002123,华银外延增长主题灵活配置,混合型-灵活
002124,广发新兴产业混合A,混合型-灵活
002125,广发新兴成长混合A,混合型-灵活
002128,广发鑫惠纯债定开,债券型-混合一级
002132,广发鑫享灵活配置混合A,混合型-灵活
002133,广发鑫益混合,混合型-灵活
002134,广发鑫裕混合A,混合型-灵活
002135,广发鑫源混合A,混合型-灵活
002136,广发鑫源混合C,混合型-灵活
002137,诺安利鑫灵活配置混合A,混合型-灵活
002138,泓德裕泰债券A,债券型-混合二级
002139,泓德裕泰债券C,债券型-混合二级
002142,博时外延增长混合A,混合型-灵活
002144,华安新优选灵活配置混合C,混合型-灵活
002145,诺安景鑫灵活配置混合,混合型-灵活
002146,长安鑫益增强混合A,混合型-偏债
002147,长安鑫益增强混合C,混合型-偏债
002148,国寿安保稳惠混合,混合型-灵活
002149,嘉实新优选混合,混合型-灵活
002152,华宝核心优势混合A,混合型-灵活
002156,长盛盛世混合A,混合型-灵活
002157,长盛盛世混合C,混合型-灵活
002158,汇添富安鑫智选混合C,混合型-灵活
002159,东吴国企改革主题灵活配置混合A,混合型-灵活
002160,南方驱动混合,混合型-灵活
002161,银华万物互联灵活配置混合,混合型-灵活
002163,东方惠新灵活配置混合C,混合型-灵活
002164,汇添富新睿精选混合C,混合型-灵活
002165,汇添富达欣混合C,混合型-灵活
002166,华夏永福混合C,混合型-偏债
002168,嘉实智能汽车股票,股票型
002170,东吴移动互联混合C,混合型-灵活
002172,海富通新内需混合C,混合型-灵活
002174,东方互联网嘉混合,混合型-灵活
002176,华商双翼平衡混合C,混合型-偏债
002177,中信保诚新泽混合B,混合型-灵活
002178,嘉实新起点混合C,混合型-灵活
002179,华安事件驱动量化混合A,混合型-灵活
002181,华安大安全主题混合A,混合型-灵活
002182,东兴蓝海财富混合A,混合型-灵活
002186,国联安鑫享灵活配置混合C,混合型-灵活
002189,农银汇理国企改革混合,混合型-灵活
002190,农银新能源主题A,混合型-灵活
002196,金鹰技术领先灵活配置混合C,混合型-灵活
002197,国泰鑫策略价值灵活配置混合A,混合型-灵活
002199,前海开源中证军工指数C,指数型-股票
002207,前海开源金银珠宝混合C,混合型-灵活
002210,创金合信量化多因子股票A,股票型
002211,嘉实新财富混合A,混合型-灵活
002212,嘉实新起航混合A,混合型-灵活
002213,中海顺鑫灵活配置混合,混合型-灵活
002214,中海沪港深价值优选混合A,混合型-灵活
002216,易方达量化策略A,混合型-灵活
002217,易方达量化策略C,混合型-灵活
002218,南方弘利定开债,债券型-混合一级
002222,嘉实新趋势混合A,混合型-灵活
002224,中邮绝对收益策略定期开放混合,混合型-绝对收益
002227,长城新优选混合A,混合型-偏债
002228,长城新优选混合C,混合型-偏债
002229,华夏经济转型股票,股票型
002230,华夏大中华混合(QDII),QDII-混合灵活
002233,工银丰收回报灵活配置混合C,混合型-灵活
002236,大成360互联网+大数据100A,指数型-股票
002244,景顺长城低碳科技主题混合,混合型-灵活
002245,泰康稳健增利债券A,债券型-混合一级
002246,泰康稳健增利债券C,债券型-混合一级
002249,招商境远灵活配置混合,混合型-灵活
002251,华夏军工安全混合A,混合型-灵活
002252,融通成长30灵活配置混合A,混合型-灵活
002253,融通成长30灵活配置混合A(后端),混合型-灵活
002254,长信金葵纯债一年定开债券A,债券型-混合一级
002255,长信金葵纯债一年定开债券C,债券型-混合一级
002256,金信行业优选混合发起式A,混合型-灵活
002258,大成国企改革灵活配置混合A,混合型-灵活
002259,鹏华健康环保混合,混合型-灵活
002264,华夏乐享健康混合A,混合型-灵活
002269,银华大数据灵活配置定开混合,混合型-灵活
002270,东吴安盈量化混合A,混合型-灵活
002271,招商晟元价值驱动混合A,混合型-偏股
002272,新华科技创新主题灵活配置混合A,混合型-灵活
002273,宏利创益混合B,混合型-灵活
002276,中邮纯债恒利债券A,债券型-混合一级
002277,中邮纯债恒利债券C,债券型-混合一级
002280,华富安享债券A,债券型-混合二级
002281,建信裕利灵活配置混合,混合型-灵活
002282,平安安享灵活配置混合A,混合型-灵活
002288,中银稳进策略混合A,混合型-灵活
002289,华商改革创新股票A,股票型
002291,诺安安鑫灵活配置混合,混合型-灵活
002292,诺安益鑫灵活配置混合A,混合型-灵活
002293,南方益和灵活配置混合A,混合型-灵活
002295,广发稳安灵活配置A,混合型-灵活
002296,长城行业轮动混合A,混合型-灵活
002300,长盛医疗量化股票A,股票型
002303,金鹰智慧生活混合A,混合型-灵活
002304,平安安心灵活配置混合A,混合型-灵活
002305,光大风格轮动混合A,混合型-偏股
002307,银华多元视野灵活配置混合,混合型-灵活
002310,创金合信沪深300指数增强A,指数型-股票
002311,创金合信中证500指数增强A,指数型-股票
002313,宏利新起点混合B,混合型-灵活
002315,创金合信沪深300指数增强C,指数型-股票
002316,创金合信中证500指数增强C,指数型-股票
002317,招商睿逸混合,混合型-偏债
002319,大成一带一路灵活配置混合A,混合型-灵活
002322,银华汇利灵活配置混合C,混合型-灵活
002323,银华稳利灵活配置混合C,混合型-灵活
002326,银华聚利灵活配置混合C,混合型-灵活
002328,银华泰利灵活配置混合C,混合型-灵活
002331,泰康安泰回报混合A,混合型-偏债
002332,汇丰晋信沪港深A,股票型
002333,汇丰晋信沪港深C,股票型
002334,汇丰晋信大盘波动股票A,股票型
002335,汇丰晋信大盘波动股票C,股票型
002338,兴业优债增利债券A,债券型-混合一级
002339,海富通安颐收益混合C,混合型-灵活
002340,富国价值优势混合A,混合型-偏股
002342,融通增益债券A/B,债券型-混合一级
002343,融通增益债券A/B(后端),债券型-混合一级
002344,融通增益债券C,债券型-混合一级
002345,华夏高端制造混合A,混合型-灵活
002350,华安安华灵活配置混合A,混合型-灵活
002351,易方达裕祥回报债券A,债券型-混合二级
002358,国投瑞银瑞祥A,混合型-灵活
002360,前海开源清洁能源混合C,混合型-灵活
002361,国富恒瑞债券A,债券型-混合二级
002362,国富恒瑞债券C,债券型-混合二级
002363,华安安康灵活配置混合A,混合型-灵活
002364,华安安康灵活配置混合C,混合型-灵活
002367,国联安安稳混合,混合型-灵活
002376,国寿安保核心产业混合,混合型-灵活
002377,建信睿怡纯债A,债券型-混合一级
002378,建信弘利灵活配置混合A,混合型-灵活
002379,工银香港中小盘人民币,QDII-普通股票
002380,工银香港中小盘美元,QDII-普通股票
002383,大成趋势回报灵活配置混合A,混合型-灵活
002385,博时沪深300指数C,指数型-股票
002387,工银沪港深股票A,股票型
002388,天弘裕利灵活配置混合A,混合型-灵活
002389,招商安德灵活配置混合A,混合型-灵活
002390,招商安德灵活配置混合C,混合型-灵活
002391,华安全球美元收益债人民币A,QDII-混合债
002392,华安全球美元收益债美元现汇A,QDII-混合债
002393,华安全球美元收益债C,QDII-混合债
002395,鹏华丰尚定开债A,债券型-混合一级
002396,鹏华丰尚定开债B,债券型-混合一级
002405,光大中高等级债券A,债券型-混合一级
002406,光大中高等级债券C,债券型-混合一级
002407,前海开源恒远灵活配置混合,混合型-灵活
002408,中信建投医改混合A,混合型-灵活
002411,华夏新机遇混合A,混合型-灵活
002412,华富安福债券A,债券型-混合二级
002415,融通通盈灵活配置混合,混合型-灵活
002416,招商丰利灵活配置混合C,混合型-灵活
002417,招商丰盛稳定增长混合C,混合型-灵活
002418,汇添富优选回报混合C,混合型-灵活
002419,汇添富创新活力混合A,混合型-偏股
002420,汇添富盈鑫混合A,混合型-灵活
002423,华宝标普美国消费美元,指数型-海外股票
002425,金鹰元禧混合C,混合型-偏债
002426,华安全球美元票息债人民币A,QDII-混合债
002427,华安全球美元票息债美元现汇A,QDII-混合债
002429,华安全球美元票息债C,QDII-混合债
002441,德邦新添利债券C,债券型-混合二级
002443,前海开源沪港深龙头精选混合A,混合型-灵活
002446,广发利鑫灵活配置混合A,混合型-灵活
002448,江信汇福,债券型-混合一级
002449,民生加银量化中国混合A,混合型-灵活
002450,平安睿享文娱混合A,混合型-灵活
002451,平安睿享文娱混合C,混合型-灵活
002455,民生加银鑫喜混合A,混合型-灵活
002456,招商安元灵活配置混合A,混合型-灵活
002457,招商安元灵活配置混合C,混合型-灵活
002458,国泰民利策略收益混合,混合型-灵活
002459,华夏鼎利债券发起式A,债券型-混合二级
002460,华夏鼎利债券发起式C,债券型-混合二级
002461,中银珍利混合A,混合型-灵活
002462,中银珍利混合C,混合型-灵活
002472,光大先进服务业混合A,混合型-灵活
002474,中邮睿信增强债券A,债券型-混合二级
002482,宝盈互联网沪港深混合,混合型-灵活
002483,富国泰利定开债发起式,债券型-混合一级
002489,国泰民福策略价值混合A,混合型-灵活
002490,金鹰元祺债券A,债券型-混合一级
002491,银华添益定期开放债券A,债券型-混合一级
002492,工银月月薪定期支付债券C,债券型-混合二级
002494,兴业聚盈混合A,混合型-偏债
002495,前海开源量化优选A,混合型-灵活
002496,前海开源量化优选C,混合型-灵活
002497,东方盛世灵活配置混合A,混合型-灵活
002498,兴业聚鑫灵活配置混合A,混合型-灵活
002501,银华远景债券A,债券型-混合二级
002507,兴业定开债C,债券型-混合一级
002510,申万菱信中证500指数增强A,指数型-股票
002512,长城久润混合A,混合型-灵活
002513,金鹰元安混合C,混合型-偏债
002514,招商丰益混合A,混合型-灵活
002515,招商丰益混合C,混合型-灵活
002518,民生加银鑫福混合A,混合型-灵活
002521,永赢双利债券A,债券型-混合二级
002522,永赢双利债券C,债券型-混合二级
002524,兴业福益债券A,债券型-混合一级
002533,中加心享混合C,混合型-灵活
002534,华安稳固收益债券A,债券型-混合一级
002535,中银鑫利混合A,混合型-灵活
002536,中银鑫利混合C,混合型-灵活
002537,平安安盈灵活配置混合A,混合型-灵活
002542,长城久鼎混合A,混合型-灵活
002543,长城久益混合A,混合型-灵活
002544,长城久益混合C,混合型-灵活
002545,东方岳灵活配置混合,混合型-灵活
002547,民生加银养老服务混合,混合型-灵活
002552,华夏恒利定开债,债券型-混合一级
002553,博时创业成长混合C,混合型-偏股
002555,博时沪港深优质企业基金C,混合型-灵活
002556,博时丝路主题股票C,股票型
002560,诺安和鑫混合A,混合型-灵活
002561,东吴安鑫量化混合A,混合型-灵活
002562,泓德泓益量化混合A,混合型-偏股
002563,泓德泓汇混合,混合型-灵活
002564,新沃通盈灵活配置混合,混合型-灵活
002567,大成国家安全主题灵活配置混合A,混合型-灵活
002573,建信汇利灵活配置混合,混合型-灵活
002574,招商瑞庆混合A,混合型-灵活
002577,南方新兴龙头灵活配置混合A,混合型-灵活
002580,泰信鑫选灵活配置混合C,混合型-灵活
002581,招商丰凯混合A,混合型-灵活
002582,招商丰凯混合C,混合型-灵活
002583,泰信行业精选混合C,混合型-灵活
002584,富安达长盈灵活配置混合A,混合型-灵活
002585,建信兴利灵活配置混合A,混合型-灵活
002586,金鹰添利信用债债券A,债券型-混合一级
002587,金鹰添利信用债债券C,债券型-混合一级
002593,富国美丽中国混合A,混合型-偏股
002594,工银现代服务业混合A,混合型-灵活
002595,博时工业4.0主题股票,股票型
002597,兴业成长动力混合A,混合型-灵活
002598,平安消费精选混合A,混合型-偏股
002599,平安消费精选混合C,混合型-偏股
002600,易方达裕景添利6个月定开债,债券型-混合一级
002601,中银证券价值精选混合,混合型-灵活
002602,易方达丰惠混合,混合型-偏债
002604,华夏新起点混合A,混合型-灵活
002605,融通新消费灵活配置混合,混合型-灵活
002606,融通新消费灵活配置混合(后端),混合型-灵活
002612,融通通慧混合A/B,混合型-偏债
002613,融通通慧混合A/B(后端),混合型-偏债
002614,中银颐利混合A,混合型-灵活
002615,中银颐利混合C,混合型-灵活
002620,中邮未来新蓝筹混合,混合型-灵活
002621,中欧消费主题股票A,股票型
002622,广发稳裕混合A,混合型-灵活
002624,广发优企精选混合A,混合型-灵活
002625,博时安怡6个月定开债A,债券型-混合一级
002628,招商安博灵活配置混合A,混合型-灵活
002629,招商安博灵活配置混合C,混合型-灵活
002630,江信瑞福灵活配置混合A,混合型-灵活
002631,江信瑞福灵活配置混合C,混合型-灵活
002632,鑫元双债增强债券A,债券型-混合二级
002633,鑫元双债增强债券C,债券型-混合二级
002636,广发集裕债券A,债券型-混合二级
002637,广发集裕债券C,债券型-混合二级
002639,天弘价值精选混合发起A,混合型-灵活
002640,中信建投睿溢混合A,混合型-偏债
002644,大成景荣债券A,债券型-混合二级
002645,大成景荣债券C,债券型-混合二级
002649,民生智造2025灵活配置混合,混合型-灵活
002651,东方红汇利债券A,债券型-混合二级
002652,东方红汇利债券C,债券型-混合二级
002653,泰康沪港深精选混合,混合型-灵活
002656,南方创业板ETF联接A,指数型-股票
002657,招商安裕灵活配置混合A,混合型-灵活
002658,招商安裕灵活配置混合C,混合型-灵活
002660,兴业聚源混合A,混合型-偏债
002662,前海开源沪港深大消费混合A,混合型-灵活
002663,前海开源沪港深大消费混合C,混合型-灵活
002664,万家瑞和灵活配置混合A,混合型-灵活
002665,万家瑞和灵活配置混合C,混合型-灵活
002666,前海开源沪港深创新成长混合A,混合型-灵活
002667,前海开源沪港深创新成长混合C,混合型-灵活
002668,兴业聚丰混合A,混合型-偏债
002669,华商万众创新混合A,混合型-灵活
002670,万家沪深300指数增强A,指数型-股票
002671,万家沪深300指数增强C,指数型-股票
002681,金鹰元和灵活配置混合A,混合型-灵活
002682,金鹰元和灵活配置混合C,混合型-灵活
002683,民生加银前沿科技灵活配置混合,混合型-灵活
002685,中欧丰泓沪港深混合A,混合型-灵活
002686,中欧丰泓沪港深混合C,混合型-灵活
002688,红塔红土长益定开债A,债券型-混合二级
002689,红塔红土长益定开债C,债券型-混合二级
002690,前海开源恒泽混合A,混合型-偏债
002691,前海开源恒泽混合C,混合型-偏债
002692,富国创新科技混合A,混合型-偏股
002697,中欧消费主题股票C,股票型
002701,东方红汇阳债券A,债券型-混合二级
002702,东方红汇阳债券C,债券型-混合二级
002703,长城久源灵活配置混合A,混合型-灵活
002707,大摩科技领先混合A,混合型-灵活
002708,大摩健康产业混合A,混合型-偏股
002711,广发集丰债券A,债券型-混合二级
002712,广发集丰债券C,债券型-混合二级
002714,鹏华金城混合D,混合型-灵活
002720,国寿安保尊利增强回报债券A,债券型-混合二级
002721,国寿安保尊利增强回报债券C,债券型-混合二级
002723,江信祺福A,债券型-混合二级
002724,江信祺福C,债券型-混合二级
002728,华富益鑫灵活配置混合A,混合型-灵活
002729,华富益鑫灵活配置混合C,混合型-灵活
002734,泓德裕荣纯债债券A,债券型-混合一级
002735,泓德裕荣纯债债券C,债券型-混合一级
002736,泓德裕和纯债债券A,债券型-混合一级
002737,泓德裕和纯债债券C,债券型-混合一级
002738,泓德裕康债券A,债券型-混合二级
002739,泓德裕康债券C,债券型-混合二级
002742,泓德裕祥债券A,债券型-混合二级
002743,泓德裕祥债券C,债券型-混合二级
002745,华银丰利,混合型-偏债
002746,汇添富多策略定开混合,混合型-灵活
002749,嘉实稳盛债券,债券型-混合二级
002765,新华双利债券A,债券型-混合二级
002766,新华双利债券C,债券型-混合二级
002767,泰康宏泰回报混合A,混合型-偏债
002768,华安安进灵活配置混合发起式A,混合型-灵活
002770,安信新回报混合A,混合型-灵活
002771,安信新回报混合C,混合型-灵活
002772,光大产业新动力混合A,混合型-灵活
002776,招商安荣混合A,混合型-灵活
002777,招商安荣混合C,混合型-灵活
002778,新疆前海联合新思路混合A,混合型-灵活
002779,新疆前海联合新思路混合C,混合型-灵活
002780,前海联合泓鑫混合A,混合型-灵活
002783,东方红价值精选混合A,混合型-偏债
002784,东方红价值精选混合C,混合型-偏债
002792,景顺长城顺益回报混合A,混合型-偏债
002793,景顺长城顺益回报混合C,混合型-偏债
002794,天弘永利债券E,债券型-混合二级
002795,平安惠盈纯债A,债券型-混合一级
002796,景顺长城景盈双利债券A,债券型-混合二级
002797,景顺长城景盈双利债券C,债券型-混合二级
002801,泓德泓信混合,混合型-灵活
002802,广发成长智选混合A,混合型-偏股
002803,东方红沪港深混合,混合型-灵活
002804,华泰柏瑞量化对冲,混合型-绝对收益
002805,浙商汇金聚利一年定开债A,债券型-混合一级
002806,浙商汇金聚利一年定开债C,债券型-混合一级
002808,泓德优势领航混合,混合型-灵活
002810,金信转型创新成长混合发起式A,混合型-灵活
002819,招商丰美混合A,混合型-灵活
002820,招商丰美混合C,混合型-灵活
002826,中银永利半年定开债,债券型-混合一级
002833,华夏新锦绣混合A,混合型-灵活
002834,华夏新锦绣混合C,混合型-灵活
002837,华夏网购精选混合A,混合型-灵活
002838,华夏新锦程混合A,混合型-灵活
002839,华夏新锦程混合C,混合型-灵活
002844,金鹰多元策略混合A,混合型-灵活
002846,泓德泓华混合,混合型-灵活
002849,金信智能中国2025混合A,混合型-灵活
002851,南方品质优选灵活配置混合A,混合型-灵活
002860,前海开源沪港深新机遇混合A,混合型-灵活
002861,工银智能制造股票A,股票型
002862,金信量化精选混合A,混合型-灵活
002863,金信深圳成长混合A,混合型-灵活
002871,华夏智胜价值成长A,股票型
002872,华夏智胜价值成长C,股票型
002885,大摩万众创新混合A,混合型-灵活
002891,华夏移动互联混合人民币,QDII-混合灵活
002892,华夏移动互联混合美元现汇,QDII-混合灵活
002893,华夏移动互联混合美元现钞,QDII-混合灵活
002900,南方中证500信息技术联接A,指数型-股票
002901,财通资管积极收益债券A,债券型-混合二级
002902,财通资管积极收益债券C,债券型-混合二级
002903,广发中证500ETF联接C,指数型-股票
002906,南方中证500量化增强A,指数型-股票
002907,南方中证500量化增强C,指数型-股票
002908,富国睿利定开混合发起A,混合型-偏债
002910,易方达供给改革混合,混合型-灵活
002919,东吴智慧医疗量化混合A,混合型-灵活
002923,兴业聚惠混合C,混合型-偏债
002924,华商瑞鑫定开债,债券型-混合二级
002925,广发集源债券A,债券型-混合二级
002926,广发集源债券C,债券型-混合二级
002932,圆信永丰强化收益A,债券型-混合二级
002933,圆信永丰强化收益C,债券型-混合二级
002934,泰康恒泰回报混合A,混合型-灵活
002935,泰康恒泰回报混合C,混合型-灵活
002938,中银证券健康产业混合,混合型-灵活
002939,广发创新升级混合,混合型-灵活
002943,广发多因子混合,混合型-灵活
002945,大成盛世精选混合A,混合型-灵活
002946,大成景盛一年定开债A,债券型-混合二级
002947,大成景盛一年定开债C,债券型-混合二级
002952,建信多因子量化股票,股票型
002955,融通新趋势灵活配置混合,混合型-灵活
002956,融通新趋势灵活配置混合(后端),混合型-灵活
002959,汇添富盈泰混合,混合型-灵活
002961,中欧双利债券A,债券型-混合二级
002962,中欧双利债券C,债券型-混合二级
002965,中海合嘉增强收益债券A,债券型-混合二级
002966,中海合嘉增强收益债券C,债券型-混合二级
002967,浙商大数据智选消费混合A,混合型-灵活
002969,易方达丰和债券A,债券型-混合二级
002971,前海开源鼎安债券A,债券型-混合二级
002972,前海开源鼎安债券C,债券型-混合二级
002974,广发信息技术联接C,指数型-股票
002977,广发中证全指可选消费联接C,指数型-股票
002978,广发医药卫生联接C,指数型-股票
002979,广发中证全指金融地产联接C,指数型-股票
002980,华夏创新前沿股票A,股票型
002982,广发养老指数C,指数型-股票
002983,长信国防军工量化混合A,混合型-灵活
002984,广发中证环保ETF联接C,指数型-股票
002985,中银季季红定开债,债券型-混合一级
002986,泰康丰盈债券A,债券型-混合二级
002987,广发沪深300ETF联接C,指数型-股票
002988,平安鼎信债券A,债券型-混合二级
002989,融通通乾研究精选灵活配置混合A,混合型-灵活
002997,工银瑞享纯债债券A,债券型-混合一级
003013,国联恒泰纯债A,债券型-混合一级
003014,国联恒泰纯债C,债券型-混合一级
003015,中金沪深300指数增强A,指数型-股票
003016,中金中证500指数增强A,指数型-股票
003017,广发中证军工ETF联接A,指数型-股票
003024,平安惠金定开债A,债券型-混合一级
003025,新华红利回报混合,混合型-灵活
003026,安信新价值混合A,混合型-灵活
003027,安信新价值混合C,混合型-灵活
003028,安信新优选混合A,混合型-灵活
003029,安信新优选混合C,混合型-灵活
003030,安信新目标混合A,混合型-灵活
003031,安信新目标混合C,混合型-灵活
003032,平安医疗健康混合A,混合型-偏股
003037,广发集瑞债券A,债券型-混合二级
003038,广发集瑞债券C,债券型-混合二级
003044,东方红战略精选混合A,混合型-偏债
003045,东方红战略精选混合C,混合型-偏债
003050,农银汇理金丰一年定开债,债券型-混合一级
003053,嘉实文体娱乐股票A,股票型
003054,嘉实文体娱乐股票C,股票型
003062,银华通利混合A,混合型-灵活
003063,银华通利混合C,混合型-灵活
003069,光大创业板量化优选A,股票型
003070,光大创业板量化优选C,股票型
003092,华商丰利增强定开债A,债券型-混合二级
003093,华商丰利增强定开债C,债券型-混合二级
003095,中欧医疗健康混合A,混合型-偏股
003096,中欧医疗健康混合C,混合型-偏股
003105,光大永鑫混合A,混合型-灵活
003106,光大永鑫混合C,混合型-灵活
003107,光大安祺债券A,债券型-混合二级
003108,光大安祺债券C,债券型-混合二级
003109,光大安和债券A,债券型-混合二级
003110,光大安和债券C,债券型-混合二级
003115,光大诚鑫混合A,混合型-灵活
003116,光大诚鑫混合C,混合型-灵活
003119,博时鑫源混合A,混合型-灵活
003120,博时鑫源混合C,混合型-灵活
003123,天治鑫利纯债债券A,债券型-混合一级
003124,天治鑫利纯债债券C,债券型-混合一级
003125,中科沃土沃鑫成长精选混合A,混合型-灵活
003126,长信易进混合A,混合型-偏债
003127,长信易进混合C,混合型-偏债
003131,国寿安保强国智造混合,混合型-灵活
003132,德邦新回报灵活配置混合A,混合型-灵活
003133,易方达裕鑫债券A,债券型-混合二级
003134,易方达裕鑫债券C,债券型-混合二级
003135,金元顺安沣楹债券A,债券型-混合二级
003142,鹏华弘达混合A,混合型-灵活
003143,鹏华弘达混合C,混合型-灵活
003144,华宝新机遇混合(LOF)C,混合型-灵活
003145,国联竞争优势,股票型
003147,大成动态量化配置策略混合A,混合型-灵活
003152,华富天鑫灵活配置混合A,混合型-灵活
003153,华富天鑫灵活配置混合C,混合型-灵活
003154,华宝新活力混合C,混合型-灵活
003161,南方安泰混合A,混合型-偏债
003165,鹏华弘嘉混合A,混合型-灵活
003166,鹏华弘嘉混合C,混合型-灵活
003167,前海开源鼎瑞债券A,债券型-混合二级
003168,前海开源鼎瑞债券C,债券型-混合二级
003169,长盛盛辉混合A,混合型-灵活
003170,长盛盛辉混合C,混合型-灵活
003175,华泰柏瑞多策略混合A,混合型-灵活
003176,德邦景颐债券A,债券型-混合二级
003177,德邦景颐债券C,债券型-混合二级
003180,前海联合添利债券A,债券型-混合二级
003181,前海联合添利债券C,债券型-混合二级
003182,华富弘鑫混合A,混合型-灵活
003183,华富弘鑫混合C,混合型-灵活
003184,财通中证ESG100指数增强C,指数型-股票
003187,嘉实安益混合C,混合型-灵活
003189,汇添富保鑫灵活配置混合A,混合型-灵活
003190,创金合信消费主题股票A,股票型
003191,创金合信消费主题股票C,股票型
003192,创金合信尊丰纯债A,债券型-混合一级
003194,汇添富中证上海国企ETF联接A,指数型-股票
003197,光大安诚债券A,债券型-混合二级
003198,光大安诚债券C,债券型-混合二级
003204,财通收益增强债券C,债券型-混合二级
003205,财通可转债债券C,债券型-混合二级
003218,前海开源祥和债券A,债券型-混合二级
003219,前海开源祥和债券C,债券型-混合二级
003221,新华丰利债券A,债券型-混合二级
003222,新华丰利债券C,债券型-混合二级
003230,创金合信医疗保健股票A,股票型
003231,创金合信医疗保健股票C,股票型
003234,中信保诚至利混合A,混合型-灵活
003235,中信保诚至利混合C,混合型-灵活
003238,新华外延增长主题灵活配置混合,混合型-灵活
003241,创金合信量化发现混合A,混合型-灵活
003242,创金合信量化发现混合C,混合型-灵活
003243,摩根中国世纪混合(QDII)人民币,QDII-混合灵活
003244,摩根中国世纪混合(QDII)美元现钞,QDII-混合灵活
003245,摩根中国世纪混合(QDII)美元现汇,QDII-混合灵活
003254,前海开源鼎裕债券A,债券型-混合二级
003255,前海开源鼎裕债券C,债券型-混合二级
003275,国联安添利增长债A,债券型-混合二级
003276,国联安添利增长债C,债券型-混合二级
003282,中信保诚至裕混合A,混合型-灵活
003283,中信保诚至裕混合C,混合型-灵活
003284,中邮医药健康混合A,混合型-偏股
003286,平安惠享纯债A,债券型-混合一级
003289,创金合信尊泰纯债债券A,债券型-混合一级
003291,信澳健康中国混合A,混合型-灵活
003292,嘉实优势成长混合A,混合型-灵活
003293,易方达科瑞混合,混合型-灵活
003294,嘉实新趋势混合C,混合型-灵活
003295,南方安裕混合A,混合型-偏债
003297,招商双债增强债券(LOF)E,债券型-混合一级
003298,嘉实物流产业股票A,股票型
003299,嘉实物流产业股票C,股票型
003301,华夏鼎融债券A,债券型-混合二级
003302,华夏鼎融债券C,债券型-混合二级
003304,前海开源沪港深核心资源混合A,混合型-灵活
003305,前海开源沪港深核心资源混合C,混合型-灵活
003308,中信建投睿利A,混合型-灵活
003309,兴业启元一年定开债A,债券型-混合一级
003310,兴业启元一年定开债C,债券型-混合一级
003318,景顺长城中证500行业中性低波动指数A,指数型-股票
003331,博时乐臻定开混合,混合型-偏债
003333,泰信智选成长灵活配置混合A,混合型-灵活
003336,长江收益增强债券,债券型-混合二级
003341,工银瑞盈18个月定开债,债券型-混合二级
003343,鹏华弘惠灵活配置混合A,混合型-灵活
003344,鹏华弘惠灵活配置混合C,混合型-灵活
003345,安信新成长混合A,混合型-灵活
003346,安信新成长混合C,混合型-灵活
003359,大成360互联网+大数据100C,指数型-股票
003360,前海开源瑞和债券A,债券型-混合二级
003361,前海开源瑞和债券C,债券型-混合二级
003373,大成景禄灵活配置混合A,混合型-灵活
003374,大成景禄灵活配置混合C,混合型-灵活
003378,泰康策略优选混合,混合型-灵活
003379,中信保诚至选混合A,混合型-灵活
003380,中信保诚至选混合C,混合型-灵活
003382,民生加银鑫享债券A,债券型-混合一级
003383,民生加银鑫享债券C,债券型-混合一级
003390,江信一年定开,债券型-混合一级
003396,东方红优享红利混合A,混合型-灵活
003397,银华体育文化灵活配置混合A,混合型-灵活
003400,建信恒瑞债券,债券型-混合一级
003401,工银可转债债券,债券型-混合二级
003411,鹏华弘康灵活配置混合A,混合型-灵活
003412,鹏华弘康灵活配置混合C,混合型-灵活
003413,华泰柏瑞新经济沪港深混合A,混合型-灵活
003425,江信添福A,债券型-混合一级
003426,江信添福C,债券型-混合一级
003428,中加丰盈一年定开债,债券型-混合一级
003432,中信保诚至瑞混合A,混合型-灵活
003433,中信保诚至瑞混合C,混合型-灵活
003446,英大睿鑫A,混合型-灵活
003447,英大睿鑫C,混合型-灵活
003456,信澳新目标灵活配置混合A,混合型-灵活
003458,嘉实稳宏债券A,债券型-混合二级
003459,嘉实稳宏债券C,债券型-混合二级
003471,前海联合添鑫3个月开债A,债券型-混合二级
003472,前海联合添鑫3个月开债C,债券型-混合二级
003476,南方安颐混合,混合型-偏债
003484,金鹰鑫益混合A,混合型-灵活
003485,金鹰鑫益混合C,混合型-灵活
003494,富国天惠成长混合(LOF)C,混合型-偏股
003495,鹏华弘尚混合A,混合型-灵活
003496,鹏华弘尚混合C,混合型-灵活
003501,宏利睿智稳健混合A,混合型-灵活
003502,金鹰鑫瑞混合A,混合型-灵活
003503,金鹰鑫瑞混合C,混合型-灵活
003504,景顺长城景颐丰利债券A,债券型-混合二级
003505,景顺长城景颐丰利债券C,债券型-混合二级
003510,长盛可转债债券A,债券型-混合二级
003511,长盛可转债债券C,债券型-混合二级
003513,中邮消费升级灵活配置混合A,混合型-灵活
003516,国泰融安多策略灵活配置混合A,混合型-灵活
003518,万家鑫瑞纯债A,债券型-混合一级
003519,万家鑫瑞纯债E,债券型-混合一级
003528,汇添富长添利定期开放债券A,债券型-混合一级
003529,汇添富长添利定期开放债券C,债券型-混合一级
003532,汇添富鑫利定开债A,债券型-混合一级
003533,汇添富鑫利定开债C,债券型-混合一级
003545,东兴兴利债券A,债券型-混合二级
003548,宏利沪深300指数增强C,指数型-股票
003550,宏利改革动力混合C,混合型-灵活
003561,诺德成长精选A,混合型-灵活
003562,诺德成长精选C,混合型-灵活
003567,华夏行业景气混合A,混合型-偏股
003578,中金中证500指数增强C,指数型-股票
003579,中金沪深300指数增强C,指数型-股票
003580,泰康沪港深价值优选混合,混合型-灵活
003581,前海联合国民健康混合A,混合型-灵活
003586,先锋精一混合A,混合型-灵活
003587,先锋精一混合C,混合型-灵活
003591,华泰柏瑞享利混合A,混合型-灵活
003592,华泰柏瑞享利混合C,混合型-灵活
003593,国泰景气行业灵活配置混合,混合型-灵活
003594,长盛盛崇灵活配置混合A,混合型-灵活
003595,长盛盛崇灵活配置混合C,混合型-灵活
003598,华商润丰灵活配置混合A,混合型-灵活
003612,南方卓元债券A,债券型-混合二级
003613,南方卓元债券C,债券型-混合二级
003624,创金合信资源股票发起式A,股票型
003625,创金合信资源股票发起式C,股票型
003626,平安鑫利混合A,混合型-灵活
003628,兴银收益增强A,债券型-混合二级
003629,摩根全球多元配置(QDII-FOF)人民币A,QDII-混合平衡
003630,摩根全球多元配置(QDII-FOF)美元现钞,QDII-混合平衡
003631,摩根全球多元配置(QDII-FOF)美元现汇,QDII-混合平衡
003634,嘉实农业产业股票A,股票型
003637,安信永鑫增强债券A,债券型-混合二级
003638,安信永鑫增强债券C,债券型-混合二级
003641,长盛盛丰灵活配置混合A,混合型-灵活
003642,长盛盛丰灵活配置混合C,混合型-灵活
003646,创金合信中证1000指数增强A,指数型-股票
003647,创金合信中证1000指数增强C,指数型-股票
003650,融通通润债券,债券型-混合二级
003655,信澳新财富混合A,混合型-灵活
003656,民生加银鑫元纯债A,债券型-混合一级
003657,民生加银鑫元纯债C,债券型-混合一级
003659,山证资管策略精选混合A,混合型-灵活
003662,鹏华永盛一年定开债,债券型-混合一级
003670,国联物联网主题A,混合型-灵活
003680,华润元大双鑫债券A,债券型-混合二级
003681,建信睿享纯债债券A,债券型-混合一级
003684,汇安丰融混合A,混合型-灵活
003685,汇安丰融混合C,混合型-灵活
003692,大成景尚灵活配置混合A,混合型-灵活
003693,大成景尚灵活配置混合C,混合型-灵活
003697,华夏睿磐泰盛混合A,混合型-偏债
003713,英大睿盛A,混合型-灵活
003714,英大睿盛C,混合型-灵活
003715,宝盈消费主题混合,混合型-灵活
003717,中银量化精选混合A,混合型-灵活
003718,易方达标普500指数美元汇A,指数型-海外股票
003719,易方达标普医疗保健美元汇A,指数型-海外股票
003720,易方达标普生物科技美元汇A,指数型-海外股票
003721,易方达标普信息科技指数(QDII-LOF)A(美元现汇),指数型-海外股票
003722,易方达纳斯达克100ETF联接(QDII-LOF)A(美元现汇),指数型-海外股票
003723,华润元大双鑫债券C,债券型-混合二级
003734,万家瑞盈灵活配置混合A,混合型-灵活
003735,万家瑞盈灵活配置混合C,混合型-灵活
003745,广发多元新兴股票,股票型
003751,万家瑞隆混合A,混合型-偏股
003760,国泰中证500指数增强A,指数型-股票
003761,国泰中证500指数增强C,指数型-股票
003765,广发创业板ETF发起式联接A,指数型-股票
003766,广发创业板ETF发起式联接C,指数型-股票
003805,华安新恒利混合A,混合型-灵活
003806,华安新恒利混合C,混合型-灵活
003811,中金金利A,债券型-混合一级
003812,中金金利C,债券型-混合一级
003813,泰康金泰回报3个月持有A,混合型-偏债
003822,中信建投轮换混合A,混合型-偏股
003823,中信建投轮换混合C,混合型-偏股
003834,华夏能源革新股票A,股票型
003835,鹏华沪深港新兴成长混合A,混合型-灵活
003839,易方达瑞通灵活配置混合A,混合型-灵活
003840,易方达瑞通灵活配置混合C,混合型-灵活
003842,中邮景泰灵活配置混合A,混合型-灵活
003843,中邮景泰灵活配置混合C,混合型-灵活
003845,汇安丰恒灵活配置混合A,混合型-灵活
003846,汇安丰恒灵活配置混合C,混合型-灵活
003853,金鹰信息产业股票A,股票型
003857,前海开源周期优选混合A,混合型-灵活
003858,前海开源周期优选混合C,混合型-灵活
003861,招商兴福混合A,混合型-灵活
003862,招商兴福混合C,混合型-灵活
003865,创金合信量化多因子股票C,股票型
003876,华宝沪深300增强策略ETF发起式联接A,指数型-股票
003877,富国久利稳健配置混合A,混合型-偏债
003878,富国久利稳健配置混合C,混合型-偏债
003882,易方达瑞弘混合A,混合型-灵活
003883,易方达瑞弘混合C,混合型-灵活
003884,汇安沪深300指数增强A,指数型-股票
003885,汇安沪深300指数增强C,指数型-股票
003886,汇安丰利混合A,混合型-灵活
003887,汇安丰利混合C,混合型-灵活
003889,汇安丰泽混合A,混合型-灵活
003890,汇安丰泽混合C,混合型-灵活
003900,交银瑞鑫六个月持有期混合A,混合型-偏债
003940,银华盛世精选灵活配置混合发起式A,混合型-灵活
003952,兴业嘉瑞6个月定开债A,债券型-混合一级
003953,兴业嘉瑞6个月定开债C,债券型-混合一级
003956,南方产业智选股票A,股票型
003957,安信量化沪深300增强A,指数型-股票
003958,安信量化沪深300增强C,指数型-股票
003961,易方达瑞程灵活配置混合A,混合型-灵活
003962,易方达瑞程灵活配置混合C,混合型-灵活
003972,国富美元债一年持有期债券(QDII)人民币,QDII-混合债
003973,国富美元债一年持有期债券(QDII)美元现汇,QDII-混合债
003978,中信建投稳祥A,债券型-混合一级
003979,中信建投稳祥C,债券型-混合一级
003984,嘉实新能源新材料股票A,股票型
003985,嘉实新能源新材料股票C,股票型
003986,申万菱信中证500指数优选增强A,指数型-股票
003993,前海开源沪港深核心驱动混合,混合型-灵活
004005,东方民丰回报赢安混合A,混合型-偏债
004006,东方民丰回报赢安混合C,混合型-偏债
004008,国联鑫思路混合A,混合型-灵活
004009,国联鑫思路混合C,混合型-灵活
004010,华泰柏瑞鼎利灵活配置混合A,混合型-灵活
004011,华泰柏瑞鼎利灵活配置混合C,混合型-灵活
004024,华泰保兴尊诚一年定开债,债券型-混合一级
004025,融通收益增强债券A,债券型-混合二级
004026,融通收益增强债券C,债券型-混合二级
004031,鑫元添利三个月定开债,债券型-混合一级
004040,金鹰医疗健康产业A,股票型
004041,金鹰医疗健康产业C,股票型
004044,金鹰转型动力混合,混合型-灵活
004048,华夏新锦汇混合A,混合型-灵活
004049,华夏新锦汇混合C,混合型-灵活
004050,华夏新锦升混合A,混合型-灵活
004051,华夏新锦升混合C,混合型-灵活
004063,华夏恒融债券,债券型-混合二级
004069,南方中证全指证券公司ETF联接A,指数型-股票
004070,南方中证全指证券公司ETF联接C,指数型-股票
004075,交银医药创新股票A,股票型
004076,国联安锐意成长混合,混合型-偏股
004083,国联安鑫隆混合A,混合型-偏债
004084,国联安鑫隆混合C,混合型-偏债
004087,银华添润定期开放债券A,债券型-混合一级
004091,博时沪港深价值优选A,混合型-灵活
004092,博时沪港深价值优选C,混合型-灵活
004093,金元顺安桉盛债券A,债券型-混合二级
004098,前海开源港股通股息率50强,股票型
004099,前海开源沪港深景气行业精选混合,混合型-灵活
004100,鹏华安益增强混合D,混合型-偏债
004119,广发创新驱动灵活配置混合,混合型-灵活
004126,浦银稳健增利债券(LOF)A,债券型-混合一级
004128,前海联合泳隆混合A,混合型-灵活
004129,国联安鑫汇混合A,混合型-偏债
004130,国联安鑫汇混合C,混合型-偏债
004138,上银鑫达灵活配置混合A,混合型-灵活
004139,中邮军民融合灵活配置混合A,混合型-灵活
004142,招商盛合灵活混合A,混合型-灵活
004143,招商盛合灵活混合C,混合型-灵活
004148,圆信永丰多策略,混合型-偏股
004153,中信保诚新悦混合A,混合型-灵活
004154,中信保诚新悦混合B,混合型-灵活
004183,富国产业升级混合A,混合型-偏股
004189,华商消费行业股票,股票型
004190,招商沪深300指数增强A,指数型-股票
004191,招商沪深300指数增强C,指数型-股票
004192,招商中证500指数增强A,指数型-股票
004193,招商中证500指数增强C,指数型-股票
004194,招商中证1000指数增强A,指数型-股票
004195,招商中证1000指数增强C,指数型-股票
004202,华夏泰兴混合A,混合型-偏债
004205,东方支柱产业灵活配置混合,混合型-灵活
004206,华商元亨混合A,混合型-灵活
004209,大成智惠量化多策略混合A,混合型-灵活
004211,金鹰周期优选混合A,混合型-灵活
004218,前海开源裕和混合A,混合型-偏债
004221,长信量化先锋混合C,混合型-偏股
004222,金信民旺债券A,债券型-混合二级
004223,金信多策略精选混合A,混合型-灵活
004224,南方军工改革灵活配置混合A,混合型-灵活
004225,国寿安保稳诚混合A,混合型-偏债
004226,国寿安保稳诚混合C,混合型-偏债
004227,泰信鑫利混合A,混合型-偏债
004228,泰信鑫利混合C,混合型-偏债
004231,中欧行业成长混合(LOF)C,混合型-偏股
004232,中欧价值发现混合C,混合型-偏股
004233,中欧盛世成长混合(LOF)C,混合型-偏股
004234,中欧数据挖掘多因子混合C,混合型-灵活
004235,中欧价值智选混合C,混合型-灵活
004236,中欧新动力混合(LOF)C,混合型-偏股
004237,中欧新蓝筹混合C,混合型-偏股
004241,中欧时代先锋股票C,股票型
004243,广发道琼斯石油指数人民币C,指数型-海外股票
004244,东方周期优选灵活配置混合A,混合型-灵活
004249,安信中国制造混合A,混合型-灵活
004250,银河量化优选混合A,混合型-偏股
004252,国泰安益灵活配置混合C,混合型-灵活
004258,国寿安保稳嘉混合A,混合型-偏债
004259,国寿安保稳嘉混合C,混合型-偏债
004260,德邦稳盈增长灵活配置混合A,混合型-灵活
004263,华安沪港深机会灵活配置混合,混合型-灵活
004265,金鹰民丰回报定期开放混合,混合型-偏债
004266,招商沪港深科技创新混合A,混合型-灵活
004267,金鹰持久增利债券(LOF)E,债券型-混合二级
004278,东方红智逸沪港深定开混合,混合型-偏债
004279,国寿安保稳荣混合A,混合型-偏债
004280,国寿安保稳荣混合C,混合型-偏债
004292,鹏华沪深港互联网股票,股票型
004301,国寿安保稳信混合A,混合型-偏债
004302,国寿安保稳信混合C,混合型-偏债
004314,前海开源沪港深新硬件A,混合型-灵活
004315,前海开源沪港深新硬件C,混合型-灵活
004316,前海开源沪港深裕鑫A,混合型-灵活
004317,前海开源沪港深裕鑫C,混合型-灵活
004318,国寿安保尊裕优化回报债券A,债券型-混合二级
004319,国寿安保尊裕优化回报债券C,债券型-混合二级
004320,前海开源沪港深乐享生活,混合型-灵活
004321,前海开源沪港深强国产业混合,混合型-灵活
004332,恒生沪港深新兴产业精选混合,混合型-偏股
004333,金鹰元盛债券(LOF)E,债券型-混合一级
004335,华宝新飞跃灵活配置混合,混合型-灵活
004340,泰康兴泰回报沪港深混合A,混合型-偏债
004341,农银尖端科技混合,混合型-灵活
004342,南方沪深300ETF联接C,指数型-股票
004343,南方创业板ETF联接C,指数型-股票
004344,南方大数据100C,指数型-股票
004345,南方深证成份ETF联接C,指数型-股票
004346,南方小康ETF联接C,指数型-股票
004347,南方中证500信息技术联接C,指数型-股票
004348,南方中证500ETF联接(LOF)C,指数型-股票
004350,汇丰晋信价值先锋股票A,股票型
004351,汇丰晋信珠三角区域发展混合,混合型-偏股
004352,华银研究精选股票,股票型
004355,嘉实丰和灵活配置混合A,混合型-灵活
004357,南方智慧混合,混合型-灵活
004361,摩根安通回报混合A,混合型-偏债
004362,摩根安通回报混合C,混合型-偏债
004371,景顺长城中证科技传媒通信150ETF联接C,指数型-股票
004374,华泰保兴吉年丰混合发起A,混合型-偏股
004375,华泰保兴吉年丰混合发起C,混合型-偏股
004390,平安转型创新混合A,混合型-灵活
004391,平安转型创新混合C,混合型-灵活
004393,安信企业价值优选混合A,混合型-偏股
004394,华泰柏瑞量化创优混合,混合型-灵活
004402,金信民旺债券C,债券型-混合二级
004403,平安股息精选沪港深A,股票型
004404,平安股息精选沪港深C,股票型
004405,国寿安保稳寿混合A,混合型-偏债
004406,国寿安保稳寿混合C,混合型-偏债
004407,招商上证消费80ETF联接C,指数型-股票
004408,招商深证100指数C,指数型-股票
004409,招商深证TMT50ETF联接C,指数型-股票
004410,招商央视财经50指数C,指数型-股票
004413,建信民丰回报混合,混合型-偏债
004423,华商研究精选灵活配置A,混合型-灵活
004424,汇添富文体娱乐混合A,混合型-偏股
004427,交银增利增强债券A,债券型-混合二级
004428,交银增利增强债券C,债券型-混合二级
004432,南方有色金属ETF联接A,指数型-股票
004433,南方有色金属ETF联接C,指数型-股票
004434,博时逆向投资混合A,混合型-偏股
004435,博时逆向投资混合C,混合型-偏股
004436,汇添富年年泰定开混合A,混合型-偏债
004437,汇添富年年泰定开混合C,混合型-偏债
004442,中欧康裕混合A,混合型-偏债
004448,博时汇智回报灵活配置混合,混合型-灵活
004450,嘉实前沿科技沪港深股票A,股票型
004451,汇添富双鑫添利债券A,债券型-混合二级
004452,汇添富双鑫添利债券C,债券型-混合二级
004453,前海开源盈鑫A,混合型-灵活
004454,前海开源盈鑫C,混合型-灵活
004455,中欧康裕混合C,混合型-偏债
004456,兴银消费新趋势灵活配置A,混合型-灵活
004457,光大多策略智选18个月混合,混合型-偏债
004469,汇添富鑫益定开债A,债券型-混合一级
004470,汇添富鑫益定开债C,债券型-混合一级
004475,华泰柏瑞富利混合A,混合型-灵活
004476,景顺长城沪港深领先科技股票A,股票型
004477,嘉实沪港深回报混合,混合型-偏股
004486,嘉实稳怡债券,债券型-混合二级
004488,嘉实富时中国A50ETF联接A,指数型-股票
004495,博时量化平衡混合A,混合型-偏债
004496,前海开源多元策略混合A,混合型-灵活
004497,前海开源多元策略混合C,混合型-灵活
004503,鹏华永泰定期开放债券,债券型-混合一级
004504,鹏华永泽18个月定开债,债券型-混合一级
004505,博时新兴消费主题混合A,混合型-偏股
004510,九泰久盛量化先锋混合C,混合型-灵活
004512,海富通沪深300指数增强C,指数型-股票
004513,海富通沪深300指数增强A,指数型-股票
004517,南方安康混合A,混合型-偏债
004521,安信工业4.0灵活配置混合A,混合型-灵活
004522,安信工业4.0灵活配置混合C,混合型-灵活
004532,民生加银港股通高股息A,指数型-股票
004533,民生加银港股通高股息C,指数型-股票
004534,汇添富双盈回报一年持有债A,债券型-混合二级
004535,汇添富双盈回报一年持有债C,债券型-混合二级
004547,华夏稳定双利债券A,债券型-混合一级
004549,富安达消费主题混合,混合型-灵活
004564,华银鼎利债券A,债券型-混合二级
004569,招商制造业混合C,混合型-灵活
004571,万家家瑞债券A,债券型-混合二级
004572,万家家瑞债券C,债券型-混合二级
004585,鹏扬汇利债券A,债券型-混合二级
004586,鹏扬汇利债券C,债券型-混合二级
004597,南方中证银行ETF发起联接A,指数型-股票
004598,南方中证银行ETF发起联接C,指数型-股票
004604,富国新活力灵活配置混合A,混合型-灵活
004605,富国新活力灵活配置混合C,混合型-灵活
004608,长信乐信灵活配置混合A,混合型-灵活
004609,长信乐信灵活配置混合C,混合型-灵活
004616,中欧电子信息产业沪港深股票A,股票型
004617,建信鑫稳回报灵活配置混合A,混合型-灵活
004618,建信鑫稳回报灵活配置混合C,混合型-灵活
004634,前海联合泳涛混合A,混合型-灵活
004635,中信建投睿利C,混合型-灵活
004636,中信建投智信物联网C,混合型-灵活
004640,华夏节能环保股票A,股票型
004641,万家量化睿选混合A,混合型-灵活
004642,南方中证房地产ETF发起联接A,指数型-股票
004643,南方中证房地产ETF发起联接C,指数型-股票
004647,新华鼎利债券A,债券型-混合二级
004648,南方安睿混合A,混合型-偏债
004651,长信利丰债券E,债券型-混合二级
004655,汇添富鑫汇债券A,债券型-混合一级
004656,汇添富鑫汇债券C,债券型-混合一级
004657,金鹰民富收益混合A,混合型-偏债
004658,金鹰民富收益混合C,混合型-偏债
004666,长城久嘉创新成长混合A,混合型-灵活
004671,国联核心成长,混合型-灵活
004674,富国新机遇灵活配置混合A,混合型-灵活
004675,富国新机遇灵活配置混合C,混合型-灵活
004676,中信建投睿信灵活配置混合C,混合型-灵活
004677,博时战略新兴产业混合,混合型-灵活
004680,前海开源裕瑞混合A,混合型-偏债
004683,建信高端医疗股票A,股票型
004685,金元顺安元启灵活配置混合,混合型-灵活
004686,华夏研究精选股票,股票型
004693,前海联合泳隽混合A,混合型-灵活
004694,天弘策略精选混合A,混合型-灵活
004695,东兴未来价值混合A,混合型-灵活
004698,博时军工主题股票A,股票型
004702,南方金融主题灵活配置混合A,混合型-灵活
004703,南方兴盛先锋混合A,混合型-偏股
004707,景顺长城睿成混合A,混合型-灵活
004708,红塔红土盛商一年定开债A,债券型-混合二级
004709,红塔红土盛商一年定开债C,债券型-混合二级
004710,民生加银鹏程混合A,混合型-偏债
004716,中信保诚量化阿尔法股票A,股票型
004719,景顺长城睿成混合C,混合型-灵活
004720,华夏睿磐泰茂混合A,混合型-偏债
004721,华夏睿磐泰茂混合C,混合型-偏债
004724,先锋聚元灵活配置混合A,混合型-灵活
004725,先锋聚元灵活配置混合C,混合型-灵活
004726,先锋聚优A,混合型-灵活
004727,先锋聚优C,混合型-灵活
004734,中欧瑾灵灵活配置混合A,混合型-灵活
004735,中欧瑾灵灵活配置混合C,混合型-灵活
004737,富国新优享灵活配置混合A,混合型-灵活
004738,摩根安隆回报混合A,混合型-偏债
004739,摩根安隆回报混合C,混合型-偏债
004740,中欧瑞丰灵活配置混合C,混合型-灵活
004742,易方达深证100ETF联接C,指数型-股票
004743,易方达上证中盘ETF联接C,指数型-股票
004744,易方达创业板ETF联接C,指数型-股票
004745,长盛创新驱动混合A,混合型-灵活
004746,易方达上证50增强C,指数型-股票
004747,富国新优享灵活配置混合C,混合型-灵活
004748,天弘策略精选混合C,混合型-灵活
004750,广发鑫和A,混合型-灵活
004751,广发鑫和C,混合型-灵活
004752,广发中证传媒ETF联接A,指数型-股票
004753,广发中证传媒ETF联接C,指数型-股票
004756,国寿安保稳吉混合A,混合型-偏债
004757,国寿安保稳吉混合C,混合型-偏债
004760,国寿安保稳瑞混合A,混合型-偏债
004761,国寿安保稳瑞混合C,混合型-偏债
004763,中科沃土沃嘉混合A,混合型-灵活
004764,中科沃土沃嘉混合C,混合型-灵活
004772,国寿安保稳泰一年定开混合A,混合型-偏债
004773,国寿安保稳泰一年定开混合C,混合型-偏债
004774,汇添富添福吉祥混合A,混合型-偏债
004784,招商稳健优选股票A,股票型
004788,富荣沪深300指数增强A,指数型-股票
004789,富荣沪深300指数增强C,指数型-股票
004792,富荣富乾债券A,债券型-混合二级
004793,富荣富乾债券C,债券型-混合二级
004794,富荣福鑫混合A,混合型-灵活
004795,富荣福鑫混合C,混合型-灵活
004805,长信消费精选量化股票A,股票型
004807,中银证券安弘债券A,债券型-混合二级
004808,中银证券安弘债券C,债券型-混合二级
004809,前海联合润丰混合A,混合型-灵活
004812,中欧先进制造股票A,股票型
004813,中欧先进制造股票C,股票型
004814,中欧红利优享混合A,混合型-灵活
004815,中欧红利优享混合C,混合型-灵活
004818,国寿安保目标策略混合发起A,混合型-灵活
004819,国寿安保目标策略混合发起C,混合型-灵活
004821,国寿安保安吉纯债半年定开债,债券型-混合一级
004823,摩根安裕回报混合A,混合型-偏债
004824,摩根安裕回报混合C,混合型-偏债
004831,汇添富鑫泽定开债A,债券型-混合一级
004832,汇添富鑫泽定开债C,债券型-混合一级
004833,先锋聚利混合A,混合型-灵活
004834,先锋聚利混合C,混合型-灵活
004836,国联鑫价值混合A,混合型-灵活
004837,国联鑫价值混合C,混合型-灵活
004845,南华瑞盈混合发起A,混合型-偏股
004846,南华瑞盈混合发起C,混合型-偏股
004848,中欧睿泓定开混合,混合型-灵活
004851,广发医疗保健股票A,股票型
004852,广发价值回报混合A,混合型-偏债
004853,广发价值回报混合C,混合型-偏债
004854,广发中证全指汽车指数A,指数型-股票
004855,广发中证全指汽车指数C,指数型-股票
004856,广发中证全指建筑材料指数A,指数型-股票
004857,广发中证全指建筑材料指数C,指数型-股票
004858,长信量化多策略股票C,股票型
004868,交银股息优化混合,混合型-偏股
004870,融通创业板指数C,指数型-股票
004871,中银金融地产混合A,混合型-偏股
004874,融通巨潮100指数C,指数型-股票
004875,融通深证成份指数C,指数型-股票
004876,融通深证100指数C,指数型-股票
004877,汇添富全球医疗混合(QDII)人民币,QDII-混合偏股
004878,汇添富全球医疗混合(QDII)美元现汇,QDII-混合偏股
004879,汇添富全球医疗混合(QDII)美元现钞,QDII-混合偏股
004881,中银沪深300指数增强A,指数型-股票
004885,长信先优债券A,债券型-混合二级
004888,财通资管鑫逸混合A,混合型-偏债
004889,财通资管鑫逸混合C,混合型-偏债
004890,中邮健康文娱灵活配置混合A,混合型-灵活
004895,华商鑫安灵活混合,混合型-灵活
004900,财通资管鑫锐混合A,混合型-偏债
004901,财通资管鑫锐混合C,混合型-偏债
004902,富国丰利增强债券A,债券型-混合二级
004905,华泰柏瑞生物医药混合A,混合型-灵活
004913,中银证券聚瑞混合A,混合型-偏债
004914,中银证券聚瑞混合C,混合型-偏债
004916,嘉实新添丰定期混合,混合型-偏债
004925,长信低碳环保行业量化股票A,股票型
004926,中航军民融合精选A,混合型-偏股
004927,中航军民融合精选C,混合型-偏股
004932,招商丰拓灵活混合A,混合型-灵活
004933,招商丰拓灵活混合C,混合型-灵活
004934,圆信永丰消费升级,混合型-灵活
004936,中航混改精选混合A,混合型-偏股
004937,中航混改精选混合C,混合型-偏股
004940,中加聚鑫纯债一年定开A,债券型-混合一级
004941,中加聚鑫纯债一年定开C,债券型-混合一级
004942,格林伯元灵活配置A,混合型-灵活
004943,格林伯元灵活配置C,混合型-灵活
004944,鑫元鑫趋势灵活配置混合A,混合型-灵活
004945,长信中证500指数增强A,指数型-股票
004946,汇添富盈润混合A,混合型-偏债
004947,汇添富盈润混合C,混合型-偏债
004948,鑫元鑫趋势灵活配置混合C,混合型-灵活
004952,兴全恒益债券A,债券型-混合二级
004953,兴全恒益债券C,债券型-混合二级
004958,圆信永丰优享生活,混合型-灵活
004959,圆信永丰优悦生活混合,混合型-偏股
004965,泓德致远混合A,混合型-偏债
004966,泓德致远混合C,混合型-偏债
004975,交银恒益灵活配置混合A,混合型-灵活
004982,新华安享多裕定开混合,混合型-灵活
004986,鹏华策略回报混合,混合型-灵活
004987,诺德新享灵活配置混合,混合型-灵活
004988,人保双利A,混合型-偏债
004989,人保双利C,混合型-偏债
004993,中欧可转债债券A,债券型-混合二级
004994,中欧可转债债券C,债券型-混合二级
004995,广发品牌消费股票发起式A,股票型
004996,广发恒生中型股指数C,指数型-股票
004997,广发高端制造股票A,股票型
005001,交银持续成长主题混合A,混合型-偏股
005004,交银品质升级混合A,混合型-偏股
005005,中金瑞安混合发起A,混合型-偏股
005006,中金瑞安混合发起C,混合型-偏股
005008,东方红汇阳债券Z,债券型-混合二级
005009,申万菱信行业轮动股票A,股票型
005014,泰康景泰回报混合A,混合型-偏债
005015,泰康景泰回报混合C,混合型-偏债
005019,国投瑞银和泰6个月债券,债券型-混合二级
005028,鹏华研究精选灵活配置混合,混合型-灵活
005037,银华新能源新材料A,股票型
005038,银华新能源新材料C,股票型
005039,鹏扬景兴混合A,混合型-偏债
005040,鹏扬景兴混合C,混合型-偏债
005041,人保研究精选混合A,混合型-偏股
005042,人保研究精选混合C,混合型-偏股
005043,国寿安保健康科学混合A,混合型-偏股
005044,国寿安保健康科学混合C,混合型-偏股
005049,长安鑫旺价值混合A,混合型-灵活
005050,长安鑫旺价值混合C,混合型-灵活
005051,摩根标普港股通低波红利指数A,指数型-股票
005052,摩根标普港股通低波红利指数C,指数型-股票
005055,华泰柏瑞量化阿尔法A,混合型-灵活
005059,南方安福混合A,混合型-偏债
005062,博时中证500指数增强A,指数型-股票
005063,广发中证全指家用电器ETF联接A,指数型-股票
005064,广发中证全指家用电器ETF联接C,指数型-股票
005067,融通逆向策略灵活配置混合A,混合型-灵活
005075,富国研究量化精选混合A,混合型-偏股
005076,创金合信优选回报灵活配置混合,混合型-灵活
005078,富国宝利增强债券A,债券型-混合二级
005082,诺德量化蓝筹增强混合A,混合型-偏股
005083,诺德量化蓝筹增强混合C,混合型-偏股
005088,嘉实新添辉定期混合A,混合型-灵活
005089,嘉实新添辉定期混合C,混合型-灵活
005090,嘉合睿金混合发起式A,混合型-偏股
005091,嘉合睿金混合发起式C,混合型-偏股
005094,万家臻选混合A,混合型-偏股
005102,工银沪深300ETF联接A,指数型-股票
005103,工银沪深300ETF联接C,指数型-股票
005104,富荣福康混合A,混合型-偏股
005105,富荣福康混合C,混合型-偏股
005106,银华农业产业股票发起式A,股票型
005109,汇安多策略混合A,混合型-灵活
005110,汇安多策略混合C,混合型-灵活
005112,银华中证全指医药卫生,指数型-股票
005113,平安沪深300指数量化A,指数型-股票
005114,平安沪深300指数量化C,指数型-股票
005117,金信价值精选混合A,混合型-灵活
005118,金信价值精选混合C,混合型-灵活
005119,银华智荟内在价值灵活配置混合发起A,混合型-灵活
005120,摩根量化多因子混合,混合型-灵活
005121,富国兴利增强债券A,债券型-混合二级
005123,南方优享分红混合A,混合型-灵活
005125,华宝标普中国A股红利机会ETF联接C,指数型-股票
005126,银河量化稳进混合,混合型-偏股
005128,华夏永康添福混合A,混合型-偏债
005136,华安幸福生活混合A,混合型-偏股
005137,长信沪深300指数增强A,指数型-股票
005138,前海开源弘丰债券A,债券型-混合二级
005139,前海开源弘丰债券C,债券型-混合二级
005140,华夏睿磐泰荣混合A,混合型-偏债
005141,华夏睿磐泰荣混合C,混合型-偏债
005142,国联沪港深大消费主题A,混合型-灵活
005143,国联沪港深大消费主题C,混合型-灵活
005144,东吴优益债券A,债券型-混合二级
005145,东吴优益债券C,债券型-混合二级
005152,农银沪深300指数C,指数型-股票
005158,长江乐盈定开债发起式,债券型-混合一级
005159,华泰保兴尊合债券A,债券型-混合一级
005160,华泰保兴尊合债券C,债券型-混合一级
005161,华商上游产业股票A,股票型
005164,富荣福锦混合A,混合型-偏股
005165,富荣福锦混合C,混合型-偏股
005167,嘉实润泽量化定期混合,混合型-偏债
005169,华泰保兴策略精选A,混合型-灵活
005170,华泰保兴策略精选C,混合型-灵活
005172,泰康安悦纯债3月定开债券,债券型-混合一级
005176,富国精准医疗混合A,混合型-灵活
005177,华夏睿磐泰利混合A,混合型-偏债
005178,华夏睿磐泰利混合C,混合型-偏债
005186,长安鑫兴混合A,混合型-灵活
005187,长安鑫兴混合C,混合型-灵活
005188,海富通量化前锋股票C,股票型
005189,海富通量化前锋股票A,股票型
005190,东方红沪港深混合(后端),混合型-灵活
005193,华银鼎利债券C,债券型-混合二级
005197,工银沪港深精选混合A,混合型-灵活
005198,工银沪港深精选混合C,混合型-灵活
005206,南方优选成长混合C,混合型-灵活
005207,南方高端装备混合C,混合型-偏股
005209,东吴双三角股票A,股票型
005210,东吴双三角股票C,股票型
005211,银河智慧混合A,混合型-灵活
005212,汇安稳裕债券A,债券型-混合二级
005223,广发中证基建工程ETF联接A,指数型-股票
005224,广发中证基建工程ETF联接C,指数型-股票
005225,广发量化多因子混合A,混合型-灵活
005226,山证资管改革精选混合A,混合型-灵活
005228,汇添富港股通专注成长,混合型-偏股
005229,嘉实富时中国A50ETF联接C,指数型-股票
005233,广发睿毅领先混合A,混合型-偏股
005235,银华食品饮料量化股票发起式A,股票型
005236,银华食品饮料量化股票发起式C,股票型
005237,银华医疗健康量化优选A,股票型
005238,银华医疗健康量化优选C,股票型
005241,中欧时代智慧混合A,混合型-偏股
005242,中欧时代智慧混合C,混合型-偏股
005243,融通中国概念债券(QDII)A,QDII-混合债
005244,国泰聚优价值灵活配置混合A,混合型-灵活
005245,国泰聚优价值灵活配置混合C,混合型-灵活
005246,国泰可转债债券A,债券型-混合二级
005248,新华沪深300指数增强A,指数型-股票
005250,银华估值优势混合,混合型-偏股
005251,银华多元动力灵活配置混合A,混合型-灵活
005255,浦银港股通量化混合A,混合型-灵活
005258,景顺长城量化平衡混合A,混合型-灵活
005259,建信龙头企业股票,股票型
005260,银华稳健增利灵活配置混合A,混合型-灵活
005261,银华稳健增利灵活配置混合C,混合型-灵活
005262,鑫元欣享灵活配置混合A,混合型-灵活
005263,鑫元欣享灵活配置混合C,混合型-灵活
005265,博时厚泽回报混合A,混合型-灵活
005266,博时厚泽回报混合C,混合型-灵活
005267,嘉实价值精选股票A,股票型
005268,鹏华优势企业,股票型
005269,华泰柏瑞港股通量化混合A,混合型-灵活
005270,太平改革红利精选混合,混合型-灵活
005271,安信恒利增强债券A,债券型-混合二级
005272,安信恒利增强债券C,债券型-混合二级
005273,华商可转债债券A,债券型-混合二级
005274,中银景福回报混合A,混合型-偏债
005275,中欧创新成长灵活配置混合A,混合型-灵活
005276,中欧创新成长灵活配置混合C,混合型-灵活
005280,安信稳健阿尔法定开混合A,混合型-绝对收益
005281,中科沃土转型升级混合A,混合型-灵活
005284,华商可转债债券C,债券型-混合二级
005287,海富通创业板增强C,指数型-股票
005288,海富通创业板增强A,指数型-股票
005290,诺德新盛灵活配置混合A,混合型-灵活
005293,诺德新旺,混合型-灵活
005294,诺德新宜灵活配置混合,混合型-灵活
005295,诺德天富灵活配置混合,混合型-灵活
005296,南华丰淳混合A,混合型-偏股
005297,南华丰淳混合C,混合型-偏股
005299,万家成长优选混合A,混合型-灵活
005300,万家成长优选混合C,混合型-灵活
005301,前海开源弘泽债券发起式A,债券型-混合二级
005302,前海开源弘泽债券发起式C,债券型-混合二级
005303,嘉实医药健康股票A,股票型
005304,嘉实医药健康股票C,股票型
005310,广发电子信息传媒股票A,股票型
005311,万家经济新动能混合A,混合型-偏股
005312,万家经济新动能混合C,混合型-偏股
005313,万家中证1000指数增强A,指数型-股票
005314,万家中证1000指数增强C,指数型-股票
005323,前海开源泽鑫混合A,混合型-灵活
005324,前海开源泽鑫混合C,混合型-灵活
005327,景顺长城景泰稳利定开债A,债券型-混合一级
005328,前海开源价值策略股票,股票型
005329,汇添富民安增益定开混合A,混合型-偏债
005330,汇添富民安增益定开混合C,混合型-偏债
005331,益民优势安享混合A,混合型-灵活
005335,浙商全景消费混合A,混合型-偏股
005341,长安裕泰混合A,混合型-灵活
005342,长安裕泰混合C,混合型-灵活
005343,长安裕盛灵活配置混合A,混合型-灵活
005344,长安裕盛灵活配置混合C,混合型-灵活
005347,诺德量化优选6个月持有期混合,混合型-偏股
005351,汇添富行业整合混合A,混合型-偏股
005352,鹏扬景泰成长混合A,混合型-偏股
005353,鹏扬景泰成长混合C,混合型-偏股
005354,富国沪港深行业精选混合A,混合型-灵活
005357,富国国企改革灵活配置混合,混合型-灵活
005358,东方阿尔法精选混合A,混合型-灵活
005359,东方阿尔法精选混合C,混合型-灵活
005360,汇安资产轮动混合A,混合型-灵活
005361,国联聚商定期开放债券,债券型-混合一级
005366,摩根丰瑞债券A,债券型-混合一级
005367,摩根丰瑞债券C,债券型-混合一级
005368,富国清洁能源产业混合A,混合型-灵活
005371,中加心悦混合A,混合型-灵活
005372,中加心悦混合C,混合型-灵活
005373,中加紫金灵活配置混合A,混合型-灵活
005374,中加紫金灵活配置混合C,混合型-灵活
005375,建信睿和纯债定开债,债券型-混合一级
005379,汇添富价值创造定开混合,混合型-偏股
005390,工银创业板ETF联接A,指数型-股票
005391,工银创业板ETF联接C,指数型-股票
005395,泓德臻远回报混合,混合型-灵活
005399,长信量化价值驱动混合A,混合型-偏股
005400,万家潜力价值灵活配置混合A,混合型-灵活
005401,万家潜力价值灵活配置混合C,混合型-灵活
005402,广发资源优选股票A,股票型
005409,华泰柏瑞新兴产业混合A,混合型-偏股
005412,金信民长混合A,混合型-灵活
005413,金信民长混合C,混合型-灵活
005419,中欧聚瑞债券A,债券型-混合一级
005420,中欧聚瑞债券C,债券型-混合一级
005421,中欧嘉泽灵活配置混合,混合型-灵活
005433,申万菱信医药先锋股票A,股票型
005434,鹏华睿投混合A,混合型-灵活
005437,易方达易百智能量化策略A,混合型-灵活
005438,易方达易百智能量化策略C,混合型-灵活
005443,国金量化多策略A,混合型-灵活
005445,华宝价值发现混合A,混合型-偏股
005449,华夏行业龙头混合,混合型-偏股
005450,华夏稳盛灵活配置混合,混合型-灵活
005451,鹏扬双利债券A,债券型-混合一级
005452,鹏扬双利债券C,债券型-混合一级
005453,前海开源医疗健康A,混合型-灵活
005454,前海开源医疗健康C,混合型-灵活
005455,建信睿丰纯债定期开放债券,债券型-混合一级
005457,景顺长城量化小盘股票A,股票型
005461,南方希元可转债债券A,债券型-混合二级
005472,富国价值驱动灵活配置混合A,混合型-灵活
005473,富国价值驱动灵活配置混合C,混合型-灵活
005474,泰康均衡优选混合A,混合型-偏股
005475,泰康均衡优选混合C,混合型-偏股
005477,长安鑫禧灵活配置混合A,混合型-灵活
005478,长安鑫禧灵活配置混合C,混合型-灵活
005481,银华瑞泰灵活配置混合,混合型-灵活
005482,博时创新驱动混合A,混合型-灵活
005483,博时创新驱动混合C,混合型-灵活
005489,中金衡优灵活配置混合A,混合型-灵活
005490,中金衡优灵活配置混合C,混合型-灵活
005491,兴全合宜混合(LOF)C,混合型-灵活
005492,农银汇理研究驱动混合,混合型-灵活
005493,鑫元价值精选混合A,混合型-灵活
005494,鑫元价值精选混合C,混合型-灵活
005495,创金合信科技成长股票A,股票型
005496,创金合信科技成长股票C,股票型
005498,银华积极成长混合A,混合型-偏股
005504,汇添富沪港深大盘价值混合A,混合型-偏股
005505,前海开源中药股票A,股票型
005506,前海开源中药股票C,股票型
005517,富国新趋势灵活配置混合A,混合型-灵活
005518,富国新趋势灵活配置混合C,混合型-灵活
005519,银华混改红利灵活配置混合发起式A,混合型-灵活
005520,国投瑞银创新医疗混合A,混合型-灵活
005521,华安红利精选混合A,混合型-偏股
005522,华泰保兴吉年福定开混合,混合型-灵活
005523,泰康颐年混合A,混合型-偏债
005524,泰康颐年混合C,混合型-偏债
005526,工银新生代消费混合,混合型-灵活
005529,银华华茂定开债券A,债券型-混合一级
005530,汇添富沪深300指数增强A,指数型-股票
005534,华夏新时代混合人民币(QDII),QDII-混合灵活
005535,泰信竞争优选混合,混合型-灵活
005537,中航新起航灵活配置混合A,混合型-灵活
005538,中航新起航灵活配置混合C,混合型-灵活
005541,前海开源盛鑫混合A,混合型-灵活
005542,前海开源盛鑫混合C,混合型-灵活
005543,银华心诚灵活配置混合A,混合型-灵活
005544,银华瑞和灵活配置混合A,混合型-灵活
005549,富国成长优选三年定开混合,混合型-灵活
005550,汇安成长优选混合A,混合型-灵活
005551,汇安成长优选混合C,混合型-灵活
005552,国富新趋势混合A,混合型-灵活
005553,国富新趋势混合C,混合型-灵活
005554,南方恒生国企ETF联接A,指数型-股票
005555,南方恒生国企ETF联接C,指数型-股票
005561,创金合信中证红利低波动指数A,指数型-股票
005562,创金合信中证红利低波动指数C,指数型-股票
005571,中银证券新能源混合A,混合型-灵活
005572,中银证券新能源混合C,混合型-灵活
005573,东吴悦秀纯债债券A,债券型-混合一级
005574,东吴悦秀纯债债券C,债券型-混合一级
005576,华泰柏瑞新金融地产混合A,混合型-灵活
005579,光大晟利债券A,债券型-混合一级
005580,光大晟利债券C,债券型-混合一级
005583,易方达港股通红利混合A,混合型-灵活
005585,银河文体娱乐混合A,混合型-灵活
005587,安信比较优势混合A,混合型-灵活
005588,长安裕腾混合A,混合型-灵活
005589,长信企业精选定开混合,混合型-灵活
005590,汇添富鑫永定开债A,债券型-混合一级
005591,汇添富鑫永定开债C,债券型-混合一级
005592,长安裕腾混合C,混合型-灵活
005593,摩根创新商业模式混合A,混合型-灵活
005596,建信战略精选灵活配置混合A,混合型-灵活
005597,建信战略精选灵活配置混合C,混合型-灵活
005598,广发中小盘精选混合A,混合型-偏股
005599,汇安量化优选灵活配置A,混合型-灵活
005600,汇安量化优选灵活配置C,混合型-灵活
005607,华宝中证500增强A,指数型-股票
005608,华宝中证500增强C,指数型-股票
005609,富国军工主题混合A,混合型-偏股
005612,嘉实核心优势股票发起式,股票型
005613,摩根富时发达市场REITs指数(QDII)人民币A,指数型-海外股票
005614,摩根富时发达市场REITs指数(QDII)美钞,指数型-海外股票
005615,摩根富时发达市场REITs指数(QDII)美汇,指数型-海外股票
005616,东方量化成长灵活配置混合A,混合型-灵活
005618,融通红利机会主题精选混合A,混合型-灵活
005619,融通红利机会主题精选混合C,混合型-灵活
005620,中欧品质消费股票A,股票型
005621,中欧品质消费股票C,股票型
005626,富国中证医药主题指数增强C,指数型-股票
005627,富国中证高端制造指数增强型(LOF)C,指数型-股票
005628,汇安趋势动力股票A,股票型
005629,汇安趋势动力股票C,股票型
005630,华安研究精选混合A,混合型-偏股
005632,鹏华量化先锋混合,混合型-偏股
005633,建信中证500指数增强C,指数型-股票
005634,汇安行业龙头混合A,混合型-偏股
005635,博时量化多策略股票A,股票型
005636,博时量化多策略股票C,股票型
005637,国联聚业定期开放债券,债券型-混合一级
005638,农银汇理量化智慧动力混合,混合型-偏股
005639,平安300ETF联接A,指数型-股票
005640,平安300ETF联接C,指数型-股票
005642,鹏扬景升A,混合型-灵活
005643,鹏扬景升C,混合型-灵活
005644,广发沪港深龙头混合,混合型-偏股
005646,中海沪港深多策略灵活配置混合,混合型-灵活
005650,万家量化同顺多策略混合A,混合型-灵活
005651,万家量化同顺多策略混合C,混合型-灵活
005652,国富天颐混合A,混合型-偏债
005653,国富天颐混合C,混合型-偏债
005656,光大安泽债券A,债券型-混合二级
005657,光大安泽债券C,债券型-混合二级
005658,华夏沪深300ETF联接C,指数型-股票
005659,南方恒生指数ETF联接C,指数型-股票
005660,嘉实资源精选股票A,股票型
005661,嘉实资源精选股票C,股票型
005662,嘉实金融精选股票A,股票型
005663,嘉实金融精选股票C,股票型
005664,鹏扬景欣混合A,混合型-偏债
005665,鹏扬景欣混合C,混合型-偏债
005668,融通新能源汽车主题精选混合A,混合型-灵活
005669,前海开源公用事业股票,股票型
005674,诺德消费升级混合,混合型-灵活
005675,易方达恒生国企ETF联接C,指数型-海外股票
005676,易方达标普消费品指数C,指数型-海外股票
005678,安信尊享添益债券A,债券型-混合一级
005679,财通资管鑫盛6个月定开,混合型-偏债
005680,财通资管价值成长混合A,混合型-灵活
005681,财通资管价值成长混合C,混合型-灵活
005682,财通资管消费精选混合A,混合型-灵活
005683,国寿安保华兴灵活配置混合,混合型-灵活
005684,财通资管鸿睿12个月定开债A,债券型-混合一级
005685,财通资管鸿睿12个月定开债C,债券型-混合一级
005686,财通资管瑞享12个月定开混合A,混合型-偏债
005689,中银医疗保健混合A,混合型-灵活
005691,南方中证A100ETF联接C,指数型-股票
005693,广发中证军工ETF联接C,指数型-股票
005695,华安睿明两年定开混合A,混合型-灵活
005696,华安睿明两年定开混合C,混合型-灵活
005698,华夏全球科技先锋混合(QDII)A(人民币),QDII-混合偏股
005699,工银新经济混合(QDII)人民币A,QDII-混合灵活
005700,工银新经济混合(QDII)美元,QDII-混合灵活
005701,摩根香港精选港股通混合A,混合型-偏股
005706,兴业龙腾双益平衡混合,混合型-偏债
005707,富国港股通量化精选股票A,股票型
005708,国联安远见成长混合,混合型-偏股
005711,永赢惠添利灵活配置混合,混合型-灵活
005713,国联季季红定期开放债券A,债券型-混合一级
005714,国联季季红定期开放债券C,债券型-混合一级
005717,兴业机遇债券A,债券型-混合二级
005723,国联聚安定期开放债券,债券型-混合一级
005726,国泰价值精选灵活配置混合A,混合型-灵活
005727,嘉实中创400ETF联接C,指数型-股票
005729,南方人工智能混合,混合型-偏股
005730,国泰江源优势精选混合A,混合型-灵活
005732,富国臻选成长灵活配置混合A,混合型-灵活
005733,华夏上证50ETF联接C,指数型-股票
005734,华夏沪港通恒生ETF联接C,指数型-股票
005735,MSCI中国A股国际通联接C,指数型-股票
005737,博时上证50ETF联接C,指数型-股票
005738,长城智能产业混合A,混合型-灵活
005739,富国转型机遇混合,混合型-偏股
005741,南方君信混合A,混合型-灵活
005742,南方成安优选混合,混合型-灵活
005743,长安裕隆混合A,混合型-灵活
005744,长安裕隆混合C,混合型-灵活
005746,国泰聚利价值定开混合,混合型-灵活
005750,平安双债添益债券A,债券型-混合一级
005751,平安双债添益债券C,债券型-混合一级
005760,富国周期优势混合A,混合型-偏股
005761,招商MSCI中国A股国际ETF联接A,指数型-股票
005762,招商MSCI中国A股国际ETF联接C,指数型-股票
005763,中欧电子信息产业沪港深股票C,股票型
005764,中欧潜力价值灵活配置混合C,混合型-灵活
005765,中欧明睿新常态混合C,混合型-偏股
005771,银华可转债债券A,债券型-混合二级
005774,华夏产业升级混合A,混合型-偏股
005775,中加转型动力混合A,混合型-灵活
005776,中加转型动力混合C,混合型-灵活
005777,广发科技动力股票,股票型
005782,创金合信汇益纯债一年定开债A,债券型-混合一级
005783,创金合信汇益纯债一年定开债C,债券型-混合一级
005784,创金合信汇誉六个月定开债A,债券型-混合一级
005785,创金合信汇誉六个月定开债C,债券型-混合一级
005787,中欧新趋势混合C,混合型-偏股
005788,南方MSCI中国A股联接A,指数型-股票
005789,南方MSCI中国A股联接C,指数型-股票
005793,华富可转债债券A,债券型-混合二级
005794,银华心怡灵活配置混合A,混合型-灵活
005795,博时中证500指数增强C,指数型-股票
005801,工银印度基金美元,QDII-混合偏股
005802,汇添富智能制造股票A,股票型
005805,华泰柏瑞医疗健康A,混合型-偏股
005810,南方瑞祥一年混合A,混合型-灵活
005811,南方瑞祥一年混合C,混合型-灵活
005812,鹏华产业精选混合A,混合型-灵活
005813,华安CES港股通ETF联接A,指数型-股票
005814,华安CES港股通ETF联接C,指数型-股票
005815,农银汇理睿选灵活配置混合,混合型-灵活
005816,国泰农惠定期开放债券A,债券型-混合一级
005819,国泰优势行业混合A,混合型-偏股
005821,万家新机遇龙头企业混合A,混合型-灵活
005823,泰康颐享混合A,混合型-偏债
005824,泰康颐享混合C,混合型-偏债
005825,申万菱信智能驱动股票A,股票型
005826,华夏潜龙精选股票,股票型
005827,易方达蓝筹精选混合,混合型-偏股
005828,长江乐越定开债,债券型-混合一级
005829,建信MSCI联接A,指数型-股票
005830,建信MSCI联接C,指数型-股票
005833,工银红利优享混合A,混合型-灵活
005834,工银红利优享混合C,混合型-灵活
005840,富国产业驱动混合A,混合型-偏股
005843,金元顺安沣泉债券A,债券型-混合二级
005844,东方人工智能主题混合A,混合型-偏股
005847,富国沪港深业绩驱动混合型A,混合型-偏股
005848,银华裕利混合发起式,混合型-偏股
005850,财通沪深300指数增强,指数型-股票
005851,财通新视野灵活配置混合A,混合型-灵活
005852,中银添利债券发起C,债券型-混合二级
005855,中科沃土沃瑞混合A,混合型-灵活
005856,中科沃土沃瑞混合C,混合型-灵活
005857,汇添富鑫成定开债A,债券型-混合一级
005858,汇添富鑫成定开债C,债券型-混合一级
005862,华夏鼎禄三个月定开债券A,债券型-混合一级
005863,华夏鼎禄三个月定开债券C,债券型-混合一级
005865,浦银量化多策略混合A,混合型-灵活
005866,浦银量化多策略混合C,混合型-灵活
005867,国泰沪深300指数C,指数型-股票
005868,平安MSCI中国A股ETF联接A,指数型-股票
005869,平安MSCI中国A股ETF联接C,指数型-股票
005870,鹏华沪深300指数增强A,指数型-股票
005871,天弘荣享定开债,债券型-混合一级
005873,建信创业板ETF发起联接A,指数型-股票
005874,建信创业板ETF发起联接C,指数型-股票
005875,易方达中盘成长混合,混合型-偏股
005876,易方达鑫转增利混合A,混合型-偏债
005877,易方达鑫转增利混合C,混合型-偏债
005878,博时产业新动力混合C,混合型-灵活
005880,建信上证50ETF发起联接A,指数型-股票
005881,建信上证50ETF发起联接C,指数型-股票
005885,金鹰信息产业股票C,股票型
005886,华夏鼎沛债券A,债券型-混合二级
005887,华夏鼎沛债券C,债券型-混合二级
005888,华夏新兴消费混合A,混合型-偏股
005889,华夏新兴消费混合C,混合型-偏股
005890,先锋博盈纯债A,债券型-混合一级
005891,先锋博盈纯债C,债券型-混合一级
005892,先锋汇盈纯债A,债券型-混合一级
005893,先锋汇盈纯债C,债券型-混合一级
005894,华夏优势精选股票,股票型
005901,诺安汇利混合A,混合型-灵活
005902,诺安汇利混合C,混合型-灵活
005903,宏利绩优混合A,混合型-灵活
005904,华泰保兴成长优选A,混合型-偏股
005905,华泰保兴成长优选C,混合型-偏股
005906,招商丰茂灵活混合发起式A,混合型-灵活
005907,招商丰茂灵活混合发起式C,混合型-灵活
005908,华泰保兴尊利债券A,债券型-混合二级
005909,华泰保兴尊利债券C,债券型-混合二级
005910,广发龙头优选混合A,混合型-灵活
005911,广发双擎升级混合A,混合型-偏股
005914,景顺长城智能生活混合A,混合型-偏股
005918,天弘沪深300ETF联接C,指数型-股票
005919,天弘中证500ETF联接C,指数型-股票
005921,农银汇理金鑫3个月定开债,债券型-混合一级
005927,创金合信新能源汽车股票A,股票型
005928,创金合信新能源汽车股票C,股票型
005931,国联恒裕纯债A,债券型-混合一级
005932,国联恒裕纯债C,债券型-混合一级
005933,前海联合先进制造混合A,混合型-灵活
005934,前海联合先进制造混合C,混合型-灵活
005935,前海联合润丰混合C,混合型-灵活
005937,工银精选金融地产混合A,混合型-偏股
005938,工银精选金融地产混合C,混合型-偏股
005939,工银新能源汽车混合A,混合型-偏股
005940,工银新能源汽车混合C,混合型-偏股
005945,工银可转债优选债券A,债券型-混合二级
005946,工银可转债优选债券C,债券型-混合二级
005947,德邦民裕进取量化混合A,混合型-灵活
005948,德邦民裕进取量化混合C,混合型-灵活
005949,鑫元行业轮动混合A,混合型-灵活
005950,鑫元行业轮动混合C,混合型-灵活
005953,人保转型新动力混合A,混合型-灵活
005954,人保转型新动力混合C,混合型-灵活
005955,易方达鑫转添利混合A,混合型-偏债
005956,易方达鑫转添利混合C,混合型-偏债
005959,财通新视野灵活配置混合C,混合型-灵活
005960,博时量化价值股票A,股票型
005961,博时量化价值股票C,股票型
005962,宝盈人工智能股票A,股票型
005963,宝盈人工智能股票C,股票型
005964,中欧安财定开债发起式,债券型-混合一级
005965,安信中证500指数增强A,指数型-股票
005966,安信中证500指数增强C,指数型-股票
005967,鹏华创新驱动混合A,混合型-偏股
005968,创金合信工业周期股票A,股票型
005969,创金合信工业周期股票C,股票型
005970,国泰消费优选股票,股票型
005974,东方红配置精选混合A,混合型-偏债
005975,东方红配置精选混合C,混合型-偏债
005977,中信保诚至兴混合A,混合型-灵活
005978,中信保诚至兴混合C,混合型-灵活
005983,摩根核心精选股票A,股票型
005984,兴业聚华混合A,混合型-偏债
005985,兴业聚华混合C,混合型-偏债
005988,兴业纯债6个月定开债A,债券型-混合一级
005989,兴业纯债6个月定开债C,债券型-混合一级
005991,长信利丰债券A,债券型-混合二级
005994,国投瑞银中证500指数量化增强A,指数型-股票
005997,天弘裕利灵活配置混合C,混合型-灵活
005998,嘉实深证基本面120联接C,指数型-股票
005999,嘉实中证金融地产ETF联接C,指数型-股票
006002,工银医药健康股票A,股票型
006003,工银医药健康股票C,股票型
006004,工银添祥一年定开债券,债券型-混合二级
006005,诺安鼎利混合A,混合型-偏债
006006,诺安鼎利混合C,混合型-偏债
006007,诺安积极配置混合A,混合型-偏股
006008,诺安积极配置混合C,混合型-偏股
006009,国融融银灵活配置混合A,混合型-灵活
006010,国融融银灵活配置混合C,混合型-灵活
006013,易方达鑫转招利混合A,混合型-偏债
006014,易方达鑫转招利混合C,混合型-偏债
006015,华安信用四季红债券C,债券型-混合一级
006020,广发沪深300指数增强A,指数型-股票
006021,广发沪深300指数增强C,指数型-股票
006022,富国大盘价值量化精选混合A,混合型-偏股
006025,诺安优化配置混合A,混合型-偏股
006030,南方昌元可转债债券A,债券型-混合二级
006031,南方昌元可转债债券C,债券型-混合二级
006034,富国MSCI中国A股国际通指数增强A,指数型-股票
006038,大成景恒混合C,混合型-偏股
006039,国富估值优势混合A,混合型-灵活
006048,长城中证500指数增强A,指数型-股票
006049,恒越研究精选混合A/B,混合型-偏股
006050,恒越研究精选混合A/B(后端),混合型-偏股
006051,鹏扬核心价值灵活配置A,混合型-灵活
006052,鹏扬核心价值灵活配置C,混合型-灵活
006057,鹏华丰和债券(LOF)C,债券型-混合二级
006058,民生加银新兴成长混合,混合型-偏股
006059,鹏扬泓利债券A,债券型-混合二级
006060,鹏扬泓利债券C,债券型-混合二级
006061,红土创新增强收益债券A,债券型-混合二级
006064,红土创新增强收益债券C,债券型-混合二级
006065,景顺长城景泰稳利定开债C,债券型-混合一级
006072,民生加银创新成长混合A,混合型-偏股
006075,博时标普500ETF联接C,指数型-海外股票
006080,海富通电子传媒股票C,股票型
006081,海富通电子传媒股票A,股票型
006085,万家新机遇价值驱动C,混合型-灵活
006087,华泰柏瑞中证500ETF联接C,指数型-股票
006097,平安高等级债A,债券型-混合一级
006098,华宝券商ETF联接A,指数型-股票
006100,平安优势产业混合A,混合型-灵活
006101,平安优势产业混合C,混合型-灵活
006102,浙商丰利增强债券,债券型-混合二级
006104,华泰柏瑞量化智慧混合C,混合型-灵活
006105,宏利印度股票(QDII)A,QDII-普通股票
006106,景顺长城量化港股通股票A,股票型
006109,富荣价值精选混合A,混合型-灵活
006110,富荣价值精选混合C,混合型-灵活
006111,泰康弘实3月定开混合,混合型-偏股
006113,汇添富创新医药混合A,混合型-偏股
006114,人保鑫利债券A,债券型-混合二级
006115,人保鑫利债券C,债券型-混合二级
006120,国联聚明定期开放债券,债券型-混合一级
006121,华安双核驱动混合A,混合型-偏股
006122,华安低碳生活混合A,混合型-偏股
006123,国联高股息混合A,混合型-偏股
006124,国联高股息混合C,混合型-偏股
006127,华宝港股通标普香港上市中国中小盘指数(LOF)C,指数型-股票
006128,银河和美生活混合A,混合型-偏股
006131,华泰柏瑞沪深300ETF联接C,指数型-股票
006132,万家智造优势混合A,混合型-偏股
006133,万家智造优势混合C,混合型-偏股
006136,广发估值优势混合A,混合型-偏股
006138,国联安价值优选股票,股票型
006140,广发集嘉债券A,债券型-混合二级
006141,广发集嘉债券C,债券型-混合二级
006147,宝盈融源可转债债券A,债券型-混合二级
006148,宝盈融源可转债债券C,债券型-混合二级
006150,招商添利两年债券,债券型-混合一级
006154,华安制造先锋混合A,混合型-偏股
006158,博时荣享回报混合A,混合型-灵活
006159,博时荣享回报混合C,混合型-灵活
006160,博道启航混合A,混合型-偏股
006161,博道启航混合C,混合型-偏股
006162,财通资管积极收益债券E,债券型-混合二级
006163,融通增辉定开债券发起式,债券型-混合二级
006165,建信中证1000指数增强A,指数型-股票
006166,建信中证1000指数增强C,指数型-股票
006167,德邦乐享生活混合A,混合型-偏股
006168,德邦乐享生活混合C,混合型-偏股
006174,长信稳裕三个月定开债,债券型-混合一级
006175,万家聚利混合A,混合型-偏债
006176,万家聚利混合C,混合型-偏债
006179,富国品质生活混合A,混合型-偏股
006181,格林伯锐灵活配置A,混合型-灵活
006182,格林伯锐灵活配置C,混合型-灵活
006188,华泰保兴尊颐定开,债券型-混合一级
006190,前海开源裕瑞混合C,混合型-偏债
006195,国金量化多因子股票A,股票型
006196,华夏中证央企ETF联接A,指数型-股票
006197,华夏中证央企ETF联接C,指数型-股票
006202,交银核心资产混合A,混合型-偏股
006207,泰康裕泰债券A,债券型-混合二级
006208,泰康裕泰债券C,债券型-混合二级
006209,中信保诚新蓝筹混合,混合型-灵活
006214,平安500ETF联接A,指数型-股票
006215,平安500ETF联接C,指数型-股票
006216,前海开源价值成长混合A,混合型-灵活
006217,前海开源价值成长混合C,混合型-灵活
006218,富国生物医药科技混合A,混合型-偏股
006220,工银上证50ETF联接A,指数型-股票
006221,工银上证50ETF联接C,指数型-股票
006223,交银创新成长混合,混合型-偏股
006227,华宝科技先锋混合A,混合型-偏股
006228,中欧医疗创新股票A,股票型
006229,中欧医疗创新股票C,股票型
006230,鹏华研究驱动混合,混合型-偏股
006231,国融融君混合A,混合型-灵活
006232,国融融君混合C,混合型-灵活
006233,万家汽车新趋势混合A,混合型-偏股
006234,万家汽车新趋势混合C,混合型-偏股
006235,东方城镇消费主题混合A,混合型-偏股
006240,国联医疗健康混合A,混合型-偏股
006241,国联医疗健康混合C,混合型-偏股
006243,中银双息回报混合A,混合型-偏股
006248,华夏创业板ETF联接A,指数型-股票
006249,华夏创业板ETF联接C,指数型-股票
006250,摩根动力精选混合A,混合型-偏股
006251,银华兴盛股票A,股票型
006252,永赢消费主题A,混合型-灵活
006253,永赢消费主题C,混合型-灵活
006254,长城久悦债券A,债券型-混合二级
006257,信澳先进智造股票型A,股票型
006258,富国丰泰债券C,债券型-混合一级
006259,汇添富红利增长混合A,混合型-偏股
006260,汇添富红利增长混合C,混合型-偏股
006263,易方达香港小型股指数C,指数型-海外股票
006265,红土创新新科技股票A,股票型
006266,永赢智能领先混合A,混合型-偏股
006267,诺德量化核心A,混合型-灵活
006268,诺德量化核心C,混合型-灵活
006269,永赢智能领先混合C,混合型-偏股
006270,汇安核心成长混合A,混合型-偏股
006271,汇安核心成长混合C,混合型-偏股
006274,圆信永丰医药健康A,混合型-偏股
006281,万家人工智能混合A,混合型-偏股
006282,摩根欧洲动力策略股票(QDII)A,QDII-普通股票
006285,鹏华全球中短债(QDII)美元现汇A,QDII-混合债
006286,华泰MSCI中国A股联接A,指数型-股票
006293,华泰MSCI中国A股联接C,指数型-股票
006299,恒越核心精选混合A,混合型-偏股
006302,银华行业轮动混合,混合型-偏股
006308,汇添富全球消费混合(QDII)人民币A,QDII-混合偏股
006309,汇添富全球消费混合(QDII)人民币C,QDII-混合偏股
006310,汇添富全球消费混合(QDII)美元现汇,QDII-混合偏股
006313,恒越核心精选混合A(后端),混合型-偏股
006314,国联策略优选混合A,混合型-偏股
006315,国联策略优选混合C,混合型-偏股
006323,合煦智远嘉选混合A,混合型-偏股
006324,合煦智远嘉选混合C,混合型-偏股
006327,易方达中证海外互联网50ETF联接(QDII)A,指数型-海外股票
006328,易方达中证海外互联网50ETF联接(QDII)C,指数型-海外股票
006329,易方达中证海外互联网50ETF联接(QDII)(美元现汇)A,指数型-海外股票
006330,易方达中证海外互联网50ETF联接(QDII)(美元现汇)C,指数型-海外股票
006331,中银国有企业债C,债券型-混合一级
006332,招商金鸿债券A,债券型-混合一级
006333,招商金鸿债券C,债券型-混合一级
006336,泓德量化精选混合,混合型-偏股
006341,中金MSCI质量A,指数型-股票
006342,中金MSCI质量C,指数型-股票
006345,景顺长城集英两年定开混合,混合型-偏股
006348,银华盛利混合发起式A,混合型-偏股
006353,东方红核心优选定开混合A,混合型-偏债
006355,华宝港股通恒生中国(香港上市)30ETF联接(LOF)C,指数型-股票
006363,建信深证基本面60ETF联接C,指数型-股票
006364,招商丰韵混合A,混合型-偏股
006365,招商丰韵混合C,混合型-偏股
006366,兴业安保优选混合A,混合型-偏股
006369,弘毅远方国企转型升级混合A,混合型-偏股
006370,国富大中华精选混合美元,QDII-混合偏股
006371,长安鑫盈混合A,混合型-灵活
006372,长安鑫盈混合C,混合型-灵活
006373,国富全球科技互联混合(QDII)人民币A,QDII-混合偏股
006374,国富全球科技互联混合(QDII)美元现汇A,QDII-混合偏股
006377,广发趋势动力混合A,混合型-灵活
006381,华夏恒生ETF联接C,指数型-海外股票
006382,华夏中证500ETF联接C,指数型-股票
006385,华泰保兴研究智选A,混合型-灵活
006386,华泰保兴研究智选C,混合型-灵活
006392,中信保诚创新成长混合A,混合型-灵活
006395,华夏上证50AH优选指数C,指数型-股票
006396,长信双利优选混合E,混合型-偏股
006397,长信内需成长混合E,混合型-偏股
006398,宝盈祥颐定期开放混合A,混合型-偏债
006399,宝盈祥颐定期开放混合C,混合型-偏债
006401,先锋量化优选混合A,混合型-灵活
006402,先锋量化优选混合C,混合型-灵活
006408,汇添富消费升级混合A,混合型-偏股
006416,方正富邦丰利债券A,债券型-混合二级
006417,方正富邦丰利债券C,债券型-混合二级
006424,嘉合锦程混合A,混合型-偏股
006425,嘉合锦程混合C,混合型-偏股
006426,汇添富全球移动互联混合(QDII)美元现汇,QDII-混合灵活
006429,诺安恒鑫混合A,混合型-偏股
006430,凯石澜龙头经济一年持有混合,混合型-偏股
006433,平安鑫利混合C,混合型-灵活
006435,景顺长城创新成长混合,混合型-偏股
006438,博时央调ETF联接A,指数型-股票
006439,博时央调ETF联接C,指数型-股票
006440,中信建投中证500增强A,指数型-股票
006441,中信建投中证500增强C,指数型-股票
006445,华夏海外聚享混合发起式(QDII-FOF)A人民币,QDII-混合平衡
006446,华夏海外聚享混合发起式(QDII-FOF)A美元现汇,QDII-混合平衡
006447,华夏海外聚享混合发起式(QDII-FOF)A美元现钞,QDII-混合平衡
006448,华夏海外聚享混合发起式(QDII-FOF)C人民币,QDII-混合平衡
006449,浙商汇金量化精选混合A,混合型-灵活
006450,嘉实致盈债券A,债券型-混合一级
006457,平安估值优势混合A,混合型-灵活
006458,平安估值优势混合C,混合型-灵活
006459,人保鑫裕增强A,债券型-混合二级
006460,人保鑫裕增强C,债券型-混合二级
006466,浦银双债增强债券A,债券型-混合二级
006467,浦银双债增强债券C,债券型-混合二级
006470,工银目标收益一年定开A,债券型-混合一级
006477,中邮沪港深精选混合A,混合型-偏股
006479,广发纳斯达克100ETF联接人民币(QDII)C,指数型-海外股票
006480,广发纳斯达克100ETF联接美元(QDII)C,指数型-海外股票
006482,广发可转债债券A,债券型-混合二级
006483,广发可转债债券C,债券型-混合二级
006486,广发中证1000ETF联接A,指数型-股票
006487,广发中证1000ETF联接C,指数型-股票
006500,建信润利增强债券A,债券型-混合二级
006501,建信润利增强债券C,债券型-混合二级
006502,财通集成电路产业股票A,股票型
006503,财通集成电路产业股票C,股票型
006511,博道卓远混合A,混合型-偏股
006512,博道卓远混合C,混合型-偏股
006522,财通新兴蓝筹混合A,混合型-偏股
006523,财通新兴蓝筹混合C,混合型-偏股
006524,前海开源MSCI中国A股指数A,指数型-股票
006525,前海开源MSCI中国A股指数C,指数型-股票
006526,鹏华优选回报混合A,混合型-灵活
006527,富国优质发展混合A,混合型-偏股
006528,富国优质发展混合C,混合型-偏股
006529,中欧匠心两年持有期混合A,混合型-偏股
006530,中欧匠心两年持有期混合C,混合型-偏股
006531,华泰柏瑞沪深300指数增强C,指数型-股票
006532,华泰柏瑞量化阿尔法C,混合型-灵活
006533,易方达科融混合,混合型-偏股
006535,恒生前海恒锦裕利A,混合型-偏债
006536,恒生前海恒锦裕利C,混合型-偏债
006537,恒生前海港股通精选混合,混合型-偏股
006538,东海核心价值,混合型-偏股
006539,南方优选价值混合C,混合型-偏股
006540,南方绩优成长混合C,混合型-偏股
006541,南方成份精选混合C,混合型-偏股
006547,红塔红土盛弘混合A,混合型-灵活
006548,红塔红土盛弘混合C,混合型-灵活
006551,中庚价值领航混合,混合型-偏股
006555,浦银全球智能科技(QDII)A,QDII-普通股票
006556,海富通研究精选混合C,混合型-偏股
006557,海富通研究精选混合A,混合型-偏股
006564,圆信永丰精选回报混合,混合型-偏股
006567,中泰星元灵活配置混合A,混合型-灵活
006568,国联安行业领先混合,混合型-偏股
006569,国联安中证医药100C,指数型-股票
006570,中金金元A,债券型-混合一级
006571,中金金元C,债券型-混合一级
006573,人保行业轮动混合A,混合型-偏股
006574,人保行业轮动混合C,混合型-偏股
006585,南方宝元债券C,债券型-混合二级
006586,南方安裕混合C,混合型-偏债
006587,南方优享分红混合C,混合型-灵活
006590,南方新优享灵活配置混合C,混合型-灵活
006593,博道中证500增强A,指数型-股票
006594,博道中证500增强C,指数型-股票
006595,广发港股通优质增长混合A,混合型-偏股
006599,国寿安保安丰纯债债券,债券型-混合一级
006600,人保沪深300A,指数型-股票
006601,国融融泰灵活配置混合A,混合型-灵活
006602,国融融泰灵活配置混合C,混合型-灵活
006603,嘉实互融精选股票A,股票型
006604,嘉实消费精选股票A,股票型
006605,嘉实消费精选股票C,股票型
006608,泓德研究优选混合,混合型-偏股
006611,人保中证500A,指数型-股票
006612,银华信用精选一年定开债,债券型-混合一级
006614,嘉实港股通新经济指数C,指数型-股票
006615,工银战略新兴产业混合A,混合型-偏股
006616,工银战略新兴产业混合C,混合型-偏股
006618,长江可转债债券A,债券型-混合二级
006619,长江可转债债券C,债券型-混合二级
006624,中泰玉衡价值优选混合A,混合型-灵活
006638,人保鑫盛纯债A,债券型-混合一级
006639,人保鑫盛纯债C,债券型-混合一级
006644,弘毅远方消费升级混合A,混合型-偏股
006648,汇安多因子混合A,混合型-偏股
006649,汇安多因子混合C,混合型-偏股
006650,招商安庆债券A,债券型-混合二级
006651,招商安庆债券C,债券型-混合二级
006652,富国金融地产行业混合A,混合型-偏股
006654,华泰紫金季季享定开债券发起A,债券型-混合二级
006655,华泰紫金季季享定开债券发起C,债券型-混合二级
006656,方正富邦中证500ETF联接A,指数型-股票
006657,方正富邦中证500ETF联接C,指数型-股票
006671,广发消费升级股票,股票型
006675,宝盈品牌消费股票A,股票型
006676,宝盈品牌消费股票C,股票型
006679,广发道琼斯石油指数美元现汇A,指数型-海外股票
006680,广发道琼斯石油指数美元现汇C,指数型-海外股票
006682,景顺长城中证500指数增强A,指数型-股票
006687,方正富邦深证100ETF联接A,指数型-股票
006688,方正富邦深证100ETF联接C,指数型-股票
006689,方正富邦信泓混合A,混合型-灵活
006692,金信消费升级股票A,股票型
006693,金信消费升级股票C,股票型
006696,汇添富研究优选灵活配置混合,混合型-灵活
006697,华宝中证银行ETF联接C,指数型-股票
006700,红土创新稳健混合A,混合型-偏债
006701,红土创新稳健混合C,混合型-偏债
006704,易方达MSCI中国A股联接A,指数型-股票
006705,易方达MSCI中国A股联接C,指数型-股票
006706,国联聚汇定期开放债券,债券型-混合一级
006712,前海开源MSCI中国A股消费A,指数型-股票
006713,前海开源MSCI中国A股消费C,指数型-股票
006717,平安惠金定开债C,债券型-混合一级
006718,国融融盛龙头严选混合A,混合型-偏股
006719,国融融盛龙头严选混合C,混合型-偏股
006720,平安核心优势混合A,混合型-偏股
006721,平安核心优势混合C,混合型-偏股
006724,工银深证红利ETF联接C,指数型-股票
006729,万家中证500指数增强A,指数型-股票
006730,万家中证500指数增强C,指数型-股票
006733,博时创业板ETF联接C,指数型-股票
006736,国投瑞银先进制造混合,混合型-偏股
006738,工银瑞信添慧债券A,债券型-混合二级
006739,工银瑞信添慧债券C,债券型-混合二级
006743,国联央视财经50ETF联接A,指数型-股票
006744,国联央视财经50ETF联接C,指数型-股票
006748,富国中证价值ETF联接A,指数型-股票
006751,富国互联科技股票A,股票型
006752,天弘港股通精选A,混合型-灵活
006753,天弘港股通精选C,混合型-灵活
006756,国泰中证生物医药ETF联接A,指数型-股票
006757,国泰中证生物医药ETF联接C,指数型-股票
006759,银河乐活优萃混合A,混合型-偏股
006768,华安沪港深优选混合,混合型-偏股
006769,长城研究精选混合A,混合型-偏股
006775,前海开源优质成长混合,混合型-偏股
006780,广发稳健策略混合A,混合型-偏股
006781,汇丰晋信港股通精选股票,股票型
006782,国泰信利三个月定开债,债券型-混合一级
006785,东方量化多策略混合A,混合型-偏股
006786,泰康港股通大消费指数A,指数型-股票
006787,泰康港股通大消费指数C,指数型-股票
006792,鹏华港美互联股票美元现汇,QDII-普通股票
006796,富国消费升级混合A,混合型-偏股
006801,前海联合科技先锋混合A,混合型-偏股
006802,前海联合科技先锋混合C,混合型-偏股
006803,嘉实互通精选股票,股票型
006809,泰康香港银行指数A,指数型-股票
006810,泰康香港银行指数C,指数型-股票
006813,博时汇悦回报混合,混合型-偏股
006832,鹏扬添利增强债券A,债券型-混合二级
006833,鹏扬添利增强债券C,债券型-混合二级
006836,永赢惠泽一年,混合型-灵活
006839,安信聚利增强债券A,债券型-混合二级
006840,安信聚利增强债券C,债券型-混合二级
006843,中信建投睿溢混合C,混合型-偏债
006844,中信建投稳利混合C,混合型-偏债
006845,中信建投聚利混合C,混合型-偏债
006854,人保鑫泽纯债A,债券型-混合一级
006855,人保鑫泽纯债C,债券型-混合一级
006863,国联安智能制造混合A,混合型-偏股
006864,国联安核心资产策略混合,混合型-偏股
006867,易方达丰华债券C,债券型-混合二级
006868,华夏科技成长股票,股票型
006877,天治量化核心精选混合A,混合型-偏股
006878,天治量化核心精选混合C,混合型-偏股
006879,华安智能生活混合A,混合型-偏股
006881,华宝大健康混合A,混合型-偏股
006882,华泰保兴健康消费A,混合型-偏股
006883,华泰保兴健康消费C,混合型-偏股
006887,诺德新生活混合A,混合型-偏股
006888,诺德新生活混合C,混合型-偏股
006890,摩根领先优选混合A,混合型-偏股
006892,新华鼎利债券C,债券型-混合二级
006896,新华聚利债券A,债券型-混合二级
006897,新华聚利债券C,债券型-混合二级
006898,天弘弘丰增强回报债券A,债券型-混合二级
006899,天弘弘丰增强回报债券C,债券型-混合二级
006904,泰康产业升级混合A,混合型-偏股
006905,泰康产业升级混合C,混合型-偏股
006909,华夏战略新兴成指ETF联接A,指数型-股票
006910,华夏战略新兴成指ETF联接C,指数型-股票
006912,长城久泰沪深300指数C,指数型-股票
006921,南方智诚混合,混合型-偏股
006923,前海开源沪港深非周期股票A,股票型
006924,前海开源沪港深非周期股票C,股票型
006926,长城量化精选股票A,股票型
006927,浙商汇金聚鑫定开债发起式,债券型-混合一级
006928,长城创业板指数增强C,指数型-股票
006937,工银沪深300指数C,指数型-股票
006938,鹏华中证500指数(LOF)C,指数型-股票
006939,鹏华沪深300ETF联接(LOF)C,指数型-股票
006952,中银景元回报混合,混合型-偏债
006969,圆信永丰高端制造A,混合型-偏股
006972,金鹰民安回报定开A,混合型-偏债
006973,太平睿盈混合A,混合型-偏债
006974,金鹰鑫日享债券A,债券型-混合一级
006975,金鹰鑫日享债券C,债券型-混合一级
006976,鹏华核心优势混合A,混合型-偏股
006977,农银汇理海棠三年定开混合,混合型-偏股
006981,中金新医药股票A,股票型
006992,嘉合锦创优势精选混合,混合型-偏股
007005,中金新医药股票C,股票型
007008,中邮纯债优选一年定开债A,债券型-混合一级
007009,中邮纯债优选一年定开债C,债券型-混合一级
007012,湘财长顺混合发起式A,混合型-偏股
007013,湘财长顺混合发起式C,混合型-偏股
007016,富国睿泽回报混合,混合型-偏股
007028,易方达中证500ETF联接发起式A,指数型-股票
007029,易方达中证500ETF联接发起式C,指数型-股票
007032,平安可转债债券A,债券型-混合二级
007033,平安可转债债券C,债券型-混合二级
007040,前海联合泳隆混合C,混合型-灵活
007041,前海联合泳涛混合C,混合型-灵活
007042,前海联合泳隽混合C,混合型-灵活
007043,前海联合泓鑫混合C,混合型-灵活
007044,博道沪深300增强A,指数型-股票
007045,博道沪深300增强C,指数型-股票
007046,方正富邦创新动力混合C,混合型-偏股
007047,长城核心优势混合A,混合型-偏股
007048,平安安心灵活配置混合C,混合型-灵活
007049,平安鑫安混合E,混合型-灵活
007061,中加聚盈四个月定开债A,债券型-混合一级
007062,中加聚盈四个月定开债C,债券型-混合一级
007063,长盛研发回报混合A,混合型-偏股
007066,浦银先进制造混合A,混合型-偏股
007067,浦银先进制造混合C,混合型-偏股
007072,民生加银鑫福混合C,混合型-灵活
007074,国寿安保新蓝筹混合,混合型-灵活
007075,富国产业债券C,债券型-混合一级
007076,汇添富中证医药ETF联接A,指数型-股票
007077,汇添富中证医药ETF联接C,指数型-股票
007082,平安高端制造混合A,混合型-偏股
007083,平安高端制造混合C,混合型-偏股
007084,天治转型升级混合,混合型-偏股
007085,招商瑞庆混合C,混合型-灵活
007089,国投瑞银中证500指数量化增强C,指数型-股票
007096,大成沪深300指数C,指数型-股票
007099,安信尊享添益债券C,债券型-混合一级
007100,中银添利债券发起E,债券型-混合二级
007101,中欧远见两年定开混合C,混合型-偏股
007107,太平MSCI香港价值增强A,指数型-股票
007108,太平MSCI香港价值增强C,指数型-股票
007109,南方沪港深核心优势混合A,混合型-偏股
007110,国投瑞银港股通混合A,混合型-偏股
007111,前海联合国民健康混合C,混合型-灵活
007113,永赢高端制造混合A,混合型-偏股
007114,永赢高端制造混合C,混合型-偏股
007115,金元顺安桉盛债券C,债券型-混合二级
007119,睿远成长价值混合A,混合型-偏股
007120,睿远成长价值混合C,混合型-偏股
007126,博道远航混合A,混合型-偏股
007127,博道远航混合C,混合型-偏股
007128,天弘增强回报债券A,债券型-混合二级
007129,天弘增强回报债券C,债券型-混合二级
007130,中庚小盘价值股票,股票型
007132,长城港股通价值精选混合A,混合型-偏股
007133,嘉实长青竞争优势股票A,股票型
007134,嘉实长青竞争优势股票C,股票型
007135,广发中证A100ETF联接A,指数型-股票
007136,广发中证A100ETF联接C,指数型-股票
007137,鹏扬元合量化大盘A,股票型
007138,鹏扬元合量化大盘C,股票型
007139,富国民裕进取沪港深成长A,混合型-偏股
007140,富国全球债券(QDII)美元现汇,QDII-混合债
007141,嘉合稳健增长混合A,混合型-灵活
007142,嘉合稳健增长混合C,混合型-灵活
007143,国投瑞银沪深300指数量化增强A,指数型-股票
007144,国投瑞银沪深300指数量化增强C,指数型-股票
007146,鹏华研究智选混合,混合型-偏股
007151,前海开源沪港深聚瑞混合,混合型-偏股
007152,诺德策略精选,混合型-偏股
007153,汇添富中证银行ETF联接A,指数型-股票
007154,汇添富中证银行ETF联接C,指数型-股票
007163,浦银环保新能源A,混合型-偏股
007164,浦银环保新能源C,混合型-偏股
007177,浙商智能行业优选混合A,混合型-偏股
007178,浙商中华预期高股息A,指数型-股票
007182,万家沪港深蓝筹混合A,混合型-偏股
007183,万家沪港深蓝筹混合C,混合型-偏股
007191,富国中证价值ETF联接C,指数型-股票
007192,恒越研究精选混合C,混合型-偏股
007193,恒越核心精选混合C,混合型-偏股
007202,天弘优质成长企业A,混合型-灵活
007203,银河新动能混合A,混合型-偏股
007207,华夏常阳三年定开混合,混合型-偏股
007216,浙商中华预期高股息C,指数型-股票
007217,浙商智能行业优选混合C,混合型-偏股
007223,工银中证500ETF联接C,指数型-股票
007230,兴全沪深300指数(LOF)C,指数型-股票
007233,金鹰鑫益混合E,混合型-灵活
007234,博时优势企业灵活配置混合C,混合型-灵活
007235,广发聚利债券C,债券型-混合一级
007243,安信核心竞争力混合A,混合型-灵活
007244,安信核心竞争力混合C,混合型-灵活
007251,广发睿享稳健增利混合A,混合型-偏债
007254,广发均衡价值混合A,混合型-偏股
007261,融通消费升级混合A,混合型-偏股
007262,东方红聚利债券A,债券型-混合一级
007263,东方红聚利债券C,债券型-混合一级
007275,银河沪深300指数增强A,指数型-股票
007276,银河沪深300指数增强C,指数型-股票
007277,恒生前海消费升级混合,混合型-偏股
007280,摩根日本精选股票(QDII)A,QDII-普通股票
007282,华夏鼎淳债券A,债券型-混合二级
007283,华夏鼎淳债券C,债券型-混合二级
007287,合煦智远消费主题股票发起式A,股票型
007288,合煦智远消费主题股票发起式C,股票型
007291,汇丰晋信港股通双核策略混合,混合型-偏股
007293,长信利信混合C,混合型-灵活
007294,长信利信混合E,混合型-灵活
007300,国联安中证半导体ETF联接A,指数型-股票
007301,国联安中证半导体ETF联接C,指数型-股票
007303,京管泰富优势混合A,混合型-偏股
007304,京管泰富优势混合C,混合型-偏股
007305,国联安新科技混合,混合型-偏股
007306,华泰柏瑞基本面智选A,混合型-偏股
007307,华泰柏瑞基本面智选C,混合型-偏股
007315,汇安嘉盈一年持有期债券A,债券型-混合二级
007316,交银可转债债券A,债券型-混合二级
007317,交银可转债债券C,债券型-混合二级
007318,中银民丰回报混合,混合型-偏债
007339,易方达沪深300ETF联接C,指数型-股票
007340,南方科技创新混合A,混合型-偏股
007341,南方科技创新混合C,混合型-偏股
007343,嘉实科技创新混合,混合型-偏股
007345,富国科技创新灵活配置混合,混合型-灵活
007346,易方达科技创新混合A,混合型-偏股
007349,华夏科技创新混合A,混合型-偏股
007350,华夏科技创新混合C,混合型-偏股
007353,工银科技创新混合,混合型-偏股
007354,创金合信港股通量化股票A,股票型
007355,汇添富科技创新混合A,混合型-灵活
007356,汇添富科技创新混合C,混合型-灵活
007357,创金合信港股通量化股票C,股票型
007368,浙商沪港深精选混合A,混合型-偏股
007369,浙商沪港深精选混合C,混合型-偏股
007379,易方达上证50ETF联接基金A,指数型-股票
007380,易方达上证50ETF联接基金C,指数型-股票
007381,国融融信消费严选混合A,混合型-偏股
007382,国融融信消费严选混合C,混合型-偏股
007386,浙商中证500增强C,指数型-股票
007387,融通通慧混合C,混合型-偏债
007388,摩根研究驱动股票A,股票型
007389,摩根研究驱动股票C,股票型
007391,申万菱信安泰丰利债券A,债券型-混合一级
007392,申万菱信安泰丰利债券C,债券型-混合一级
007393,上银未来生活灵活配置混合A,混合型-灵活
007397,华宝沪港深价值指数C,指数型-股票
007398,兴全磐稳增利债券C,债券型-混合一级
007404,华宝沪深300增强策略ETF发起式联接C,指数型-股票
007405,华宝中证A100ETF联接C,指数型-股票
007412,景顺长城绩优成长混合A,混合型-偏股
007413,长城中证500指数增强C,指数型-股票
007415,南方致远混合A,混合型-偏债
007416,南方致远混合C,混合型-偏债
007425,浙商汇金中高等级三个月A,债券型-混合一级
007429,鹏扬淳盈6个月定开债A,债券型-混合一级
007430,鹏扬淳盈6个月定开债C,债券型-混合一级
007431,浙商之江凤凰联接A,指数型-股票
007439,东海科技动力A,混合型-偏股
007442,浙商汇金中高等级三个月C,债券型-混合一级
007446,中欧增强回报债券(LOF)C,债券型-混合一级
007448,长信沪深300指数增强C,指数型-股票
007449,兴全多维价值混合A,混合型-偏股
007450,兴全多维价值混合C,混合型-偏股
007455,富国蓝筹精选股票(QDII)人民币,QDII-普通股票
007460,华安成长创新混合A,混合型-偏股
007463,东海科技动力C,混合型-偏股
007464,交银创业板50指数A,指数型-股票
007465,交银创业板50指数C,指数型-股票
007466,华泰柏瑞中证红利低波ETF联接A,指数型-股票
007467,华泰柏瑞中证红利低波ETF联接C,指数型-股票
007468,中信建投精选混合A,混合型-偏股
007469,中信建投精选混合C,混合型-偏股
007470,博道叁佰智航股票A,股票型
007471,博道叁佰智航股票C,股票型
007472,华夏创业板价值ETF联接A,指数型-股票
007473,华夏创业板价值ETF联接C,指数型-股票
007474,华夏创业板成长ETF联接A,指数型-股票
007475,华夏创业板成长ETF联接C,指数型-股票
007479,光大量化股票C,股票型
007481,华夏逸享健康混合A,混合型-偏股
007484,信澳核心科技混合A,混合型-偏股
007490,南方信息创新混合A,混合型-偏股
007491,南方信息创新混合C,混合型-偏股
007493,朱雀产业臻选混合A,混合型-偏股
007494,朱雀产业臻选混合C,混合型-偏股
007497,中庚价值灵动灵活配置混合,混合型-灵活
007498,中庚价值灵动灵活配置混合(后端),混合型-灵活
007499,光大风格轮动混合C,混合型-偏股
007501,万家科创主题灵活配置混合(LOF)C,混合型-灵活
007502,前海开源裕和混合C,混合型-偏债
007505,华夏AH经济蓝筹股票A,指数型-股票
007506,华夏AH经济蓝筹股票C,指数型-股票
007509,华商润丰灵活配置混合C,混合型-灵活
007512,工银沪港深股票C,股票型
007518,东方阿尔法优选混合A,混合型-偏股
007519,东方阿尔法优选混合C,混合型-偏股
007523,汇添富内需增长股票A,股票型
007524,汇添富内需增长股票C,股票型
007527,融通量化多策略混合A,混合型-灵活
007528,融通量化多策略混合C,混合型-灵活
007531,华宝券商ETF联接C,指数型-股票
007533,格林创新成长混合A,混合型-偏股
007534,格林创新成长混合C,混合型-偏股
007538,永赢沪深300ETF发起联接A,指数型-股票
007539,永赢沪深300ETF发起联接C,指数型-股票
007548,易方达ESG责任投资股票,股票型
007549,中泰开阳价值优选混合A,混合型-灵活
007550,东兴未来价值混合C,混合型-灵活
007551,鑫元泽利A,债券型-混合一级
007553,中信建投医改混合C,混合型-灵活
007562,景顺长城景泰纯利债券A,债券型-混合一级
007569,南方安福混合C,混合型-偏债
007570,方正富邦红利精选混合C,混合型-偏股
007571,南方上证380ETF联接C,指数型-股票
007574,宝盈新价值混合C,混合型-灵活
007575,宝盈祥泰混合C,混合型-偏债
007577,宝盈祥瑞混合C,混合型-偏债
007578,宝盈新锐混合C,混合型-灵活
007579,宝盈先进制造混合C,混合型-灵活
007580,宝盈中证A100指数增强C,指数型-股票
007581,宝盈鸿利收益灵活配置混合C,混合型-灵活
007586,华泰保兴多策略,股票型
007590,华宝绿色领先股票A,股票型
007592,华夏价值精选混合A,混合型-偏股
007593,鹏扬中证500质量成长ETF联接A,指数型-股票
007594,鹏扬中证500质量成长ETF联接C,指数型-股票
007605,嘉实沪深300红利低波动ETF联接A,指数型-股票
007606,嘉实沪深300红利低波动ETF联接C,指数型-股票
007609,汇安嘉诚债券A,债券型-混合一级
007610,汇安嘉诚债券C,债券型-混合一级
007632,华润元大安鑫灵活配置混合C,混合型-灵活
007639,汇添富竞争优势灵活配置混合,混合型-灵活
007645,平安季享裕定开债A,债券型-混合一级
007646,平安季享裕定开债C,债券型-混合一级
007647,平安季享裕定开债E,债券型-混合一级
007657,东方红中证竞争力指数A,指数型-股票
007658,东方红中证竞争力指数C,指数型-股票
007663,平安安享灵活配置混合C,混合型-灵活
007664,永赢创业板指数发起式A,指数型-股票
007665,永赢创业板指数发起式C,指数型-股票
007666,华夏鼎泓债券A,债券型-混合二级
007667,华夏鼎泓债券C,债券型-混合二级
007669,太平睿盈混合C,混合型-偏债
007671,建信中证红利潜力指数A,指数型-股票
007672,建信中证红利潜力指数C,指数型-股票
007674,工银产业升级股票A,股票型
007675,工银产业升级股票C,股票型
007676,蜂巢添汇纯债A,债券型-混合一级
007677,蜂巢添汇纯债C,债券型-混合一级
007685,华商电子行业量化股票发起式A,股票型
007687,东方成长收益灵活配置混合C,混合型-灵活
007689,国投瑞银新能源混合A,混合型-偏股
007690,国投瑞银新能源混合C,混合型-偏股
007712,中银康享3个月定期开放债券,债券型-混合一级
007713,华富科技动能混合A,混合型-偏股
007718,中银创新医疗混合A,混合型-偏股
007725,招商瑞文混合A,混合型-偏债
007726,招商瑞文混合C,混合型-偏债
007729,招商普盛全球配置(QDII)人民币A,QDII-混合灵活
007731,民生加银持续成长混合A,混合型-偏股
007732,民生加银持续成长混合C,混合型-偏股
007733,南方智锐混合A,混合型-偏股
007734,南方智锐混合C,混合型-偏股
007735,金鹰民安回报定开C,混合型-偏债
007737,诺德研发创新100,指数型-股票
007738,淳厚稳惠债券A,债券型-混合一级
007739,淳厚稳惠债券C,债券型-混合一级
007749,民生加银鹏程混合C,混合型-偏债
007750,广发优势增长股票A,股票型
007751,景顺长城沪港深红利成长低波指数A,指数型-股票
007752,中银招利债券A,债券型-混合二级
007753,中银招利债券C,债券型-混合二级
007760,景顺长城沪港深红利成长低波指数C,指数型-股票
007762,富国天盈债券(LOF)A,债券型-混合一级
007767,华泰保兴尊享定开,债券型-混合一级
007770,同泰开泰混合A,混合型-偏股
007771,同泰开泰混合C,混合型-偏股
007775,汇安量化先锋混合A,混合型-偏股
007776,汇安量化先锋混合C,混合型-偏股
007777,中邮研究精选混合,混合型-偏股
007784,广发央企创新驱动ETF联接A,指数型-股票
007785,广发央企创新驱动ETF联接C,指数型-股票
007786,富国中证国企一带一路ETF联接A,指数型-股票
007787,富国中证国企一带一路ETF联接C,指数型-股票
007788,易方达中证国企带路发起式联接A,指数型-股票
007789,易方达中证国企带路发起式联接C,指数型-股票
007792,嘉实央企创新驱动ETF联接A,指数型-股票
007793,嘉实央企创新驱动ETF联接C,指数型-股票
007794,申万菱信中证500指数优选增强C,指数型-股票
007795,申万菱信中证500指数增强C,指数型-股票
007796,博时央创ETF联接A,指数型-股票
007797,博时央创ETF联接C,指数型-股票
007799,申万菱信中小企业100指数(LOF)C,指数型-股票
007800,申万菱信沪深300价值指数C,指数型-股票
007801,大成中证红利指数C,指数型-股票
007802,兴全合泰混合A,混合型-偏股
007803,兴全合泰混合C,混合型-偏股
007804,申万菱信沪深300指数增强C,指数型-股票
007806,建信MSCI中国A股指数增强A,指数型-股票
007807,建信MSCI中国A股指数增强C,指数型-股票
007808,华银量化优选灵活配置,混合型-灵活
007809,富国中证央企创新驱动ETF联接A,指数型-股票
007810,富国中证央企创新驱动ETF联接C,指数型-股票
007811,淳厚信泽混合A,混合型-灵活
007812,淳厚信泽混合C,混合型-灵活
007815,嘉实新兴科技100ETF联接A,指数型-股票
007816,嘉实新兴科技100ETF联接C,指数型-股票
007817,国泰中证全指通信设备ETF联接A,指数型-股票
007818,国泰中证全指通信设备ETF联接C,指数型-股票
007825,博道志远混合A,混合型-偏股
007826,博道志远混合C,混合型-偏股
007827,华润元大量化优选混合C,混合型-偏股
007828,创金合信信用红利债券A,债券型-混合一级
007829,创金合信信用红利债券C,债券型-混合一级
007831,博道伍佰智航股票A,股票型
007832,博道伍佰智航股票C,股票型
007833,长盛稳怡添利债券A,债券型-混合二级
007834,长盛稳怡添利债券C,债券型-混合二级
007835,国泰鑫睿混合,混合型-偏股
007837,国寿安保尊耀纯债A,债券型-混合一级
007838,国寿安保尊耀纯债C,债券型-混合一级
007839,汇添富中证长三角ETF联接A,指数型-股票
007840,汇添富中证长三角ETF联接C,指数型-股票
007842,南华中证杭州湾区ETF联接A,指数型-股票
007843,南华中证杭州湾区ETF联接C,指数型-股票
007844,华宝标普油气上游股票人民币C,指数型-海外股票
007848,广发聚宝混合C,混合型-偏债
007850,方正富邦天睿混合A,混合型-灵活
007851,方正富邦天睿混合C,混合型-灵活
007853,华商计算机行业量化股票发起式A,股票型
007854,光大景气先锋混合A,混合型-偏股
007856,易方达中证800ETF联接A,指数型-股票
007857,易方达中证800ETF联接C,指数型-股票
007861,金元顺安医疗健康混合A,混合型-偏股
007862,金元顺安医疗健康混合C,混合型-偏股
007863,长信利泰灵活配置混合C,混合型-灵活
007872,金信稳健策略混合A,混合型-灵活
007873,华宝科技ETF联接A,指数型-股票
007874,华宝科技ETF联接C,指数型-股票
007875,国融融兴混合A,混合型-灵活
007876,国融融兴混合C,混合型-灵活
007879,嘉实致安3个月定期债券,债券型-混合二级
007880,朱雀产业智选混合A,混合型-偏股
007881,朱雀产业智选混合C,混合型-偏股
007882,易方达证券保险ETF联接C,指数型-股票
007883,易方达医药ETF联接C,指数型-股票
007884,易方达恒盛3个月定开混合,混合型-偏债
007885,国联中证500ETF联接A,指数型-股票
007886,国联中证500ETF联接C,指数型-股票
007887,东方红启元三年持有混合B,混合型-灵活
007893,平安估值精选混合A,混合型-偏股
007894,平安估值精选混合C,混合型-偏股
007895,嘉实价值成长混合,混合型-偏股
007903,长城量化小盘股票A,股票型
007925,平安鑫享混合E,混合型-灵活
007930,淳厚稳鑫债券A,债券型-混合一级
007931,淳厚稳鑫债券C,债券型-混合一级
007932,鹏华中证500ETF联接A,指数型-股票
007939,华夏网购精选混合C,混合型-灵活
007943,富安达中证500指数增强A,指数型-股票
007944,永赢乾元三年定开,混合型-偏股
007945,景顺长城改革机遇灵活配置C,混合型-灵活
007950,招商量化精选股票C,股票型
007951,招商信用增强债券C,债券型-混合二级
007955,民生加银鑫享债券D,债券型-混合一级
007959,方正富邦天恒混合A,混合型-灵活
007960,方正富邦天恒混合C,混合型-灵活
007964,华宝宝康债券C,债券型-混合一级
007965,民生加银品质消费股票A,股票型
007966,民生加银品质消费股票C,股票型
007968,华泰柏瑞研究精选A,混合型-偏股
007969,西部利得得尊纯债C,债券型-混合一级
007975,招商普盛全球配置(QDII-FOF)美元现汇,QDII-混合灵活
007983,申万菱信中证研发创新100ETF联接A,指数型-股票
007984,申万菱信中证研发创新100ETF联接C,指数型-股票
007992,华夏中证全指证券公司ETF联接A,指数型-股票
007993,华夏中证全指证券公司ETF联接C,指数型-股票
007994,华夏中证500指数增强A,指数型-股票
007995,华夏中证500指数增强C,指数型-股票
008001,鹏华中证500ETF联接C,指数型-股票
008008,易方达稳健收益债券C,债券型-混合二级
008009,华商高端装备制造股票A,股票型
008020,华富中证人工智能产业ETF联接A,指数型-股票
008021,华富中证人工智能产业ETF联接C,指数型-股票
008025,汇添富稳健增长混合A,混合型-偏债
008026,汇添富稳健增长混合C,混合型-偏债
008035,蜂巢恒利债券A,债券型-混合二级
008036,蜂巢恒利债券C,债券型-混合二级
008037,兴银先锋成长混合A,混合型-偏股
008038,兴银先锋成长混合C,混合型-偏股
008044,博远增强回报债券A,债券型-混合二级
008045,博远增强回报债券C,债券型-混合二级
008050,同泰慧择混合A,混合型-偏股
008051,同泰慧择混合C,混合型-偏股
008052,工银湾创100ETF联接A,指数型-股票
008053,工银湾创100ETF联接C,指数型-股票
008056,南方上证50增强A,指数型-股票
008057,南方上证50增强C,指数型-股票
008060,景顺长城价值边际灵活配置混合A,混合型-灵活
008063,汇添富大盘核心资产混合A,混合型-偏股
008065,汇添富中盘积极成长混合A,混合型-偏股
008066,汇添富中盘积极成长混合C,混合型-偏股
008069,鹏扬富利增强债A,债券型-混合二级
008070,鹏扬富利增强债C,债券型-混合二级
008071,长信利泰灵活配置混合E,混合型-灵活
008072,景顺长城创业板综指增强A,指数型-股票
008075,招商核心优选股票A,股票型
008076,招商核心优选股票C,股票型
008077,九泰天奕量化价值混合A,混合型-偏股
008082,国寿安保研究精选混合A,混合型-偏股
008083,国寿安保研究精选混合C,混合型-偏股
008084,海富通先进制造股票C,股票型
008085,海富通先进制造股票A,股票型
008086,华夏中证5G通信主题ETF联接A,指数型-股票
008087,华夏中证5G通信主题ETF联接C,指数型-股票
008088,华夏房地产ETF联接A,指数型-股票
008089,华夏房地产ETF联接C,指数型-股票
008091,中信保诚红利精选混合A,混合型-偏股
008092,中信保诚红利精选混合C,混合型-偏股
008099,广发价值领先混合A,混合型-偏股
008107,华商医药医疗行业股票,股票型
008110,九泰科盈价值混合A,混合型-灵活
008112,中泰中证500指数增强A,指数型-股票
008113,中泰中证500指数增强C,指数型-股票
008114,天弘中证红利低波动100联接A,指数型-股票
008115,天弘中证红利低波动100联接C,指数型-股票
008116,银华沪深股通精选混合A,混合型-偏股
008119,鹏华金享混合A,混合型-偏债
008120,万家自主创新混合A,混合型-偏股
008121,万家自主创新混合C,混合型-偏股
008124,中邮中证500指数增强C,指数型-股票
008127,广发趋势优选灵活配置混合C,混合型-灵活
008128,湘财长源股票型A,股票型
008129,湘财长源股票型C,股票型
008131,景顺长城竞争优势混合,混合型-偏股
008132,鹏华价值驱动混合,混合型-偏股
008133,华安优质生活混合,混合型-偏股
008134,鹏华优选价值股票A,股票型
008136,九泰科盈价值混合C,混合型-灵活
008137,九泰天奕量化价值混合C,混合型-偏股
008138,富国龙头优势混合A,混合型-偏股
008139,鑫元一年中高等级债,债券型-混合一级
008140,汇添富绝对收益定开混合C,混合型-绝对收益
008150,嘉实远见企业精选两年持有期混合,混合型-偏股
008154,嘉实中证医药健康100策略ETF联接A,指数型-股票
008155,嘉实中证医药健康100策略ETF联接C,指数型-股票
008162,浦银经济带崛起混合C,混合型-灵活
008163,南方标普红利低波50ETF联接A,指数型-股票
008164,南方标普红利低波50ETF联接C,指数型-股票
008166,工银消费股票A,股票型
008167,工银消费股票C,股票型
008174,国泰蓝筹精选混合A,混合型-偏股
008175,国泰蓝筹精选混合C,混合型-偏股
008176,长信利保债券C,债券型-混合二级
008177,建信高股息主题股票,股票型
008178,同泰慧盈混合A,混合型-偏股
008179,同泰慧盈混合C,混合型-偏股
008180,同泰慧利混合A,混合型-偏股
008181,同泰慧利混合C,混合型-偏股
008182,方正富邦信泓混合C,混合型-灵活
008183,招商普盛全球配置(QDII-FOF)美元现钞,QDII-混合灵活
008184,新华沪深300指数增强C,指数型-股票
008185,诺安研究优选混合A,混合型-偏股
008186,淳厚信睿混合A,混合型-偏股
008187,淳厚信睿混合C,混合型-偏股
008188,前海开源稳健增长三年混合,混合型-偏股
008189,国泰中证钢铁ETF联接A,指数型-股票
008190,国泰中证钢铁ETF联接C,指数型-股票
008208,博道嘉泰回报混合,混合型-灵活
008209,南方宝泰一年混合A,混合型-偏债
008210,南方宝泰一年混合C,混合型-偏债
008212,华夏新机遇混合C,混合型-灵活
008213,华夏新起点混合C,混合型-灵活
008221,兴业聚鑫灵活配置混合C,混合型-灵活
008222,兴业机遇债券C,债券型-混合二级
008227,宝盈研究精选混合A,混合型-偏股
008228,宝盈研究精选混合C,混合型-偏股
008232,中银恒优12个月持有期债券A,债券型-混合一级
008233,中银恒优12个月持有期债券C,债券型-混合一级
008234,光大消费主题股票A,股票型
008238,中泰沪深300增强A,指数型-股票
008239,中泰沪深300增强C,指数型-股票
008240,东财上证50A,指数型-股票
008241,东财上证50C,指数型-股票
008242,英大通盈纯债债券A,债券型-混合一级
008243,英大通盈纯债债券C,债券型-混合一级
008244,上银鑫卓混合A,混合型-偏股
008245,圆信永丰致优混合A,混合型-偏股
008246,圆信永丰致优混合C,混合型-偏股
008251,汇安宜创量化精选混合A,混合型-偏股
008252,汇安宜创量化精选混合C,混合型-偏股
008253,华宝致远混合(QDII)A,QDII-混合偏股
008254,华宝致远混合(QDII)C,QDII-混合偏股
008258,中银证券中证500ETF联接A,指数型-股票
008259,中银证券中证500ETF联接C,指数型-股票
008260,长城价值优选混合A,混合型-偏股
008261,招商研究优选股票A,股票型
008262,招商研究优选股票C,股票型
008263,东方红品质优选定开混合,混合型-偏债
008264,南方ESG股票A,股票型
008265,南方ESG股票C,股票型
008269,大成睿享混合A,混合型-偏股
008270,大成睿享混合C,混合型-偏股
008271,大成优势企业混合A,混合型-偏股
008272,大成优势企业混合C,混合型-偏股
008273,广发优质生活混合A,混合型-偏股
008274,大成行业先锋混合A,混合型-偏股
008275,大成行业先锋混合C,混合型-偏股
008276,财通资管价值发现混合A,混合型-偏股
008277,财通资管行业精选混合,混合型-偏股
008278,国泰惠鑫一年定期开放债券,债券型-混合一级
008279,国泰中证煤炭ETF联接A,指数型-股票
008280,国泰中证煤炭ETF联接C,指数型-股票
008281,国泰CES半导体芯片行业ETF联接A,指数型-股票
008282,国泰CES半导体芯片行业ETF联接C,指数型-股票
008283,易方达金融行业股票发起式A,股票型
008284,易方达全球医药行业混合发起式(QDII)A(人民币),QDII-混合偏股
008285,易方达全球医药行业混合发起式(QDII)A(美元现汇),QDII-混合偏股
008286,易方达研究精选股票,股票型
008289,国寿安保泰祥纯债一年定开债券发起式,债券型-混合一级
008290,华安现代生活混合,混合型-偏股
008291,民生加银沪深300ETF联接A,指数型-股票
008292,民生加银沪深300ETF联接C,指数型-股票
008293,农银汇理创新医疗混合,混合型-偏股
008294,朱雀企业优胜A,股票型
008295,朱雀企业优胜C,股票型
008296,广发汇利一年定期开放债券,债券型-混合一级
008297,广发价值优势混合,混合型-偏股
008298,华夏中证银行ETF联接A,指数型-股票
008299,华夏中证银行ETF联接C,指数型-股票
008302,永赢易弘债券A,债券型-混合一级
008303,宝盈龙头优选股票A,股票型
008304,宝盈龙头优选股票C,股票型
008305,大摩量化配置混合C,混合型-偏股
008308,华夏见龙精选混合,混合型-偏股
008311,圆信永丰优选价值A,混合型-偏股
008312,圆信永丰优选价值C,混合型-偏股
008313,光大研究精选混合A,混合型-偏股
008314,摩根慧选成长股票A,股票型
008315,摩根慧选成长股票C,股票型
008317,光大睿盈混合A,混合型-偏股
008318,博道久航混合A,混合型-偏股
008319,博道久航混合C,混合型-偏股
008320,鹏华全球中短债(QDII)人民币C,QDII-混合债
008321,鹏华全球中短债(QDII)美元现汇C,QDII-混合债
008326,东财通信A,指数型-股票
008327,东财通信C,指数型-股票
008328,诺安新兴产业混合,混合型-偏股
008331,万家可转债债券A,债券型-混合一级
008332,万家可转债债券C,债券型-混合一级
008336,宝盈祥裕增强回报混合A,混合型-偏债
008337,宝盈祥裕增强回报混合C,混合型-偏债
008345,南华瑞泽债券A,债券型-混合二级
008346,南华瑞泽债券C,债券型-混合二级
008347,中信建投甄选混合A,混合型-偏股
008348,中信建投甄选混合C,混合型-偏股
008353,宏利消费量化混合A,混合型-偏股
008354,宏利消费量化混合C,混合型-偏股
008356,中加科丰价值精选混合,混合型-偏债
008359,华安医疗创新混合A,混合型-偏股
008370,国泰研究精选两年持有混合,混合型-偏股
008371,华安汇智精选两年持有混合,混合型-偏股
008372,富国阿尔法两年持有期混合,混合型-偏股
008373,华泰柏瑞景气回报一年持有期混合A,混合型-偏股
008374,华泰柏瑞景气回报一年持有期混合C,混合型-偏股
008375,中欧启航三年混合A,混合型-偏股
008376,中欧启航三年混合C,混合型-偏股
008378,兴全社会价值三年持有混合,混合型-偏股
008381,前海开源新兴产业混合A,混合型-偏股
008382,融通产业趋势股票A,股票型
008383,招商安心收益债券A,债券型-混合一级
008384,银华汇益一年持有期混合A,混合型-偏债
008385,银华汇益一年持有期混合C,混合型-偏债
008390,国联安沪深300ETF联接A,指数型-股票
008391,国联安沪深300ETF联接C,指数型-股票
008392,兴业优债增利债券C,债券型-混合一级
008396,博时中证500ETF联接A,指数型-股票
008397,博时中证500ETF联接C,指数型-股票
008398,汇添富鑫福债,债券型-混合一级
008399,华泰柏瑞中证科技ETF联接A,指数型-股票
008400,华泰柏瑞中证科技ETF联接C,指数型-股票
008401,大成标普500等权重指数(QDII)C人民币,指数型-海外股票
008404,华泰紫金泰盈混合A,混合型-偏股
008405,华泰紫金泰盈混合C,混合型-偏股
008412,长盛竞争优势A,股票型
008413,长盛竞争优势C,股票型
008415,国泰大制造两年持有期混合,混合型-偏股
008416,鹏扬景瑞三年持有混合A,混合型-偏债
008417,鹏扬景瑞三年持有混合C,混合型-偏债
008418,惠升惠泽混合A,混合型-灵活
008419,惠升惠泽混合C,混合型-灵活
008420,广发招泰A,混合型-偏债
008421,广发招泰C,混合型-偏债
008424,国联品牌优选混合A,混合型-偏股
008425,国联品牌优选混合C,混合型-偏股
008445,融通产业趋势先锋股票,股票型
008452,兴全恒鑫债券A,债券型-混合一级
008453,兴全恒鑫债券C,债券型-混合一级
008456,招商瑞阳混合A,混合型-偏债
008457,招商瑞阳混合C,混合型-偏债
008463,招商添瑞1年定开债A,债券型-混合一级
008464,招商添瑞1年定开债C,债券型-混合一级
008467,博道嘉瑞混合A,混合型-偏股
008468,博道嘉瑞混合C,混合型-偏股
008469,朱雀安鑫回报债券A,债券型-混合二级
008470,朱雀安鑫回报债券C,债券型-混合二级
008475,招商民安增益债券A,债券型-混合二级
008476,招商民安增益债券C,债券型-混合二级
008477,安信价值驱动三年持有混合,混合型-偏股
008480,永赢股息优选A,混合型-偏股
008481,永赢股息优选C,混合型-偏股
008486,德邦德瑞一年定开债,债券型-混合一级
008488,华商恒益稳健混合,混合型-偏债
008491,万家周期优势企业混合A,混合型-偏股
008492,万家周期优势企业混合C,混合型-偏股
008493,鹏华尊泰一年定开发起式债券,债券型-混合一级
008495,景顺长城景泰添利一年定开债,债券型-混合一级
008499,鹏扬景科混合A,混合型-偏债
008500,鹏扬景科混合C,混合型-偏债
008501,鹏扬聚利六个月持有期债券A,债券型-混合二级
008502,鹏扬聚利六个月持有期债券C,债券型-混合二级
008503,国寿安保泰瑞纯债一年定开债,债券型-混合一级
008504,国泰信用互利债券C,债券型-混合一级
008507,交银内核驱动混合,混合型-偏股
008508,国联聚锦一年定开债券,债券型-混合一级
008511,宝盈鸿盛债券A,债券型-混合一级
008512,宝盈鸿盛债券C,债券型-混合一级
008513,南方宝丰混合A,混合型-偏债
008514,南方宝丰混合C,混合型-偏债
008515,国富基本面优选混合A,混合型-偏股
008519,中金中证沪港深优选消费50指数A,指数型-股票
008520,中金中证沪港深优选消费50指数C,指数型-股票
008524,华泰柏瑞锦瑞债券A,债券型-混合二级
008525,华泰柏瑞锦瑞债券C,债券型-混合二级
008528,华泰柏瑞质量成长A,混合型-偏股
008529,汇安信利债券A,债券型-混合二级
008530,汇安信利债券C,债券型-混合二级
008531,惠升惠民混合A,混合型-偏股
008532,惠升惠民混合C,混合型-偏股
008537,兴银研究精选股票A,股票型
008538,兴银研究精选股票C,股票型
008545,泓德丰润三年持有期混合,混合型-偏股
008546,南方产业优势两年混合A,混合型-偏股
008547,博道安远6个月持有期混合,混合型-偏债
008551,东财医药A,指数型-股票
008552,东财医药C,指数型-股票
008555,华商龙头优势混合,混合型-偏股
008556,易方达裕富债券A,债券型-混合二级
008557,易方达裕富债券C,债券型-混合二级
008571,金信民达纯债A,债券型-混合一级
008572,金信民达纯债C,债券型-混合一级
008576,财通碳中和一年持有混合A,混合型-偏股
008577,财通碳中和一年持有混合C,混合型-偏股
008585,华夏人工智能ETF联接A,指数型-股票
008586,华夏人工智能ETF联接C,指数型-股票
008589,大成景润灵活配置混合C,混合型-灵活
008590,天弘中证全指证券公司ETF联接A,指数型-股票
008591,天弘中证全指证券公司ETF联接C,指数型-股票
008592,天弘沪深300指数增强发起A,指数型-股票
008593,天弘沪深300指数增强发起C,指数型-股票
008602,方正富邦新兴成长混合A,混合型-偏股
008603,方正富邦新兴成长混合C,混合型-偏股
008604,广发稳安灵活配置C,混合型-灵活
008618,永赢医药健康A,股票型
008619,永赢医药健康C,股票型
008629,大成景瑞稳健配置混合A,混合型-偏债
008630,大成景瑞稳健配置混合C,混合型-偏债
008633,万家科技创新混合A,混合型-偏股
008634,万家科技创新混合C,混合型-偏股
008635,华安科技创新混合A,混合型-偏股
008638,广发科技创新混合A,混合型-偏股
008640,方正富邦科技创新A,混合型-偏股
008641,方正富邦科技创新C,混合型-偏股
008655,招商科技创新混合A,混合型-偏股
008656,招商科技创新混合C,混合型-偏股
008657,景顺长城科技创新混合A,混合型-偏股
008661,嘉实致融一年定期债券,债券型-混合一级
008664,嘉实鑫和一年持有期混合A,混合型-偏债
008665,嘉实鑫和一年持有期混合C,混合型-偏债
008666,国泰鑫利一年持有期混合A,混合型-偏债
008667,国泰鑫利一年持有期混合C,混合型-偏债
008671,银华科技创新混合A,混合型-偏股
008681,鹏华价值成长混合,混合型-偏股
008682,富国中证红利指数增强C,指数型-股票
008690,平安增利六个月定开债A,债券型-混合一级
008691,平安增利六个月定开债C,债券型-混合一级
008692,平安增利六个月定开债E,债券型-混合一级
008700,泰康瑞丰3月定开债券,债券型-混合一级
008704,广发高股息优享混合A,混合型-偏股
008705,广发高股息优享混合C,混合型-偏股
008706,建信富时100指数(QDII)C人民币,指数型-海外股票
008707,建信富时100指数(QDII)A美元现汇,指数型-海外股票
008708,建信富时100指数(QDII)C美元现汇,指数型-海外股票
008712,景顺长城品质成长混合A,混合型-偏股
008713,国泰中证全指家用电器ETF联接A,指数型-股票
008714,国泰中证全指家用电器ETF联接C,指数型-股票
008715,景顺长城价值驱动一年持有混合,混合型-灵活
008716,鹏华优质回报两年定开混合,混合型-偏股
008719,德邦安顺混合A,混合型-偏债
008720,德邦安顺混合C,混合型-偏债
008723,永赢鑫享混合A,混合型-偏债
008726,平安添裕债券A,债券型-混合二级
008727,平安添裕债券C,债券型-混合二级
008728,同泰恒利纯债A,债券型-混合一级
008729,同泰恒利纯债C,债券型-混合一级
008734,交银科锐科技创新混合A,混合型-偏股
008736,南方高股息股票A,股票型
008737,南方高股息股票C,股票型
008739,中欧同益一年定期开放债券,债券型-混合一级
008749,富国中证科技50策略ETF联接A,指数型-股票
008750,富国中证科技50策略ETF联接C,指数型-股票
008757,九泰聚鑫混合A,混合型-偏债
008758,九泰聚鑫混合C,混合型-偏债
008763,天弘越南市场股票发起(QDII)A,QDII-普通股票
008764,天弘越南市场股票发起(QDII)C,QDII-普通股票
008766,财通资管鸿盛12个月定开债券A,债券型-混合一级
008767,财通资管鸿盛12个月定开债券C,债券型-混合一级
008770,东方红安鑫甄选一年持有混合,混合型-偏债
008776,华安沪深300ETF联接A,指数型-股票
008777,华安沪深300ETF联接C,指数型-股票
008778,嘉实中证500指数增强A,指数型-股票
008779,嘉实中证500指数增强C,指数型-股票
008786,长城健康生活混合A,混合型-灵活
008791,招商安华债券A,债券型-混合二级
008792,招商安华债券C,债券型-混合二级
008793,博道嘉元混合A,混合型-偏股
008794,博道嘉元混合C,混合型-偏股
008795,海富通阿尔法对冲混合C,混合型-绝对收益
008809,安信民稳增长混合A,混合型-偏债
008810,安信民稳增长混合C,混合型-偏债
008811,鹏华科技创新混合,混合型-偏股
008817,华宝可转债债券C,债券型-混合一级
008819,农银汇理策略趋势混合,混合型-偏股
008830,海富通安益对冲混合C,混合型-绝对收益
008831,海富通安益对冲混合A,混合型-绝对收益
008833,银华汇盈一年持有期混合A,混合型-偏债
008834,银华汇盈一年持有期混合C,混合型-偏债
008835,富国量化对冲策略三个月持有期混合A,混合型-绝对收益
008836,富国量化对冲策略三个月持有期混合C,混合型-绝对收益
008838,德邦量化对冲混合A,混合型-绝对收益
008839,德邦量化对冲混合C,混合型-绝对收益
008840,德邦大消费混合A,混合型-偏股
008841,德邦大消费混合C,混合型-偏股
008842,同泰远见混合A,混合型-灵活
008843,同泰远见混合C,混合型-灵活
008846,大成民稳增长混合A,混合型-偏债
008847,大成民稳增长混合C,混合型-偏债
008850,景顺长城价值稳进定开混合,混合型-灵活
008851,景顺长城量化对冲策略三个月定期开放混合A,混合型-绝对收益
008854,南方内需增长两年股票A,股票型
008855,南方内需增长两年股票C,股票型
008856,华夏安泰对冲策略3个月定开混合,混合型-绝对收益
008860,民生加银龙头优选股票A,股票型
008861,西部利得港股通新机遇混合A,混合型-灵活
008866,博时产业新趋势混合A,混合型-灵活
008867,博时产业新趋势混合C,混合型-灵活
008869,大成恒享混合A,混合型-偏债
008870,大成恒享混合C,混合型-偏债
008871,大成睿裕六月持有股票A,股票型
008872,大成睿裕六月持有股票C,股票型
008873,国寿安保尊诚纯债A,债券型-混合一级
008874,国寿安保尊诚纯债C,债券型-混合一级
008887,华夏国证半导体芯片ETF联接A,指数型-股票
008888,华夏国证半导体芯片ETF联接C,指数型-股票
008889,银华中证5G通信主题ETF联接A,指数型-股票
008891,安信价值成长混合A,混合型-偏股
008892,安信价值成长混合C,混合型-偏股
008893,创金合信鑫利混合A,混合型-偏债
008894,创金合信鑫利混合C,混合型-偏债
008895,申万菱信量化对冲策略灵活配置混合发起式A,混合型-绝对收益
008897,上银可转债精选债券A,债券型-混合二级
008898,国寿创精选88ETF联接A,指数型-股票
008899,国寿创精选88ETF联接C,指数型-股票
008901,富国内需增长混合A,混合型-偏股
008903,广发科技先锋混合,混合型-偏股
008905,嘉合锦鹏添利混合A,混合型-偏债
008906,嘉合锦鹏添利混合C,混合型-偏债
008907,汇添富中证国企一带一路ETF联接A,指数型-股票
008908,汇添富中证国企一带一路ETF联接C,指数型-股票
008916,华夏中证浙江国资创新发展ETF联接A,指数型-股票
008917,华夏中证浙江国资创新发展ETF联接C,指数型-股票
008918,长信先锐混合C,混合型-偏债
008919,永赢科技驱动A,混合型-偏股
008920,永赢科技驱动C,混合型-偏股
008923,建信医疗健康行业股票A,股票型
008924,建信医疗健康行业股票C,股票型
008925,鹏华尊达一年定开发起式债券,债券型-混合一级
008926,泰康沪深300ETF联接A,指数型-股票
008927,泰康沪深300ETF联接C,指数型-股票
008928,宏利消费红利指数A,指数型-股票
008929,宏利消费红利指数C,指数型-股票
008934,大成科技消费股票A,股票型
008935,大成科技消费股票C,股票型
008936,中银产业债债券C,债券型-混合二级
008944,摩根MSCI中国A股ETF联接A,指数型-股票
008945,摩根MSCI中国A股ETF联接C,指数型-股票
008947,华夏鼎源债券A,债券型-混合二级
008948,华夏鼎源债券C,债券型-混合二级
008949,平安匠心优选混合A,混合型-偏股
008950,平安匠心优选混合C,混合型-偏股
008954,安信价值回报三年持有混合A,混合型-偏股
008955,交银创新领航混合,混合型-偏股
008958,嘉实回报精选股票,股票型
008960,长信国防军工量化混合C,混合型-灵活
008961,华商科技创新混合,混合型-偏股
008962,建信科技创新混合A,混合型-偏股
008963,建信科技创新混合C,混合型-偏股
008966,博时成长优选灵活配置混合A,混合型-灵活
008967,博时成长优选灵活配置混合C,混合型-灵活
008968,申万菱信安泰鼎利一年定开债,债券型-混合一级
008969,睿远均衡价值三年持有混合A,混合型-偏股
008970,睿远均衡价值三年持有混合C,混合型-偏股
008971,大成纳斯达克100ETF联接(QDII)C,指数型-海外股票
008973,大成中华沪深港300指数(LOF)C,指数型-股票
008974,长城稳健增利债券C,债券型-混合二级
008975,富国中证消费50ETF联接A,指数型-股票
008976,富国中证消费50ETF联接C,指数型-股票
008978,银华长丰混合发起式,混合型-偏股
008979,万家民丰回报一年持有混合,混合型-偏债
008980,中邮科技创新精选混合A,混合型-偏股
008981,中邮科技创新精选混合C,混合型-偏股
008983,财通科技创新混合A,混合型-偏股
008984,财通科技创新混合C,混合型-偏股
008985,东方红启东三年持有混合,混合型-灵活
008988,大成科技创新混合A,混合型-偏股
008989,大成科技创新混合C,混合型-偏股
008990,东方红匠心甄选一年持有混合,混合型-偏债
008997,同泰竞争优势混合A,混合型-偏股
008998,同泰竞争优势混合C,混合型-偏股
008999,景顺景颐嘉利6个月持有期债券A,债券型-混合二级
009000,景顺景颐嘉利6个月持有期债券C,债券型-混合二级
009004,海富通中证500增强C,指数型-股票
009005,创金合信鑫祺混合A,混合型-偏债
009006,创金合信鑫祺混合C,混合型-偏债
009007,兴全沪港深两年持有混合,混合型-偏股
009008,平安科技创新混合A,混合型-偏股
009009,平安科技创新混合C,混合型-偏股
009010,华夏兴阳一年持有混合,混合型-偏股
009011,华夏睿阳一年持有混合,混合型-偏股
009012,平安创业板ETF联接A,指数型-股票
009013,平安创业板ETF联接C,指数型-股票
009014,泓德睿泽混合,混合型-偏股
009015,泓德睿享一年持有期混合A,混合型-偏债
009016,泓德睿享一年持有期混合C,混合型-偏债
009017,银华港股通精选股票发起式A,股票型
009018,西部利得聚泰18个月定开债A,债券型-混合一级
009019,西部利得聚泰18个月定开债C,债券型-混合一级
009021,鹏华丰诚债券A,债券型-混合一级
009022,鹏华丰诚债券C,债券型-混合一级
009023,鹏华稳健回报混合A,混合型-偏股
009024,海富通科技创新混合C,混合型-偏股
009025,海富通科技创新混合A,混合型-偏股
009026,中银高质量发展机遇混合A,混合型-偏股
009029,工银高质量成长混合A,混合型-偏股
009030,工银高质量成长混合C,混合型-偏股
009031,工银聚和一年定开混合A,混合型-偏债
009032,工银聚和一年定开混合C,混合型-偏债
009043,九泰久信量化股票,股票型
009046,东财创业板A,指数型-股票
009047,东财创业板C,指数型-股票
009048,浦银科技创新优选混合,混合型-偏股
009049,易方达高端制造混合发起式A,混合型-偏股
009051,易方达中证红利ETF联接发起式A,指数型-股票
009052,易方达中证红利ETF联接发起式C,指数型-股票
009054,圆信永丰沣泰A,混合型-偏债
009055,圆信永丰大湾区A,混合型-偏股
009056,圆信永丰大湾区C,混合型-偏股
009057,博时科技创新混合A,混合型-偏股
009058,博时科技创新混合C,混合型-偏股
009059,南方沪深300增强A,指数型-股票
009060,南方沪深300增强C,指数型-股票
009062,财通智慧成长混合A,混合型-偏股
009063,财通智慧成长混合C,混合型-偏股
009064,鹏扬景沃六个月持有期混合A,混合型-偏债
009065,鹏扬景沃六个月持有期混合C,混合型-偏债
009067,国泰中证新能源汽车ETF联接A,指数型-股票
009068,国泰中证新能源汽车ETF联接C,指数型-股票
009069,大成睿鑫股票A,股票型
009070,大成睿鑫股票C,股票型
009076,工银圆兴混合,混合型-偏股
009077,红土创新稳进混合A,混合型-偏债
009078,红土创新稳进混合C,混合型-偏债
009085,银华丰享一年持有期混合,混合型-偏股
009086,鹏华价值共赢两年持有期混合,混合型-偏股
009089,嘉实稳固收益债券A,债券型-混合二级
009092,富国新材料新能源混合A,混合型-偏股
009096,鹏华安泽混合A,混合型-偏债
009097,鹏华安泽混合C,混合型-偏债
009098,景顺长城价值领航两年持有,混合型-偏股
009100,安信稳健增利混合A,混合型-偏债
009101,安信稳健增利混合C,混合型-偏债
009102,鹏扬红利优选混合A,混合型-偏股
009103,鹏扬红利优选混合C,混合型-偏股
009106,嘉合同顺智选股票A,股票型
009107,嘉合同顺智选股票C,股票型
009108,富国红利精选混合(QDII)人民币,QDII-混合偏股
009114,鹏扬景泓回报灵活配置混合A,混合型-灵活
009115,鹏扬景泓回报灵活配置混合C,混合型-灵活
009116,东兴中证消费50A,指数型-股票
009117,东兴中证消费50C,指数型-股票
009119,广发品质回报混合A,混合型-偏股
009120,广发品质回报混合C,混合型-偏股
009121,广发招享混合A,混合型-偏债
009124,华泰保兴科荣混合A,混合型-偏债
009125,华泰保兴科荣混合C,混合型-偏债
009126,嘉实基础产业优选股票A,股票型
009127,嘉实基础产业优选股票C,股票型
009128,明亚价值长青混合A,混合型-偏股
009129,明亚价值长青混合C,混合型-偏股
009130,鹏扬景恒六个月持有混合A,混合型-偏债
009131,鹏扬景恒六个月持有混合C,混合型-偏债
009132,广发小盘成长混合(LOF)C,混合型-偏股
009133,汇安嘉利混合A,混合型-偏债
009134,汇安嘉利混合C,混合型-偏债
009135,广发恒隆一年持有混合A,混合型-偏债
009136,广发恒隆一年持有混合C,混合型-偏债
009137,嘉实瑞和两年持有期混合,混合型-偏股
009138,嘉实瑞成两年持有期混合A,混合型-偏股
009139,嘉实瑞成两年持有期混合C,混合型-偏股
009141,宏利价值长青混合A,混合型-偏股
009142,宏利价值长青混合C,混合型-偏股
009147,建信新能源行业股票A,股票型
009149,富国绝对收益多策略混合C,混合型-绝对收益
009152,南方瑞盛三年混合A,混合型-偏股
009153,南方瑞盛三年混合C,混合型-偏股
009154,海富通富盈混合A,混合型-偏债
009155,海富通富盈混合C,混合型-偏债
009156,海富通富泽混合A,混合型-偏债
009157,海富通富泽混合C,混合型-偏债
009162,富国医药成长30股票A,股票型
009163,广发医疗保健股票C,股票型
009164,中加聚庆六个月定开混合A,混合型-偏债
009165,中加聚庆六个月定开混合C,混合型-偏债
009169,湘财长兴灵活配置混合A,混合型-灵活
009170,湘财长兴灵活配置混合C,混合型-灵活
009179,嘉实中证主要消费ETF发起联接A,指数型-股票
009180,嘉实中证主要消费ETF发起联接C,指数型-股票
009181,浙商智多兴稳健回报一年持有混合A,混合型-偏债
009182,浙商智多兴稳健回报一年持有混合C,混合型-偏债
009188,鹏华股息精选混合,混合型-偏股
009189,华宝成长策略混合A,混合型-偏股
009190,景顺长城核心优选一年持有混合,混合型-偏股
009193,富国红利精选混合(QDII)美元,QDII-混合偏股
009199,万家价值优势一年持有期混合,混合型-偏股
009201,中邮优享一年定开混合A,混合型-偏债
009202,中邮优享一年定开混合C,混合型-偏债
009203,鹏扬稳利债券A,债券型-混合一级
009204,鹏扬稳利债券C,债券型-混合一级
009205,兴银丰运稳益回报混合A,混合型-偏债
009206,兴银丰运稳益回报混合C,混合型-偏债
009208,建信沪深300指数增强(LOF)C,指数型-股票
009210,中欧嘉和三年混合A,混合型-偏股
009211,中欧嘉和三年混合C,混合型-偏股
009215,易方达瑞川混合A,混合型-灵活
009216,易方达瑞川混合C,混合型-灵活
009217,博时荣丰回报灵活配置混合A,混合型-灵活
009218,博时荣丰回报灵活配置混合C,混合型-灵活
009223,宝盈现代服务业混合A,混合型-偏股
009224,宝盈现代服务业混合C,混合型-偏股
009225,天弘中证中美互联网(QDII)A,指数型-海外股票
009226,天弘中证中美互联网(QDII)C,指数型-海外股票
009227,平安增鑫六个月定开债A,债券型-混合一级
009228,平安增鑫六个月定开债C,债券型-混合一级
009229,平安增鑫六个月定开债E,债券型-混合一级
009230,鹏华安和混合A,混合型-偏债
009231,鹏华安和混合C,混合型-偏债
009232,鹏华安惠混合A,混合型-偏债
009233,鹏华安惠混合C,混合型-偏债
009234,鹏华优质企业混合A,混合型-偏股
009239,融通人工智能指数(LOF)C,指数型-股票
009240,泰康蓝筹优势一年持有股票,股票型
009241,融通领先成长混合(LOF)C,混合型-偏股
009242,中加核心智造混合A,混合型-偏股
009243,中加核心智造混合C,混合型-偏股
009244,国寿安保稳丰6个月持有混合A,混合型-偏债
009245,国寿安保稳丰6个月持有混合C,混合型-偏债
009246,大摩ESG量化混合A,混合型-偏股
009247,易方达磐恒九个月持有混合A,混合型-偏债
009248,易方达磐恒九个月持有混合C,混合型-偏债
009249,易方达磐泰一年持有期混合A,混合型-偏债
009250,易方达磐泰一年持有期混合C,混合型-偏债
009258,西部利得景瑞灵活配置混合C,混合型-灵活
009260,民生加银聚利6个月混合A,混合型-偏债
009261,民生加银聚利6个月混合C,混合型-偏债
009263,华宝红利精选混合A,混合型-偏股
009264,泓德瑞兴三年持有期混合,混合型-偏股
009265,易方达消费精选股票,股票型
009266,鹏扬景合六个月持有混合,混合型-偏债
009267,广发双债添利债券E,债券型-混合一级
009268,创金合信稳健增利6个月持有期A,混合型-偏债
009269,创金合信稳健增利6个月持有期C,混合型-偏债
009270,融通逆向策略灵活配置混合C,混合型-灵活
009273,融通中国风1号灵活配置混合C,混合型-灵活
009274,融通健康产业灵活配置混合C,混合型-灵活
009275,融通医疗保健行业混合C,混合型-偏股
009277,融通行业景气混合C,混合型-灵活
009285,泰康招泰尊享一年持有期混合A,混合型-偏债
009286,泰康招泰尊享一年持有期混合C,混合型-偏债
009290,富国添享一年持有期债券A,债券型-混合一级
009291,富国添享一年持有期债券C,债券型-混合一级
009296,南方誉慧一年混合A,混合型-偏债
009297,南方誉慧一年混合C,混合型-偏债
009300,西部利得中证500指数增强(LOF)C,指数型-股票
009308,天弘安康颐养混合C,混合型-偏债
009309,国寿安保尊庆6个月持有期债券A,债券型-混合一级
009310,国寿安保尊庆6个月持有期债券C,债券型-混合一级
009312,前海联合价值优选混合A,混合型-偏股
009313,前海联合价值优选混合C,混合型-偏股
009314,广发双擎升级混合C,混合型-偏股
009317,金信核心竞争力混合A,混合型-灵活
009318,南方成长先锋混合A,混合型-偏股
009319,南方成长先锋混合C,混合型-偏股
009326,广发稳健增长混合C,混合型-平衡
009327,东兴兴晟混合A,混合型-偏股
009328,东兴兴晟混合C,混合型-偏股
009329,华宝中证消费龙头ETF联接C,指数型-股票
009330,鹏华成长价值混合A,混合型-偏股
009331,鹏华成长价值混合C,混合型-偏股
009332,博时恒裕持有期混合A,混合型-偏债
009333,博时恒裕持有期混合C,混合型-偏债
009334,富国融享18个月定开混合A,混合型-偏股
009336,平安中证500指数增强A,指数型-股票
009337,平安中证500指数增强C,指数型-股票
009338,万家民瑞祥和6个月持有债A,债券型-混合一级
009339,万家民瑞祥和6个月持有债C,债券型-混合一级
009341,易方达均衡成长股票,股票型
009342,易方达优质企业三年持有期混合,混合型-偏股
009345,中银顺兴回报一年持有混合A,混合型-偏债
009346,中银顺兴回报一年持有混合C,混合型-偏债
009347,国联价值成长6个月持有混合A,混合型-偏股
009348,国联价值成长6个月持有混合C,混合型-偏股
009349,前海联合添泽债券A,债券型-混合一级
009350,前海联合添泽债券C,债券型-混合一级
009353,浙商科创一个月滚动持有混合A,混合型-偏股
009354,浙商科创一个月滚动持有混合C,混合型-偏股
009358,兴业稳健双利一年持有期债券A,债券型-混合二级
009359,兴业稳健双利一年持有期债券C,债券型-混合二级
009360,招商创新增长混合A,混合型-偏股
009361,招商创新增长混合C,混合型-偏股
009362,招商丰盈积极配置混合A,混合型-偏股
009363,招商丰盈积极配置混合C,混合型-偏股
009364,工银科技创新6个月定开混合A,混合型-偏股
009365,工银科技创新6个月定开混合C,混合型-偏股
009366,浦银科技创新一年持有混合A,混合型-偏股
009367,浦银科技创新一年持有混合C,混合型-偏股
009368,浦银价值精选混合A,混合型-偏股
009369,浦银价值精选混合C,混合型-偏股
009376,景顺长城成长领航混合,混合型-偏股
009377,招商瑞恒一年持有期混合A,混合型-偏债
009378,招商瑞恒一年持有期混合C,混合型-偏债
009379,中银成长优选股票A,股票型
009380,富安达科技领航混合A,混合型-偏股
009381,汇安核心资产混合A,混合型-偏股
009382,汇安核心资产混合C,混合型-偏股
009387,嘉实稳福混合A,混合型-偏债
009388,嘉实稳福混合C,混合型-偏债
009391,汇添富优质成长混合A,混合型-偏股
009392,汇添富优质成长混合C,混合型-偏股
009394,银华同力精选混合,混合型-偏股
009395,鑫元安鑫回报混合A,混合型-偏债
009398,华富成长企业精选股票A,股票型
009400,华安添瑞6个月混合A,混合型-偏债
009401,华安添瑞6个月混合C,混合型-偏债
009402,交银启明混合A,混合型-偏股
009403,平安惠盈纯债C,债券型-混合一级
009404,平安惠享纯债C,债券型-混合一级
009406,平安高等级债C,债券型-混合一级
009411,中银科技创新一年定开混合,混合型-偏股
009412,易方达招易一年持有期混合A,混合型-偏债
009413,易方达招易一年持有期混合C,混合型-偏债
009414,中银大健康股票A,股票型
009415,中邮瑞享两年定开混合A,混合型-偏债
009416,中邮瑞享两年定开混合C,混合型-偏债
009419,宝盈祥明一年定开混合A,混合型-偏债
009420,宝盈祥明一年定开混合C,混合型-偏债
009423,招商瑞信稳健配置混合A,混合型-偏债
009424,招商瑞信稳健配置混合C,混合型-偏债
009426,鹏扬景惠六个月持有期混合A,混合型-偏债
009427,鹏扬景惠六个月持有期混合C,混合型-偏债
009428,鹏扬景沣六个月持有期混合A,混合型-偏债
009429,鹏扬景沣六个月持有期混合C,混合型-偏债
009437,信澳科技创新一年定开混合A,混合型-偏股
009438,信澳科技创新一年定开混合C,混合型-偏股
009439,西部利得国企红利指数增强C,指数型-股票
009447,财通资管科技创新一年定开混合,混合型-偏股
009448,泰康申润一年持有期混合A,混合型-偏债
009449,泰康申润一年持有期混合C,混合型-偏债
009456,东方稳健回报债券C,债券型-混合一级
009465,东方可转债债券A,债券型-混合二级
009466,东方可转债债券C,债券型-混合二级
009467,红土创新科技创新3个月定开混合A,混合型-偏股
009468,博时健康成长双周定期可赎回混合A,混合型-偏股
009469,博时健康成长双周定期可赎回混合C,混合型-偏股
009472,广发深证100ETF联接C,指数型-股票
009474,国泰致远优势混合,混合型-偏股
009475,汇丰晋信慧盈混合,混合型-偏债
009476,建信食品饮料行业股票A,股票型
009483,鹏华普利债券A,债券型-混合一级
009484,鹏华普利债券C,债券型-混合一级
009486,光大瑞和混合A,混合型-偏股
009487,光大瑞和混合C,混合型-偏股
009488,中邮价值精选混合A,混合型-偏股
009489,中邮价值精选混合C,混合型-偏股
009490,泰康科技创新一年定开混合,混合型-偏股
009491,宝盈创新驱动股票A,股票型
009492,宝盈创新驱动股票C,股票型
009499,景顺长城安鑫回报一年持有期混合A,混合型-偏债
009500,国寿安保高股息混合A,混合型-偏股
009501,国寿安保高股息混合C,混合型-偏股
009507,国金鑫意医药消费A,混合型-偏股
009508,国金鑫意医药消费C,混合型-偏股
009510,天弘同利债券(LOF)E,债券型-混合一级
009511,信澳研究优选混合A,混合型-偏股
009512,天弘添利债券(LOF)E,债券型-混合一级
009515,中欧真益稳健一年混合A,混合型-偏债
009516,中欧真益稳健一年混合C,混合型-偏债
009519,中欧鼎利债券E,债券型-混合二级
009520,中欧鼎利债券C,债券型-混合二级
009525,广发聚荣一年持有混合A,混合型-偏债
009526,广发聚荣一年持有混合C,混合型-偏债
009527,浙商汇金新兴消费混合,混合型-灵活
009531,九泰锐和18个月定开混合,混合型-偏股
009536,汇添富稳健增益一年持有混合A,混合型-偏债
009537,太平行业优选股票A,股票型
009538,太平行业优选股票C,股票型
009539,兴业睿进混合A,混合型-偏股
009540,兴业睿进混合C,混合型-偏股
009542,银华富利精选混合A,混合型-偏股
009548,汇添富中盘价值精选混合A,混合型-偏股
009549,汇添富中盘价值精选混合C,混合型-偏股
009550,汇添富开放视野中国优势六个月持有股票A,股票型
009551,汇添富开放视野中国优势六个月持有股票C,股票型
009556,兴全合丰三年持有混合,混合型-偏股
009557,申万菱信创业板量化精选股票A,股票型
009558,嘉实稳惠6个月持有期混合A,混合型-偏债
009559,嘉实稳惠6个月持有期混合C,混合型-偏债
009562,工银全球股票(QDII)美元,QDII-普通股票
009563,工银全球股票(QDII)港币,QDII-普通股票
009564,汇安消费龙头混合A,混合型-偏股
009565,汇安消费龙头混合C,混合型-偏股
009566,汇安泓阳三年持有期混合,混合型-偏股
009568,浙商智多宝稳健一年持有期A,混合型-偏债
009569,浙商智多宝稳健一年持有期C,混合型-偏债
009570,鹏华匠心精选混合A,混合型-偏股
009571,鹏华匠心精选混合C,混合型-偏股
009576,东方红智远三年持有混合,混合型-偏股
009580,招商双债增强债券(LOF)D,债券型-混合一级
009590,东方盛世灵活配置混合C,混合型-灵活
009591,博时研究精选持有期混合A,混合型-灵活
009592,博时研究精选持有期混合C,混合型-灵活
009596,泰康创新成长混合A,混合型-偏股
009597,泰康创新成长混合C,混合型-偏股
009598,景顺长城科创三年定开混合,混合型-灵活
009601,招商科技动力3个月滚动持有股票A,股票型
009602,招商科技动力3个月滚动持有股票C,股票型
009606,长信稳健精选混合A,混合型-偏债
009607,长信稳健精选混合C,混合型-偏债
009608,广发中证500指数增强A,指数型-股票
009609,广发中证500指数增强C,指数型-股票
009610,天弘永利债券C,债券型-混合二级
009611,兴全汇享一年持有混合A,混合型-偏债
009612,兴全汇享一年持有混合C,混合型-偏债
009613,上银中证500指数增强型A,指数型-股票
009614,上银中证500指数增强型C,指数型-股票
009617,东兴兴利债券C,债券型-混合二级
009618,交银启汇混合A,混合型-偏股
009619,博时女性消费主题混合A,混合型-偏股
009620,博时女性消费主题混合C,混合型-偏股
009621,中欧心益稳健6个月混合A,混合型-偏债
009622,中欧心益稳健6个月混合C,混合型-偏债
009623,长城创新驱动混合A,混合型-偏股
009624,安信稳健阿尔法定开混合C,混合型-绝对收益
009630,浦银ESG责任投资混合A,混合型-偏股
009631,浦银ESG责任投资混合C,混合型-偏股
009634,鹏华安睿两年持有期混合A,混合型-偏债
009635,鹏华安睿两年持有期混合C,混合型-偏债
009636,华泰柏瑞景气优选A,混合型-偏股
009637,招商信用添利债券(LOF)C,债券型-混合一级
009640,中银证券优选行业龙头混合A,混合型-偏股
009641,中银证券优选行业龙头混合C,混合型-偏股
009644,东方阿尔法优势产业混合A,混合型-偏股
009645,东方阿尔法优势产业混合C,混合型-偏股
009646,南方核心成长混合A,混合型-偏股
009647,南方核心成长混合C,混合型-偏股
009648,中欧睿达6个月持有混合C,混合型-偏债
009649,嘉实精选平衡混合A,混合型-平衡
009650,嘉实精选平衡混合C,混合型-平衡
009651,海富通成长甄选混合A,混合型-偏股
009652,海富通成长甄选混合C,混合型-偏股
009653,大成丰享回报混合A,混合型-偏债
009654,大成丰享回报混合C,混合型-偏债
009658,汇丰晋信中小盘低波动策略股票A,股票型
009659,民生加银新动能一年定开混合A,混合型-偏股
009660,民生加银新动能一年定开混合C,混合型-偏股
009661,平安研究睿选混合A,混合型-偏股
009662,平安研究睿选混合C,混合型-偏股
009663,华泰紫金创新先锋混合(LOF)A,混合型-偏股
009664,汇添富医疗积极成长一年持有混合A,混合型-偏股
009665,汇添富医疗积极成长一年持有混合C,混合型-偏股
009667,鹏华安庆混合A,混合型-偏债
009668,鹏华安庆混合C,混合型-偏债
009669,长信量化价值驱动混合C,混合型-偏股
009671,平安恒泽混合A,混合型-偏债
009672,平安恒泽混合C,混合型-偏债
009681,南方创新精选一年定开混合A,混合型-偏股
009682,南方创新精选一年定开混合C,混合型-偏股
009683,汇添富创新增长一年定开混合A,混合型-偏股
009684,汇添富创新增长一年定开混合C,混合型-偏股
009686,华夏磐利一年定开混合A,混合型-偏股
009687,华夏磐利一年定开混合C,混合型-偏股
009688,万家鑫动力月月购一年滚动混合,混合型-偏股
009689,易方达瑞锦混合A,混合型-灵活
009690,易方达瑞锦混合C,混合型-灵活
009691,国泰浩益混合A,混合型-偏债
009692,国泰浩益混合C,混合型-偏债
009693,富国积极成长一年定开混合,混合型-偏股
009695,招商成长精选一年定开混合A,混合型-偏股
009696,招商成长精选一年定开混合C,混合型-偏股
009697,华夏成长精选6个月定开混合A,混合型-偏股
009698,华夏成长精选6个月定开混合C,混合型-偏股
009700,长江添利混合A,混合型-偏债
009701,长江添利混合C,混合型-偏债
009704,南方景气驱动混合A,混合型-偏股
009705,南方景气驱动混合C,混合型-偏股
009706,民生加银城镇化混合C,混合型-灵活
009707,工银新兴制造混合A,混合型-偏股
009708,工银新兴制造混合C,混合型-偏股
009709,民生加银策略精选混合C,混合型-灵活
009710,诺德新盛灵活配置混合C,混合型-灵活
009714,华安聚优精选混合,混合型-偏股
009715,汇添富策略增长灵活配置混合,混合型-灵活
009716,博时恒盛持有期混合A,混合型-偏债
009717,博时恒盛持有期混合C,混合型-偏债
009718,招商增浩混合A,混合型-偏债
009719,招商增浩混合C,混合型-偏债
009720,民生加银景气行业混合C,混合型-偏股
009725,东方红优质甄选一年持有混合A,混合型-偏债
009726,招商中证500等权重指数增强A,指数型-股票
009727,招商中证500等权重指数增强C,指数型-股票
009730,中信保诚安鑫回报债券A,债券型-混合二级
009731,中信保诚安鑫回报债券C,债券型-混合二级
009735,天弘增强回报债券E,债券型-混合二级
009736,汇添富稳健收益混合A,混合型-偏债
009737,汇添富稳健收益混合C,混合型-偏债
009740,博时研究臻选持有期混合A,混合型-灵活
009741,博时研究臻选持有期混合C,混合型-灵活
009747,中科沃土沃鑫成长精选混合C,混合型-灵活
009750,汇安价值蓝筹混合A,混合型-偏股
009751,汇安价值蓝筹混合C,混合型-偏股
009752,大摩灵动优选债券A,债券型-混合二级
009755,景顺长城安鑫回报一年持有期混合C,混合型-偏债
009758,富国可转债C,债券型-混合二级
009762,国金国鑫发起C,混合型-灵活
009763,惠升和悦债券A,债券型-混合二级
009764,惠升和悦债券C,债券型-混合二级
009766,安信平稳双利3个月持有混合A,混合型-偏债
009767,安信平稳双利3个月持有混合C,混合型-偏债
009774,财通资管优选回报一年持有期混合,混合型-偏股
009775,汇丰晋信中小盘低波动策略股票C,股票型
009776,中欧阿尔法混合A,混合型-偏股
009777,中欧阿尔法混合C,混合型-偏股
009778,长信消费升级混合A,混合型-偏股
009779,长信消费升级混合C,混合型-偏股
009781,南方产业优势两年混合C,混合型-偏股
009782,富国兴泉回报12个月持有期混合A,混合型-偏股
009783,富国兴泉回报12个月持有期混合C,混合型-偏股
009789,富安达科技创新混合A,混合型-偏股
009791,中欧创业板两年定开混合C,混合型-偏股
009794,太平智选一年定开股票,股票型
009795,嘉实远见精选两年持有期混合,混合型-偏股
009796,大成汇享一年持有混合A,混合型-偏债
009797,大成汇享一年持有混合C,混合型-偏债
009798,大成创业板两年定开混合C,混合型-偏股
009800,长盛制造精选混合A,混合型-偏股
009801,长盛制造精选混合C,混合型-偏股
009804,国泰研究优势混合A,混合型-偏股
009805,国泰医药健康股票A,股票型
009806,东方红招盈甄选一年混合A,混合型-偏债
009807,东方红招盈甄选一年混合C,混合型-偏债
009808,易方达创新成长混合,混合型-偏股
009810,易方达悦通一年持有期混合A,混合型-偏债
009811,易方达悦通一年持有期混合C,混合型-偏债
009812,易方达悦兴一年持有期混合A,混合型-偏债
009813,易方达悦兴一年持有期混合C,混合型-偏债
009817,红塔红土稳健精选混合A,混合型-偏债
009818,红塔红土稳健精选混合C,混合型-偏债
009819,嘉实鑫福一年持有期混合,混合型-偏债
009820,嘉实浦惠6个月持有期混合A,混合型-偏债
009821,嘉实浦惠6个月持有期混合C,混合型-偏债
009822,鹏华招华一年持有期混合A,混合型-偏债
009823,鹏华招华一年持有期混合C,混合型-偏债
009825,融通通乾研究精选灵活配置混合C,混合型-灵活
009826,民生加银家盈6个月持有期债券A,债券型-混合二级
009827,民生加银家盈6个月持有期债券C,债券型-混合二级
009828,融通转型三动力灵活配置混合C,混合型-灵活
009829,长城优选增强六个月持有混合A,混合型-偏债
009830,长城优选增强六个月持有混合C,混合型-偏债
009835,融通新能源汽车主题精选混合C,混合型-灵活
009837,华夏磐锐一年定开混合A,混合型-偏股
009838,华夏磐锐一年定开混合C,混合型-偏股
009840,东财量化精选A,混合型-偏股
009841,东财量化精选C,混合型-偏股
009842,东方红明鉴优选两年定开混合,混合型-偏债
009846,国富港股通远见价值混合A,混合型-偏股
009847,圆信永丰研究精选混合A,混合型-偏股
009848,圆信永丰研究精选混合C,混合型-偏股
009849,安信稳健聚申一年持有期混合A,混合型-偏债
009852,银华品质消费股票A,股票型
009853,中加优势企业混合A,混合型-偏股
009854,中加优势企业混合C,混合型-偏股
009855,中加新兴成长混合A,混合型-偏股
009856,中加新兴成长混合C,混合型-偏股
009857,博时价值臻选持有期混合A,混合型-灵活
009858,博时价值臻选持有期混合C,混合型-灵活
009859,银华乐享混合A,混合型-偏股
009860,易方达中证银行ETF联接(LOF)C,指数型-股票
009861,鹏华新兴成长混合A,混合型-偏股
009862,鹏华新兴成长混合C,混合型-偏股
009863,富国创新趋势股票A,股票型
009864,招商景气优选股票A,股票型
009865,招商景气优选股票C,股票型
009867,工银创新精选一年定开混合A,混合型-偏股
009868,工银创新精选一年定开混合C,混合型-偏股
009869,嘉实产业先锋混合A,混合型-偏股
009870,嘉实产业先锋混合C,混合型-偏股
009871,景顺长城景瑞收益债券C,债券型-混合一级
009872,中欧责任投资混合A,混合型-偏股
009873,中欧责任投资混合C,混合型-偏股
009874,九泰久睿量化股票A,股票型
009875,天弘甄选食品饮料股票A,股票型
009876,天弘甄选食品饮料股票C,股票型
009877,中银内核驱动股票A,股票型
009878,平安低碳经济混合A,混合型-偏股
009879,平安低碳经济混合C,混合型-偏股
009880,安信成长动力一年持有混合,混合型-偏股
009881,广发中证医疗ETF联接C,指数型-股票
009882,华润元大核心动力混合A,混合型-偏股
009883,华润元大核心动力混合C,混合型-偏股
009885,新华景气行业混合A,混合型-偏股
009886,新华景气行业混合C,混合型-偏股
009887,广发稳健优选六个月持有期混合A,混合型-平衡
009888,广发稳健优选六个月持有期混合C,混合型-平衡
009891,融通产业趋势臻选股票A,股票型
009892,富国成长策略混合A,混合型-偏股
009893,大摩优悦安和混合A,混合型-偏股
009896,广发港股通成长精选股票A,股票型
009897,广发港股通成长精选股票C,股票型
009898,民生加银医药健康股票A,股票型
009899,上银内需增长股票A,股票型
009900,易方达磐固六个月持有期混合A,混合型-偏债
009901,易方达磐固六个月持有期混合C,混合型-偏债
009902,易方达悦享一年持有混合A,混合型-偏债
009903,易方达悦享一年持有混合C,混合型-偏债
009907,湘财长泽灵活配置混合A,混合型-灵活
009908,湘财长泽灵活配置混合C,混合型-灵活
009909,嘉实动力先锋混合A,混合型-偏股
009910,嘉实动力先锋混合C,混合型-偏股
009912,九泰天富改革混合C,混合型-灵活
009913,中信保诚成长动力混合A,混合型-偏股
009914,富国成长动力混合A,混合型-偏股
009916,格林泓利增强债券A,债券型-混合二级
009917,格林泓利增强债券C,债券型-混合二级
009927,工银聚利18个月定开混合A,混合型-偏债
009928,工银聚利18个月定开混合C,混合型-偏债
009929,南方创新驱动混合A,混合型-偏股
009930,南方创新驱动混合C,混合型-偏股
009931,淳厚欣享一年持有期混合A,混合型-偏股
009932,永赢稳健增长一年持有混合A,混合型-偏债
009937,东方欣益一年持有期混合A,混合型-偏债
009938,东方欣益一年持有期混合C,混合型-偏债
009939,淳厚欣享一年持有期混合C,混合型-偏股
009940,格林稳健价值混合A,混合型-灵活
009941,格林稳健价值混合C,混合型-灵活
009943,浦银稳健丰利债券A,债券型-混合二级
009944,浦银稳健丰利债券C,债券型-混合二级
009950,财通资管均衡价值一年持有期混合,混合型-偏股
009951,广发稳健回报混合A,混合型-平衡
009952,广发稳健回报混合C,混合型-平衡
009954,华银优选成长股票,股票型
009955,广发鑫裕混合C,混合型-灵活
009956,广发恒誉混合A,混合型-偏债
009957,广发恒誉混合C,混合型-偏债
009958,长安鑫悦消费混合A,混合型-偏股
009959,长安鑫悦消费混合C,混合型-偏股
009960,银华多元机遇混合,混合型-偏股
009965,宝盈祥琪混合A,混合型-偏债
009966,宝盈祥琪混合C,混合型-偏债
009967,博时荣泰混合,混合型-灵活
009968,金鹰内需成长混合A,混合型-偏股
009969,金鹰内需成长混合C,混合型-偏股
009970,财通内需增长12个月定开混合,混合型-偏股
009975,华宝标普美国消费人民币C,指数型-海外股票
009977,银华招利一年持有期混合A,混合型-偏债
009978,银华招利一年持有期混合C,混合型-偏债
009981,万家创业板指数增强A,指数型-股票
009982,万家创业板指数增强C,指数型-股票
009983,永赢港股通品质生活慧选混合A,混合型-偏股
009984,鹏华启航混合,混合型-偏股
009986,天弘创新领航A,混合型-偏股
009987,天弘创新领航C,混合型-偏股
009988,信澳蓝筹精选股票A,股票型
009989,华宝研究精选混合,混合型-偏股
009990,华泰柏瑞品质优选A,混合型-偏股
009991,华泰柏瑞品质优选C,混合型-偏股
009992,景顺长城量化成长演化混合A,混合型-偏股
009993,嘉实前沿创新混合,混合型-偏股
009994,嘉实创新先锋混合A,混合型-偏股
009995,嘉实创新先锋混合C,混合型-偏股
009998,摩根慧见两年持有期混合,混合型-偏股
009999,东方中国红利混合,混合型-偏股
010000,长城中国智造灵活配置混合C,混合型-灵活
010003,景顺长城电子信息产业股票A,股票型
010004,景顺长城电子信息产业股票C,股票型
010008,国联成长优选混合A,混合型-偏股
010009,国联成长优选混合C,混合型-偏股
010010,国投瑞银港股通6个月定开股票,股票型
010011,景顺景颐招利6个月持有期债券A,债券型-混合二级
010012,景顺景颐招利6个月持有期债券C,债券型-混合二级
010013,易方达信息行业精选股票A,股票型
010014,华夏鼎清债券A,债券型-混合二级
010015,华夏鼎清债券C,债券型-混合二级
010016,华夏科技前沿6个月定开混合A,混合型-偏股
010017,华夏科技前沿6个月定开混合C,混合型-偏股
010018,招商瑞泽一年持有期混合A,混合型-偏债
010019,招商瑞泽一年持有期混合C,混合型-偏债
010020,华夏线上经济主题精选混合,混合型-偏股
010021,广发优企精选混合C,混合型-灵活
010022,广发消费品精选混合C,混合型-偏股
010023,广发制造业精选混合C,混合型-偏股
010024,广发沪港深新起点股票C,股票型
010025,广发聚丰混合C,混合型-偏股
010026,广发聚瑞混合C,混合型-偏股
010027,景顺长城核心中景一年持有混合,混合型-偏股
010028,华泰柏瑞创新升级混合C,混合型-灵活
010029,富国稳进回报12个月持有期混合A,混合型-偏债
010030,富国稳进回报12个月持有期混合C,混合型-偏债
010031,华泰柏瑞生物医药混合C,混合型-灵活
010032,华泰柏瑞新兴产业混合C,混合型-偏股
010033,安信成长精选混合A,混合型-偏股
010034,安信成长精选混合C,混合型-偏股
010035,平安高等级债E,债券型-混合一级
010036,广发恒通六个月持有期混合A,混合型-偏债
010037,华泰柏瑞价值增长混合C,混合型-偏股
010038,广发恒通六个月持有期混合C,混合型-偏债
010041,嘉实港股优势混合A,混合型-偏股
010042,嘉实港股优势混合C,混合型-偏股
010043,天弘安康颐和混合A,混合型-偏债
010044,天弘安康颐和混合C,混合型-偏债
010045,汇添富稳健添盈一年持有混合,混合型-偏债
010049,长城成长先锋混合A,混合型-偏股
010050,长城成长先锋混合C,混合型-偏股
010052,长城久嘉创新成长混合C,混合型-灵活
010053,安信聚利增强债券B,债券型-混合二级
010054,万家健康产业混合A,混合型-偏股
010055,万家健康产业混合C,混合型-偏股
010056,平安瑞兴1年持有混合A,混合型-偏债
010057,平安瑞兴1年持有混合C,混合型-偏债
010058,天弘荣创一年持有混合A,混合型-偏债
010062,南方行业精选一年混合A,混合型-偏股
010063,南方行业精选一年混合C,混合型-偏股
010064,圆信永丰兴研A,混合型-灵活
010065,圆信永丰兴研C,混合型-灵活
010068,工银双盈债券A,债券型-混合二级
010069,工银双盈债券C,债券型-混合二级
010072,方正富邦策略精选A,混合型-偏股
010073,方正富邦策略精选C,混合型-偏股
010076,湘财长弘灵活配置混合A,混合型-灵活
010077,湘财长弘灵活配置混合C,混合型-灵活
010081,泰康浩泽混合A,混合型-偏债
010082,泰康浩泽混合C,混合型-偏债
010084,蜂巢丰瑞债券A,债券型-混合一级
010085,蜂巢丰瑞债券C,债券型-混合一级
010086,中邮纯债丰利债券A,债券型-混合一级
010087,中邮纯债丰利债券C,债券型-混合一级
010088,工银优质成长混合A,混合型-偏股
010089,工银优质成长混合C,混合型-偏股
010090,中信建投医药健康A,混合型-偏股
010091,中信建投医药健康C,混合型-偏股
010092,永赢华嘉信用债A,债券型-混合一级
010093,西部利得港股通新机遇混合C,混合型-灵活
010094,交银产业机遇混合,混合型-偏股
010102,西部利得鑫泓增强债券A,债券型-混合二级
010103,西部利得鑫泓增强债券C,债券型-混合二级
010104,景顺长城消费精选混合A,混合型-偏股
010105,景顺长城消费精选混合C,混合型-偏股
010106,华夏核心科技6个月定开混合A,混合型-偏股
010107,华夏核心科技6个月定开混合C,混合型-偏股
010108,景顺长城核心招景混合A,混合型-偏股
010109,富国价值增长混合A,混合型-偏股
010110,广发医药健康混合A,混合型-偏股
010111,广发医药健康混合C,混合型-偏股
010112,广发研究精选股票A,股票型
010113,广发研究精选股票C,股票型
010114,华宝新兴成长混合A,混合型-偏股
010115,易方达远见成长混合A,混合型-偏股
010116,民生加银新兴产业混合A,混合型-偏股
010117,民生加银新兴产业混合C,混合型-偏股
010118,天弘多元收益债券A,债券型-混合二级
010119,天弘多元收益债券C,债券型-混合二级
010120,九泰久福量化股票A,股票型
010121,九泰久福量化股票C,股票型
010122,华泰柏瑞优势领航混合A,混合型-偏股
010123,华泰柏瑞优势领航混合C,混合型-偏股
010124,兴银景气优选混合A,混合型-偏股
010125,兴银景气优选混合C,混合型-偏股
010126,平安价值成长混合A,混合型-偏股
010127,平安价值成长混合C,混合型-偏股
010128,宝盈发展新动能股票A,股票型
010129,宝盈发展新动能股票C,股票型
010132,南方创新成长混合A,混合型-偏股
010133,南方创新成长混合C,混合型-偏股
010134,广发新经济混合C,混合型-偏股
010135,宏利高研发6个月持有混合A,混合型-偏股
010136,宏利高研发6个月持有混合C,混合型-偏股
010137,华泰柏瑞量化创享混合A,混合型-偏股
010138,华泰柏瑞量化创享混合C,混合型-偏股
010141,朱雀企业优选A,股票型
010142,朱雀企业优选C,股票型
010143,交银施罗德启欣混合,混合型-偏股
010144,国泰国证医药卫生行业指数C,指数型-股票
010147,博道嘉兴一年持有期混合,混合型-偏股
010148,浙商智选经济动能混合A,混合型-偏股
010149,浙商智选经济动能混合C,混合型-偏股
010150,南方君信混合C,混合型-灵活
010153,中加中证500指数增强A,指数型-股票
010154,中加中证500指数增强C,指数型-股票
010155,长盛核心成长混合A,混合型-偏股
010156,长盛核心成长混合C,混合型-偏股
010157,汇安中证500增强A,指数型-股票
010158,汇安中证500增强C,指数型-股票
010159,中银医疗保健混合C,混合型-灵活
010160,广发高端制造股票C,股票型
010161,广发瑞安精选股票A,股票型
010162,广发瑞安精选股票C,股票型
010163,财通资管价值精选一年持有混合A,混合型-偏股
010164,财通资管价值精选一年持有混合C,混合型-偏股
010165,太平丰和一年定开债券发起式,债券型-混合二级
010166,招商兴和优选1年持有期混合,混合型-偏股
010167,中银多策略混合C,混合型-灵活
010172,中银新回报灵活配置混合C,混合型-灵活
010174,英大智享债券A,债券型-混合二级
010175,英大智享债券C,债券型-混合二级
010176,中加新兴消费混合A,混合型-偏股
010177,中加新兴消费混合C,混合型-偏股
010178,大成企业能力驱动混合A,混合型-偏股
010179,大成企业能力驱动混合C,混合型-偏股
010180,华夏科技龙头两年持有混合,混合型-偏股
010181,兴业优势产业混合A,混合型-偏股
010182,兴业优势产业混合C,混合型-偏股
010183,南方创业板ETF联接E,指数型-股票
010186,嘉实核心成长混合A,混合型-偏股
010187,嘉实核心成长混合C,混合型-偏股
010188,中欧添益一年混合A,混合型-偏债
010189,中欧添益一年混合C,混合型-偏债
010196,易方达核心优势股票A,股票型
010197,易方达核心优势股票C,股票型
010198,易方达竞争优势企业混合A,混合型-偏股
010201,农银汇理智增一年定开混合,混合型-偏股
010202,天弘中证科技100指数增强发起A,指数型-股票
010203,天弘中证科技100指数增强发起C,指数型-股票
010204,中银港股通优势成长股票,股票型
010205,国寿安保裕安混合A,混合型-偏债
010206,国寿安保裕安混合C,混合型-偏债
010210,国泰中证计算机主题ETF联接C,指数型-股票
010213,中欧互联网先锋混合A,混合型-偏股
010214,中欧互联网先锋混合C,混合型-偏股
010215,中欧达益稳健一年混合A,混合型-偏债
010216,中欧达益稳健一年混合C,混合型-偏债
010219,汇添富稳健添益一年持有混合,混合型-偏债
010220,海富通消费核心混合A,混合型-偏股
010221,海富通消费核心混合C,混合型-偏股
010222,大摩民丰盈和一年持有混合,混合型-偏债
010224,海富通中证A100指数(LOF)C,指数型-股票
010225,东方红启航三年持有混合B,混合型-偏股
010228,平安鼎弘混合(LOF)C,混合型-偏债
010229,平安鼎弘混合(LOF)D,混合型-偏债
010230,南方宝昌混合A,混合型-偏债
010231,南方宝昌混合C,混合型-偏债
010234,华泰柏瑞量化增强混合C,混合型-偏股
010235,广发资源优选股票C,股票型
010236,广发电子信息传媒股票C,股票型
010237,安信创新先锋混合发起A,混合型-偏股
010238,安信创新先锋混合发起C,混合型-偏股
010239,平安瑞尚六个月持有混合A,混合型-偏债
010240,平安季季享3个月持有债券A,债券型-混合一级
010241,平安季季享3个月持有债券C,债券型-混合一级
010242,平安稳健增长混合A,混合型-偏债
010243,平安稳健增长混合C,混合型-偏债
010244,平安瑞尚六个月持有混合C,混合型-偏债
010245,广发品牌消费股票发起式C,股票型
010246,华泰柏瑞量化先行混合C,混合型-偏股
010249,国金惠诚债券A,债券型-混合二级
010250,国金惠诚债券C,债券型-混合二级
010253,兴银中证500指数增强A,指数型-股票
010257,天弘多利一年定开混合A,混合型-偏债
010260,海富通策略收益债券A,债券型-混合二级
010261,海富通策略收益债券C,债券型-混合二级
010264,鹏华成长智选混合A,混合型-偏股
010265,鹏华成长智选混合C,混合型-偏股
010268,太平睿安混合A,混合型-偏债
010269,太平睿安混合C,混合型-偏债
010270,汇安嘉盈一年持有期债券C,债券型-混合二级
010271,国富价值成长一年持有期混合A,混合型-偏股
010272,国富价值成长一年持有期混合C,混合型-偏股
010273,嘉实价值长青混合A,混合型-偏股
010274,嘉实价值长青混合C,混合型-偏股
010275,嘉实优质精选混合A,混合型-偏股
010276,嘉实优质精选混合C,混合型-偏股
010282,中信建投智享生活混合A,混合型-偏股
010283,中信建投智享生活混合C,混合型-偏股
010284,长城价值成长六个月持有期混合A,混合型-偏股
010285,长城价值成长六个月持有期混合C,混合型-偏股
010286,海富通成长价值混合A,混合型-偏股
010287,海富通成长价值混合C,混合型-偏股
010289,景顺长城产业趋势混合A,混合型-偏股
010291,华泰柏瑞研究精选C,混合型-偏股
010292,东方红核心优选定开混合C,混合型-偏债
010293,华商量化优质精选混合,混合型-偏股
010296,万家互联互通中国优势A,混合型-偏股
010297,万家互联互通中国优势C,混合型-偏股
010298,汇添富品牌驱动六个月持有混合,混合型-偏股
010299,南方产业升级混合A,混合型-偏股
010300,南方产业升级混合C,混合型-偏股
010301,达诚成长先锋混合A,混合型-偏股
010302,达诚成长先锋混合C,混合型-偏股
010303,华泰柏瑞量化创盈混合A,混合型-偏股
010304,华泰柏瑞量化创盈混合C,混合型-偏股
010305,华夏创新驱动混合A,混合型-偏股
010306,华夏创新驱动混合C,混合型-偏股
010311,中银沪深300指数增强C,指数型-股票
010312,中银金融地产混合C,混合型-偏股
010313,上银鑫恒混合A,混合型-偏股
010314,大摩内需增长混合A,混合型-偏股
010321,中银大健康股票C,股票型
010322,大摩新兴产业股票,股票型
010326,博时消费创新混合A,混合型-偏股
010327,博时消费创新混合C,混合型-偏股
010328,博时荣华灵活配置混合A,混合型-灵活
010329,博时荣华灵活配置混合C,混合型-灵活
010330,东吴兴享成长混合A,混合型-偏股
010333,华夏核心资产混合A,混合型-偏股
010334,华夏核心资产混合C,混合型-偏股
010335,华宝竞争优势混合A,混合型-偏股
010336,中欧悦享生活混合A,混合型-偏股
010337,中欧悦享生活混合C,混合型-偏股
010338,国投瑞银远见成长混合A,混合型-偏股
010339,国投瑞银远见成长混合C,混合型-偏股
010340,易方达高质量严选三年持有,混合型-偏股
010341,招商产业精选股票A,股票型
010342,招商产业精选股票C,股票型
010345,华泰柏瑞成长智选混合A,混合型-偏股
010346,华泰柏瑞成长智选混合C,混合型-偏股
010347,农银策略收益一年持有混合,混合型-偏股
010349,诺安低碳经济股票C,股票型
010350,景顺长城品质长青混合A,混合型-偏股
010351,诺安中证A100指数C,指数型-股票
010352,诺安沪深300指数增强C,指数型-股票
010355,诺安中证500指数增强C,指数型-股票
010356,诺安创业板指数增强(LOF)C,指数型-股票
010357,南方阿尔法混合A,混合型-偏股
010358,南方阿尔法混合C,混合型-偏股
010361,嘉实品质优选股票A,股票型
010362,嘉实品质优选股票C,股票型
010363,信澳匠心臻选两年持有期混合,混合型-偏股
010364,鹏华空天军工指数(LOF)C,指数型-股票
010365,鹏华中证香港银行指数(LOF)C,指数型-股票
010366,鹏华中证医药指数(LOF)C,指数型-股票
010369,大成卓享一年持有混合A,混合型-偏债
010370,大成卓享一年持有混合C,混合型-偏债
010371,大成成长进取混合A,混合型-偏股
010372,大成成长进取混合C,混合型-偏股
010373,西部利得聚兴一年定开混合A,混合型-偏债
010374,西部利得聚兴一年定开混合C,混合型-偏债
010375,国金鑫悦经济新动能A,混合型-偏股
010376,国金鑫悦经济新动能C,混合型-偏股
010377,广发价值核心混合A,混合型-偏股
010378,广发价值核心混合C,混合型-偏股
010379,广发均衡优选混合A,混合型-平衡
010380,广发均衡优选混合C,混合型-平衡
010381,浙商智选价值混合A,混合型-偏股
010382,浙商智选价值混合C,混合型-偏股
010383,宝盈基础产业混合A,混合型-偏股
010384,宝盈基础产业混合C,混合型-偏股
010385,华安汇嘉精选混合A,混合型-偏股
010386,华安汇嘉精选混合C,混合型-偏股
010387,易方达医药生物股票A,股票型
010388,易方达医药生物股票C,股票型
010389,易方达科益混合A,混合型-偏股
010390,易方达科益混合C,混合型-偏股
010391,易方达战略新兴产业股票A,股票型
010392,易方达战略新兴产业股票C,股票型
010393,工银健康生活混合A,混合型-偏股
010394,工银健康生活混合C,混合型-偏股
010404,博道盛利6个月持有期混合,混合型-偏债
010405,惠升医药健康6个月持有期混合,混合型-偏股
010408,安信浩盈6个月持有混合A,混合型-偏债
010409,富国消费精选30股票A,股票型
010410,长城品质成长混合A,混合型-偏股
010411,长城品质成长混合C,混合型-偏股
010412,汇安均衡优选混合A,混合型-偏股
010413,财通资管宸瑞一年持有混合A,混合型-偏股
010414,财通资管宸瑞一年持有混合C,混合型-偏股
010415,华泰柏瑞质量精选混合A,混合型-偏股
010416,华泰柏瑞质量精选混合C,混合型-偏股
010418,财通景气行业混合A,混合型-偏股
010419,申万菱信中证环保产业指数(LOF)C,指数型-股票
010420,民生加银成长优选股票A,股票型
010421,海富通消费优选混合A,混合型-偏股
010422,海富通消费优选混合C,混合型-偏股
010423,国投瑞银价值成长一年持有混合A,混合型-偏股
010424,国投瑞银价值成长一年持有混合C,混合型-偏股
010425,国投瑞银开放视角精选混合A,混合型-偏股
010426,国投瑞银开放视角精选混合C,混合型-偏股
010427,兴银策略智选混合A,混合型-偏股
010428,兴银策略智选混合C,混合型-偏股
010429,中欧睿见混合A,混合型-偏股
010430,招商安阳债券A,债券型-混合二级
010431,招商安阳债券C,债券型-混合二级
010432,广发国证2000ETF联接C,指数型-股票
010433,广发新兴产业混合C,混合型-灵活
010434,红土创新医疗保健股票A,股票型
010435,富国双债增强债券A,债券型-混合二级
010436,富国双债增强债券C,债券型-混合二级
010437,嘉实竞争力优选混合A,混合型-偏股
010438,嘉实竞争力优选混合C,混合型-偏股
010439,汇添富稳健汇盈一年持有期混合,混合型-偏债
010441,东方红启兴三年持有混合B,混合型-偏股
010442,东方红启盛三年持有混合B,混合型-偏股
010443,东方红启程三年持有混合B,混合型-偏股
010444,南方誉尚一年持有期混合A,混合型-偏债
010445,南方誉尚一年持有期混合C,混合型-偏债
010447,中邮未来成长混合A,混合型-偏股
010448,中邮未来成长混合C,混合型-偏股
010449,广发恒悦债券A,债券型-混合二级
010450,广发恒悦债券C,债券型-混合二级
010451,广发恒悦债券E,债券型-混合二级
010452,广发瑞福精选混合A,混合型-偏股
010453,广发瑞福精选混合C,混合型-偏股
010454,交银内需增长一年持有混合,混合型-偏股
010455,博时产业精选混合A,混合型-灵活
010456,博时产业精选混合C,混合型-灵活
010457,广发睿鑫混合A,混合型-偏股
010458,广发睿鑫混合C,混合型-偏股
010460,兴业研究精选混合A,混合型-偏股
010465,鹏扬景创混合A,混合型-偏债
010466,鹏扬景创混合C,混合型-偏债
010469,圆信永丰聚优股票A,股票型
010470,圆信永丰聚优股票C,股票型
010473,华富安华债券A,债券型-混合二级
010474,华富安华债券C,债券型-混合二级
010480,汇添富稳进双盈一年持有混合,混合型-偏债
010481,汇添富高质量成长精选2年持有混合,混合型-偏股
010483,交银启道混合,混合型-偏股
010484,中银量化精选混合C,混合型-灵活
010488,鹏华优选成长混合A,混合型-偏股
010489,鹏华优选成长混合C,混合型-偏股
010490,鹏华高质量增长混合A,混合型-偏股
010491,鹏华高质量增长混合C,混合型-偏股
010495,创金合信创新驱动股票A,股票型
010496,创金合信创新驱动股票C,股票型
010500,中银创新医疗混合C,混合型-偏股
010503,招商稳兴混合A,混合型-偏债
010504,招商稳兴混合C,混合型-偏债
010505,申万菱信创业板量化精选股票C,股票型
010506,东方红睿玺三年持有混合C,混合型-偏股
010513,淳厚益加债券A,债券型-混合二级
010514,淳厚益加债券C,债券型-混合二级
010515,富国天兴回报混合A,混合型-偏债
010518,华夏先锋科技一年定开混合A,混合型-偏股
010519,华夏先锋科技一年定开混合C,混合型-偏股
010522,华安添禧一年持有期混合A,混合型-偏债
010523,华安添禧一年持有期混合C,混合型-偏债
010524,银华中证5G通信主题ETF联接C,指数型-股票
010525,富国天兴回报混合C,混合型-偏债
010531,申万中证申万电子行业投资指数(LOF)C,指数型-股票
010532,广发恒信一年持有期混合A,混合型-偏债
010533,广发恒信一年持有期混合C,混合型-偏债
010534,广发均衡增长混合A,混合型-偏债
010535,广发均衡增长混合C,混合型-偏债
010536,泰康优势企业混合A,混合型-偏股
010537,泰康优势企业混合C,混合型-偏股
010539,浙商智多金稳健一年持有期A,混合型-偏债
010540,浙商智多金稳健一年持有期C,混合型-偏债
010541,国寿安保稳和6个月持有期混合A,混合型-偏债
010542,国寿安保稳和6个月持有期混合C,混合型-偏债
010543,中加科鑫混合A,混合型-偏债
010544,中加科鑫混合C,混合型-偏债
010545,中加聚隆持有期混合A,混合型-偏债
010546,中加聚隆持有期混合C,混合型-偏债
010547,博时恒进持有期混合A,混合型-偏债
010548,博时恒进持有期混合C,混合型-偏债
010549,富国均衡策略混合,混合型-偏股
010550,华商双擎领航混合,混合型-偏股
010551,淳厚欣颐一年持有期混合,混合型-偏股
010552,浙商智选领航三年持有混合A,混合型-偏股
010553,浙商智选领航三年持有混合C,混合型-偏股
010554,华安新兴消费混合A,混合型-偏股
010555,华安新兴消费混合C,混合型-偏股
010556,汇添富沪深300指数增强C,指数型-股票
010557,汇添富数字生活六个月持有混合,混合型-偏股
010558,汇安鑫利优选混合A,混合型-偏股
010559,汇安鑫利优选混合C,混合型-偏股
010560,永赢稳健增利18个月持有混合A,混合型-偏债
010562,永赢成长领航混合A,混合型-偏股
010563,永赢成长领航混合C,混合型-偏股
010570,新沃创新领航混合A,混合型-偏股
010571,新沃创新领航混合C,混合型-偏股
010572,易方达中证万得生物科技指数(LOF)C,指数型-股票
010573,华润元大富时中国A50指数C,指数型-股票
010579,中金恒嘉稳健3个月持有债券发起A,债券型-混合二级
010583,富国蓝筹精选股票(QDII)美元,QDII-普通股票
010584,渤海汇金新动能主题混合A,混合型-偏股
010585,创金合信医药消费股票A,股票型
010586,创金合信医药消费股票C,股票型
010587,鹏扬先进制造混合A,混合型-偏股
010588,鹏扬先进制造混合C,混合型-偏股
010589,鹏扬景安一年持有期混合A,混合型-偏债
010590,鹏扬景安一年持有期混合C,混合型-偏债
010591,富国中国中小盘混合(QDII)美元,QDII-混合偏股
010592,南方医药创新股票A,股票型
010593,南方医药创新股票C,股票型
010594,广发睿选三年持有期混合,混合型-偏股
010595,广发成长精选混合A,混合型-偏股
010596,广发成长精选混合C,混合型-偏股
010597,创金合信景雯灵活配置混合A,混合型-灵活
010598,创金合信景雯灵活配置混合C,混合型-灵活
010599,汇添富高质量成长30一年混合A,混合型-偏股
010600,光大安瑞一年持有A,债券型-混合二级
010601,光大安瑞一年持有C,债券型-混合二级
010602,长城均衡优选混合A,混合型-偏股
010605,创金合信鑫祥混合A,混合型-偏债
010606,创金合信鑫祥混合C,混合型-偏债
010608,华泰柏瑞质量领先混合A,混合型-偏股
010609,华泰柏瑞质量领先混合C,混合型-偏股
010610,摩根远见两年持有期混合,混合型-偏股
010611,万家战略发展产业混合A,混合型-偏股
010612,万家战略发展产业混合C,混合型-偏股
010615,国金自主创新混合A,混合型-偏股
010616,国金自主创新混合C,混合型-偏股
010617,兴业消费精选混合A,混合型-偏股
010618,兴业消费精选混合C,混合型-偏股
010619,华安添利6个月债券A,债券型-混合二级
010620,华安添利6个月债券C,债券型-混合二级
010622,恒越成长精选混合A,混合型-偏股
010623,恒越成长精选混合C,混合型-偏股
010624,富国稳健增长混合A,混合型-偏股
010625,富国稳健增长混合C,混合型-偏股
010629,广发可转债债券E,债券型-混合二级
010630,惠升和睿兴利债券A,债券型-混合二级
010633,惠升和睿兴利债券C,债券型-混合二级
010636,财通安盈混合A,混合型-偏债
010637,财通安盈混合C,混合型-偏债
010640,财通稳进回报6个月持有混合A,混合型-偏债
010641,财通稳进回报6个月持有混合C,混合型-偏债
010644,富国全球健康生活主题混合(QDII)人民币A,QDII-混合偏股
010645,富国全球健康生活主题混合(QDII)美元,QDII-混合偏股
010646,融通价值趋势混合A,混合型-偏股
010647,融通价值趋势混合C,混合型-偏股
010651,平安双季增享6个月持有债券A,债券型-混合二级
010652,平安双季增享6个月持有债券C,债券型-混合二级
010654,天弘医药创新A,混合型-偏股
010655,天弘医药创新C,混合型-偏股
010656,华商均衡30,混合型-偏股
010657,海富通欣睿混合A,混合型-偏债
010658,海富通欣睿混合C,混合型-偏债
010659,民生加银质量领先混合A,混合型-偏股
010660,民生加银质量领先混合C,混合型-偏股
010661,安信稳健聚申一年持有期混合C,混合型-偏债
010662,富国均衡优选混合,混合型-偏股
010663,长江均衡成长混合发起式A,混合型-偏股
010664,长江均衡成长混合发起式C,混合型-偏股
010665,博时高端装备混合A,混合型-偏股
010666,博时高端装备混合C,混合型-偏股
010667,安信价值回报三年持有混合C,混合型-偏股
010668,工银优选对冲灵活配置混合发起A,混合型-绝对收益
010669,工银优选对冲灵活配置混合发起C,混合型-绝对收益
010670,兴全合兴混合C,混合型-偏股
010671,景顺长城大中华混合(QDII)A美元现汇,QDII-混合偏股
010673,兴全中证800六个月持有指数A,指数型-股票
010674,兴全中证800六个月持有指数C,指数型-股票
010676,光大新机遇混合A,混合型-偏股
010677,工银传媒指数C,指数型-股票
010678,中欧均衡成长混合A,混合型-偏股
010679,中欧均衡成长混合C,混合型-偏股
010680,华夏新兴成长股票A,股票型
010681,华夏新兴成长股票C,股票型
010683,国联景颐6个月持有混合A,混合型-偏债
010684,国联景颐6个月持有混合C,混合型-偏债
010685,工银前沿医疗股票C,股票型
010687,工银文体产业股票C,股票型
010688,招商瑞德一年持有期混合A,混合型-偏债
010689,招商瑞德一年持有期混合C,混合型-偏债
010690,万家互联互通核心资产量化A,混合型-偏股
010691,万家互联互通核心资产量化C,混合型-偏股
010692,华夏核心价值混合A,混合型-偏股
010693,华夏核心价值混合C,混合型-偏股
010694,万家内需增长一年持有混合,混合型-偏股
010695,华夏磐益一年定开混合,混合型-偏股
010696,工银金融地产混合C,混合型-偏股
010697,国联行业先锋6个月持有混合A,混合型-偏股
010698,国联行业先锋6个月持有混合C,混合型-偏股
010699,东方红创新趋势混合,混合型-偏股
010700,东方红锦丰优选两年定开混合,混合型-偏债
010701,恒越内需驱动混合A,混合型-偏股
010702,恒越内需驱动混合C,混合型-偏股
010703,财通智选消费股票A,股票型
010704,财通智选消费股票C,股票型
010706,景顺长城景骊成长混合A,混合型-偏股
010707,安信平稳合盈一年持有混合A,混合型-偏债
010708,安信平稳合盈一年持有混合C,混合型-偏债
010709,安信医药健康股票A,股票型
010710,安信医药健康股票C,股票型
010712,中欧瑾利混合A,混合型-偏债
010713,中欧瑾利混合C,混合型-偏债
010714,东方红远见价值混合A,混合型-偏股
010715,财通资管消费升级一年持有A,混合型-偏股
010716,财通资管消费升级一年持有C,混合型-偏股
010717,前海开源优质企业6个月持有混合A,混合型-偏股
010718,前海开源优质企业6个月持有混合C,混合型-偏股
010723,中欧价值成长混合A,混合型-偏股
010724,中欧价值成长混合C,混合型-偏股
010725,鹏华安享一年持有期混合A,混合型-偏债
010726,鹏华安享一年持有期混合C,混合型-偏债
010728,中泰兴诚价值一年持有混合A,混合型-偏股
010729,中泰兴诚价值一年持有混合C,混合型-偏股
010730,银华心佳两年持有期混合,混合型-偏股
010731,广发创新医疗两年持有混合A,混合型-偏股
010732,广发创新医疗两年持有混合C,混合型-偏股
010736,易方达沪深300指数增强A,指数型-股票
010737,易方达沪深300指数增强C,指数型-股票
010738,大成优选升级一年持有混合A,混合型-偏股
010739,大成优选升级一年持有混合C,混合型-偏股
010740,汇安核心价值混合A,混合型-偏股
010741,汇安核心价值混合C,混合型-偏股
010742,南方宁悦一年持有期混合A,混合型-偏债
010743,南方宁悦一年持有期混合C,混合型-偏债
010744,工银灵动价值混合A,混合型-偏股
010745,工银灵动价值混合C,混合型-偏股
010746,富安达长三角区域主题混合A,混合型-偏股
010747,宝盈祥和9个月定开混合A,混合型-偏债
010748,宝盈祥和9个月定开混合C,混合型-偏债
010751,宝盈优质成长混合A,混合型-偏股
010752,宝盈优质成长混合C,混合型-偏股
010754,招商沪港深科技创新混合C,混合型-灵活
010755,博道睿见一年持有期混合,混合型-偏股
010761,华商甄选回报混合A,混合型-偏股
010764,九泰锐升混合,混合型-偏股
010769,天弘中证农业主题ETF联接A,指数型-股票
010770,天弘中证农业主题ETF联接C,指数型-股票
010771,天弘国证消费100指数增强发起A,指数型-股票
010772,天弘国证消费100指数增强发起C,指数型-股票
010775,博时恒旭持有期混合A,混合型-偏债
010776,博时恒旭持有期混合C,混合型-偏债
010779,西部利得量化优选一年持有A,混合型-偏股
010780,西部利得量化优选一年持有C,混合型-偏股
010781,兴业聚申一年持有期混合A,混合型-偏债
010782,兴业聚申一年持有期混合C,混合型-偏债
010783,德邦沪港深龙头混合A,混合型-偏股
010784,德邦沪港深龙头混合C,混合型-偏股
010785,博时创业板指数A,指数型-股票
010786,博时创业板指数C,指数型-股票
010787,华安优势企业混合A,混合型-偏股
010788,华安优势企业混合C,混合型-偏股
010789,汇添富恒生指数(QDII-LOF)C,指数型-海外股票
010790,海富通均衡甄选混合A,混合型-偏股
010791,海富通均衡甄选混合C,混合型-偏股
010792,华安成长先锋混合A,混合型-偏股
010793,华安成长先锋混合C,混合型-偏股
010795,民生价值发现一年持有混合A,混合型-偏股
010796,民生价值发现一年持有混合C,混合型-偏股
010797,长城优选回报六个月持有混合A,混合型-偏债
010798,长城优选回报六个月持有混合C,混合型-偏债
010801,长江量化消费精选股票A,股票型
010802,长江量化消费精选股票C,股票型
010803,天弘庆享债券A,债券型-混合二级
010804,天弘庆享债券C,债券型-混合二级
010805,东财新能源车A,指数型-股票
010806,东财新能源车C,指数型-股票
010807,融通稳信增益6个月持有期混合A,混合型-偏债
010808,达诚策略先锋混合A,混合型-偏股
010809,达诚策略先锋混合C,混合型-偏股
010812,中银战略新兴产业股票C,股票型
010813,华安添益一年持有混合A,混合型-偏债
010814,华安添益一年持有混合C,混合型-偏债
010815,农银新兴消费股票,股票型
010816,银华远兴一年持有期债券,债券型-混合二级
010819,安信稳健回报6个月混合A,混合型-偏债
010820,安信稳健回报6个月混合C,混合型-偏债
010821,东方红多元策略混合B,混合型-灵活
010824,天弘创新成长混合发起式A,混合型-偏股
010825,天弘创新成长混合发起式C,混合型-偏股
010826,大成产业趋势混合A,混合型-偏股
010827,大成产业趋势混合C,混合型-偏股
010830,国泰通利9个月持有期混合A,混合型-偏债
010831,国泰通利9个月持有期混合C,混合型-偏债
010832,国泰合益混合A,混合型-偏债
010833,国泰合益混合C,混合型-偏债
010834,国泰同益18个月持有期混合A,混合型-偏债
010835,国泰同益18个月持有期混合C,混合型-偏债
010837,格林泓景债券A,债券型-混合二级
010838,格林泓景债券C,债券型-混合二级
010839,易方达瑞安灵活配置混合A,混合型-灵活
010840,易方达瑞安灵活配置混合C,混合型-灵活
010841,华宝红利精选混合C,混合型-偏股
010842,华宝科技先锋混合C,混合型-偏股
010843,富国天润回报混合A,混合型-偏债
010844,富国天润回报混合C,混合型-偏债
010845,宏利波控回报12个月持有混合,混合型-偏债
010846,南方卓越优选3个月持有期混合A,混合型-偏股
010847,南方卓越优选3个月持有期混合C,混合型-偏股
010849,易方达竞争优势企业混合C,混合型-偏股
010852,中欧内需成长混合A,混合型-偏股
010853,中欧内需成长混合C,混合型-偏股
010854,汇添富沪深300基本面增强指数A,指数型-股票
010855,汇添富沪深300基本面增强指数C,指数型-股票
010861,长信企业优选一年持有混合,混合型-灵活
010862,东方红启阳三年持有混合B,混合型-偏股
010864,泓德卓远混合A,混合型-偏股
010865,泓德卓远混合C,混合型-偏股
010868,华宝安盈混合A,混合型-偏债
010869,汇添富稳健欣享一年持有混合,混合型-偏债
010870,汇添富稳健鑫添益六个月持有混合A,混合型-偏债
010871,中银信用增利债券(LOF)C,债券型-混合一级
010872,博时沪深300指数增强A,指数型-股票
010873,博时沪深300指数增强C,指数型-股票
010874,泰康品质生活混合A,混合型-偏股
010875,泰康品质生活混合C,混合型-偏股
010876,浙商智选先锋一年持有混合A,混合型-偏股
010877,浙商智选先锋一年持有混合C,混合型-偏股
010878,诺德优势产业,混合型-偏股
010879,南方宝升混合A,混合型-偏债
010880,南方宝升混合C,混合型-偏债
010881,南方宝顺混合A,混合型-偏债
010882,南方宝顺混合C,混合型-偏债
010885,长盛优势企业精选混合A,混合型-偏股
010886,长盛优势企业精选混合C,混合型-偏股
010887,南方消费升级混合A,混合型-偏股
010888,南方消费升级混合C,混合型-偏股
010889,工银创业板两年定开混合C,混合型-偏股
010890,交银鸿福六个月持有混合A,混合型-偏债
010891,交银鸿福六个月持有混合C,混合型-偏债
010892,中银证券精选行业股票A,股票型
010893,中银证券精选行业股票C,股票型
010894,鹏华汇智优选混合A,混合型-偏股
010895,鹏华汇智优选混合C,混合型-偏股
010896,太平价值增长股票A,股票型
010897,太平价值增长股票C,股票型
010898,银河产业动力混合A,混合型-偏股
010899,上银慧恒收益增强债券A,债券型-混合二级
010900,中欧生益稳健一年混合A,混合型-偏债
010901,中欧生益稳健一年混合C,混合型-偏债
010902,博时成长领航混合A,混合型-灵活
010903,博时成长领航混合C,混合型-灵活
010904,博时双季鑫6个月持有混合A,混合型-偏债
010905,博时双季鑫6个月持有混合C,混合型-偏债
010906,博远优享混合A,混合型-偏债
010907,博远优享混合C,混合型-偏债
010908,大成沪深300增强发起式A,指数型-股票
010909,大成沪深300增强发起式C,指数型-股票
010912,国泰成长价值混合A,混合型-偏股
010913,国泰成长价值混合C,混合型-偏股
010914,长盛成长精选混合A,混合型-偏股
010915,长盛成长精选混合C,混合型-偏股
010916,交银臻选回报混合A,混合型-偏债
010922,朱雀匠心一年持有,混合型-偏股
010923,永赢鑫欣混合A,混合型-偏债
010924,博时双季鑫6个月持有混合B,混合型-偏债
010925,兴银科技增长1个月滚动混合A,混合型-偏股
010926,兴银科技增长1个月滚动混合C,混合型-偏股
010927,大成元吉增利债券A,债券型-混合二级
010928,大成元吉增利债券C,债券型-混合二级
010929,大成核心价值甄选混合A,混合型-偏股
010930,大成核心价值甄选混合C,混合型-偏股
010934,国寿安保稳福6个月持有期混合A,混合型-偏债
010935,国寿安保稳福6个月持有期混合C,混合型-偏债
010936,交银均衡成长一年混合A,混合型-偏股
010937,交银均衡成长一年混合C,混合型-偏股
010940,大成安享得利六月持有混合A,混合型-偏债
010941,大成安享得利六月持有混合C,混合型-偏债
010942,招商瑞乐6个月持有期混合A,混合型-偏债
010943,招商瑞乐6个月持有期混合C,混合型-偏债
010944,招商商业模式优选A,混合型-偏股
010945,招商商业模式优选C,混合型-偏股
010947,中欧嘉选混合A,混合型-偏股
010948,中欧嘉选混合C,混合型-偏股
010949,景顺长城研究驱动三年持有混合,混合型-偏股
010953,天弘国证A50指数A,指数型-股票
010954,天弘国证A50指数C,指数型-股票
010955,天弘中证智能汽车指数发起式A,指数型-股票
010956,天弘中证智能汽车指数发起式C,指数型-股票
010962,中银鑫新消费成长混合C,混合型-偏股
010963,信澳周期动力混合A,混合型-偏股
010964,鹏华可转债债券C,债券型-混合二级
010965,中银鑫新消费成长混合A,混合型-偏股
010966,富国成长领航混合,混合型-偏股
010967,博道嘉丰混合A,混合型-偏股
010968,博道嘉丰混合C,混合型-偏股
010969,华夏安阳6个月持有期混合A,混合型-偏股
010970,华夏安阳6个月持有期混合C,混合型-偏股
010971,华夏永鑫六个月持有期混合A,混合型-偏债
010972,华夏永鑫六个月持有期混合C,混合型-偏债
010977,华夏鸿阳6个月持有期混合A,混合型-偏股
010978,华夏鸿阳6个月持有期混合C,混合型-偏股
010979,华夏鼎润债券A,债券型-混合二级
010980,华夏鼎润债券C,债券型-混合二级
010981,兴全汇虹一年持有混合A,混合型-偏债
010982,兴全汇虹一年持有混合C,混合型-偏债
010984,国寿安保稳安混合A,混合型-偏债
010985,国寿安保稳安混合C,混合型-偏债
010986,银华信用季季红债券C,债券型-混合一级
010989,南方中证房地产ETF发起联接E,指数型-股票
010990,南方有色金属ETF联接E,指数型-股票
010991,长盛同鑫行业配置混合C,混合型-灵活
010992,东财中证500A,指数型-股票
010993,东财中证500C,指数型-股票
010994,博时创新经济混合A,混合型-偏股
010995,博时创新经济混合C,混合型-偏股
010996,招商品质升级混合A,混合型-偏股
010997,招商品质升级混合C,混合型-偏股
010998,博道消费智航A,股票型
011001,中邮兴荣价值一年持有混合,混合型-偏股
011002,同泰大健康主题混合A,混合型-偏股
011003,同泰大健康主题混合C,混合型-偏股
011004,永赢鑫盛混合A,混合型-偏债
011006,工银圆丰三年持有期混合,混合型-偏股
011011,融通产业趋势精选混合A,混合型-偏股
011013,长城消费30股票A,股票型
011014,长城消费30股票C,股票型
011015,嘉合锦元回报混合A,混合型-偏债
011016,嘉合锦元回报混合C,混合型-偏债
011017,鹏扬景明一年混合,混合型-偏债
011018,景顺长城安泽回报一年持有混合A,混合型-偏债
011019,景顺长城安泽回报一年持有混合C,混合型-偏债
011020,财通资管消费精选混合C,混合型-灵活
011021,汇添富互联网核心资产六个月持有混合A,混合型-偏股
011022,汇添富互联网核心资产六个月持有混合C,混合型-偏股
011024,东兴兴利债券D,债券型-混合二级
011027,国寿安保稳弘混合A,混合型-偏债
011028,国寿安保稳弘混合C,混合型-偏债
011030,达诚价值先锋灵活配置A,混合型-灵活
011031,达诚价值先锋灵活配置C,混合型-灵活
011032,东方红睿泽三年持有混合C,混合型-偏股
011033,南方宝恒混合A,混合型-偏债
011034,南方宝恒混合C,混合型-偏债
011035,嘉实中证稀土产业ETF联接A,指数型-股票
011036,嘉实中证稀土产业ETF联接C,指数型-股票
011037,富国长期成长混合A,混合型-偏股
011040,天弘国证生物医药ETF发起式联接A,指数型-股票
011041,天弘国证生物医药ETF发起式联接C,指数型-股票
011042,国泰价值先锋股票A,股票型
011043,国泰价值先锋股票C,股票型
011044,中银顺泽回报一年持有期混合A,混合型-偏债
011045,中银顺泽回报一年持有期混合C,混合型-偏债
011046,富国优质企业混合A,混合型-偏股
011047,富国优质企业混合C,混合型-偏股
011048,天弘恒新混合A,混合型-偏债
011049,天弘恒新混合C,混合型-偏债
011050,天弘裕新混合A,混合型-偏债
011051,天弘裕新混合C,混合型-偏债
011052,鹏华弘裕一年持有期混合A,混合型-偏债
011053,鹏华弘裕一年持有期混合C,混合型-偏债
011056,博时汇兴回报一年持有期混合,混合型-灵活
011058,景顺长城成长龙头一年持有混合A,混合型-偏股
011059,景顺长城成长龙头一年持有混合C,混合型-偏股
011060,西部利得策略优选混合C,混合型-偏股
011061,广发安悦回报混合C,混合型-灵活
011064,南方誉享一年持有期混合A,混合型-偏债
011065,南方誉享一年持有期混合C,混合型-偏债
011066,大成高鑫股票C,股票型
011068,华宝资源优选混合C,混合型-偏股
011069,工银成长精选混合A,混合型-偏股
011070,工银成长精选混合C,混合型-偏股
011071,鹏华安悦一年持有期混合A,混合型-偏债
011072,鹏华安悦一年持有期混合C,混合型-偏债
011073,鹏华安润混合A,混合型-偏债
011074,鹏华安润混合C,混合型-偏债
011077,汇丰晋信创新先锋,股票型
011078,诺德品质消费6个月持有混合,混合型-偏股
011081,国投瑞银港股通混合C,混合型-偏股
011082,国投瑞银医疗保健混合C,混合型-灵活
011086,易方达瑞康混合A,混合型-灵活
011087,易方达瑞康混合C,混合型-灵活
011091,工银双玺6个月持有期债券A,债券型-混合二级
011092,工银双玺6个月持有期债券C,债券型-混合二级
011093,永赢宏泽一年定开混合,混合型-灵活
011095,博时恒泽混合A,混合型-偏债
011096,博时恒泽混合C,混合型-偏债
011097,达诚宜创精选混合A,混合型-偏股
011098,达诚宜创精选混合C,混合型-偏股
011099,富国价值创造混合A,混合型-偏股
011100,富国价值创造混合C,混合型-偏股
011102,天弘中证光伏产业指数A,指数型-股票
011103,天弘中证光伏产业指数C,指数型-股票
011104,光大智能汽车主题股票A,股票型
011105,长信稳健均衡6个月持有期混合A,混合型-偏债
011106,长信稳健均衡6个月持有期混合C,混合型-偏债
011107,九泰天兴量化智选A,股票型
011108,九泰天兴量化智选C,股票型
011109,南方晖元6个月持有期债券A,债券型-混合二级
011110,南方晖元6个月持有期债券C,债券型-混合二级
011111,华泰柏瑞行业严选混合A,混合型-偏股
011112,华泰柏瑞行业严选混合C,混合型-偏股
011113,富国军工主题混合C,混合型-偏股
011114,富国沪港深行业精选混合C,混合型-灵活
011117,富国沪港深业绩驱动混合型C,混合型-偏股
011118,汇添富稳健睿选一年持有混合A,混合型-偏债
011119,汇添富稳健睿选一年持有混合C,混合型-偏债
011120,富国创新科技混合C,混合型-偏股
011121,广发兴诚混合A,混合型-偏股
011122,汇添富ESG可持续成长股票A,股票型
011123,汇添富ESG可持续成长股票C,股票型
011124,富国金融地产行业混合C,混合型-偏股
011125,富国文体健康股票C,股票型
011126,富国互联科技股票C,股票型
011127,富国清洁能源产业混合C,混合型-灵活
011128,华安精致生活混合A,混合型-偏股
011129,华安精致生活混合C,混合型-偏股
011130,广发兴诚混合C,混合型-偏股
011131,富国沪港深价值混合C,混合型-灵活
011132,鹏扬沪深300质量成长低波动A,指数型-股票
011133,鹏扬沪深300质量成长低波动C,指数型-股票
011134,广发价值优选混合A,混合型-偏股
011135,广发价值优选混合C,混合型-偏股
011136,广发盛兴混合A,混合型-偏股
011137,广发盛兴混合C,混合型-偏股
011138,广发聚鸿六个月持有期混合A,混合型-偏股
011139,广发聚鸿六个月持有期混合C,混合型-偏股
011140,广发聚鸿六个月持有期混合E,混合型-偏股
011142,创金合信新材料新能源股票A,股票型
011143,创金合信新材料新能源股票C,股票型
011144,华安汇宏精选混合A,混合型-偏股
011145,华安汇宏精选混合C,混合型-偏股
011146,创金合信气候变化责任投资股票A,股票型
011147,创金合信气候变化责任投资股票C,股票型
011148,南方军工改革灵活配置混合C,混合型-灵活
011149,创金合信ESG责任投资股票A,股票型
011150,创金合信ESG责任投资股票C,股票型
011151,富国医疗保健行业混合C,混合型-偏股
011152,国富兴海回报混合A,混合型-偏股
011153,华宝新兴消费混合A,混合型-偏股
011154,华宝新兴消费混合C,混合型-偏股
011155,金鹰责任投资混合A,混合型-偏股
011156,金鹰责任投资混合C,混合型-偏股
011159,大成中小盘混合(LOF)C,混合型-偏股
011160,富国质量成长6个月持有混合A,混合型-偏股
011161,富国质量成长6个月持有混合C,混合型-偏股
011162,博时港股通领先趋势混合A,混合型-偏股
011163,博时港股通领先趋势混合C,混合型-偏股
011164,富国兴远优选12个月持有混合A,混合型-偏股
011165,富国兴远优选12个月持有混合C,混合型-偏股
011167,景顺长城景气成长混合A,混合型-偏股
011168,嘉实睿享安久双利18个月持有期债券,债券型-混合二级
011169,建信臻选混合,混合型-偏股
011170,宝盈智慧生活混合A,混合型-偏股
011171,宝盈智慧生活混合C,混合型-偏股
011172,广发利鑫灵活配置混合C,混合型-灵活
011173,银华心享一年持有期混合,混合型-偏股
011174,中庚价值品质一年持有期混合,混合型-偏股
011175,平安恒鑫混合A,混合型-偏债
011176,平安恒鑫混合C,混合型-偏债
011177,博时汇融回报一年持有混合A,混合型-偏股
011178,博时汇融回报一年持有混合C,混合型-偏股
011181,长盛成长龙头混合A,混合型-偏股
011182,长盛成长龙头混合C,混合型-偏股
011183,广发内需增长混合C,混合型-灵活
011184,东方阿尔法招阳混合A,混合型-偏股
011185,东方阿尔法招阳混合C,混合型-偏股
011186,信澳至诚精选混合A,混合型-偏股
011188,信澳星奕混合A,混合型-偏股
011189,建信智汇优选一年持有期混合(MOM),混合型-偏股
011190,招商瑞安1年持有期混合A,混合型-偏债
011191,招商瑞安1年持有期混合C,混合型-偏债
011192,广发恒荣三个月持有期混合A,混合型-偏债
011193,广发恒荣三个月持有期混合C,混合型-偏债
011194,广发睿铭两年持有期混合A,混合型-偏股
011195,广发睿铭两年持有期混合C,混合型-偏股
011196,摩根优势成长混合A,混合型-偏股
011197,摩根优势成长混合C,混合型-偏股
011201,财通优势行业轮动混合A,混合型-偏股
011202,财通优势行业轮动混合C,混合型-偏股
011203,永赢惠添益混合A,混合型-偏股
011204,永赢惠添益混合C,混合型-偏股
011205,兴银中证500指数增强C,指数型-股票
011206,创金合信竞争优势混合A,混合型-偏股
011207,创金合信竞争优势混合C,混合型-偏股
011208,泰康招享混合A,混合型-偏债
011209,泰康招享混合C,混合型-偏债
011212,富国稳健策略6个月持有混合A,混合型-偏股
011213,富国稳健策略6个月持有混合C,混合型-偏股
011216,南方优质企业混合A,混合型-偏股
011217,南方优质企业混合C,混合型-偏股
011220,南方匠心优选股票A,股票型
011221,南方匠心优选股票C,股票型
011223,信澳星奕混合C,混合型-偏股
011224,九泰盈泰量化股票A,股票型
011225,九泰盈泰量化股票C,股票型
011228,西部利得量化成长混合C,混合型-偏股
011229,创金合信数字经济主题股票A,股票型
011230,创金合信数字经济主题股票C,股票型
011231,光大锦弘混合A,混合型-偏债
011232,光大锦弘混合C,混合型-偏债
011236,摩根行业睿选股票A,股票型
011237,摩根行业睿选股票C,股票型
011238,华安聚恒精选混合A,混合型-偏股
011239,华安聚恒精选混合C,混合型-偏股
011240,东吴行业轮动混合C,混合型-偏股
011241,东吴双动力混合C,混合型-偏股
011242,东吴进取策略混合C,混合型-灵活
011243,万家惠裕回报6个月持有期混合A,混合型-偏债
011244,万家惠裕回报6个月持有期混合C,混合型-偏债
011246,嘉实阿尔法优选混合A,混合型-偏股
011247,嘉实阿尔法优选混合C,混合型-偏股
011248,嘉实品质回报混合,混合型-偏股
011249,嘉实稳裕混合A,混合型-偏债
011250,嘉实稳裕混合C,混合型-偏债
011251,华安聚嘉精选混合A,混合型-偏股
011252,华安聚嘉精选混合C,混合型-偏股
011256,交银鸿光一年混合A,混合型-偏债
011257,交银鸿光一年混合C,混合型-偏债
011259,汇添富高质量成长30一年混合C,混合型-偏股
011260,金鹰新能源混合A,混合型-偏股
011261,金鹰新能源混合C,混合型-偏股
011264,中欧新趋势混合X,混合型-偏股
011267,长盛鑫盛稳健一年持有A,混合型-偏债
011268,长盛鑫盛稳健一年持有C,混合型-偏债
011269,中银证券优势制造股票A,股票型
011270,中银证券优势制造股票C,股票型
011271,汇添富价值成长均衡投资混合A,混合型-偏股
011272,汇添富价值成长均衡投资混合C,混合型-偏股
011273,泰信景气驱动12个月持有混合A,混合型-偏股
011274,泰信景气驱动12个月持有混合C,混合型-偏股
011275,交银成长动力一年持有混合A,混合型-偏股
011276,交银成长动力一年持有混合C,混合型-偏股
011277,上银科技驱动双周定期可赎回混合A,混合型-偏股
011278,华夏内需驱动混合A,混合型-偏股
011279,华夏内需驱动混合C,混合型-偏股
011280,华宝双债增强债券A,债券型-混合二级
011281,华宝双债增强债券C,债券型-混合二级
011282,华夏消费龙头混合A,混合型-偏股
011283,华夏消费龙头混合C,混合型-偏股
011284,中信保诚龙腾精选混合,混合型-偏股
011285,民生价值优选6个月持有股票A,股票型
011286,民生价值优选6个月持有股票C,股票型
011287,前海开源聚慧三年持有混合,混合型-偏股
011288,上银医疗健康混合A,混合型-偏股
011289,上银医疗健康混合C,混合型-偏股
011290,前海联合添瑞一年持有混合A,混合型-偏债
011291,前海联合添瑞一年持有混合C,混合型-偏债
011293,中金恒远一年持有期混合,混合型-偏债
011295,中信保诚量化阿尔法股票C,股票型
011296,汇添富优势行业一年持有混合A,混合型-偏股
011297,汇添富优势行业一年持有混合C,混合型-偏股
011298,易方达悦安一年持有债券A,债券型-混合二级
011299,易方达悦安一年持有债券C,债券型-混合二级
011300,易方达智造优势混合A,混合型-偏股
011301,易方达智造优势混合C,混合型-偏股
011302,易方达悦盈一年持有混合A,混合型-偏债
011303,易方达悦盈一年持有混合C,混合型-偏债
011304,工银创新成长混合A,混合型-偏股
011305,工银创新成长混合C,混合型-偏股
011306,富国低碳新经济混合C,混合型-偏股
011307,富国天益价值混合C,混合型-灵活
011308,富国生物医药科技混合C,混合型-偏股
011309,富国消费主题混合C,混合型-偏股
011312,东方红启瑞三年持有混合B,混合型-灵活
011313,东方红启华三年持有混合B,混合型-偏股
011314,农银创新成长混合,混合型-偏股
011315,永赢港股通优质成长一年混合,混合型-偏股
011316,天弘创业板300ETF发起式联接A,指数型-股票
011317,天弘创业板300ETF发起式联接C,指数型-股票
011319,国泰上证综合ETF联接A,指数型-股票
011320,国泰上证综合ETF联接C,指数型-股票
011321,国泰大健康股票C,股票型
011322,国泰智能装备股票C,股票型
011323,国泰智能汽车股票C,股票型
011324,国泰价值精选灵活配置混合C,混合型-灵活
011325,国泰江源优势精选混合C,混合型-灵活
011326,国泰医药健康股票C,股票型
011327,太平丰盈一年定开债券发起式,债券型-混合二级
011328,景顺长城新能源产业股票A,股票型
011329,景顺长城新能源产业股票C,股票型
011330,鹏华精选群英一年持有混合MOM,混合型-灵活
011331,鹏华远见成长混合A,混合型-偏股
011332,鹏华远见成长混合C,混合型-偏股
011333,鹏华品质优选混合A,混合型-偏股
011334,鹏华品质优选混合C,混合型-偏股
011335,银河医药混合A,混合型-偏股
011336,兴全汇吉一年持有混合A,混合型-偏债
011337,兴全汇吉一年持有混合C,混合型-偏债
011338,兴全合远两年持有混合A,混合型-偏股
011339,兴全合远两年持有混合C,混合型-偏股
011340,博时战略新材料主题混合A,混合型-偏股
011341,博时战略新材料主题混合C,混合型-偏股
011344,景顺长城融景一年持有混合A,混合型-偏股
011345,景顺长城融景一年持有混合C,混合型-偏股
011346,淳厚鑫淳一年持有混合,混合型-偏股
011347,易方达宁易一年持有混合A,混合型-偏债
011348,易方达宁易一年持有混合C,混合型-偏债
011349,淳厚现代服务业股票A,股票型
011350,淳厚现代服务业股票C,股票型
011351,金鹰年年邮益一年持有混合A,混合型-偏债
011352,金鹰年年邮益一年持有混合C,混合型-偏债
011353,国联景盛一年持有混合A,混合型-偏债
011354,国联景盛一年持有混合C,混合型-偏债
011355,华泰柏瑞港股通时代机遇混合A,混合型-偏股
011356,华泰柏瑞港股通时代机遇混合C,混合型-偏股
011357,华泰柏瑞品质成长混合A,混合型-偏股
011358,华泰柏瑞品质成长混合C,混合型-偏股
011363,南方兴润价值一年持有混合A,混合型-灵活
011364,南方兴润价值一年持有混合C,混合型-灵活
011367,创金合信群力一年定期开放混合(MOM)A,混合型-偏股
011368,创金合信群力一年定期开放混合(MOM)C,混合型-偏股
011369,华商均衡成长混合A,混合型-偏股
011370,华商均衡成长混合C,混合型-偏股
011371,华商远见价值A,混合型-偏股
011372,华商远见价值C,混合型-偏股
011373,招商前沿医疗保健股票A,股票型
011374,招商前沿医疗保健股票C,股票型
011376,华宝安享混合A,混合型-偏债
011377,创金合信积极成长股票A,股票型
011378,创金合信积极成长股票C,股票型
011383,富安达医药创新混合A,混合型-偏股
011384,南方远见回报股票A,股票型
011385,南方远见回报股票C,股票型
011387,工银宁瑞6个月持有期混合A,混合型-偏债
011388,工银宁瑞6个月持有期混合C,混合型-偏债
011389,国都聚成混合,混合型-偏股
011390,华安添祥6个月持有混合A,混合型-偏债
011391,民生加银新战略混合C,混合型-灵活
011392,平安兴鑫回报一年定开混合,混合型-偏股
011393,中欧融益稳健一年混合A,混合型-偏债
011394,中欧融益稳健一年混合C,混合型-偏债
011395,博时恒元6个月持有期混合A,混合型-偏债
011396,博时恒元6个月持有期混合C,混合型-偏债
011399,汇添富数字未来混合A,混合型-偏股
011400,汇添富数字未来混合C,混合型-偏股
011401,汇添富成长精选混合A,混合型-偏股
011402,汇添富成长精选混合C,混合型-偏股
011403,融通鑫新成长混合A,混合型-偏股
011404,融通鑫新成长混合C,混合型-偏股
011405,银华稳健增长一年持有期混合,混合型-偏股
011408,天弘益新混合A,混合型-偏债
011409,天弘益新混合C,混合型-偏债
011410,中信建投量化进取A,混合型-偏股
011411,中信建投量化进取C,混合型-偏股
011412,易方达远见成长混合C,混合型-偏股
011414,鹏华宁华一年持有期混合A,混合型-偏债
011415,鹏华宁华一年持有期混合C,混合型-偏债
011416,恒越嘉鑫债券A,债券型-混合二级
011417,恒越嘉鑫债券C,债券型-混合二级
011418,汇添富消费精选两年持有股票A,股票型
011419,汇添富消费精选两年持有股票C,股票型
011420,广发全球科技三个月定开混合(QDII)人民币A,QDII-混合偏股
011421,广发全球科技三个月定开混合(QDII)美元A,QDII-混合偏股
011422,广发全球科技三个月定开混合(QDII)人民币C,QDII-混合偏股
011423,广发全球科技三个月定开混合(QDII)美元C,QDII-混合偏股
011424,汇添富外延增长股票C,股票型
011425,广发优势成长股票A,股票型
011426,广发优势成长股票C,股票型
011427,广发价值驱动混合A,混合型-偏股
011428,广发价值驱动混合C,混合型-偏股
011429,前海开源民裕进取,混合型-偏股
011430,广发估值优势混合C,混合型-偏股
011431,宏利消费服务混合A,混合型-偏股
011432,宏利消费服务混合C,混合型-偏股
011435,中欧研究精选混合A,混合型-偏股
011436,中欧研究精选混合C,混合型-偏股
011437,中泰开阳价值优选混合C,混合型-灵活
011442,创金合信鑫瑞混合A,混合型-偏债
011443,创金合信鑫瑞混合C,混合型-偏债
011446,长江新能源产业混合发起A,混合型-偏股
011447,长江新能源产业混合发起C,混合型-偏股
011450,招商企业优选混合A,混合型-偏股
011451,招商企业优选混合C,混合型-偏股
011452,华泰柏瑞质量成长C,混合型-偏股
011453,华泰柏瑞医疗健康C,混合型-偏股
011454,华泰柏瑞景气优选C,混合型-偏股
011455,长城竞争优势六个月混合A,混合型-偏股
011456,长城竞争优势六个月混合C,混合型-偏股
011457,新华行业龙头主题股票,股票型
011458,东方鑫享价值成长一年持有混合A,混合型-偏股
011459,东方鑫享价值成长一年持有混合C,混合型-偏股
011460,鹏华创新成长混合A,混合型-偏股
011461,鹏华创新成长混合C,混合型-偏股
011462,东吴兴享成长混合C,混合型-偏股
011463,长城量化精选股票C,股票型
011464,南华瑞利债券A,债券型-混合一级
011465,南华瑞利债券C,债券型-混合一级
011466,兴业医疗保健混合A,混合型-偏股
011467,兴业医疗保健混合C,混合型-偏股
011468,国富竞争优势三年持有期混合A,混合型-偏股
011469,国富竞争优势三年持有期混合C,混合型-偏股
011470,东吴新产业精选股票C,股票型
011471,鹏华致远成长混合A,混合型-偏股
011472,鹏华致远成长混合C,混合型-偏股
011473,工银战略转型股票C,股票型
011474,工银信息产业混合C,混合型-偏股
011475,工银消费服务混合C,混合型-偏股
011476,工银新蓝筹股票C,股票型
011477,工银总回报灵活配置混合C,混合型-灵活
011478,工银美丽城镇股票C,股票型
011479,广发诚享混合A,混合型-偏股
011480,广发诚享混合C,混合型-偏股
011481,广发瑞锦一年定期开放混合,混合型-偏股
011486,博时创新精选混合A,混合型-偏股
011487,博时创新精选混合C,混合型-偏股
011488,申万菱信乐享混合A,混合型-偏股
011489,创金合信双季享6个月持有A,债券型-混合一级
011490,创金合信双季享6个月持有C,债券型-混合一级
011492,华泰紫金丰睿债券发起A,债券型-混合二级
011493,华泰紫金丰睿债券发起C,债券型-混合二级
011494,华泰紫金丰和偏债混合发起A,混合型-偏债
011495,华泰紫金丰和偏债混合发起C,混合型-偏债
011496,华泰紫金月月发1个月滚动债券发起A,债券型-混合一级
011497,华泰紫金月月发1个月滚动债券发起C,债券型-混合一级
011498,富国沪深300基本面精选股票A,股票型
011499,富国沪深300基本面精选股票C,股票型
011500,九泰量化新兴产业,混合型-偏股
011501,方正富邦汇福一年定开混合A,混合型-灵活
011502,方正富邦汇福一年定开混合C,混合型-灵活
011503,建信智能生活混合,混合型-偏股
011504,上银丰益混合A,混合型-偏债
011505,上银丰益混合C,混合型-偏债
011506,建信高端装备股票A,股票型
011507,建信高端装备股票C,股票型
011508,易方达悦弘一年持有期混合A,混合型-偏债
011509,易方达悦弘一年持有期混合C,混合型-偏债
011510,国寿安保稳鑫一年持有混合A,混合型-偏债
011511,国寿安保稳鑫一年持有混合C,混合型-偏债
011512,天弘中证新能源车A,指数型-股票
011513,天弘中证新能源车C,指数型-股票
011514,中海海誉混合A,混合型-偏债
011515,中海海誉混合C,混合型-偏债
011516,嘉实浦盈一年持有期混合A,混合型-偏债
011517,嘉实浦盈一年持有期混合C,混合型-偏债
011518,嘉实价值臻选混合A,混合型-偏股
011521,鹏扬景源一年持有混合A,混合型-偏债
011522,鹏扬景源一年持有混合C,混合型-偏债
011523,前海联合产业趋势混合A,混合型-偏股
011524,前海联合产业趋势混合C,混合型-偏股
011525,中信保诚丰裕一年持有期混合A,混合型-偏债
011526,中信保诚丰裕一年持有期混合C,混合型-偏债
011527,博时恒悦6个月持有混合A,混合型-偏债
011528,博时恒悦6个月持有混合C,混合型-偏债
011530,泓德优质治理灵活配置混合,混合型-灵活
011531,朱雀恒心一年持有混合,混合型-偏股
011532,工银聚丰混合A,混合型-偏债
011533,工银聚丰混合C,混合型-偏债
011534,万家民瑞祥明6个月持有混合A,混合型-偏债
011535,万家民瑞祥明6个月持有混合C,混合型-偏债
011536,惠升惠益混合A,混合型-偏债
011537,惠升惠益混合C,混合型-偏债
011538,长城优选添瑞六个月持有混合A,混合型-偏债
011539,长城优选添瑞六个月持有混合C,混合型-偏债
011542,鹏华远见回报三年持有混合,混合型-偏股
011545,长江沪深300指数增强发起式A,指数型-股票
011546,长江沪深300指数增强发起式C,指数型-股票
011548,九泰久慧混合A,混合型-偏债
011549,九泰久慧混合C,混合型-偏债
011550,湘财创新成长一年持有期混合A,混合型-偏股
011551,湘财创新成长一年持有期混合C,混合型-偏股
011552,鹏华民丰盈和6个月持有混合A,混合型-偏债
011553,鹏华民丰盈和6个月持有混合C,混合型-偏债
011554,海富通欣利混合A,混合型-偏债
011555,海富通欣利混合C,混合型-偏债
011556,富国民裕进取沪港深成长C,混合型-偏股
011558,天弘宁弘六个月A,混合型-偏债
011559,天弘宁弘六个月C,混合型-偏债
011562,汇添富稳健盈和一年持有混合,混合型-偏债
011563,淳厚利加混合A,混合型-偏债
011564,淳厚利加混合C,混合型-偏债
011565,富国周期优势混合C,混合型-偏股
011566,富国美丽中国混合C,混合型-偏股
011567,富国消费升级混合C,混合型-偏股
011568,鹏华产业升级混合A,混合型-偏股
011569,鹏华产业升级混合C,混合型-偏股
011570,鹏华鑫远价值一年持有期混合A,混合型-偏股
011571,鹏华鑫远价值一年持有期混合C,混合型-偏股
011572,鹏华安荣混合A,混合型-偏债
011573,鹏华安荣混合C,混合型-偏债
011574,鹏华领航一年持有混合A,混合型-偏股
011575,鹏华领航一年持有混合C,混合型-偏股
011576,鹏华安诚混合A,混合型-偏债
011577,鹏华安诚混合C,混合型-偏债
011578,汇丰晋信核心成长A,混合型-偏股
011579,汇丰晋信核心成长C,混合型-偏股
011583,大成港股精选混合(QDII)A,QDII-混合偏股
011584,大成港股精选混合(QDII)C,QDII-混合偏股
011585,博时产业慧选混合A,混合型-偏股
011586,博时产业慧选混合C,混合型-偏股
011588,前海开源成份精选混合,混合型-偏股
011589,九泰天利量化A,股票型
011590,九泰天利量化C,股票型
011592,博时军工主题股票C,股票型
011598,信澳医药健康混合A,混合型-偏股
011599,国联安匠心科技1个月滚动持有混合,混合型-偏股
011601,前海开源公共卫生股票A,股票型
011602,前海开源公共卫生股票C,股票型
011603,兴业高端制造混合A,混合型-偏股
011604,兴业高端制造混合C,混合型-偏股
011607,民生中证内地资源主题指数C,指数型-股票
011608,易方达上证科创50联接A,指数型-股票
011609,易方达上证科创50联接C,指数型-股票
011610,华泰柏瑞上证科创板50成份ETF联接A,指数型-股票
011611,华泰柏瑞上证科创板50成份ETF联接C,指数型-股票
011612,华夏科创50ETF联接A,指数型-股票
011613,华夏科创50ETF联接C,指数型-股票
011614,工银科创50ETF联接A,指数型-股票
011615,工银科创50ETF联接C,指数型-股票
011616,国投瑞银瑞祥C,混合型-灵活
011618,国投瑞银瑞泰多策略混合C,混合型-灵活
011624,华夏卓享债券A,债券型-混合二级
011625,华夏卓享债券C,债券型-混合二级
011626,嘉实匠心回报混合A,混合型-偏股
011627,嘉实匠心回报混合C,混合型-偏股
011629,银河核心优势混合A,混合型-偏股
011630,东财有色增强A,指数型-股票
011631,东财有色增强C,指数型-股票
011635,富国港股通策略精选混合A,混合型-偏股
011636,富国港股通策略精选混合C,混合型-偏股
011637,广发沪港深价值成长混合A,混合型-偏股
011638,广发沪港深价值成长混合C,混合型-偏股
011643,嘉实时代先锋三年持有混合A,混合型-偏股
011644,嘉实时代先锋三年持有混合C,混合型-偏股
011645,国泰核心价值两年持有期股票A,股票型
011646,国泰核心价值两年持有期股票C,股票型
011649,易方达逆向投资混合A,混合型-偏股
011650,易方达逆向投资混合C,混合型-偏股
011651,招商港股通核心精选股票A,股票型
011652,招商港股通核心精选股票C,股票型
011653,国泰鑫享稳健6个月滚动持有债券,债券型-混合二级
011654,国泰鑫享稳健6个月滚动持有债券C,债券型-混合二级
011655,天弘兴益一年定开,债券型-混合一级
011656,天弘京津冀发起债A,债券型-混合二级
011657,天弘京津冀发起债C,债券型-混合二级
011663,华安研究驱动混合A,混合型-偏股
011664,华安研究驱动混合C,混合型-偏股
011665,汇添富数字经济引领发展三年持有混合A,混合型-偏股
011666,汇添富数字经济引领发展三年持有混合C,混合型-偏股
011667,东财高端制造增强A,指数型-股票
011668,东财高端制造增强C,指数型-股票
011669,长信优质企业混合A,混合型-偏股
011670,长信优质企业混合C,混合型-偏股
011671,中信建投双利3个月债A,债券型-混合二级
011672,中信建投双利3个月债C,债券型-混合二级
011673,长城医药科技六个月持有混合A,混合型-偏股
011674,长城医药科技六个月持有混合C,混合型-偏股
011681,汇添富均衡精选六个月持有混合A,混合型-偏股
011682,汇添富均衡精选六个月持有混合C,混合型-偏股
011685,创金合信先进装备股票A,股票型
011686,创金合信先进装备股票C,股票型
011687,易方达龙头优选两年持有混合A,混合型-偏股
011688,易方达龙头优选两年持有混合C,混合型-偏股
011690,招商品质发现混合A,混合型-偏股
011691,招商品质发现混合C,混合型-偏股
011692,华安研究智选混合A,混合型-偏股
011693,华安研究智选混合C,混合型-偏股
011694,华泰紫金信息科技主题6个月持有混合发起A,混合型-偏股
011695,华泰紫金信息科技主题6个月持有混合发起C,混合型-偏股
011698,南方均衡回报混合A,混合型-平衡
011701,南方均衡回报混合C,混合型-平衡
011702,广发睿享稳健增利混合C,混合型-偏债
011703,中金鑫瑞优选一年持有混合,混合型-灵活
011704,东方阿尔法产业先锋混合A,混合型-偏股
011705,东方阿尔法产业先锋混合C,混合型-偏股
011706,长信标普100等权重指数美元,指数型-海外股票
011707,东吴配置优化混合C,混合型-灵活
011708,中欧嘉益一年持有期混合A,混合型-偏股
011709,中欧嘉益一年持有期混合C,混合型-偏股
011710,中欧睿泽混合A,混合型-偏股
011711,中欧睿泽混合C,混合型-偏股
011712,大摩万众创新混合C,混合型-灵活
011713,中信保诚盛裕一年持有混合A,混合型-偏债
011714,中信保诚盛裕一年持有混合C,混合型-偏债
011717,浦银均衡优选6个月持有混合A,混合型-偏股
011718,浦银均衡优选6个月持有混合C,混合型-偏股
011720,易方达悦信一年持有混合A,混合型-偏债
011721,易方达悦信一年持有混合C,混合型-偏债
011722,前海开源深圳特区精选股票A,股票型
011723,前海开源深圳特区精选股票C,股票型
011724,东方红启恒三年持有混合B,混合型-偏股
011725,东方红新源三年持有混合B,混合型-平衡
011726,安信新常态股票C,股票型
011727,工银聚瑞混合A,混合型-偏债
011728,工银聚瑞混合C,混合型-偏债
011729,工银聚享混合A,混合型-偏债
011730,工银聚享混合C,混合型-偏债
011733,银华瑞祥一年持有期混合,混合型-偏股
011734,国寿安保裕丰混合A,混合型-偏债
011735,国寿安保裕丰混合C,混合型-偏债
011736,宝盈祥庆9个月持有混合A,混合型-偏债
011737,宝盈祥庆9个月持有混合C,混合型-偏债
011738,华安兴安优选一年持有混合A,混合型-平衡
011739,华安兴安优选一年持有混合C,混合型-平衡
011740,博时成长精选混合A,混合型-偏股
011741,博时成长精选混合C,混合型-偏股
011743,华夏兴源稳健一年持有混合A,混合型-偏债
011744,华夏兴源稳健一年持有混合C,混合型-偏债
011746,南方誉浦一年持有混合A,混合型-偏债
011747,南方誉浦一年持有混合C,混合型-偏债
011748,华泰柏瑞景气成长混合A,混合型-偏股
011749,华泰柏瑞景气成长混合C,混合型-偏股
011755,广发竞争优势混合C,混合型-灵活
011756,博时产业优选混合A,混合型-灵活
011757,博时产业优选混合C,混合型-灵活
011758,广发逆向策略混合C,混合型-灵活
011759,平安鑫盛混合发起式A,混合型-偏股
011760,平安鑫盛混合发起式C,混合型-偏股
011761,平安鑫瑞混合A,混合型-偏债
011762,平安鑫瑞混合C,混合型-偏债
011765,兴银高端制造混合A,混合型-偏股
011766,兴银高端制造混合C,混合型-偏股
011767,泰康合润混合A,混合型-偏债
011768,泰康合润混合C,混合型-偏债
011769,富国精诚回报12个月持有期混合A,混合型-偏债
011770,富国精诚回报12个月持有期混合C,混合型-偏债
011773,国寿安保璟珹6个月持有混合A,混合型-偏债
011774,国寿安保璟珹6个月持有混合C,混合型-偏债
011775,格林鑫悦一年持有期混合A,混合型-偏债
011776,格林鑫悦一年持有期混合C,混合型-偏债
011777,易方达稳健增长混合A,混合型-平衡
011778,易方达稳健增长混合C,混合型-平衡
011779,易方达稳泰一年持有混合A,混合型-偏债
011780,易方达稳泰一年持有混合C,混合型-偏债
011781,泓德慧享混合A,混合型-偏债
011782,泓德慧享混合C,混合型-偏债
011783,泓德睿源三年持有期混合,混合型-灵活
011784,天弘招添利混合发起A,混合型-偏债
011785,天弘招添利混合发起C,混合型-偏债
011786,工银聚安混合A,混合型-偏债
011787,工银聚安混合C,混合型-偏债
011788,工银聚益混合A,混合型-偏债
011789,工银聚益混合C,混合型-偏债
011790,建信创新驱动混合,混合型-偏股
011791,招商瑞盈9个月持有期混合A,混合型-偏债
011792,招商瑞盈9个月持有期混合C,混合型-偏债
011793,建信智能汽车股票,股票型
011798,华安宁享6个月混合A,混合型-偏债
011799,华安宁享6个月混合C,混合型-偏债
011800,申万菱信价值精选混合A,混合型-偏股
011801,中银证券盈瑞混合A,混合型-偏债
011802,中银证券盈瑞混合C,混合型-偏债
011803,景顺长城宁景6个月持有混合A,混合型-偏债
011804,景顺长城宁景6个月持有混合C,混合型-偏债
011805,嘉实优质核心两年持有混合A,混合型-偏股
011806,嘉实优质核心两年持有混合C,混合型-偏股
011807,平安研究精选混合A,混合型-偏股
011808,平安研究精选混合C,混合型-偏股
011811,财通安华混合发起A,混合型-偏债
011812,财通安华混合发起C,混合型-偏债
011813,融通创新动力混合A,混合型-偏股
011814,融通创新动力混合C,混合型-偏股
011815,恒越优势精选混合A,混合型-偏股
011816,融通多元收益一年持有期混合,混合型-偏债
011817,银华阿尔法混合,混合型-偏股
011818,鹏扬景阳一年持有混合A,混合型-偏债
011819,鹏扬景阳一年持有混合C,混合型-偏债
011820,兴业兴智一年持有期混合A,混合型-偏股
011821,兴业兴智一年持有期混合C,混合型-偏股
011822,易方达产业升级混合A,混合型-偏股
011823,易方达产业升级混合C,混合型-偏股
011824,浙商汇金量化臻选股票A,股票型
011825,浙商汇金量化臻选股票C,股票型
011826,汇添富健康生活一年持有混合A,混合型-偏股
011827,汇添富健康生活一年持有混合C,混合型-偏股
011828,平安睿享成长混合A,混合型-偏股
011829,平安睿享成长混合C,混合型-偏股
011830,富国天恒混合A,混合型-偏股
011831,富国天恒混合C,混合型-偏股
011832,西部利得人工智能主题指数增强A,指数型-股票
011833,西部利得人工智能主题指数增强C,指数型-股票
011834,大成投资严选六月持有混合A,混合型-偏股
011835,大成投资严选六月持有混合C,混合型-偏股
011836,银华智能建造股票发起式,股票型
011837,鹏扬中国优质成长混合A,混合型-偏股
011838,鹏扬中国优质成长混合C,混合型-偏股
011839,天弘中证人工智能主题ETF发起联接A,指数型-股票
011840,天弘中证人工智能主题ETF发起联接C,指数型-股票
011841,嘉实兴锐优选一年持有混合A,混合型-偏股
011842,嘉实兴锐优选一年持有混合C,混合型-偏股
011843,民生加银内核驱动混合A,混合型-偏股
011844,民生加银内核驱动混合C,混合型-偏股
011845,博时周期优选混合A,混合型-偏股
011846,博时周期优选混合C,混合型-偏股
011847,易方达商业模式优选混合A,混合型-偏股
011848,易方达商业模式优选混合C,混合型-偏股
011849,西部利得量化价值一年持有期混合,混合型-偏股
011851,天弘先进制造混合A,混合型-偏股
011852,天弘先进制造混合C,混合型-偏股
011853,招商中证消费龙头指数增强A,指数型-股票
011854,招商中证消费龙头指数增强C,指数型-股票
011855,银华长荣混合A,混合型-偏股
011856,安信均衡成长18个月持有混合A,混合型-偏股
011857,安信均衡成长18个月持有混合C,混合型-偏股
011860,南方中证1000ETF发起联接A,指数型-股票
011861,南方中证1000ETF发起联接C,指数型-股票
011862,南方蓝筹成长混合A,混合型-偏股
011863,南方蓝筹成长混合C,混合型-偏股
011864,博时恒泰债券A,债券型-混合二级
011865,博时恒泰债券C,债券型-混合二级
011866,广发价值增长混合A,混合型-偏股
011867,广发价值增长混合C,混合型-偏股
011868,中信建投远见回报混合A,混合型-偏股
011869,中信建投远见回报混合C,混合型-偏股
011870,前海开源国家比较优势混合C,混合型-灵活
011871,前海开源沪港深优势精选混合C,混合型-灵活
011872,中邮悦享6个月持有期混合A,混合型-偏债
011873,中邮悦享6个月持有期混合C,混合型-偏债
011874,博时先进制造混合A,混合型-偏股
011875,博时先进制造混合C,混合型-偏股
011876,景顺长城医疗健康混合A,混合型-偏股
011877,景顺长城医疗健康混合C,混合型-偏股
011879,博时新兴消费主题混合C,混合型-偏股
011882,招商蓝筹精选股票A,股票型
011883,招商蓝筹精选股票C,股票型
011884,工银景气优选混合A,混合型-偏股
011885,工银景气优选混合C,混合型-偏股
011888,民生加银周期优选混合A,混合型-偏股
011889,民生加银周期优选混合C,混合型-偏股
011891,易方达先锋成长混合A,混合型-偏股
011892,易方达先锋成长混合C,混合型-偏股
011893,易方达长期价值混合A,混合型-偏股
011894,易方达长期价值混合C,混合型-偏股
011895,博时医疗保健行业混合C,混合型-偏股
011897,长城悦享回报债券A,债券型-混合二级
011898,长城悦享回报债券C,债券型-混合二级
011899,长安鑫瑞科技6个月定开混合A,混合型-偏股
011900,长安鑫瑞科技6个月定开混合C,混合型-偏股
011901,南方竞争优势混合A,混合型-偏股
011902,南方竞争优势混合C,混合型-偏股
011903,南方领航优选混合A,混合型-偏股
011904,南方领航优选混合C,混合型-偏股
011905,安信价值启航混合A,混合型-偏股
011906,安信价值启航混合C,混合型-偏股
011907,国泰量化收益灵活配置混合C,混合型-灵活
011908,广发沪港深价值精选混合A,混合型-偏股
011909,广发沪港深价值精选混合C,混合型-偏股
011911,华夏消费优选混合A,混合型-偏股
011912,华夏消费优选混合C,混合型-偏股
011913,华夏永泓一年持有混合A,混合型-偏债
011914,华夏永泓一年持有混合C,混合型-偏债
011917,山证资管品质生活混合A,混合型-偏股
011918,山证资管品质生活混合C,混合型-偏股
011921,富国均衡成长三年持有期混合A,混合型-偏股
011922,富国均衡成长三年持有期混合C,混合型-偏股
011923,大成消费精选股票A,股票型
011924,嘉实港股互联网产业核心资产A,混合型-偏股
011925,嘉实港股互联网产业核心资产C,混合型-偏股
011926,大成消费精选股票C,股票型
011927,博时汇誉回报混合A,混合型-灵活
011928,博时汇誉回报混合C,混合型-灵活
011930,华夏时代前沿一年持有混合A,混合型-偏股
011931,华夏时代前沿一年持有混合C,混合型-偏股
011932,工银战略远见混合A,混合型-偏股
011933,工银战略远见混合C,混合型-偏股
011934,中航量化阿尔法六个月持有A,股票型
011935,中航量化阿尔法六个月持有C,股票型
011936,华夏阿尔法精选混合A,混合型-偏股
011937,华夏阿尔法精选混合C,混合型-偏股
011938,博时新能源汽车主题混合A,混合型-偏股
011939,博时新能源汽车主题混合C,混合型-偏股
011942,建信泓利一年持有期债券,债券型-混合二级
011945,汇添富稳健增益一年持有混合C,混合型-偏债
011948,东吴智慧医疗量化混合C,混合型-灵活
011949,东吴多策略混合C,混合型-灵活
011956,鹏华新能源精选混合A,混合型-偏股
011957,鹏华新能源精选混合C,混合型-偏股
011963,广发稳裕混合C,混合型-灵活
011964,泰康中证500ETF联接A,指数型-股票
011965,泰康中证500ETF联接C,指数型-股票
011966,招商中证光伏产业ETF联接A,指数型-股票
011967,招商中证光伏产业ETF联接C,指数型-股票
011969,建信港股通精选混合A,混合型-偏股
011970,建信港股通精选混合C,混合型-偏股
011971,东财银行A,指数型-股票
011972,东财银行C,指数型-股票
011975,广发均衡回报混合A,混合型-平衡
011976,广发均衡回报混合C,混合型-平衡
011977,格林研究优选混合A,混合型-偏股
011978,格林研究优选混合C,混合型-偏股
011980,国富匠心精选混合A,混合型-偏股
011981,国富匠心精选混合C,混合型-偏股
011982,博时内需增长混合C,混合型-灵活
011989,汇安鑫泽稳健一年持有期混合A,混合型-偏债
011990,汇安鑫泽稳健一年持有期混合C,混合型-偏债
011991,汇安泓利一年持有期混合A,混合型-偏债
011992,汇安泓利一年持有期混合C,混合型-偏债
011994,国联安核心优势混合A,混合型-偏股
011997,景顺长城安盈回报一年持有混合A,混合型-偏债
011998,景顺长城安盈回报一年持有混合C,混合型-偏债
012001,中泰星宇价值成长混合A,混合型-偏股
012002,中泰星宇价值成长混合C,混合型-偏股
012003,招商价值成长混合A,混合型-偏股
012004,招商价值成长混合C,混合型-偏股
012005,信澳恒盛混合A,混合型-偏债
012006,信澳恒盛混合C,混合型-偏债
012007,万家瑞富灵活配置混合C,混合型-灵活
012008,易方达稳健回报混合A,混合型-平衡
012009,易方达稳健回报混合C,混合型-平衡
012010,富国泰享回报6个月持有混合A,混合型-偏债
012011,富国泰享回报6个月持有混合C,混合型-偏债
012014,工银聚润6个月持有混合A,混合型-偏债
012015,工银聚润6个月持有混合C,混合型-偏债
012017,国投瑞银和旭一年持有债券A,债券型-混合二级
012018,国投瑞银和旭一年持有债券C,债券型-混合二级
012023,兴业聚乾混合A,混合型-偏债
012024,兴业聚乾混合C,混合型-偏债
012025,兴业聚兴混合A,混合型-偏债
012026,兴业聚兴混合C,混合型-偏债
012027,光大安阳一年持有期混合A,混合型-偏债
012028,光大安阳一年持有期混合C,混合型-偏债
012029,广发恒鑫一年持有期混合A,混合型-偏债
012030,广发恒鑫一年持有期混合C,混合型-偏债
012033,广发睿盛混合A,混合型-偏股
012034,广发睿盛混合C,混合型-偏股
012036,诺德兴远优选一年持有混合,混合型-平衡
012040,鹏华中证信息技术指数(LOF)C,指数型-股票
012041,鹏华中证国防指数(LOF)C,指数型-股票
012042,鹏华中证银行指数(LOF)C,指数型-股票
012043,鹏华酒C,指数型-股票
012044,鹏华中证全指证券公司指数(LOF)C,指数型-股票
012045,大成医药健康股票A,股票型
012046,大成医药健康股票C,股票型
012049,天弘安盈一年持有A,债券型-混合二级
012050,天弘安盈一年持有C,债券型-混合二级
012051,申万菱信乐道三年持有期混合,混合型-偏股
012052,财通资管新聚益6个月持有混合发起式A,混合型-偏债
012053,财通资管新聚益6个月持有混合发起式C,混合型-偏债
012054,鹏华安康一年持有期混合A,混合型-偏债
012055,鹏华安康一年持有期混合C,混合型-偏债
012057,鹏华品质成长混合A,混合型-偏股
012058,鹏华品质成长混合C,混合型-偏股
012060,富国全球消费精选混合(QDII)人民币A,QDII-混合偏股
012061,富国全球消费精选混合(QDII)美元,QDII-混合偏股
012062,富国全球消费精选混合(QDII)人民币C,QDII-混合偏股
012064,圆信永丰兴诺一年持有期混合,混合型-灵活
012065,嘉实民安添复一年持有期混合A,混合型-偏债
012066,嘉实民安添复一年持有期混合C,混合型-偏债
012067,嘉实蓝筹优势混合A,混合型-偏股
012068,嘉实蓝筹优势混合C,混合型-偏股
012069,天弘安康颐享12个月持有A,混合型-偏债
012070,天弘安康颐享12个月持有C,混合型-偏债
012071,中加喜利回报一年持有混合A,混合型-灵活
012072,中加喜利回报一年持有混合C,混合型-灵活
012073,华安均衡优选混合A,混合型-偏股
012074,华安均衡优选混合C,混合型-偏股
012075,易方达稳健添利混合A,混合型-平衡
012076,易方达稳健添利混合C,混合型-平衡
012077,易方达悦夏一年持有混合A,混合型-偏债
012078,易方达悦夏一年持有混合C,混合型-偏债
012079,信澳新能源精选混合A,混合型-偏股
012080,易方达中证500指数量化增强A,指数型-股票
012081,易方达中证500指数量化增强C,指数型-股票
012082,博时数字经济混合A,混合型-偏股
012083,博时数字经济混合C,混合型-偏股
012086,博时健康生活混合A,混合型-偏股
012087,博时健康生活混合C,混合型-偏股
012088,东方红锦和甄选18个月持有混合A,混合型-偏债
012089,东方红锦和甄选18个月持有混合C,混合型-偏债
012093,鹏华创新升级混合A,混合型-偏股
012094,鹏华创新升级混合C,混合型-偏股
012096,鑫元鑫动力混合A,混合型-偏股
012097,鑫元鑫动力混合C,混合型-偏股
012098,华夏成长机会一年持有混合,混合型-偏股
012099,华夏稳健增利滚动持有债A,债券型-混合二级
012100,华夏稳健增利滚动持有债C,债券型-混合二级
012101,中金金合债券,债券型-混合一级
012102,国寿安保低碳经济混合A,混合型-偏股
012103,国寿安保低碳经济混合C,混合型-偏股
012107,泓德瑞嘉三年持有期混合A,混合型-偏股
012108,泓德瑞嘉三年持有期混合C,混合型-偏股
012111,鹏华安颐混合A,混合型-偏债
012112,鹏华安颐混合C,混合型-偏债
012113,融通稳健增长一年持有期混合A,混合型-偏债
012114,融通稳健增长一年持有期混合C,混合型-偏债
012119,工银核心优势混合A,混合型-偏股
012120,工银核心优势混合C,混合型-偏股
012121,华夏永润六个月持有混合A,混合型-偏债
012122,华夏永润六个月持有混合C,混合型-偏债
012123,招商金安成长严选混合,混合型-偏股
012124,博道盛彦混合A,混合型-偏股
012125,博道盛彦混合C,混合型-偏股
012126,宏利新能源股票A,股票型
012127,宏利新能源股票C,股票型
012130,景顺长城先进智造混合A,混合型-偏股
012131,景顺长城先进智造混合C,混合型-偏股
012132,华泰保兴价值成长A,混合型-偏股
012137,景顺长城安瑞混合A,混合型-偏债
012138,景顺长城安益回报一年持有混合A,混合型-偏债
012139,景顺长城安益回报一年持有混合C,混合型-偏债
012140,太平丰泰一年定开债券发起式,债券型-混合二级
012143,新沃内需增长混合A,混合型-偏股
012144,新沃内需增长混合C,混合型-偏股
012145,中欧稳宁9个月持有债券A,债券型-混合二级
012146,中欧稳宁9个月持有债券C,债券型-混合二级
012147,富国大盘核心资产混合,混合型-偏股
012148,国投瑞银产业趋势混合A,混合型-偏股
012149,国投瑞银产业趋势混合C,混合型-偏股
012150,诺德价值发现一年持有混合,混合型-偏股
012153,博时研究慧选混合A,混合型-偏股
012154,博时研究慧选混合C,混合型-偏股
012155,汇添富成长先锋六个月持有混合A,混合型-偏股
012156,汇添富成长先锋六个月持有混合C,混合型-偏股
012157,汇添富上证50基本面增强指数A,指数型-股票
012158,汇添富上证50基本面增强指数C,指数型-股票
012159,财通资管健康产业混合A,混合型-偏股
012160,财通资管健康产业混合C,混合型-偏股
012161,安信招信一年持有混合A,混合型-偏债
012162,安信招信一年持有混合C,混合型-偏债
012170,华夏永顺一年持有混合A,混合型-偏债
012171,华夏永顺一年持有混合C,混合型-偏债
012173,国泰兴泽优选一年持有期混合A,混合型-偏股
012174,国泰兴泽优选一年持有期混合C,混合型-偏股
012175,易方达稳健增利混合A,混合型-平衡
012176,易方达稳健增利混合C,混合型-平衡
012177,华泰保兴价值成长C,混合型-偏股
012178,银华富饶精选三年持有期混合,混合型-偏股
012179,浦银创业板ETF联接A,指数型-股票
012180,浦银创业板ETF联接C,指数型-股票
012181,中银智能制造股票C,股票型
012182,广发沪港深精选混合A,混合型-偏股
012183,广发沪港深精选混合C,混合型-偏股
012184,大成创新趋势混合A,混合型-偏股
012185,大成创新趋势混合C,混合型-偏股
012186,招商品质成长混合A,混合型-偏股
012187,招商品质成长混合C,混合型-偏股
012188,华安优势龙头混合A,混合型-偏股
012189,华安优势龙头混合C,混合型-偏股
012191,中银恒泰9个月持有期债券A,债券型-混合二级
012192,中银恒泰9个月持有期债券C,债券型-混合二级
012193,泓德睿诚混合A,混合型-灵活
012194,泓德睿诚混合C,混合型-灵活
012195,万家瑞泽回报一年持有混合,混合型-偏债
012196,招商品质生活混合A,混合型-偏股
012197,招商品质生活混合C,混合型-偏股
012198,国金核心资产一年持有A,混合型-偏股
012199,国金核心资产一年持有C,混合型-偏股
012200,新华鑫科技3个月滚动持有灵活配置混合A,混合型-灵活
012201,新华鑫科技3个月滚动持有灵活配置混合C,混合型-灵活
012202,中加消费优选混合A,混合型-偏股
012203,中加消费优选混合C,混合型-偏股
012204,中银通利债券A,债券型-混合二级
012205,中银通利债券C,债券型-混合二级
012206,中泰沪深300量化优选增强A,指数型-股票
012207,中泰沪深300量化优选增强C,指数型-股票
012208,华夏港股前沿经济混合(QDII)A,QDII-混合偏股
012209,华夏港股前沿经济混合(QDII)C,QDII-混合偏股
012210,申万菱信智能汽车股票A,股票型
012211,申万菱信智能汽车股票C,股票型
012212,天弘中证高端装备制造指数增强A,指数型-股票
012213,天弘中证高端装备制造指数增强C,指数型-股票
012214,民生加银核心资产股票A,股票型
012215,民生加银核心资产股票C,股票型
012218,博时乐享混合A,混合型-偏债
012219,博时乐享混合C,混合型-偏债
012220,南方安泰混合C,混合型-偏债
012221,瑞达行业轮动混合A,混合型-偏股
012222,瑞达行业轮动混合C,混合型-偏股
012223,信澳成长精选混合A,混合型-偏股
012224,信澳成长精选混合C,混合型-偏股
012225,嘉实优势精选混合A,混合型-偏股
012226,嘉实优势精选混合C,混合型-偏股
012227,景顺长城港股通全球竞争力A,混合型-偏股
012228,景顺长城港股通全球竞争力C,混合型-偏股
012231,华安沣信债券A,债券型-混合二级
012232,华安沣信债券C,债券型-混合二级
012233,招商安盈债券C,债券型-混合二级
012234,华安聚弘精选混合A,混合型-偏股
012235,华安聚弘精选混合C,混合型-偏股
012236,中银持续增长混合C,混合型-偏股
012237,工银新价值灵活配置混合C,混合型-灵活
012238,工银养老产业股票C,股票型
012239,惠升优势企业一年持有期混合,混合型-灵活
012241,工银量化策略混合C,混合型-偏股
012243,东方红内需增长混合B,混合型-偏股
012244,广发金融地产精选股票A,股票型
012245,广发金融地产精选股票C,股票型
012248,大成恒享夏盛一年定开混合A,混合型-偏债
012249,大成恒享夏盛一年定开混合C,混合型-偏债
012250,安信平衡增利混合A,混合型-灵活
012251,安信平衡增利混合C,混合型-灵活
012253,鹏扬景润一年持有混合A,混合型-偏债
012254,鹏扬景润一年持有混合C,混合型-偏债
012255,富国高质量混合,混合型-偏股
012256,安信丰穗一年持有混合A,混合型-偏债
012257,安信丰穗一年持有混合C,混合型-偏债
012258,天弘鑫悦成长混合A,混合型-偏股
012259,天弘鑫悦成长混合C,混合型-偏股
012260,广发睿明优质企业混合A,混合型-偏股
012261,广发睿明优质企业混合C,混合型-偏股
012262,华宝可持续发展混合A,混合型-偏股
012263,华宝可持续发展混合C,混合型-偏股
012264,中银研究精选灵活配置混合C,混合型-灵活
012266,中泰稳固周周购12周滚动债A,债券型-混合二级
012267,中泰稳固周周购12周滚动债C,债券型-混合二级
012268,浙商智多享稳健混合发起式A,混合型-偏债
012269,浙商智多享稳健混合发起式C,混合型-偏债
012270,富国腾享回报6个月滚动持有A,混合型-偏债
012271,富国腾享回报6个月滚动持有C,混合型-偏债
012275,富国中证沪港深500ETF联接A,指数型-股票
012276,富国中证沪港深500ETF联接C,指数型-股票
012277,国泰佳益混合A,混合型-偏债
012278,国泰佳益混合C,混合型-偏债
012281,中欧精益稳健一年持有混合,混合型-偏债
012284,光大健康优加混合A,混合型-偏股
012287,东海启航6个月持有混合A,混合型-偏债
012292,泰康鼎泰一年持有期混合A,混合型-偏债
012293,泰康鼎泰一年持有期混合C,混合型-偏债
012294,泰康优势精选三年持有期混合,混合型-偏股
012297,东兴宸瑞量化混合A,混合型-偏股
012298,东兴宸瑞量化混合C,混合型-偏股
012299,浦银安裕回报一年持有期混合A,混合型-偏债
012300,浦银安裕回报一年持有期混合C,混合型-偏债
012301,易方达核心智造混合,混合型-偏股
012308,国泰价值远见混合A,混合型-偏股
012309,国泰价值远见混合C,混合型-偏股
012312,长城兴华优选一年定开混合A,混合型-偏股
012313,长城兴华优选一年定开混合C,混合型-偏股
012314,南方行业领先混合,混合型-偏股
012317,创金合信聚鑫债券A,债券型-混合二级
012318,创金合信聚鑫债券C,债券型-混合二级
012319,东财消费电子增强A,指数型-股票
012320,东财消费电子增强C,指数型-股票
012321,东财云计算增强A,指数型-股票
012322,东财云计算增强C,指数型-股票
012323,华宝医疗ETF联接C,指数型-股票
012328,天弘中证新能源指数增强A,指数型-股票
012329,天弘中证新能源指数增强C,指数型-股票
012330,广发集优9个月持有期债券A,债券型-混合二级
012331,广发集优9个月持有期债券C,债券型-混合二级
012332,上银鑫尚稳健回报6个月持有期混合A,混合型-平衡
012333,上银鑫尚稳健回报6个月持有期混合C,混合型-平衡
012334,上银慧尚6个月持有期混合A,混合型-偏债
012335,上银慧尚6个月持有期混合C,混合型-偏债
012338,中信建投双鑫债券A,债券型-混合二级
012339,中信建投双鑫债券C,债券型-混合二级
012340,东财食品饮料增强A,指数型-股票
012341,东财食品饮料增强C,指数型-股票
012342,广发瑞泽精选混合A,混合型-偏股
012343,广发瑞泽精选混合C,混合型-偏股
012344,嘉实领先优势混合A,混合型-偏股
012345,嘉实领先优势混合C,混合型-偏股
012346,易方达港股通成长混合A,混合型-偏股
012347,易方达港股通成长混合C,混合型-偏股
012348,天弘恒生科技ETF联接A,指数型-海外股票
012349,天弘恒生科技ETF联接C,指数型-海外股票
012350,万家元贞量化选股股票A,股票型
012351,万家元贞量化选股股票C,股票型
012354,南方新能源产业趋势混合A,混合型-偏股
012355,南方新能源产业趋势混合C,混合型-偏股
012358,汇丰晋信医疗先锋混合A,混合型-偏股
012359,汇丰晋信医疗先锋混合C,混合型-偏股
012360,汇丰晋信港股通核心资产股票发起式A,股票型
012361,汇丰晋信港股通核心资产股票发起式C,股票型
012362,国泰中证全指证券公司ETF联接A,指数型-股票
012363,国泰中证全指证券公司ETF联接C,指数型-股票
012364,广发中证光伏产业指数A,指数型-股票
012365,广发中证光伏产业指数C,指数型-股票
012366,摩根安荣回报混合A,混合型-偏债
012367,摩根安荣回报混合C,混合型-偏债
012368,大摩优享六个月持有期混合A,混合型-偏股
012369,大摩优享六个月持有期混合C,混合型-偏股
012370,银华鑫利一年持有期混合,混合型-偏股
012371,东财沪港深互联网A,指数型-股票
012372,东财沪港深互联网C,指数型-股票
012373,富国稳健恒盛12个月持有混合A,混合型-偏股
012374,富国稳健恒盛12个月持有混合C,混合型-偏股
012377,长盛安睿一年持有混合A,混合型-偏债
012378,长盛安睿一年持有混合C,混合型-偏债
012379,创金合信港股互联网3个月持有期混合(QDII)A,QDII-混合偏股
012380,创金合信港股互联网3个月持有期混合(QDII)C,QDII-混合偏股
012381,英大通盈纯债债券E,债券型-混合一级
012382,宏利新兴景气龙头混合A,混合型-偏股
012383,宏利新兴景气龙头混合C,混合型-偏股
012387,国金ESG持续增长混合A,混合型-偏股
012388,国金ESG持续增长混合C,混合型-偏股
012389,信澳品质回报6个月持有混合,混合型-偏股
012390,中欧产业前瞻混合A,混合型-偏股
012391,中欧产业前瞻混合C,混合型-偏股
012394,农银中证新华社民族品牌指数,指数型-股票
012397,南方佳元6个月持有债券A,债券型-混合二级
012398,南方佳元6个月持有债券C,债券型-混合二级
012399,南方永元一年持有债券A,债券型-混合二级
012400,南方永元一年持有债券C,债券型-混合二级
012401,天弘中证医药主题指数增强A,指数型-股票
012402,天弘中证医药主题指数增强C,指数型-股票
012406,永赢长远价值混合A,混合型-偏股
012407,永赢长远价值混合C,混合型-偏股
012408,广发恒昌一年持有混合A,混合型-偏债
012409,广发恒昌一年持有混合C,混合型-偏债
012410,海富通成长领航混合A,混合型-偏股
012411,海富通成长领航混合C,混合型-偏股
012412,汇泉策略优选混合A,混合型-偏股
012413,建信睿怡纯债C,债券型-混合一级
012414,招商中证白酒指数(LOF)C,指数型-股票
012417,招商国证生物医药指数(LOF)C,指数型-股票
012420,广发价值领先混合C,混合型-偏股
012421,华夏优加生活混合A,混合型-偏股
012422,华夏优加生活混合C,混合型-偏股
012426,南方价值臻选混合A,混合型-灵活
012427,南方价值臻选混合C,混合型-灵活
012428,华夏核心制造混合A,混合型-偏股
012429,华夏核心制造混合C,混合型-偏股
012430,农银瑞康6个月持有混合,混合型-偏债
012433,华安添和一年债券A,债券型-混合二级
012434,银华多元回报一年持有期混合,混合型-偏股
012435,万家招瑞回报一年持有混合A,混合型-偏债
012436,万家招瑞回报一年持有混合C,混合型-偏债
012437,德邦价值优选混合A,混合型-偏股
012438,德邦价值优选混合C,混合型-偏股
012439,东方红睿和三年持有混合C,混合型-偏股
012440,平安惠信3个月定开债A,债券型-混合一级
012441,平安惠信3个月定开债C,债券型-混合一级
012442,永赢稳健增长一年持有混合E,混合型-偏债
012443,招商瑞鸿6个月持有混合A,混合型-偏债
012444,招商瑞鸿6个月持有混合C,混合型-偏债
012445,华富新能源股票型发起式A,股票型
012446,华安添和一年债券C,债券型-混合二级
012447,华夏互联网龙头混合A,混合型-偏股
012448,华夏互联网龙头混合C,混合型-偏股
012449,广发睿毅领先混合C,混合型-偏股
012454,淳厚鑫悦混合A,混合型-偏股
012455,淳厚鑫悦混合C,混合型-偏股
012456,鹏扬数字经济先锋混合A,混合型-偏股
012457,鹏扬数字经济先锋混合C,混合型-偏股
012459,汇添富稳健睿享一年持有混合A,混合型-偏债
012460,汇添富稳健睿享一年持有混合C,混合型-偏债
012461,东财龙头家电A,指数型-股票
012462,东财龙头家电C,指数型-股票
012463,博时成长优势混合A,混合型-偏股
012464,博时成长优势混合C,混合型-偏股
012466,嘉实策略精选混合A,混合型-偏股
012467,嘉实策略精选混合C,混合型-偏股
012473,大成成长回报六个月持有混合A,混合型-偏股
012474,大成成长回报六个月持有混合C,混合型-偏股
012475,平安优质企业混合A,混合型-偏股
012476,平安优质企业混合C,混合型-偏股
012477,富国匠心精选12个月持有混合A,混合型-偏股
012478,富国匠心精选12个月持有混合C,混合型-偏股
012479,汇安信泰稳健一年持有期混合A,混合型-偏债
012480,汇安信泰稳健一年持有期混合C,混合型-偏债
012483,前海开源优质龙头6个月持有混合A,混合型-偏股
012484,前海开源优质龙头6个月持有混合C,混合型-偏股
012485,建信汇益一年持有混合A,混合型-偏债
012486,建信汇益一年持有混合C,混合型-偏债
012487,博时恒玺一年持有期混合A,混合型-偏债
012488,博时恒玺一年持有期混合C,混合型-偏债
012491,华商核心引力混合A,混合型-灵活
012492,华商核心引力混合C,混合型-灵活
012493,长信内需均衡混合A,混合型-偏股
012494,长信内需均衡混合C,混合型-偏股
012495,民生加银双核动力混合A,混合型-偏股
012496,同泰行业优选股票A,股票型
012497,同泰行业优选股票C,股票型
012498,汇添富中证500基本面增强指数A,指数型-股票
012499,汇添富中证500基本面增强指数C,指数型-股票
012500,博时汇荣回报混合A,混合型-灵活
012501,博时汇荣回报混合C,混合型-灵活
012502,银华安盛混合,混合型-偏股
012503,国泰中证环保产业50ETF联接A,指数型-股票
012504,国泰中证环保产业50ETF联接C,指数型-股票
012506,东方品质消费一年持有期混合A,混合型-偏股
012507,东方品质消费一年持有期混合C,混合型-偏股
012510,国富优质企业一年持有期混合A,混合型-偏股
012511,国富优质企业一年持有期混合C,混合型-偏股
012519,大成核心趋势混合A,混合型-偏股
012520,大成核心趋势混合C,混合型-偏股
012521,英大稳固增强核心一年持有混合A,混合型-偏债
012522,英大稳固增强核心一年持有混合C,混合型-偏债
012523,国联高质量成长混合A,混合型-偏股
012524,国联高质量成长混合C,混合型-偏股
012525,融通稳信增益6个月持有期混合C,混合型-偏债
012526,广发盛锦混合A,混合型-偏股
012527,广发盛锦混合C,混合型-偏股
012528,广发鑫睿一年持有期混合A,混合型-偏股
012529,广发鑫睿一年持有期混合C,混合型-偏股
012530,永赢惠添盈一年持有混合,混合型-偏股
012533,嘉实价值驱动一年持有期混合A,混合型-偏股
012534,嘉实价值驱动一年持有期混合C,混合型-偏股
012535,万家全球成长一年持有期混合(QDII)A,QDII-混合偏股
012536,万家全球成长一年持有期混合(QDII)C,QDII-混合偏股
012537,华宝中证细分化工产业主题ETF联接A,指数型-股票
012538,华宝中证细分化工产业主题ETF联接C,指数型-股票
012539,东方兴润债券A,债券型-混合二级
012540,东方兴润债券C,债券型-混合二级
012541,金鹰产业升级混合A,混合型-偏股
012542,金鹰产业升级混合C,混合型-偏股
012543,嘉实中证新能源汽车指数A,指数型-股票
012544,嘉实中证新能源汽车指数C,指数型-股票
012545,富荣福银混合A,混合型-偏股
012546,富荣福银混合C,混合型-偏股
012547,南方中证银行ETF发起联接E,指数型-股票
012548,华宝中证细分食品饮料产业主题ETF联接A,指数型-股票
012549,华宝中证细分食品饮料产业主题ETF联接C,指数型-股票
012550,华宝中证电子50ETF联接A,指数型-股票
012551,华宝中证电子50ETF联接C,指数型-股票
012552,天弘芯片产业ETF联接A,指数型-股票
012553,天弘芯片产业ETF联接C,指数型-股票
012554,西部利得创业板大盘ETF联接A,指数型-股票
012555,西部利得创业板大盘ETF联接C,指数型-股票
012556,长盛景气优选混合,混合型-偏股
012557,中欧景气前瞻一年混合A,混合型-偏股
012558,中欧景气前瞻一年混合C,混合型-偏股
012568,天弘高端制造混合A,混合型-偏股
012569,天弘高端制造混合C,混合型-偏股
012570,建信恒生科技指数发起(QDII)A,指数型-海外股票
012571,建信恒生科技指数发起(QDII)C,指数型-海外股票
012572,恒越乐享添利混合A,混合型-偏债
012573,恒越乐享添利混合C,混合型-偏债
012576,富国诚益回报12个月持有混合A,混合型-偏债
012577,富国诚益回报12个月持有混合C,混合型-偏债
012578,富国红利混合A,混合型-偏股
012579,富国红利混合C,混合型-偏股
012582,交银品质增长一年混合A,混合型-偏股
012583,交银品质增长一年混合C,混合型-偏股
012584,南方中国新兴经济9个月持有期混合(QDII)A,QDII-混合偏股
012585,南方中国新兴经济9个月持有期混合(QDII)C,QDII-混合偏股
012586,南方港股创新视野一年持有混合A,混合型-灵活
012587,南方港股创新视野一年持有混合C,混合型-灵活
012588,南方港股通优势企业混合A,混合型-偏股
012589,南方港股通优势企业混合C,混合型-偏股
012590,易方达中证全指证券公司ETF联接A,指数型-股票
012591,广发添财180天滚动持有债券A,债券型-混合一级
012592,广发添财180天滚动持有债券C,债券型-混合一级
012593,广发添财180天滚动持有债券E,债券型-混合一级
012594,招商瑞享1年持有期混合A,混合型-偏债
012595,招商瑞享1年持有期混合C,混合型-偏债
012596,汇添富中证800ETF联接A,指数型-股票
012597,汇添富中证800ETF联接C,指数型-股票
012600,中银内核驱动股票C,股票型
012605,东财证券保险A,指数型-股票
012606,东财证券保险C,指数型-股票
012607,汇添富保鑫灵活配置混合C,混合型-灵活
012608,信澳领先智选混合,混合型-偏股
012609,安信稳健汇利一年持有混合A,混合型-偏债
012610,安信稳健汇利一年持有混合C,混合型-偏债
012613,创金合信产业智选混合A,混合型-偏股
012614,创金合信产业智选混合C,混合型-偏股
012615,东吴国企改革主题灵活配置混合C,混合型-灵活
012616,嘉实优化红利混合C,混合型-偏股
012617,东吴新经济混合C,混合型-偏股
012619,嘉实中证软件服务ETF联接A,指数型-股票
012620,嘉实中证软件服务ETF联接C,指数型-股票
012621,诺安先锋混合C,混合型-偏股
012626,申万菱信汇元宝债券A,债券型-混合二级
012627,申万菱信汇元宝债券C,债券型-混合二级
012628,华夏大盘精选混合C,混合型-灵活
012629,广发国证半导体芯片ETF联接A,指数型-股票
012630,广发国证半导体芯片ETF联接C,指数型-股票
012631,中银优选灵活配置混合C,混合型-灵活
012634,国泰中证医疗ETF联接A,指数型-股票
012635,国泰中证医疗ETF联接C,指数型-股票
012636,国泰中证全指软件ETF联接A,指数型-股票
012637,国泰中证全指软件ETF联接C,指数型-股票
012640,鹏华稳健鸿利一年持有期混合A,混合型-偏股
012641,鹏华稳健鸿利一年持有期混合C,混合型-偏股
012643,招商中证红利ETF联接A,指数型-股票
012644,招商中证红利ETF联接C,指数型-股票
012647,中欧洞见一年持有混合,混合型-偏股
012650,博时半导体主题混合A,混合型-偏股
012651,博时半导体主题混合C,混合型-偏股
012659,华安安益灵活配置混合C,混合型-灵活
012660,华安新乐享灵活配置混合C,混合型-灵活
012661,广发恒益一年持有期混合A,混合型-偏债
012662,广发恒益一年持有期混合C,混合型-偏债
012663,国寿安保沪港深300ETF联接A,指数型-股票
012664,国寿安保沪港深300ETF联接C,指数型-股票
012667,国联景泓一年持有混合A,混合型-偏债
012668,国联景泓一年持有混合C,混合型-偏债
012669,南方新兴产业混合A,混合型-偏股
012670,南方新兴产业混合C,混合型-偏股
012671,嘉实核心蓝筹混合A,混合型-偏股
012672,嘉实核心蓝筹混合C,混合型-偏股
012675,国新国证融泽6个月定开混合A,混合型-灵活
012676,国新国证融泽6个月定开混合C,混合型-灵活
012679,华泰柏瑞光伏ETF联接A,指数型-股票
012680,华泰柏瑞光伏ETF联接C,指数型-股票
012681,永赢鑫辰混合A,混合型-偏债
012682,永赢鑫辰混合C,混合型-偏债
012683,东方红安盈甄选一年持有混合A,混合型-偏债
012684,东方红安盈甄选一年持有混合C,混合型-偏债
012688,长安成长优选混合A,混合型-偏股
012689,长安成长优选混合C,混合型-偏股
012690,广发消费领先混合A,混合型-偏股
012691,广发消费领先混合C,混合型-偏股
012696,同泰数字经济股票A,股票型
012697,同泰数字经济股票C,股票型
012698,平安中证新能车ETF联接A,指数型-股票
012699,平安中证新能车ETF联接C,指数型-股票
012700,易方达中证全指证券公司ETF联接C,指数型-股票
012701,安信民安回报一年持有混合A,混合型-偏债
012702,安信民安回报一年持有混合C,混合型-偏债
012703,华夏核心成长混合A,混合型-偏股
012704,中银兴利稳健回报灵活配置混合A,混合型-灵活
012705,中银兴利稳健回报灵活配置混合C,混合型-灵活
012706,中银核心精选混合A,混合型-偏股
012707,中银核心精选混合C,混合型-偏股
012708,东方红中证红利低波动指数A,指数型-股票
012709,东方红中证红利低波动指数C,指数型-股票
012710,华夏核心成长混合C,混合型-偏股
012711,前海开源沪港深蓝筹精选混合C,混合型-灵活
012712,建信沪深300红利ETF联接A,指数型-股票
012713,建信沪深300红利ETF联接C,指数型-股票
012715,长盛成长价值混合C,混合型-偏股
012716,长盛创新先锋混合C,混合型-灵活
012717,易方达中证科技50ETF联接A,指数型-股票
012718,易方达中证科技50ETF联接C,指数型-股票
012719,华夏新兴经济一年持有混合A,混合型-偏股
012720,华夏新兴经济一年持有混合C,混合型-偏股
012722,平安中证光伏产业指数A,指数型-股票
012723,平安中证光伏产业指数C,指数型-股票
012724,国泰中证畜牧养殖ETF联接A,指数型-股票
012725,国泰中证畜牧养殖ETF联接C,指数型-股票
012728,国泰中证动漫游戏ETF联接A,指数型-股票
012729,国泰中证动漫游戏ETF联接C,指数型-股票
012733,易方达中证人工智能主题ETF联接A,指数型-股票
012734,易方达中证人工智能主题ETF联接C,指数型-股票
012737,广发创新药ETF联接A,指数型-股票
012738,广发创新药ETF联接C,指数型-股票
012740,工银平衡回报6个月持有期债券A,债券型-混合二级
012741,工银平衡回报6个月持有期债券C,债券型-混合二级
012744,光大品质生活混合A,混合型-偏股
012746,富国双利增强债券A,债券型-混合二级
012747,富国双利增强债券C,债券型-混合二级
012748,华泰柏瑞远见智选混合A,混合型-偏股
012749,华泰柏瑞远见智选混合C,混合型-偏股
012751,建信纳斯达克100指数(QDII)A美元现汇,指数型-海外股票
012752,建信纳斯达克100指数(QDII)C人民币,指数型-海外股票
012753,建信纳斯达克100指数(QDII)C美元现汇,指数型-海外股票
012754,鹏华内地低碳联接A,指数型-股票
012755,鹏华内地低碳联接C,指数型-股票
012756,易方达中证龙头企业指数A,指数型-股票
012757,易方达中证龙头企业指数C,指数型-股票
012758,光大品质生活混合C,混合型-偏股
012761,华泰柏瑞上证红利ETF联接A,指数型-股票
012762,华泰柏瑞上证红利ETF联接C,指数型-股票
012765,广发大盘价值混合A,混合型-偏股
012766,广发大盘价值混合C,混合型-偏股
012767,财通资管价值发现混合C,混合型-偏股
012768,华夏中证动漫游戏ETF发起式联接A,指数型-股票
012769,华夏中证动漫游戏ETF发起式联接C,指数型-股票
012770,光大创新生活混合A,混合型-偏股
012771,宝盈优势产业混合C,混合型-灵活
012772,信澳精华配置混合C,混合型-灵活
012778,中欧养老产业混合C,混合型-偏股
012779,博时移动互联主题混合A,混合型-偏股
012780,博时移动互联主题混合C,混合型-偏股
012781,银华中证创新药产业ETF发起式联接A,指数型-股票
012782,银华中证创新药产业ETF发起式联接C,指数型-股票
012785,鹏华品质精选混合A,混合型-偏股
012786,鹏华品质精选混合C,混合型-偏股
012789,汇添富双享回报债券A,债券型-混合二级
012790,汇添富双享回报债券C,债券型-混合二级
012793,长城科创两年定开混合C,混合型-偏股
012800,宏利转型机遇股票C,股票型
012801,富国中证医药50ETF联接A,指数型-股票
012802,富国中证医药50ETF联接C,指数型-股票
012804,广发恒生科技ETF联接(QDII)A,指数型-海外股票
012805,广发恒生科技ETF联接(QDII)C,指数型-海外股票
012808,鹏华中证A股资源产业指数(LOF)C,指数型-股票
012809,鹏华中证沪港深科技龙头指数(LOF)C,指数型-股票
012810,鹏华国证钢铁行业指数(LOF)C,指数型-股票
012812,国富鑫颐收益混合A,混合型-偏债
012813,国富鑫颐收益混合C,混合型-偏债
012814,兴华安盈一年定开债券发起式,债券型-混合一级
012815,宝盈新兴产业混合C,混合型-灵活
012816,国泰致和混合A,混合型-偏股
012817,国泰致和混合C,混合型-偏股
012818,招商享诚增强债券A,债券型-混合二级
012819,招商享诚增强债券C,债券型-混合二级
012820,汇添富价值领先混合,混合型-偏股
012821,易方达悦丰一年持有期混合A,混合型-偏债
012822,易方达悦丰一年持有期混合C,混合型-偏债
012826,工银聚宁9个月持有期混合A,混合型-偏债
012827,工银聚宁9个月持有期混合C,混合型-偏债
012828,富国浦诚回报12个月持有混合A,混合型-偏债
012829,富国浦诚回报12个月持有混合C,混合型-偏债
012831,南方中证新能源ETF联接A,指数型-股票
012832,南方中证新能源ETF联接C,指数型-股票
012833,交银鸿信一年持有期混合A,混合型-偏债
012834,交银鸿信一年持有期混合C,混合型-偏债
012835,招商景气精选股票A,股票型
012836,招商景气精选股票C,股票型
012837,华安CES半导体芯片行业指数发起A,指数型-股票
012838,华安CES半导体芯片行业指数发起C,指数型-股票
012839,东方红智华三年持有混合A,混合型-偏股
012840,东方红智华三年持有混合C,混合型-偏股
012842,易方达中证军工(LOF)C,指数型-股票
012844,工银瑞信恒兴6个月持有混合A,混合型-偏股
012845,工银瑞信恒兴6个月持有混合C,混合型-偏股
012846,恒越蓝筹精选混合,混合型-偏股
012847,诺安积极回报混合C,混合型-灵活
012848,大成悦享生活混合A,混合型-偏股
012849,大成悦享生活混合C,混合型-偏股
012850,国联低碳经济3个月持有混合A,混合型-偏股
012851,国联低碳经济3个月持有混合C,混合型-偏股
012852,嘉实远见先锋一年持有期混合A,混合型-偏股
012853,嘉实远见先锋一年持有期混合C,混合型-偏股
012854,英大中证ESG120策略指数A,指数型-股票
012855,英大中证ESG120策略指数C,指数型-股票
012857,汇添富中证主要消费ETF联接C,指数型-股票
012860,易方达标普500指数人民币C,指数型-海外股票
012861,易方达标普500指数美元汇C,指数型-海外股票
012862,汇添富中证电池主题ETF发起式联接A,指数型-股票
012863,汇添富中证电池主题ETF发起式联接C,指数型-股票
012864,易方达标普医疗保健人民币C,指数型-海外股票
012865,易方达标普医疗保健美元汇C,指数型-海外股票
012866,易方达标普生物科技人民币C,指数型-海外股票
012867,易方达标普生物科技美元汇C,指数型-海外股票
012868,易方达标普信息科技指数(QDII-LOF)C(人民币),指数型-海外股票
012869,易方达标普信息科技指数(QDII-LOF)C(美元现汇),指数型-海外股票
012870,易方达纳斯达克100ETF联接(QDII-LOF)C(人民币),指数型-海外股票
012871,易方达纳斯达克100ETF联接(QDII-LOF)C(美元现汇),指数型-海外股票
012872,易方达中小企业100(LOF)C,指数型-股票
012873,易方达中证国企改革(LOF)C,指数型-股票
012874,易方达中证全指证券公司指数(LOF)C,指数型-股票
012875,易方达上证50指数(LOF)C,指数型-股票
012876,富荣福耀混合A,混合型-偏股
012877,富荣福耀混合C,混合型-偏股
012878,中信建投量化精选6个月持有混合A,混合型-偏股
012879,中信建投量化精选6个月持有混合C,混合型-偏股
012880,国泰景气优选混合A,混合型-偏股
012881,国泰景气优选混合C,混合型-偏股
012884,华夏港股通精选股票发起式(LOF)C,股票型
012885,华夏中证光伏产业ETF发起式联接A,指数型-股票
012886,华夏中证光伏产业ETF发起式联接C,指数型-股票
012887,华夏可转债增强债券C,债券型-混合二级
012888,工银兴瑞一年持有期混合A,混合型-偏股
012889,工银兴瑞一年持有期混合C,混合型-偏股
012891,安信鑫发优选混合C,混合型-灵活
012892,安信优质企业三年持有混合A,混合型-偏股
012893,安信优质企业三年持有混合C,混合型-偏股
012894,天弘中证科创创业50ETF联接A,指数型-股票
012895,天弘中证科创创业50ETF联接C,指数型-股票
012898,兴银中证科创创业50指数A,指数型-股票
012899,兴银中证科创创业50指数C,指数型-股票
012900,招商创业板指数增强A,指数型-股票
012901,招商创业板指数增强C,指数型-股票
012902,平安添悦债券A,债券型-混合二级
012903,平安添悦债券C,债券型-混合二级
012904,摩根鑫睿优选一年持有混合,混合型-偏股
012905,金鹰睿选成长六个月持有混合A,混合型-偏股
012906,金鹰睿选成长六个月持有混合C,混合型-偏股
012907,鹏扬中证科创创业50ETF联接A,指数型-股票
012908,鹏扬中证科创创业50ETF联接C,指数型-股票
012911,同泰沪深300量化增强A,指数型-股票
012912,同泰沪深300量化增强C,指数型-股票
012913,方正富邦趋势领航混合A,混合型-偏股
012914,方正富邦趋势领航混合C,混合型-偏股
012917,平安优势领航1年持有混合A,混合型-偏股
012918,平安优势领航1年持有混合C,混合型-偏股
012920,易方达全球成长精选混合(QDII)人民币A,QDII-混合偏股
012921,易方达全球成长精选混合(QDII)美元现汇A,QDII-混合偏股
012922,易方达全球成长精选混合(QDII)人民币C,QDII-混合偏股
012923,易方达全球成长精选混合(QDII)美元现汇C,QDII-混合偏股
012924,华夏新时代混合美元现汇(QDII),QDII-混合灵活
012925,华夏新时代混合美元现钞(QDII),QDII-混合灵活
012926,民生加银中证500指数增强A,指数型-股票
012927,民生加银中证500指数增强C,指数型-股票
012928,银华中证光伏ETF发起式联接A,指数型-股票
012929,银华中证光伏ETF发起式联接C,指数型-股票
012930,中庚价值先锋股票,股票型
012940,中泰星元灵活配置混合C,混合型-灵活
012941,广发添财90天滚动持有债券A,债券型-混合一级
012942,广发添财90天滚动持有债券C,债券型-混合一级
012943,广发稳睿六个月持有混合A,混合型-偏债
012944,广发稳睿六个月持有混合C,混合型-偏债
012945,南方宝裕混合A,混合型-偏债
012946,南方宝裕混合C,混合型-偏债
012949,东方红招瑞甄选18个月持有混合A,混合型-偏债
012950,东方红招瑞甄选18个月持有混合C,混合型-偏债
012951,汇添富鑫享添利六个月持有混合A,混合型-偏债
012952,汇添富鑫享添利六个月持有混合C,混合型-偏债
012953,华泰柏瑞恒利混合A,混合型-偏债
012954,华泰柏瑞恒利混合C,混合型-偏债
012955,国寿安保稳盛6个月持有混合A,混合型-偏债
012956,国寿安保稳盛6个月持有混合C,混合型-偏债
012963,招商稳健平衡混合A,混合型-平衡
012964,招商稳健平衡混合C,混合型-平衡
012965,招商瑞泰1年持有混合A,混合型-偏债
012966,招商瑞泰1年持有混合C,混合型-偏债
012967,广发行业严选三年持有期混合A,混合型-偏股
012968,广发行业严选三年持有期混合C,混合型-偏股
012969,鹏华国证半导体芯片ETF联接A,指数型-股票
012970,鹏华国证半导体芯片ETF联接C,指数型-股票
012971,东吴消费成长混合A,混合型-偏股
012972,东吴消费成长混合C,混合型-偏股
012973,国泰汽车整车ETF联接A,指数型-股票
012974,国泰汽车整车ETF联接C,指数型-股票
012975,西部利得碳中和混合发起A,混合型-偏股
012976,西部利得碳中和混合发起C,混合型-偏股
012977,瑞达鑫红量化6个月持有混合A,混合型-偏股
012978,瑞达鑫红量化6个月持有混合C,混合型-偏股
012979,大成恒生科技ETF发起式联接A,指数型-海外股票
012980,大成恒生科技ETF发起式联接C,指数型-海外股票
012981,华夏创新医药龙头混合A,混合型-偏股
012982,华夏创新医药龙头混合C,混合型-偏股
012985,平安优势回报1年持有混合A,混合型-偏股
012986,平安优势回报1年持有混合C,混合型-偏股
012987,嘉合锦明混合A,混合型-偏股
012988,嘉合锦明混合C,混合型-偏股
012991,大成民享安盈一年持有混合A,混合型-偏债
012992,大成民享安盈一年持有混合C,混合型-偏债
012993,汇添富品牌力一年持有混合A,混合型-偏股
012994,汇添富品牌力一年持有混合C,混合型-偏股
012995,嘉实策略视野三年持有期混合,混合型-偏股
012997,鹏华优选回报混合C,混合型-灵活
012998,招商稳旺混合A,混合型-偏债
012999,招商稳旺混合C,混合型-偏债
013000,广发盛泽一年持有混合A,混合型-偏股
013001,广发盛泽一年持有混合C,混合型-偏股
013004,国泰价值领航股票A,股票型
013005,国泰价值领航股票C,股票型
013006,摩根景气甄选混合A,混合型-偏股
013007,摩根景气甄选混合C,混合型-偏股
013009,万家港股通精选混合A,混合型-偏股
013010,万家港股通精选混合C,混合型-偏股
013013,华夏中证新能源汽车ETF发起式联接A,指数型-股票
013014,华夏中证新能源汽车ETF发起式联接C,指数型-股票
013021,建信兴润一年持有混合,混合型-偏股
013023,平安均衡优选1年持有混合A,混合型-偏股
013024,平安均衡优选1年持有混合C,混合型-偏股
013025,富国宏观策略灵活配置混合C,混合型-灵活
013027,银华富久食品饮料精选混合(LOF)C,混合型-偏股
013033,泰信智选量化选股混合发起式A,混合型-偏股
013034,泰信智选量化选股混合发起式C,混合型-偏股
013035,富国中证军工指数(LOF)C,指数型-股票
013037,长城大健康混合A,混合型-偏股
013038,长城大健康混合C,混合型-偏股
013041,鹏扬景浦一年持有混合A,混合型-偏债
013042,鹏扬景浦一年持有混合C,混合型-偏债
013044,富国国家安全主题混合C,混合型-偏股
013045,富国内需增长混合C,混合型-偏股
013046,富国产业升级混合C,混合型-偏股
013047,富国品质生活混合C,混合型-偏股
013048,富国中证新能源汽车指数(LOF)C,指数型-股票
013049,兴业能源革新股票A,股票型
013050,兴业能源革新股票C,股票型
013051,汇泉臻心致远混合A,混合型-偏股
013052,汇泉臻心致远混合C,混合型-偏股
013053,天弘国证龙头家电指数A,指数型-股票
013054,天弘国证龙头家电指数C,指数型-股票
013062,国寿安保安诚纯债一年定开债,债券型-混合一级
013063,广发集益一年持有债券A,债券型-混合二级
013064,广发集益一年持有债券C,债券型-混合二级
013067,富安达中小盘六个月持有混合发起,混合型-偏股
013072,泰信医疗服务混合发起式A,混合型-偏股
013073,泰信医疗服务混合发起式C,混合型-偏股
013074,银河沪深300价值指数C,指数型-股票
013078,方正富邦策略轮动混合A,混合型-偏股
013079,方正富邦策略轮动混合C,混合型-偏股
013080,中信保诚医药指数C,指数型-股票
013081,中信保诚有色指数C,指数型-股票
013082,中信保诚中证基建工程指数(LOF)C,指数型-股票
013083,中信保诚中证信息安全指数(LOF)C,指数型-股票
013084,中信保诚中证智能家居指数(LOF)C,指数型-股票
013085,申万菱信乐同混合A,混合型-偏股
013086,申万菱信乐同混合C,混合型-偏股
013091,摩根均衡优选混合A,混合型-偏股
013092,摩根均衡优选混合C,混合型-偏股
013095,安信远见成长混合A,混合型-偏股
013096,安信远见成长混合C,混合型-偏股
013097,财通资管双盈债券发起式A,债券型-混合二级
013098,财通资管双盈债券发起式C,债券型-混合二级
013101,华夏稳福六个月持有混合A,混合型-偏债
013102,华夏稳福六个月持有混合C,混合型-偏债
013103,博时新能源主题混合A,混合型-偏股
013104,博时新能源主题混合C,混合型-偏股
013107,华夏先进制造龙头混合A,混合型-偏股
013108,华夏先进制造龙头混合C,混合型-偏股
013109,华夏优势价值一年持有混合A,混合型-偏股
013110,华夏优势价值一年持有混合C,混合型-偏股
013113,博时博盈稳健6个月持有期混合A,混合型-偏债
013114,博时博盈稳健6个月持有期混合C,混合型-偏债
013116,华安文体健康混合C,混合型-灵活
013119,中信保诚中证500指数(LOF)C,指数型-股票
013120,中信保诚沪深300指数(LOF)C,指数型-股票
013121,中信保诚金融指数C,指数型-股票
013122,中信保诚中证TMT(LOF)C,指数型-股票
013123,汇添富精选核心优势一年持有混合A,混合型-偏股
013124,汇添富精选核心优势一年持有混合C,混合型-偏股
013125,华夏食品饮料ETF联接A,指数型-股票
013126,华夏食品饮料ETF联接C,指数型-股票
013127,汇添富恒生科技ETF联接发起式(QDII)A,指数型-海外股票
013128,汇添富恒生科技ETF联接发起式(QDII)C,指数型-海外股票
013132,创金合信文娱媒体股票发起A,股票型
013133,创金合信文娱媒体股票发起C,股票型
013134,南方MSCI中国A股联接E,指数型-股票
013137,摩根动力精选混合C,混合型-偏股
013141,中信保诚弘远混合A,混合型-偏股
013142,华商乐享互联灵活配置混合C,混合型-灵活
013143,富国安诚回报12个月持有期混合A,混合型-偏债
013144,富国安诚回报12个月持有期混合C,混合型-偏债
013145,浙商汇金先进制造混合,混合型-偏股
013147,汇添富碳中和主题混合A,混合型-偏股
013148,汇添富碳中和主题混合C,混合型-偏股
013149,鹏华双债加利债券C,债券型-混合二级
013151,长信低碳环保行业量化股票C,股票型
013152,长信消费精选量化股票C,股票型
013153,长信电子信息量化灵活配置混合C,混合型-灵活
013154,长信医疗保健混合(LOF)C,混合型-灵活
013157,前海开源新经济混合C,混合型-灵活
013160,创金合信碳中和混合A,混合型-偏股
013161,创金合信碳中和混合C,混合型-偏股
013164,东兴兴盈三个月定开债A,债券型-混合一级
013165,东兴兴盈三个月定开债C,债券型-混合一级
013166,东兴宸祥量化混合A,混合型-偏股
013167,东兴宸祥量化混合C,混合型-偏股
013171,华夏恒生互联网科技业ETF联接(QDII)A,指数型-海外股票
013172,华夏恒生互联网科技业ETF联接(QDII)C,指数型-海外股票
013173,红土创新科技创新3个月定开混合C,混合型-偏股
013174,银华华证ESG领先指数,指数型-股票
013175,海富通碳中和混合A,混合型-偏股
013176,海富通碳中和混合C,混合型-偏股
013179,广发国证新能源车电池ETF联接A,指数型-股票
013180,广发国证新能源车电池ETF联接C,指数型-股票
013183,浦银医疗健康混合C,混合型-灵活
013184,广发恒阳一年持有混合A,混合型-偏债
013185,广发恒阳一年持有混合C,混合型-偏债
013188,华夏能源革新股票C,股票型
013189,嘉实稳健添利一年持有混合,混合型-偏债
013190,国联景惠混合A,混合型-偏债
013191,国联景惠混合C,混合型-偏债
013193,华商稳健添利一年持有混合A,混合型-偏债
013194,华商稳健添利一年持有混合C,混合型-偏债
013195,招商中证新能源汽车指数A,指数型-股票
013196,招商中证新能源汽车指数C,指数型-股票
013200,南方均衡优选一年持有期混合A,混合型-平衡
013201,南方均衡优选一年持有期混合C,混合型-平衡
013204,恒生前海恒源天利债券A,债券型-混合二级
013205,恒生前海恒源天利债券C,债券型-混合二级
013209,金鹰大视野混合A,混合型-偏股
013210,金鹰大视野混合C,混合型-偏股
013211,华富安盈一年持有期债券A,债券型-混合二级
013212,华富安盈一年持有期债券C,债券型-混合二级
013214,大摩安盈稳固六个月持有债券A,债券型-混合一级
013215,大摩安盈稳固六个月持有债券C,债券型-混合一级
013220,中欧新兴价值一年持有混合A,混合型-偏股
013221,中欧新兴价值一年持有混合C,混合型-偏股
013224,浦银港股通量化混合C,混合型-灵活
013225,景顺长城安景一年持有期混合A,混合型-偏债
013226,景顺长城安景一年持有期混合C,混合型-偏债
013231,浙商智多盈债券A,债券型-混合二级
013232,浙商智多盈债券C,债券型-混合二级
013233,华夏中证500指数智选增强A,指数型-股票
013234,华夏中证500指数智选增强C,指数型-股票
013238,财通均衡优选一年持有混合A,混合型-偏股
013239,财通均衡优选一年持有混合C,混合型-偏股
013242,华银优势行业股票,股票型
013243,天弘安康颐丰一年持有混合A,混合型-偏债
013244,天弘安康颐丰一年持有混合C,混合型-偏债
013247,交银瑞卓三年持有期混合,混合型-偏股
013250,红土创新智能制造混合型发起式A,混合型-偏股
013257,南方通元6个月持有债券A,债券型-混合二级
013258,南方通元6个月持有债券C,债券型-混合二级
013259,浦银新经济结构混合C,混合型-灵活
013260,太平睿享混合A,混合型-偏债
013261,太平睿享混合C,混合型-偏债
013263,金鹰年年邮享一年持有债券A,债券型-混合二级
013264,金鹰年年邮享一年持有债券C,债券型-混合二级
013265,鹏扬淳熙一年定开债发起式,债券型-混合一级
013266,泰信智选成长灵活配置混合C,混合型-灵活
013267,天弘安康颐利混合A,混合型-偏债
013268,天弘安康颐利混合C,混合型-偏债
013269,交银瑞和三年持有期混合,混合型-偏股
013270,前海开源聚利一年持有混合A,混合型-偏股
013271,前海开源聚利一年持有混合C,混合型-偏股
013273,招商沪深300地产等权重指数C,指数型-股票
013274,长城优化升级混合C,混合型-偏股
013275,富国中证煤炭指数(LOF)C,指数型-股票
013276,富国中证全指证券公司指数(LOF)C,指数型-股票
013277,富国创业板ETF联接C,指数型-股票
013278,富国中证体育产业指数(LOF)C,指数型-股票
013280,宏利睿智稳健混合C,混合型-灵活
013284,上银价值增长3个月持有期混合A,混合型-平衡
013285,上银价值增长3个月持有期混合C,混合型-平衡
013286,富国上证指数ETF联接C,指数型-股票
013289,工银食品饮料混合A,混合型-偏股
013290,工银食品饮料混合C,混合型-偏股
013291,富国沪深300指数增强C,指数型-股票
013292,富国中证智能汽车(LOF)C,指数型-股票
013293,长城健康消费混合A,混合型-偏股
013294,东方红智选三年持有混合A,混合型-偏股
013295,东方红智选三年持有混合C,混合型-偏股
013296,民生加银聚优精选混合A,混合型-偏股
013298,南方中证科创创业50ETF联接A,指数型-股票
013299,南方中证科创创业50ETF联接C,指数型-股票
013302,招商中证科创创业50ETF联接A,指数型-股票
013303,招商中证科创创业50ETF联接C,指数型-股票
013304,易方达中证科创创业50联接A,指数型-股票
013305,易方达中证科创创业50联接C,指数型-股票
013308,易方达恒生科技ETF联接(QDII)A,指数型-海外股票
013309,易方达恒生科技ETF联接(QDII)C,指数型-海外股票
013310,华夏科创创业50ETF联接A,指数型-股票
013311,华夏科创创业50ETF联接C,指数型-股票
013312,工银主题策略混合C,混合型-偏股
013313,富国中证科创创业50ETF联接A,指数型-股票
013314,富国中证科创创业50ETF联接C,指数型-股票
013315,嘉实中证科创创业50ETF发起联接A,指数型-股票
013316,嘉实中证科创创业50ETF发起联接C,指数型-股票
013317,华宝中证科创创业50ETF联接A,指数型-股票
013318,华宝中证科创创业50ETF联接C,指数型-股票
013319,华安中证新能源汽车ETF发起式联接A,指数型-股票
013320,华安中证新能源汽车ETF发起式联接C,指数型-股票
013321,博时恒盈稳健一年持有期混合A,混合型-偏债
013322,博时恒盈稳健一年持有期混合C,混合型-偏债
013323,国寿安保盛泽三年持有混合A,混合型-偏股
013324,国寿安保盛泽三年持有混合C,混合型-偏股
013326,万家景气驱动混合A,混合型-偏股
013327,万家景气驱动混合C,混合型-偏股
013328,嘉实全球价值股票(QDII)人民币,QDII-普通股票
013329,嘉实全球价值股票(QDII)美元现汇,QDII-普通股票
013330,富国中证银行指数(LOF)C,指数型-股票
013331,富国中证1000指数增强(LOF)C,指数型-股票
013332,富国中证500指数增强(LOF)C,指数型-股票
013334,鹏华价值远航6个月持有混合A,混合型-偏股
013335,鹏华价值远航6个月持有混合C,混合型-偏股
013339,创金合信芯片产业股票发起A,股票型
013340,创金合信芯片产业股票发起C,股票型
013341,工银核心机遇混合A,混合型-偏股
013342,工银核心机遇混合C,混合型-偏股
013345,富荣信息技术混合A,混合型-偏股
013346,富荣信息技术混合C,混合型-偏股
013347,工银丰盈回报灵活配置混合C,混合型-灵活
013348,创金合信大健康混合A,混合型-偏股
013349,创金合信大健康混合C,混合型-偏股
013350,光大先进服务业混合C,混合型-灵活
013353,鹏华上华一年持有期混合A,混合型-偏债
013354,鹏华上华一年持有期混合C,混合型-偏债
013355,工银新金融股票C,股票型
013356,大摩沪港深精选混合A,混合型-偏股
013357,大摩沪港深精选混合C,混合型-偏股
013358,上银高质量优选9个月持有混合A,混合型-偏股
013359,上银高质量优选9个月持有混合C,混合型-偏股
013360,华夏磐泰混合C,混合型-偏债
013363,大成中国优势混合(QDII)A,QDII-混合偏股
013364,大成中国优势混合(QDII)C,QDII-混合偏股
013365,汇添富产业升级混合A,混合型-偏股
013366,汇添富产业升级混合C,混合型-偏股
013367,汇添富多元价值发现混合A,混合型-偏股
013368,汇添富多元价值发现混合C,混合型-偏股
013369,汇添富自主核心科技一年持有混合A,混合型-偏股
013370,汇添富自主核心科技一年持有混合C,混合型-偏股
013377,东海启航6个月持有混合C,混合型-偏债
013380,景顺长城景泰纯利债券C,债券型-混合一级
013383,恒生前海高端制造混合A,混合型-偏股
013384,恒生前海高端制造混合C,混合型-偏股
013385,信澳优势价值混合A,混合型-偏股
013386,信澳优势价值混合C,混合型-偏股
013387,长城价值领航混合A,混合型-偏股
013388,长城价值领航混合C,混合型-偏股
013389,华夏成长先锋一年持有混合A,混合型-偏股
013390,华夏成长先锋一年持有混合C,混合型-偏股
013391,招商安泰债券D,债券型-混合一级
013392,广发港股通优质增长混合C,混合型-偏股
013393,信澳价值精选混合A,混合型-偏股
013394,信澳价值精选混合C,混合型-偏股
013395,华夏新能源车龙头混合发起式A,混合型-偏股
013396,华夏新能源车龙头混合发起式C,混合型-偏股
013402,华夏恒生科技ETF发起式联接(QDII)A,指数型-海外股票
013403,华夏恒生科技ETF发起式联接(QDII)C,指数型-海外股票
013404,大成标普500等权重指数(QDII)A美元,指数型-海外股票
013408,蜂巢丰和债券A,债券型-混合一级
013409,蜂巢丰和债券C,债券型-混合一级
013410,博时裕隆灵活配置混合C,混合型-灵活
013411,嘉实方舟6个月滚动持有债券发起A,债券型-混合二级
013412,嘉实方舟6个月滚动持有债券发起C,债券型-混合二级
013413,交银中证环境治理(LOF)C,指数型-股票
013414,太平智远三个月定开股票发起式,股票型
013415,永赢中证全指医疗器械ETF发起联接A,指数型-股票
013416,永赢中证全指医疗器械ETF发起联接C,指数型-股票
013417,博时核心资产精选混合A,混合型-偏股
013418,博时核心资产精选混合C,混合型-偏股
013422,太平智行三个月定开混合发起式,混合型-偏股
013425,博时标普500ETF联接美元汇(QDII)A,指数型-海外股票
013426,贝莱德中国新视野混合A,混合型-偏股
013427,贝莱德中国新视野混合C,混合型-偏股
013428,东兴鑫享6个月滚动持有债券发起A,债券型-混合一级
013429,东兴鑫享6个月滚动持有债券发起C,债券型-混合一级
013430,交银趋势混合C,混合型-偏股
013431,华泰柏瑞景气汇选三年持有期混合A,混合型-偏股
013432,华泰柏瑞景气汇选三年持有期混合C,混合型-偏股
013435,大成景气精选六个月持有混合A,混合型-偏股
013436,大成景气精选六个月持有混合C,混合型-偏股
013439,嘉实产业优势混合A,混合型-偏股
013440,嘉实产业优势混合C,混合型-偏股
013442,建信中证1000指数增强E,指数型-股票
013443,建信创业板ETF发起联接E,指数型-股票
013444,建信上证50ETF发起联接E,指数型-股票
013445,东财芯片A,指数型-股票
013446,东财芯片C,指数型-股票
013450,博时凤凰领航混合A,混合型-偏股
013451,博时凤凰领航混合C,混合型-偏股
013453,交银国证新能源指数(LOF)C,指数型-股票
013461,鹏扬成长先锋混合A,混合型-偏股
013462,鹏扬成长先锋混合C,混合型-偏股
013463,大成致远优势一年持有期混合A,混合型-偏股
013464,大成致远优势一年持有期混合C,混合型-偏股
013465,博时智选量化多因子股票A,股票型
013466,博时智选量化多因子股票C,股票型
013469,泰信低碳经济混合发起式A,混合型-偏股
013470,泰信低碳经济混合发起式C,混合型-偏股
013471,华宝中证全指农牧渔ETF发起式联接A,指数型-股票
013472,华宝中证全指农牧渔ETF发起式联接C,指数型-股票
013475,华宝中证智能电动汽车ETF发起式联接A,指数型-股票
013476,华宝中证智能电动汽车ETF发起式联接C,指数型-股票
013477,华宝中证金融科技主题ETF发起式联接A,指数型-股票
013478,华宝中证金融科技主题ETF发起式联接C,指数型-股票
013479,金鹰先进制造股票(LOF)C,股票型
013483,华安医疗创新混合C,混合型-偏股
013484,长城行业轮动混合C,混合型-灵活
013485,尚正竞争优势混合发起A,混合型-偏股
013486,尚正竞争优势混合发起C,混合型-偏股
013488,长信多利混合C,混合型-灵活
013489,广发成长智选混合C,混合型-偏股
013490,同泰金融精选股票A,股票型
013491,同泰金融精选股票C,股票型
013495,信澳产业优选一年持有混合A,混合型-偏股
013496,信澳产业优选一年持有混合C,混合型-偏股
013499,博时标普500ETF联接美元汇(QDII)C,指数型-海外股票
013500,南方金融主题灵活配置混合C,混合型-灵活
013501,南方品质优选灵活配置混合C,混合型-灵活
013502,易方达低碳ETF联接A,指数型-股票
013503,易方达低碳ETF联接C,指数型-股票
013504,华安双核驱动混合C,混合型-偏股
013505,华安新丝路主题股票C,股票型
013506,华安研究精选混合C,混合型-偏股
013507,华安制造先锋混合C,混合型-偏股
013511,汇丰晋信低碳先锋股票C,股票型
013513,长安先进制造混合A,混合型-偏股
013514,长安先进制造混合C,混合型-偏股
013515,汇添富蓝筹稳健混合C,混合型-灵活
013516,汇添富蓝筹稳健混合E,混合型-灵活
013517,易方达悦浦一年持有混合A,混合型-偏债
013518,易方达悦浦一年持有混合C,混合型-偏债
013524,富国悦享回报12个月持有期混合A,混合型-偏债
013525,富国悦享回报12个月持有期混合C,混合型-偏债
013526,中信保诚新兴产业混合C,混合型-偏股
013527,嘉实中证细分化工产业主题ETF发起联接A,指数型-股票
013528,嘉实中证细分化工产业主题ETF发起联接C,指数型-股票
013530,弘毅远方国企转型升级混合C,混合型-偏股
013531,浙商聚潮产业成长混合C,混合型-偏股
013532,广发安宏回报混合E,混合型-灵活
013533,广发科技创新混合C,混合型-偏股
013534,鹏华沃鑫混合A,混合型-偏股
013535,鹏华沃鑫混合C,混合型-偏股
013540,汇添富稳健睿享一年持有混合D,混合型-偏债
013545,华夏卓信一年定开债券发起式,债券型-混合二级
013548,招商享利增强债券A,债券型-混合二级
013549,招商享利增强债券C,债券型-混合二级
013550,汇添富品牌价值一年持有混合A,混合型-偏股
013551,汇添富品牌价值一年持有混合C,混合型-偏股
013552,汇添富成长领先混合A,混合型-偏股
013553,汇添富成长领先混合C,混合型-偏股
013554,信澳远见价值混合A,混合型-偏股
013555,信澳远见价值混合C,混合型-偏股
013556,信澳汇智优选一年持有期混合A,混合型-偏股
013557,信澳汇智优选一年持有期混合C,混合型-偏股
013558,长信利富债券C,债券型-混合二级
013559,招商均衡回报混合A,混合型-偏股
013560,招商均衡回报混合C,混合型-偏股
013561,国联匠心优选混合A,混合型-偏股
013562,国联匠心优选混合C,混合型-偏股
013566,华夏军工安全混合C,混合型-灵活
013569,天弘永利优佳混合A,混合型-偏债
013570,天弘永利优佳混合C,混合型-偏债
013575,鹏扬品质精选混合A,混合型-偏股
013576,鹏扬品质精选混合C,混合型-偏股
013579,鹏扬丰利一年持有债券A,债券型-混合一级
013580,鹏扬丰利一年持有债券C,债券型-混合一级
013587,英大纯债债券E,债券型-混合一级
013588,工银稳健瑞盈一年持有债券A,债券型-混合二级
013589,工银稳健瑞盈一年持有债券C,债券型-混合二级
013590,南方比较优势混合A,混合型-偏股
013591,南方比较优势混合C,混合型-偏股
013595,永赢稳健增利18个月持有混合E,混合型-偏债
013596,招商中证煤炭等权指数(LOF)C,指数型-股票
013597,招商中证全指证券公司指数(LOF)C,指数型-股票
013600,九泰锐富事件驱动混合发起式(LOF)C,混合型-灵活
013601,国泰中证光伏产业ETF发起联接A,指数型-股票
013602,国泰中证光伏产业ETF发起联接C,指数型-股票
013603,易方达均衡优选一年持有混合A,混合型-偏股
013604,易方达均衡优选一年持有混合C,混合型-偏股
013607,广发睿恒进取一年持有期混合A,混合型-偏股
013608,广发睿恒进取一年持有期混合C,混合型-偏股
013610,中信保诚前瞻优势混合,混合型-偏股
013611,工银民瑞一年持有混合A,混合型-偏债
013612,工银民瑞一年持有混合C,混合型-偏债
013613,宝盈国家安全沪港深股票C,股票型
013614,泰信鑫瑞债券发起式A,债券型-混合二级
013615,泰信鑫瑞债券发起式C,债券型-混合二级
013616,广发睿智两年持有期混合发起式A,混合型-偏股
013617,广发睿智两年持有期混合发起式C,混合型-偏股
013618,华安大安全主题混合C,混合型-灵活
013619,华安动态灵活配置混合C,混合型-灵活
013620,华安媒体互联网混合C,混合型-灵活
013621,华安智能生活混合C,混合型-偏股
013622,华安智能装备主题股票C,股票型
013623,湘财周期轮动一年持有混合,混合型-偏股
013624,嘉实价值创造三年持有期混合A,混合型-偏股
013625,嘉实价值创造三年持有期混合C,混合型-偏股
013628,广发集悦债券A,债券型-混合二级
013629,广发集悦债券C,债券型-混合二级
013630,嘉实均衡臻选一年持有混合A,混合型-偏股
013631,嘉实均衡臻选一年持有混合C,混合型-偏股
013632,富国利享回报12个月持有混合A,混合型-偏债
013633,富国利享回报12个月持有混合C,混合型-偏债
013634,申万菱信双利混合A,混合型-偏债
013635,申万菱信双利混合C,混合型-偏债
013636,国投瑞银策略回报混合A,混合型-偏股
013637,国投瑞银策略回报混合C,混合型-偏股
013638,华安逆向策略混合C,混合型-偏股
013639,光大中证500指数增强A,指数型-股票
013640,光大中证500指数增强C,指数型-股票
013641,博道成长智航股票A,股票型
013642,博道成长智航股票C,股票型
013650,华安乾煜债券发起式A,债券型-混合二级
013655,华安策略优选混合C,混合型-偏股
013657,同泰同欣混合A,混合型-偏债
013658,同泰同欣混合C,混合型-偏债
013661,华安研究领航混合A,混合型-偏股
013662,华安研究领航混合C,混合型-偏股
013665,银河成长优选一年持有混合A,混合型-偏股
013666,银河成长优选一年持有混合C,混合型-偏股
013674,长城价值甄选一年持有混合A,混合型-偏股
013675,长城价值甄选一年持有混合C,混合型-偏股
013676,兴银兴慧一年持有混合A,混合型-偏债
013677,兴银兴慧一年持有混合C,混合型-偏债
013678,富国信享回报12个月持有混合A,混合型-偏债
013679,富国信享回报12个月持有混合C,混合型-偏债
013680,华安品质甄选混合A,混合型-偏股
013681,华安品质甄选混合C,混合型-偏股
013686,华安安信消费混合C,混合型-偏股
013687,平安成长龙头1年持有混合A,混合型-偏股
013688,平安成长龙头1年持有混合C,混合型-偏股
013693,博道盛兴一年持有期混合,混合型-偏股
013694,弘毅远方久盈混合A,混合型-偏债
013695,弘毅远方久盈混合C,混合型-偏债
013711,广发成长新动能混合C,混合型-偏股
013712,方正富邦鑫益一年定开混合A,混合型-灵活
013713,方正富邦鑫益一年定开混合C,混合型-灵活
013714,方正富邦泰利12个月持有混合A,混合型-偏债
013715,方正富邦泰利12个月持有混合C,混合型-偏债
013720,新华增怡债券E,债券型-混合二级
013721,信澳景气优选混合A,混合型-偏股
013722,信澳景气优选混合C,混合型-偏股
013724,信澳鑫益债券A,债券型-混合二级
013725,信澳鑫益债券C,债券型-混合二级
013726,惠升惠诚稳健一年持有混合A,混合型-偏债
013727,惠升惠诚稳健一年持有混合C,混合型-偏债
013733,红塔红土盛丰混合A,混合型-偏股
013734,红塔红土盛丰混合C,混合型-偏股
013742,兴业聚源混合C,混合型-偏债
013747,兴业聚丰混合C,混合型-偏债
013748,兴业聚盈混合C,混合型-偏债
013755,中银证券内需增长混合A,混合型-偏股
013756,中银证券内需增长混合C,混合型-偏股
013757,泰信均衡价值混合A,混合型-偏股
013758,泰信均衡价值混合C,混合型-偏股
013765,平安恒泰1年持有混合A,混合型-偏债
013766,平安恒泰1年持有混合C,混合型-偏债
013767,平安价值回报混合A,混合型-偏股
013768,平安价值回报混合C,混合型-偏股
013769,博时稳益9个月持有混合A,混合型-偏债
013770,博时稳益9个月持有混合C,混合型-偏债
013771,中加龙头精选混合A,混合型-偏股
013772,中加龙头精选混合C,混合型-偏股
013774,易方达趋势优选混合A,混合型-偏股
013775,易方达趋势优选混合C,混合型-偏股
013776,中泰兴为价值精选混合A,混合型-偏股
013777,中泰兴为价值精选混合C,混合型-偏股
013783,兴银竞争优势混合A,混合型-偏股
013784,兴银竞争优势混合C,混合型-偏股
013785,东方红优质甄选一年持有混合C,混合型-偏债
013788,华泰柏瑞信用增利债(LOF)B,债券型-混合一级
013797,博时优质鑫选一年持有期混合A,混合型-偏股
013798,博时优质鑫选一年持有期混合C,混合型-偏股
013804,财通资管鸿越3个月滚动持有债券A,债券型-混合一级
013805,财通资管鸿越3个月滚动持有债券B,债券型-混合一级
013806,财通资管鸿越3个月滚动持有债券C,债券型-混合一级
013807,财通资管鸿越3个月滚动持有债券E,债券型-混合一级
013810,广发科创50ETF发起式联接A,指数型-股票
013811,广发科创50ETF发起式联接C,指数型-股票
013812,景顺长城景气进取混合A,混合型-偏股
013813,景顺长城景气进取混合C,混合型-偏股
013816,汇添富中证光伏产业指数增强发起式A,指数型-股票
013817,汇添富中证光伏产业指数增强发起式C,指数型-股票
013824,汇丰晋信慧悦混合,混合型-偏债
013830,中欧瑾尚混合A,混合型-偏债
013831,中欧瑾尚混合C,混合型-偏债
013836,博时时代消费混合A,混合型-偏股
013837,博时时代消费混合C,混合型-偏股
013840,银华集成电路混合A,混合型-偏股
013841,银华集成电路混合C,混合型-偏股
013842,银华新锐成长混合A,混合型-偏股
013843,银华新锐成长混合C,混合型-偏股
013846,上银鑫恒混合C,混合型-偏股
013847,华泰柏瑞匠心汇选混合A,混合型-偏股
013848,华泰柏瑞匠心汇选混合C,混合型-偏股
013851,中信建投低碳成长混合A,混合型-偏股
013852,中信建投低碳成长混合C,混合型-偏股
013853,大成匠心卓越三年持有混合A,混合型-偏股
013854,大成匠心卓越三年持有混合C,混合型-偏股
013855,嘉实品质发现混合A,混合型-偏股
013856,嘉实品质发现混合C,混合型-偏股
013859,宝盈品质甄选混合A,混合型-偏股
013860,宝盈品质甄选混合C,混合型-偏股
013861,泓德产业升级混合A,混合型-偏股
013862,泓德产业升级混合C,混合型-偏股
013864,平安元泓30天滚动持有短债A,债券型-混合一级
013865,平安元泓30天滚动持有短债C,债券型-混合一级
013867,汇安优势企业精选混合A,混合型-偏股
013868,汇安优势企业精选混合C,混合型-偏股
013871,招商能源转型混合A,混合型-偏股
013872,招商能源转型混合C,混合型-偏股
013878,圆信永丰中证500指数增强发起A,指数型-股票
013879,圆信永丰中证500指数增强发起C,指数型-股票
013880,广发招享混合C,混合型-偏债
013881,长信中证500指数增强C,指数型-股票
013882,交银品质升级混合C,混合型-偏股
013883,交银启明混合C,混合型-偏股
013884,交银主题优选混合C,混合型-灵活
013885,交银阿尔法核心混合C,混合型-偏股
013886,华商新能源汽车混合A,混合型-偏股
013887,华商新能源汽车混合C,混合型-偏股
013888,天弘沪港深新消费品牌指数A,指数型-股票
013889,天弘沪港深新消费品牌指数C,指数型-股票
013890,国泰睿毅三年持有期混合A,混合型-偏股
013891,国泰睿毅三年持有期混合C,混合型-偏股
013892,上银科技驱动双周定期可赎回混合C,混合型-偏股
013893,国联安上证科创50ETF联接A,指数型-股票
013894,国联安上证科创50ETF联接C,指数型-股票
013895,宝盈成长精选混合A,混合型-偏股
013896,宝盈成长精选混合C,混合型-偏股
013899,摩根全景优势股票A,股票型
013900,摩根全景优势股票C,股票型
013901,华安众享180天持有期中短债A,债券型-混合一级
013902,华安众享180天持有期中短债C,债券型-混合一级
013910,兴业兴睿两年持有混合A,混合型-偏股
013911,兴业兴睿两年持有混合C,混合型-偏股
013912,中欧招益稳健一年持有混合A,混合型-偏债
013913,中欧招益稳健一年持有混合C,混合型-偏债
013914,大成红利优选一年持有混合发起A,混合型-偏股
013915,大成红利优选一年持有混合发起C,混合型-偏股
013916,国联成长先锋一年持有混合A,混合型-偏股
013917,国联成长先锋一年持有混合C,混合型-偏股
013918,申万菱信量化小盘股票(LOF)C,股票型
013919,建信中小盘先锋股票C,股票型
013922,华夏中证1000ETF发起式联接A,指数型-股票
013923,华夏中证1000ETF发起式联接C,指数型-股票
013929,中银证券恒瑞9个月持有混合A,混合型-偏债
013930,中银证券恒瑞9个月持有混合C,混合型-偏债
013934,长江红利回报混合发起式A,混合型-偏股
013935,长江红利回报混合发起式C,混合型-偏股
013936,广发睿升混合A,混合型-偏股
013937,广发睿升混合C,混合型-偏股
013938,天弘安康颐养混合E,混合型-偏债
013939,汇泉策略优选混合C,混合型-偏股
013940,东吴医疗服务股票A,股票型
013941,东吴医疗服务股票C,股票型
013942,华宝中证稀有金属指数增强发起A,指数型-股票
013943,华宝中证稀有金属指数增强发起C,指数型-股票
013945,交银中证海外中国互联网指数(LOF)C,指数型-海外股票
013949,交银科锐科技创新混合C,混合型-偏股
013950,交银先锋混合C,混合型-偏股
013955,广发中小盘精选混合C,混合型-偏股
013956,华商医药消费精选混合A,混合型-偏股
013957,华商医药消费精选混合C,混合型-偏股
013958,华商鑫选回报一年持有混合A,混合型-偏股
013959,华商鑫选回报一年持有混合C,混合型-偏股
013960,万家新机遇成长一年持有期混合发起式A,混合型-偏股
013961,万家新机遇成长一年持有期混合发起式C,混合型-偏股
013962,华夏创新视野一年持有混合A,混合型-偏股
013963,华夏创新视野一年持有混合C,混合型-偏股
013966,西部利得双瑞一年定开债券发起,债券型-混合一级
013967,广发恒享一年持有期混合A,混合型-偏债
013968,广发恒享一年持有期混合C,混合型-偏债
013969,华夏永利一年持有混合A,混合型-偏债
013970,华夏永利一年持有混合C,混合型-偏债
013971,长江尊利债券C,债券型-混合二级
013980,光大恒鑫混合A,混合型-偏债
013981,光大恒鑫混合C,混合型-偏债
013983,中金稳健增长混合A,混合型-偏股
013984,中金稳健增长混合C,混合型-偏股
013985,融通稳健增利6个月持有混合A,混合型-偏债
013986,融通稳健增利6个月持有混合C,混合型-偏债
013991,中欧港股通精选一年持有混合A,混合型-偏股
013992,中欧港股通精选一年持有混合C,混合型-偏股
013993,中欧光熠一年持有混合A,混合型-偏股
013994,中欧光熠一年持有混合C,混合型-偏股
013995,嘉实融惠混合A,混合型-偏债
013996,嘉实融惠混合C,混合型-偏债
013997,广发增强债券A,债券型-混合一级
013998,中欧瑾添混合A,混合型-偏债
013999,中欧瑾添混合C,混合型-偏债
014000,中欧丰利债券A,债券型-混合二级
014001,中欧丰利债券C,债券型-混合二级
014002,浦银全球智能科技(QDII)C,QDII-普通股票
014003,浦银增长动力混合C,混合型-灵活
014007,华安制造升级一年持有混合A,混合型-偏股
014008,华安制造升级一年持有混合C,混合型-偏股
014011,浦银价值成长混合C,混合型-偏股
014016,中信建投品质优选一年持有A,混合型-偏股
014017,中信建投品质优选一年持有C,混合型-偏股
014020,诺德量化先锋一年持有混合A,混合型-偏股
014021,诺德量化先锋一年持有混合C,混合型-偏股
014023,宏利景气领航两年持有混合,混合型-偏股
014024,华富卓越成长一年持有期混合A,混合型-偏股
014025,华富卓越成长一年持有期混合C,混合型-偏股
014028,招商中证银行指数C,指数型-股票
014029,浦银红利精选混合C,混合型-偏股
014030,大摩健康产业混合C,混合型-偏股
014031,南方发展机遇一年持有混合A,混合型-偏股
014032,南方发展机遇一年持有混合C,混合型-偏股
014035,长城悦享增利债券C,债券型-混合二级
014036,博时成长回报混合A,混合型-偏股
014037,博时成长回报混合C,混合型-偏股
014038,交银启诚混合A,混合型-偏股
014039,交银启诚混合C,混合型-偏股
014040,民生加银金融优选混合A,混合型-偏股
014041,民生加银金融优选混合C,混合型-偏股
014042,银华心诚灵活配置混合C,混合型-灵活
014043,银华心怡灵活配置混合C,混合型-灵活
014044,银华富利精选混合C,混合型-偏股
014045,银华积极成长混合C,混合型-偏股
014046,交银医药创新股票C,股票型
014047,银华盛世精选灵活配置混合发起式C,混合型-灵活
014048,银华鑫盛灵活配置混合(LOF)C,混合型-灵活
014049,中银远见成长混合A,混合型-偏股
014050,中银远见成长混合C,混合型-偏股
014051,平安安盈灵活配置混合C,混合型-灵活
014052,银华港股通精选股票发起式C,股票型
014053,太平睿庆混合A,混合型-偏债
014054,太平睿庆混合C,混合型-偏债
014056,太平丰润一年定开债发起式,债券型-混合二级
014057,富国金安均衡精选混合A,混合型-偏股
014058,富国金安均衡精选混合C,混合型-偏股
014061,浦银新兴产业混合C,混合型-灵活
014062,景顺长城专精特新量化优选股票A,股票型
014063,景顺长城专精特新量化优选股票C,股票型
014064,银华农业产业股票发起式C,股票型
014068,工银瑞信悦享混合A,混合型-偏股
014069,工银瑞信悦享混合C,混合型-偏股
014074,嘉实内需精选混合A,混合型-偏股
014075,嘉实内需精选混合C,混合型-偏股
014080,交银启汇混合C,混合型-偏股
014085,浙商聚潮新思维混合C,混合型-灵活
014088,永赢稳健增强债券A,债券型-混合二级
014089,永赢稳健增强债券C,债券型-混合二级
014094,南方誉盈一年持有混合A,混合型-偏债
014095,南方誉盈一年持有混合C,混合型-偏债
014096,交银经济新动力混合C,混合型-灵活
014097,鹏扬利鑫60天滚动持有债券A,债券型-混合一级
014098,鹏扬利鑫60天滚动持有债券C,债券型-混合一级
014103,富安达成长价值一年持有期混合A,混合型-偏股
014104,富安达成长价值一年持有期混合C,混合型-偏股
014106,融通成长30灵活配置混合C,混合型-灵活
014107,博时品质生活混合A,混合型-偏股
014108,博时品质生活混合C,混合型-偏股
014109,融通内需驱动混合C,混合型-偏股
014110,嘉实中证稀有金属主题ETF发起联接A,指数型-股票
014111,嘉实中证稀有金属主题ETF发起联接C,指数型-股票
014112,嘉实对冲套利定期混合C,混合型-绝对收益
014113,上银未来生活灵活配置混合C,混合型-灵活
014114,广发沪港深医药混合A,混合型-偏股
014115,广发沪港深医药混合C,混合型-偏股
014116,上银慧恒收益增强债券C,债券型-混合二级
014117,国泰创新药ETF联接A,指数型-股票
014118,国泰创新药ETF联接C,指数型-股票
014119,金鹰时代先锋混合A,混合型-偏股
014120,金鹰时代先锋混合C,混合型-偏股
014121,大成品质医疗股票A,股票型
014122,大成品质医疗股票C,股票型
014125,华夏中证1000指数增强A,指数型-股票
014126,华夏中证1000指数增强C,指数型-股票
014127,融通核心价值混合C,QDII-混合灵活
014130,融通中证云计算与大数据主题指数(LOF)C,指数型-股票
014131,华泰柏瑞聚优智选一年持有期混合A,混合型-偏股
014132,华泰柏瑞聚优智选一年持有期混合C,混合型-偏股
014133,工银中证500六个月持有指数增强A,指数型-股票
014134,工银中证500六个月持有指数增强C,指数型-股票
014135,中欧金安量化混合A,混合型-偏股
014136,中欧金安量化混合C,混合型-偏股
014139,易方达高质量增长量化精选股票A,股票型
014140,易方达高质量增长量化精选股票C,股票型
014141,大成新能源混合发起式A,混合型-偏股
014142,大成新能源混合发起式C,混合型-偏股
014143,银河创新成长混合C,混合型-偏股
014144,长信先进装备三个月持有混合A,混合型-偏股
014145,长信先进装备三个月持有混合C,混合型-偏股
014148,景顺长城安鼎一年持有期混合A,混合型-偏债
014149,景顺长城安鼎一年持有期混合C,混合型-偏债
014150,新华鑫益灵活配置混合A,混合型-灵活
014151,国富鑫享价值混合A,混合型-偏股
014152,国富鑫享价值混合C,混合型-偏股
014155,国泰海通中证500指数增强A,指数型-股票
014156,国泰海通中证500指数增强C,指数型-股票
014157,国泰海通创新医药混合发起A,混合型-偏股
014158,博时浦惠一年持有期混合A,混合型-偏债
014159,博时浦惠一年持有期混合C,混合型-偏债
014160,易方达悦融一年持有混合A,混合型-偏债
014161,易方达悦融一年持有混合C,混合型-偏债
014162,万家人工智能混合C,混合型-偏股
014163,富国港股通量化精选股票C,股票型
014164,富国融享18个月定开混合C,混合型-偏股
014165,华安沪深300增强策略ETF发起式联接A,指数型-股票
014166,华安沪深300增强策略ETF发起式联接C,指数型-股票
014167,永赢华嘉信用债C,债券型-混合一级
014170,富国MSCI中国A股国际通指数增强C,指数型-股票
014171,富国新兴成长量化精选混合(LOF)C,混合型-偏股
014172,富国中证工业4.0指数(LOF)C,指数型-股票
014173,富国中证移动互联网指数(LOF)C,指数型-股票
014174,富国中证国有企业改革指数(LOF)C,指数型-股票
014175,工银价值成长混合A,混合型-偏股
014176,工银价值成长混合C,混合型-偏股
014177,华安景气驱动一年持有混合A,混合型-偏股
014178,华安景气驱动一年持有混合C,混合型-偏股
014179,中银证券远见价值混合A,混合型-偏股
014180,中银证券远见价值混合C,混合型-偏股
014181,富国大盘价值量化精选混合C,混合型-偏股
014185,招商专精特新股票A,股票型
014186,招商专精特新股票C,股票型
014187,华夏量化优选股票A,股票型
014188,华夏量化优选股票C,股票型
014189,南方专精特新混合A,混合型-偏股
014190,南方专精特新混合C,混合型-偏股
014191,广发先进制造股票发起式A,股票型
014192,广发先进制造股票发起式C,股票型
014193,汇添富中证芯片产业指数增强发起式A,指数型-股票
014194,汇添富中证芯片产业指数增强发起式C,指数型-股票
014198,华夏智胜先锋股票C,股票型
014199,建信沃信一年持有混合A,混合型-偏股
014200,建信沃信一年持有混合C,混合型-偏股
014201,天弘中证1000指数增强A,指数型-股票
014202,天弘中证1000指数增强C,指数型-股票
014203,鹏扬产业趋势一年持有混合A,混合型-偏股
014204,鹏扬产业趋势一年持有混合C,混合型-偏股
014207,华安产业精选混合A,混合型-偏股
014208,华安产业精选混合C,混合型-偏股
014210,国投瑞银竞争优势混合A,混合型-偏股
014211,国投瑞银竞争优势混合C,混合型-偏股
014214,光大核心资产混合A,混合型-偏股
014215,光大核心资产混合C,混合型-偏股
014216,嘉实绝对收益策略定期混合C,混合型-绝对收益
014218,汇添富中证科创创业50指数增强发起式A,指数型-股票
014219,汇添富中证科创创业50指数增强发起式C,指数型-股票
014220,恒越医疗健康精选混合A,混合型-偏股
014221,恒越医疗健康精选混合C,混合型-偏股
014224,大成聚优成长混合A,混合型-偏股
014225,大成聚优成长混合C,混合型-偏股
014228,浦银品质优选混合A,混合型-偏股
014229,浦银品质优选混合C,混合型-偏股
014231,国寿安保安锦纯债一年定开债,债券型-混合一级
014232,博时专精特新主题混合A,混合型-偏股
014233,博时专精特新主题混合C,混合型-偏股
014235,淳厚时代优选混合A,混合型-偏股
014236,淳厚时代优选混合C,混合型-偏股
014237,东财新能源增强A,指数型-股票
014238,东财新能源增强C,指数型-股票
014239,国泰产业精选混合C,混合型-偏股
014241,农银均衡收益混合,混合型-偏股
014243,富国新材料新能源混合C,混合型-偏股
014244,鹏扬竞争力先锋一年持有混合A,混合型-偏股
014245,鹏扬竞争力先锋一年持有混合C,混合型-偏股
014248,兴业一年持有债券A,债券型-混合一级
014249,兴业一年持有债券C,债券型-混合一级
014254,信澳智远三年持有期混合A,混合型-偏股
014255,信澳智远三年持有期混合C,混合型-偏股
014256,富国中证娱乐主题指数增强(LOF)C,指数型-股票
014260,万家新机遇龙头企业混合C,混合型-灵活
014261,摩根沃享远见一年持有期混合A,混合型-偏股
014262,摩根沃享远见一年持有期混合C,混合型-偏股
014263,鑫元长三角混合A,混合型-偏股
014264,鑫元长三角混合C,混合型-偏股
014265,新华鼎利债券E,债券型-混合二级
014267,华商竞争力优选混合A,混合型-偏股
014268,华商竞争力优选混合C,混合型-偏股
014269,嘉实北交所精选两年定期混合A,混合型-偏股
014270,嘉实北交所精选两年定期混合C,混合型-偏股
014271,大成北交所两年定开混合A,混合型-偏股
014272,大成北交所两年定开混合C,混合型-偏股
014273,广发北交所精选两年定开混合A,混合型-偏股
014274,广发北交所精选两年定开混合C,混合型-偏股
014275,易方达北交所精选两年定开混合A,混合型-偏股
014276,易方达北交所精选两年定开混合C,混合型-偏股
014277,万家北交所慧选两年定开混合A,混合型-偏股
014278,万家北交所慧选两年定开混合C,混合型-偏股
014279,汇添富北交所创新精选两年定开混合A,混合型-偏股
014280,汇添富北交所创新精选两年定开混合C,混合型-偏股
014282,中信保诚成长动力混合C,混合型-偏股
014283,华夏北交所精选两年定开混合发起式,混合型-偏股
014287,泰康新锐成长混合A,混合型-偏股
014291,东方红民享甄选一年持有混合,混合型-偏债
014292,嘉实产业领先混合A,混合型-偏股
014293,嘉实产业领先混合C,混合型-偏股
014294,南方北交所精选两年定开混合发起,混合型-偏股
014299,宏利先进制造股票A,股票型
014300,宏利先进制造股票C,股票型
014305,华泰柏瑞中证500指数增强A,指数型-股票
014306,华泰柏瑞中证500指数增强C,指数型-股票
014307,嘉实多元动力混合A,混合型-偏股
014308,嘉实多元动力混合C,混合型-偏股
014311,大成优质精选混合A,混合型-偏股
014312,大成优质精选混合C,混合型-偏股
014313,鹏华创新增长一年持有期混合A,混合型-偏股
014314,鹏华创新增长一年持有期混合C,混合型-偏股
014317,广发价值领航一年持有混合A,混合型-偏股
014318,广发价值领航一年持有混合C,混合型-偏股
014319,德邦半导体产业混合发起式A,混合型-偏股
014320,德邦半导体产业混合发起式C,混合型-偏股
014325,国联安核心趋势一年持有混合A,混合型-偏股
014326,国联安核心趋势一年持有混合C,混合型-偏股
014327,格林新兴产业混合A,混合型-偏股
014328,格林新兴产业混合C,混合型-偏股
014329,国联优势产业混合A,混合型-偏股
014330,国联优势产业混合C,混合型-偏股
014331,华泰柏瑞中证稀土产业ETF发起式联接A,指数型-股票
014332,华泰柏瑞中证稀土产业ETF发起式联接C,指数型-股票
014333,工银优势领航混合A,混合型-偏股
014334,工银优势领航混合C,混合型-偏股
014335,中信保诚周期轮动混合(LOF)C,混合型-偏股
014336,金鹰元丰债券C,债券型-混合二级
014339,长江智能制造混合发起式A,混合型-偏股
014340,长江智能制造混合发起式C,混合型-偏股
014341,摩根时代睿选股票A,股票型
014342,摩根时代睿选股票C,股票型
014344,鹏华中证500指数增强A,指数型-股票
014345,鹏华中证500指数增强C,指数型-股票
014346,银华消费主题混合C,混合型-偏股
014347,富国趋势优先混合A,混合型-偏股
014348,富国趋势优先混合C,混合型-偏股
014349,银华鑫锐灵活配置混合(LOF)C,混合型-灵活
014350,华商卓越成长一年持有混合A,混合型-偏股
014351,华商卓越成长一年持有混合C,混合型-偏股
014352,东方创新成长混合A,混合型-偏股
014353,东方创新成长混合C,混合型-偏股
014356,长信企业成长三年持有混合A,混合型-偏股
014357,长信企业成长三年持有混合C,混合型-偏股
014360,红塔红土稳健添利混合A,混合型-偏债
014361,红塔红土稳健添利混合C,混合型-偏债
014362,睿远稳进配置两年持有混合A,混合型-偏债
014363,睿远稳进配置两年持有混合C,混合型-偏债
014364,银华沪港深增长股票C,股票型
014372,浙商沪深300指数增强(LOF)C,指数型-股票
014373,浙商全景消费混合C,混合型-偏股
014375,永赢瑞弘12个月持有期债券A,债券型-混合一级
014376,东吴新能源汽车股票A,股票型
014377,东吴新能源汽车股票C,股票型
014380,建信中国制造2025股票C,股票型
014381,长城久源灵活配置混合C,混合型-灵活
014382,博时国企改革股票C,股票型
014385,华富安业一年持有债券A,债券型-混合二级
014386,华富安业一年持有债券C,债券型-混合二级
014389,华安产业动力6个月持有混合A,混合型-偏股
014390,华安产业动力6个月持有混合C,混合型-偏股
014397,中银恒悦180天持有债券A,债券型-混合二级
014398,中银恒悦180天持有债券C,债券型-混合二级
014399,中银民利一年持有期债券A,债券型-混合二级
014400,中银民利一年持有期债券C,债券型-混合二级
014401,富国核心趋势混合A,混合型-偏股
014402,富国核心趋势混合C,混合型-偏股
014404,中欧多元价值三年持有混合A,混合型-偏股
014405,中欧多元价值三年持有混合C,混合型-偏股
014406,富国中证新华社民族品牌工程ETF联接A,指数型-股票
014407,富国中证新华社民族品牌工程ETF联接C,指数型-股票
014408,创金合信兴选产业趋势混合A,混合型-偏股
014409,创金合信兴选产业趋势混合C,混合型-偏股
014410,华夏时代领航两年持有混合A,混合型-偏股
014411,华夏时代领航两年持有混合C,混合型-偏股
014412,招商核心竞争力混合A,混合型-偏股
014413,招商核心竞争力混合C,混合型-偏股
014414,招商中证畜牧养殖ETF联接A,指数型-股票
014415,招商中证畜牧养殖ETF联接C,指数型-股票
014416,泰康研究精选股票发起A,股票型
014417,泰康研究精选股票发起C,股票型
014418,西部利得CES芯片指数增强A,指数型-股票
014419,西部利得CES芯片指数增强C,指数型-股票
014420,中欧成长领航一年持有混合A,混合型-偏股
014421,中欧成长领航一年持有混合C,混合型-偏股
014422,弘毅远方消费升级混合C,混合型-偏股
014423,汇丰晋信研究精选混合,混合型-偏股
014424,博时恒生医疗保健ETF发起式联接(QDII)A,指数型-海外股票
014425,博时恒生医疗保健ETF发起式联接(QDII)C,指数型-海外股票
014438,博时恒生科技ETF发起式联接(QDII)A,指数型-海外股票
014439,博时恒生科技ETF发起式联接(QDII)C,指数型-海外股票
014440,博时恒鑫稳健一年持有混合A,混合型-偏债
014441,博时恒鑫稳健一年持有混合C,混合型-偏债
014447,大成惠源一年定开债发起式,债券型-混合一级
014449,富国融丰两年定期开放混合A,混合型-偏股
014450,富国融丰两年定期开放混合C,混合型-偏股
014451,天弘新享一年定开债券发起,债券型-混合二级
014452,天弘惠享一年定开债券发起,债券型-混合一级
014453,中银新动力股票C,股票型
014454,中银双息回报混合C,混合型-偏股
014455,中银成长优选股票C,股票型
014456,招商稳恒中短债60天持有债券A,债券型-混合一级
014457,招商稳恒中短债60天持有债券C,债券型-混合一级
014460,平安品质优选混合A,混合型-偏股
014461,平安品质优选混合C,混合型-偏股
014462,光大汇佳混合A,混合型-偏股
014463,光大汇佳混合C,混合型-偏股
014466,工银行业优选混合A,混合型-偏股
014467,工银行业优选混合C,混合型-偏股
014468,平安元和90天滚动持有短债A,债券型-混合一级
014469,平安元和90天滚动持有短债C,债券型-混合一级
014470,富安达健康人生混合C,混合型-灵活
014471,富安达新兴成长混合C,混合型-灵活
014472,景顺长城远见成长混合A,混合型-偏股
014473,景顺长城远见成长混合C,混合型-偏股
014478,中加低碳经济六个月持有混合A,混合型-偏股
014479,中加低碳经济六个月持有混合C,混合型-偏股
014482,华夏融盛可持续一年持有混合A,混合型-偏股
014483,华夏融盛可持续一年持有混合C,混合型-偏股
014486,汇添富淳享一年定开债券发起式A,债券型-混合一级
014487,汇添富淳享一年定开债券发起式C,债券型-混合一级
014488,国投瑞银产业升级两年持有混合A,混合型-偏股
014489,国投瑞银产业升级两年持有混合C,混合型-偏股
014492,浙商汇金兴利增强债券A,债券型-混合二级
014493,浙商汇金兴利增强债券C,债券型-混合二级
014497,诺安研究优选混合C,混合型-偏股
014498,诺安鸿鑫混合C,混合型-偏股
014499,南方转型增长混合C,混合型-灵活
014505,中银收益混合C,混合型-灵活
014506,博时成长臻选混合A,混合型-偏股
014507,博时成长臻选混合C,混合型-偏股
014508,汇添富先进制造混合A,混合型-偏股
014509,汇添富先进制造混合C,混合型-偏股
014513,金鹰远见优选混合A,混合型-偏股
014514,金鹰远见优选混合C,混合型-偏股
014519,博时恒生高股息率ETF发起式联接A,指数型-股票
014520,博时恒生高股息率ETF发起式联接C,指数型-股票
014521,诺安利鑫灵活配置混合C,混合型-灵活
014522,汇添富低碳投资一年持有混合A,混合型-偏股
014523,汇添富低碳投资一年持有混合C,混合型-偏股
014526,汇添富中盘潜力增长一年持有混合A,混合型-偏股
014527,汇添富中盘潜力增长一年持有混合C,混合型-偏股
014528,汇添富MSCI中国A50互联互通ETF联接A,指数型-股票
014529,汇添富MSCI中国A50互联互通ETF联接C,指数型-股票
014530,华夏MSCI中国A50互联互通ETF发起式联接A,指数型-股票
014531,华夏MSCI中国A50互联互通ETF发起式联接C,指数型-股票
014532,易方达MSCI中国A50互联互通ETF联接A,指数型-股票
014533,易方达MSCI中国A50互联互通ETF联接C,指数型-股票
014534,南方MSCI中国A50互联互通ETF联接A,指数型-股票
014535,南方MSCI中国A50互联互通ETF联接C,指数型-股票
014536,诺安高端制造股票C,股票型
014537,中银中国混合(LOF)C,混合型-灵活
014538,长城研究精选混合C,混合型-偏股
014539,华安优势精选混合A,混合型-偏股
014540,华安优势精选混合C,混合型-偏股
014541,华安新能源主题混合A,混合型-偏股
014542,华安新能源主题混合C,混合型-偏股
014543,汇添富中证沪港深云计算产业ETF联接A,指数型-股票
014544,汇添富中证沪港深云计算产业ETF联接C,指数型-股票
014545,浦银兴耀优选一年持有混合A,混合型-偏股
014546,浦银兴耀优选一年持有混合C,混合型-偏股
014549,交银数据产业灵活配置混合C,混合型-灵活
014550,诺安益鑫灵活配置混合C,混合型-灵活
014551,诺安新动力灵活配置混合C,混合型-灵活
014558,华商品质慧选混合A,混合型-偏股
014559,华商品质慧选混合C,混合型-偏股
014560,东方汽车产业趋势混合A,混合型-偏股
014561,东方汽车产业趋势混合C,混合型-偏股
014562,易方达品质动能三年持有混合A,混合型-偏股
014563,易方达品质动能三年持有混合C,混合型-偏股
014564,天弘创新药精选50ETF联接A,指数型-股票
014565,天弘创新药精选50ETF联接C,指数型-股票
014571,东吴安享量化混合C,混合型-灵活
014572,长信银利精选混合C,混合型-偏股
014573,东方红锦弘甄选两年持有混合,混合型-偏债
014574,鑫元清洁能源混合发起式A,混合型-偏股
014575,鑫元清洁能源混合发起式C,混合型-偏股
014576,农银汇理瑞丰6个月持有混合,混合型-偏债
014581,东吴阿尔法灵活配置混合C,混合型-灵活
014585,银华心兴三年持有混合A,混合型-偏股
014586,银华心兴三年持有混合C,混合型-偏股
014587,华安中证500指数增强A,指数型-股票
014588,华安中证500指数增强C,指数型-股票
014589,招商成长先导股票A,股票型
014590,招商成长先导股票C,股票型
014591,广发瑞誉一年持有期混合A,混合型-偏股
014592,广发瑞誉一年持有期混合C,混合型-偏股
014593,西部利得聚优一年持有期混合,混合型-偏债
014597,华泰柏瑞富利混合C,混合型-灵活
014598,永赢合享混合发起A,混合型-灵活
014599,永赢合享混合发起C,混合型-灵活
014600,博时回报严选混合A,混合型-偏股
014601,博时回报严选混合C,混合型-偏股
014602,嘉实中证医疗指数发起式A,指数型-股票
014603,嘉实中证医疗指数发起式C,指数型-股票
014604,嘉实中证光伏产业ETF发起联接A,指数型-股票
014605,嘉实中证光伏产业ETF发起联接C,指数型-股票
014606,招商高端装备混合A,混合型-偏股
014607,招商高端装备混合C,混合型-偏股
014611,富国核心科技12个月持有混合A,混合型-偏股
014612,富国核心科技12个月持有混合C,混合型-偏股
014615,尚正正鑫混合发起A,混合型-偏债
014616,尚正正鑫混合发起C,混合型-偏债
014619,财通资管稳兴增益六个月持有期混合A,混合型-偏债
014620,财通资管稳兴增益六个月持有期混合C,混合型-偏债
014621,安信楚盈一年持有混合A,混合型-偏债
014622,安信楚盈一年持有混合C,混合型-偏债
014623,中银MSCI中国A50互联互通指数增强A,指数型-股票
014624,中银MSCI中国A50互联互通指数增强C,指数型-股票
014625,财通资管稳兴丰益六个月持有期混合A,混合型-偏债
014626,财通资管稳兴丰益六个月持有期混合C,混合型-偏债
014627,财通多策略福瑞混合发起式(LOF)C,混合型-偏股
014628,财通福盛混合发起(LOF)C,混合型-偏股
014639,兴全合衡三年持有混合A,混合型-偏股
014640,兴全合衡三年持有混合C,混合型-偏股
014641,摩根行业轮动混合C,混合型-偏股
014642,摩根新兴动力混合C,混合型-偏股
014647,融通先进制造混合A,混合型-偏股
014648,融通先进制造混合C,混合型-偏股
014651,大成专精特新混合A,混合型-偏股
014652,大成专精特新混合C,混合型-偏股
014653,建信卓越成长一年持有混合A,混合型-偏股
014654,建信卓越成长一年持有混合C,混合型-偏股
014657,中欧融享增益一年持有期混合A,混合型-偏债
014658,中欧融享增益一年持有期混合C,混合型-偏债
014663,富国创新发展两年定开混合A,混合型-偏股
014664,富国创新发展两年定开混合C,混合型-偏股
014666,工银优质发展混合A,混合型-偏股
014667,工银优质发展混合C,混合型-偏股
014668,银华专精特新量化优选股票发起A,股票型
014669,银华专精特新量化优选股票发起C,股票型
014671,富国裕利债券A,债券型-混合二级
014672,富国裕利债券C,债券型-混合二级
014673,富国中证港股通互联网ETF发起式联接A,指数型-股票
014674,富国中证港股通互联网ETF发起式联接C,指数型-股票
014677,中信保诚至远动力混合E,混合型-偏股
014678,永赢添添悦6个月持有混合A,混合型-偏债
014679,永赢添添悦6个月持有混合C,混合型-偏债
014686,招商核心装备混合A,混合型-偏股
014687,招商核心装备混合C,混合型-偏股
014691,中加量化研选混合A,混合型-偏股
014692,中加量化研选混合C,混合型-偏股
014693,万家兴恒回报一年持有期混合A,混合型-偏债
014694,万家兴恒回报一年持有期混合C,混合型-偏债
014697,南方誉稳一年持有混合A,混合型-偏债
014698,南方誉稳一年持有混合C,混合型-偏债
014699,东方高端制造混合A,混合型-偏股
014700,东方高端制造混合C,混合型-偏股
014701,中欧量化动能混合A,混合型-偏股
014702,中欧量化动能混合C,混合型-偏股
014703,博时时代领航混合A,混合型-偏股
014704,博时时代领航混合C,混合型-偏股
014706,华富匠心明选一年持有混合A,混合型-偏股
014707,华富匠心明选一年持有混合C,混合型-偏股
014708,天弘臻选健康混合A,混合型-偏股
014709,天弘臻选健康混合C,混合型-偏股
014712,恒生前海恒裕债券A,债券型-混合一级
014713,恒生前海恒裕债券C,债券型-混合一级
014716,东兴兴源债券A,债券型-混合二级
014717,东兴兴源债券C,债券型-混合二级
014718,富国天旭均衡混合A,混合型-偏股
014719,富国天旭均衡混合C,混合型-偏股
014720,长江聚利债券型C,债券型-混合二级
014724,东方量化多策略混合C,混合型-偏股
014725,广发成长动力三年持有混合A,混合型-偏股
014726,广发成长动力三年持有混合C,混合型-偏股
014727,易方达成长动力混合A,混合型-偏股
014728,易方达成长动力混合C,混合型-偏股
014729,前海开源新兴产业混合C,混合型-偏股
014730,华富荣盛一年持有期混合A,混合型-偏债
014731,华富荣盛一年持有期混合C,混合型-偏债
014734,广发睿合混合A,混合型-偏股
014735,广发睿合混合C,混合型-偏股
014736,创金合信专精特新股票发起A,股票型
014737,创金合信专精特新股票发起C,股票型
014738,广发恒祥债券A,债券型-混合二级
014739,广发恒祥债券C,债券型-混合二级
014742,恒生前海恒源嘉利债券A,债券型-混合二级
014743,恒生前海恒源嘉利债券C,债券型-混合二级
014746,贝莱德港股通远景视野混合A,混合型-偏股
014747,贝莱德港股通远景视野混合C,混合型-偏股
014752,长信稳健增长一年持有混合A,混合型-偏债
014753,长信稳健增长一年持有混合C,混合型-偏债
014754,华安景气优选混合A,混合型-偏股
014755,华安景气优选混合C,混合型-偏股
014756,鹏华成长领航两年持有期混合A,混合型-偏股
014757,鹏华成长领航两年持有期混合C,混合型-偏股
014758,民生加银医药健康股票C,股票型
014759,中欧琪福混合A,混合型-偏债
014760,中欧琪福混合C,混合型-偏债
014765,中欧碳中和混合发起A,混合型-偏股
014766,中欧碳中和混合发起C,混合型-偏股
014767,景顺长城华城稳健6个月持有期混合A,混合型-偏债
014768,景顺长城华城稳健6个月持有期混合C,混合型-偏债
014769,财通资管双福9个月持有债券发起式A,债券型-混合二级
014770,财通资管双福9个月持有债券发起式C,债券型-混合二级
014771,中泰红利优选一年持有混合发起,混合型-偏股
014772,中泰红利价值一年持有混合发起,混合型-偏股
014773,华安品质领先混合A,混合型-偏股
014774,华安品质领先混合C,混合型-偏股
014775,招商安本增利债券A,债券型-混合二级
014776,富国中证芯片产业ETF发起式联接A,指数型-股票
014777,富国中证芯片产业ETF发起式联接C,指数型-股票
014783,招商远见成长混合A,混合型-偏股
014784,招商远见成长混合C,混合型-偏股
014788,长城产业趋势混合A,混合型-偏股
014789,长城产业趋势混合C,混合型-偏股
014792,华泰柏瑞匠心臻选混合A,混合型-偏股
014793,华泰柏瑞匠心臻选混合C,混合型-偏股
014794,富国远见优选混合A,混合型-偏股
014795,富国远见优选混合C,混合型-偏股
014797,富国融悦12个月持有期混合A,混合型-偏股
014798,富国融悦12个月持有期混合C,混合型-偏股
014799,工银招瑞一年持有混合A,混合型-偏债
014800,工银招瑞一年持有混合C,混合型-偏债
014803,汇安添利18个月持有混合A,混合型-偏债
014804,汇安添利18个月持有混合C,混合型-偏债
014805,国金量化精选混合A,混合型-偏股
014806,国金量化精选混合C,混合型-偏股
014807,宏利景气智选18个月持有混合A,混合型-偏股
014808,宏利景气智选18个月持有混合C,混合型-偏股
014809,华安沣瑞一年持有混合A,混合型-偏债
014810,华安沣瑞一年持有混合C,混合型-偏债
014811,平安兴奕成长1年持有混合A,混合型-偏股
014812,平安兴奕成长1年持有混合C,混合型-偏股
014813,浙商大数据智选消费混合C,混合型-灵活
014818,国金新兴价值混合A,混合型-偏股
014819,国金新兴价值混合C,混合型-偏股
014825,汇泉兴至未来一年持有混合A,混合型-偏股
014826,汇泉兴至未来一年持有混合C,混合型-偏股
014827,汇泉启元未来混合发起式A,混合型-偏股
014828,汇泉启元未来混合发起式C,混合型-偏股
014829,诺德新能源汽车混合A,混合型-偏股
014830,诺德新能源汽车混合C,混合型-偏股
014831,兴银中证1000指数增强A,指数型-股票
014832,兴银中证1000指数增强C,指数型-股票
014833,汇添富盈鑫混合C,混合型-灵活
014834,汇添富盈鑫混合D,混合型-灵活
014836,汇添富创新活力混合C,混合型-偏股
014837,汇添富创新活力混合D,混合型-偏股
014838,兴银碳中和主题混合A,混合型-偏股
014839,兴银碳中和主题混合C,混合型-偏股
014840,招商裕华混合,混合型-偏股
014841,东方阿尔法医疗健康混合发起A,混合型-偏股
014842,东方阿尔法医疗健康混合发起C,混合型-偏股
014845,中银新趋势灵活配置混合C,混合型-灵活
014846,博时恒乐债券A,债券型-混合二级
014847,博时恒乐债券C,债券型-混合二级
014849,建信健康民生混合C,混合型-偏股
014850,长信稳健成长混合A,混合型-偏债
014851,长信稳健成长混合C,混合型-偏债
014852,嘉实添惠一年持有期混合A,混合型-偏债
014853,嘉实添惠一年持有期混合C,混合型-偏债
014854,嘉实中证半导体指数增强发起式A,指数型-股票
014855,嘉实中证半导体指数增强发起式C,指数型-股票
014859,大成慧心优选一年持有混合A,混合型-偏股
014860,大成慧心优选一年持有混合C,混合型-偏股
014863,建信信息产业股票C,股票型
014864,建信食品饮料行业股票C,股票型
014867,大摩优悦安和混合C,混合型-偏股
014868,大摩灵动优选债券C,债券型-混合二级
014869,大摩内需增长混合C,混合型-偏股
014871,大摩科技领先混合C,混合型-灵活
014872,嘉实品质蓝筹一年持有混合A,混合型-偏股
014873,嘉实品质蓝筹一年持有混合C,混合型-偏股
014874,惠升惠远回报混合A,混合型-灵活
014875,惠升惠远回报混合C,混合型-灵活
014878,华安价值驱动一年持有混合A,混合型-偏股
014879,华安价值驱动一年持有混合C,混合型-偏股
014880,天弘中证机器人ETF发起联接A,指数型-股票
014881,天弘中证机器人ETF发起联接C,指数型-股票
014885,长盛匠心研究混合A,混合型-偏股
014886,长盛匠心研究混合C,混合型-偏股
014887,招商安福1年定开债发起式,债券型-混合二级
014892,永赢添添欣12个月持有混合A,混合型-偏债
014893,永赢添添欣12个月持有混合C,混合型-偏债
014900,兴全兴裕混合A,混合型-偏债
014901,兴全兴裕混合C,混合型-偏债
014904,易方达悦稳一年持有混合A,混合型-偏债
014905,易方达悦稳一年持有混合C,混合型-偏债
014913,博时研究回报混合A,混合型-偏股
014914,博时研究回报混合C,混合型-偏股
014915,财通匠心优选一年持有混合A,混合型-偏股
014916,财通匠心优选一年持有混合C,混合型-偏股
014917,汇丰晋信时代先锋混合A,混合型-偏股
014918,汇丰晋信时代先锋混合C,混合型-偏股
014919,银华心选一年持有期混合A,混合型-偏股
014920,银华心选一年持有期混合C,混合型-偏股
014922,华夏ESG可持续投资一年持有混合A,混合型-偏股
014923,华夏ESG可持续投资一年持有混合C,混合型-偏股
014926,景顺长城安瑞混合C,混合型-偏债
014929,民生加银创新成长混合C,混合型-偏股
014930,富国高端制造行业股票C,股票型
014931,富国天源沪港深平衡混合C,混合型-灵活
014932,摩根医疗健康股票C,股票型
014933,南方医药保健灵活配置混合C,混合型-灵活
014937,摩根核心精选股票C,股票型
014938,同泰产业升级混合A,混合型-偏股
014939,同泰产业升级混合C,混合型-偏股
014942,鹏华中证细分化工产业主题ETF联接A,指数型-股票
014943,鹏华中证细分化工产业主题ETF联接C,指数型-股票
014944,蜂巢润和六个月持有期混合A,混合型-偏债
014945,蜂巢润和六个月持有期混合C,混合型-偏债
014946,南方高质量优选混合A,混合型-偏股
014947,南方高质量优选混合C,混合型-偏股
014948,融通新能源灵活配置混合C,混合型-灵活
014949,交银恒益灵活配置混合C,混合型-灵活
014950,汇安润阳三年持有期混合A,混合型-偏股
014951,汇安润阳三年持有期混合C,混合型-偏股
014953,信澳至诚精选混合C,混合型-偏股
014954,信澳研究优选混合C,混合型-偏股
014955,国联安添益增长债券A,债券型-混合二级
014956,国联安添益增长债券C,债券型-混合二级
014957,华富消费成长股票A,股票型
014958,华富消费成长股票C,股票型
014960,国泰融安多策略灵活配置混合C,混合型-灵活
014961,国联兴鸿优选混合A,混合型-偏股
014962,国联兴鸿优选混合C,混合型-偏股
014963,交银先进制造混合C,混合型-偏股
014964,摩根科技前沿混合C,混合型-灵活
014967,建信潜力新蓝筹股票C,股票型
014970,华安低碳生活混合C,混合型-偏股
014971,华安红利精选混合C,混合型-偏股
014972,华安沪港深外延增长灵活配置混合C,混合型-灵活
014975,华安科技动力混合C,混合型-偏股
014976,华安升级主题混合C,混合型-偏股
014977,华安生态优先混合C,混合型-偏股
014978,华安纳斯达克100ETF联接(QDII)C,指数型-海外股票
014979,华安上证180ETF联接C,指数型-股票
014980,华安上证50ETF联接C,指数型-股票
014982,华安标普全球石油指数(LOF)C,指数型-海外股票
014983,华安中证银行ETF联接C,指数型-股票
014984,华安中证全指证券公司ETF联接C,指数型-股票
014985,华安创业板50指数C,指数型-股票
014986,东方核心动力混合C,混合型-偏股
014987,华安产业趋势混合A,混合型-偏股
014988,华安产业趋势混合C,混合型-偏股
014989,国泰新经济灵活配置混合C,混合型-灵活
014990,华安幸福生活混合C,混合型-偏股
014991,嘉合磐恒债券A,债券型-混合二级
014992,嘉合磐恒债券C,债券型-混合二级
014994,国泰金融ETF联接C,指数型-股票
014995,中欧量化先锋混合A,混合型-偏股
014996,中欧量化先锋混合C,混合型-偏股
014997,国泰国证新能源汽车指数C,指数型-股票
014998,国泰民福策略价值混合C,混合型-灵活
014999,华泰保兴吉年盈混合A,混合型-偏股
015000,华泰保兴吉年盈混合C,混合型-偏股
015001,工银物流产业股票C,股票型
015002,工银生态环境股票C,股票型
015004,中邮能源革新混合型发起A,混合型-偏股
015005,中邮能源革新混合型发起C,混合型-偏股
015006,中欧量化动力混合A,混合型-偏股
015007,中欧量化动力混合C,混合型-偏股
015010,嘉合锦鑫混合A,混合型-偏股
015011,嘉合锦鑫混合C,混合型-偏股
015012,浦银安弘回报一年持有混合A,混合型-偏债
015013,浦银安弘回报一年持有混合C,混合型-偏债
015016,华安德国(DAX)联接(QDII)C,指数型-海外股票
015017,国泰融丰外延增长混合(LOF)C,混合型-灵活
015019,蜂巢丰颐债券A,债券型-混合一级
015020,蜂巢丰颐债券C,债券型-混合一级
015026,鹏华增华混合A,混合型-偏股
015027,鹏华增华混合C,混合型-偏股
015030,博时远见回报混合A,混合型-偏股
015031,博时远见回报混合C,混合型-偏股
015032,国联医药消费混合A,混合型-偏股
015033,国联医药消费混合C,混合型-偏股
015034,泰信优势领航混合A,混合型-偏股
015035,银华核心动力精选混合A,混合型-偏股
015036,银华核心动力精选混合C,混合型-偏股
015037,天弘MSCI中国A50互联互通指数A,指数型-股票
015038,天弘MSCI中国A50互联互通指数C,指数型-股票
015039,长信金利趋势混合C,混合型-偏股
015040,国泰国证食品饮料行业(LOF)C,指数型-股票
015041,西部利得新富混合C,混合型-灵活
015042,国泰国证房地产行业指数C,指数型-股票
015043,西部利得时代动力混合发起A,混合型-偏股
015044,西部利得时代动力混合发起C,混合型-偏股
015046,前海开源中航军工指数C,指数型-股票
015047,富安达稳健配置6个月持有期混合,混合型-偏债
015048,建信新能源行业股票C,股票型
015052,东方红医疗升级股票发起A,股票型
015053,东方红医疗升级股票发起C,股票型
015056,百嘉百盛混合,混合型-偏股
015057,摩根核心优选混合C,混合型-偏股
015058,华夏高端制造混合C,混合型-灵活
015059,华夏产业升级混合C,混合型-偏股
015060,华夏节能环保股票C,股票型
015061,中信建投沪深300指数增强A,指数型-股票
015062,中信建投沪深300指数增强C,指数型-股票
015065,华夏乐享健康混合C,混合型-灵活
015066,华夏逸享健康混合C,混合型-偏股
015067,华夏永康添福混合C,混合型-偏债
015069,华宝安宜六个月持有债券A,债券型-混合二级
015070,华宝安宜六个月持有债券C,债券型-混合二级
015071,鑫元专精特新混合A,混合型-偏股
015072,鑫元专精特新混合C,混合型-偏股
015073,华夏复兴混合C,混合型-偏股
015074,摩根转型动力混合C,混合型-灵活
015075,摩根卓越制造股票C,股票型
015077,摩根成长先锋混合C,混合型-偏股
015078,平安灵活配置混合C,混合型-灵活
015079,永赢成长远航一年持有混合A,混合型-偏股
015080,永赢成长远航一年持有混合C,混合型-偏股
015089,中银景福回报混合C,混合型-偏债
015092,汇安远见成长混合A,混合型-偏股
015093,汇安远见成长混合C,混合型-偏股
015094,华商300智选混合A,混合型-偏股
015095,华商300智选混合C,混合型-偏股
015096,东财数字经济混合A,混合型-偏股
015097,东财数字经济混合C,混合型-偏股
015098,中欧鑫享鼎益一年持有混合A,混合型-偏债
015099,中欧鑫享鼎益一年持有混合C,混合型-偏债
015100,华泰柏瑞低碳经济智选混合A,混合型-偏股
015101,华泰柏瑞低碳经济智选混合C,混合型-偏股
015102,东方红ESG可持续投资混合A,混合型-偏股
015103,东方红ESG可持续投资混合C,混合型-偏股
015104,博道研究恒选混合A,混合型-偏股
015105,博道研究恒选混合C,混合型-偏股
015110,惠升领先优选混合A,混合型-偏股
015111,惠升领先优选混合C,混合型-偏股
015114,汇添富高端制造股票C,股票型
015115,汇添富高端制造股票D,股票型
015116,汇添富大盘核心资产混合C,混合型-偏股
015117,汇添富大盘核心资产混合D,混合型-偏股
015118,汇添富沪港深大盘价值混合C,混合型-偏股
015119,汇添富沪港深大盘价值混合D,混合型-偏股
015121,汇添富医疗服务灵活配置混合C,混合型-灵活
015122,汇添富医疗服务灵活配置混合D,混合型-灵活
015123,汇添富国企创新股票C,股票型
015124,汇添富国企创新股票D,股票型
015125,易方达悦鑫一年持有混合A,混合型-偏债
015126,易方达悦鑫一年持有混合C,混合型-偏债
015127,长城产业成长混合A,混合型-偏股
015128,长城产业成长混合C,混合型-偏股
015133,华安鼎安优选一年持有混合A,混合型-偏债
015134,华安鼎安优选一年持有混合C,混合型-偏债
015135,工银专精特新混合A,混合型-偏股
015136,工银专精特新混合C,混合型-偏股
015137,国富均衡增长混合A,混合型-偏股
015138,国富均衡增长混合C,混合型-偏股
015139,泰康医疗健康股票发起A,股票型
015140,泰康医疗健康股票发起C,股票型
015141,华泰紫金周周购6个月滚动债A,债券型-混合二级
015142,华泰紫金周周购6个月滚动债C,债券型-混合二级
015143,中欧智能制造混合A,混合型-偏股
015144,中欧智能制造混合C,混合型-偏股
015145,同泰新能源1年持有股票A,股票型
015146,同泰新能源1年持有股票C,股票型
015147,华夏兴融混合(LOF)C,混合型-灵活
015148,华安中证1000指数增强A,指数型-股票
015149,华安中证1000指数增强C,指数型-股票
015150,恒越匠心优选一年持有混合A,混合型-偏股
015151,恒越匠心优选一年持有混合C,混合型-偏股
015152,东吴嘉禾优势精选混合C,混合型-灵活
015153,东吴安鑫量化混合C,混合型-灵活
015154,东吴安盈量化混合C,混合型-灵活
015157,申万菱信行业轮动股票C,股票型
015158,申万菱信价值精选混合C,混合型-偏股
015159,申万菱信智能驱动股票C,股票型
015160,南方宝嘉混合A,混合型-偏债
015161,南方宝嘉混合C,混合型-偏债
015167,申万菱信可转债债券C,债券型-混合二级
015170,摩根核心成长股票C,股票型
015171,申万菱信医药先锋股票C,股票型
015172,摩根安全战略股票C,股票型
015173,申万菱信竞争优势混合C,混合型-偏股
015174,摩根双核平衡混合C,混合型-平衡
015175,申万菱信稳益宝债券C,债券型-混合二级
015176,申万菱信中证申万医药生物指数(LOF)C,指数型-股票
015177,申万菱信深证成份指数(LOF)C,指数型-股票
015178,申万菱信中证申万证券行业指数(LOF)C,指数型-股票
015179,汇添富美丽30混合C,混合型-偏股
015180,汇添富美丽30混合D,混合型-偏股
015181,汇添富逆向投资混合C,混合型-偏股
015182,汇添富逆向投资混合D,混合型-偏股
015183,汇添富文体娱乐混合C,混合型-偏股
015184,汇添富文体娱乐混合D,混合型-偏股
015187,汇添富消费升级混合C,混合型-偏股
015188,汇添富消费升级混合D,混合型-偏股
015190,汇添富行业整合混合C,混合型-偏股
015191,汇添富行业整合混合D,混合型-偏股
015192,汇添富社会责任混合C,混合型-偏股
015193,汇添富社会责任混合D,混合型-偏股
015194,汇添富新兴消费股票C,股票型
015195,汇添富新兴消费股票D,股票型
015196,汇添富智能制造股票C,股票型
015197,汇添富智能制造股票D,股票型
015198,汇添富移动互联股票C,股票型
015199,汇添富移动互联股票D,股票型
015202,汇添富全球移动互联混合(QDII)人民币C,QDII-混合灵活
015203,汇添富全球移动互联混合(QDII)人民币D,QDII-混合灵活
015204,银华全球新能源车量化优选股票(QDII)A,QDII-普通股票
015205,银华全球新能源车量化优选股票(QDII)C,QDII-普通股票
015206,招商安裕灵活配置混合D,混合型-灵活
015207,万家鑫瑞纯债D,债券型-混合一级
015208,信澳健康中国混合C,混合型-灵活
015210,前海开源沪港深农业混合C,混合型-灵活
015211,招商安鼎平衡1年持有期混合A,混合型-平衡
015212,招商安鼎平衡1年持有期混合C,混合型-平衡
015217,鹏扬成长领航混合A,混合型-偏股
015218,鹏扬成长领航混合C,混合型-偏股
015219,鹏扬产业智选一年持有混合A,混合型-偏股
015220,鹏扬产业智选一年持有混合C,混合型-偏股
015223,汇添富进取成长混合A,混合型-偏股
015224,汇添富进取成长混合C,混合型-偏股
015227,华夏创新研选混合A,混合型-偏股
015228,华夏创新研选混合C,混合型-偏股
015229,华夏低碳经济一年持有混合A,混合型-偏股
015230,华夏低碳经济一年持有混合C,混合型-偏股
015233,银华富裕主题混合C,混合型-偏股
015235,国寿安保稳泽两年持有混合A,混合型-偏债
015236,国寿安保稳泽两年持有混合C,混合型-偏债
015239,山证资管裕享增强债券发起式A,债券型-混合二级
015240,山证资管裕享增强债券发起式C,债券型-混合二级
015243,东兴连裕6个月滚动持有债A,债券型-混合一级
015244,东兴连裕6个月滚动持有债C,债券型-混合一级
015245,南华丰汇混合A,混合型-偏股
015254,申万菱信消费增长混合C,混合型-偏股
015256,鹏华畅享债券A,债券型-混合二级
015257,鹏华畅享债券C,债券型-混合二级
015258,鹏华稳享一年持有期混合A,混合型-偏债
015259,鹏华稳享一年持有期混合C,混合型-偏债
015266,中邮睿泽一年持有债券A,债券型-混合二级
015267,中邮睿泽一年持有债券C,债券型-混合二级
015268,招商瑞联1年持有混合A,混合型-偏债
015269,招商瑞联1年持有混合C,混合型-偏债
015271,财通多策略升级混合(LOF)C,混合型-灵活
015272,博时恒益稳健一年持有期混合A,混合型-偏债
015273,博时恒益稳健一年持有期混合C,混合型-偏债
015278,东财沪深300A,指数型-股票
015279,东财沪深300C,指数型-股票
015282,华安恒生科技ETF发起式联接(QDII)A,指数型-海外股票
015283,华安恒生科技ETF发起式联接(QDII)C,指数型-海外股票
015285,国投瑞银产业转型一年持有混合A,混合型-偏股
015286,国投瑞银产业转型一年持有混合C,混合型-偏股
015287,永赢优质生活混合A,混合型-偏股
015288,永赢优质生活混合C,混合型-偏股
015289,格林高股息优选混合A,混合型-偏股
015290,格林高股息优选混合C,混合型-偏股
015291,金元顺安产业臻选混合A,混合型-偏股
015292,金元顺安产业臻选混合C,混合型-偏股
015293,金鹰时代领航一年持有混合A,混合型-偏股
015294,金鹰时代领航一年持有混合C,混合型-偏股
015299,华夏纳斯达克100ETF发起式联接(QDII)A,指数型-海外股票
015300,华夏纳斯达克100ETF发起式联接(QDII)C,指数型-海外股票
015303,鹏扬丰融价值先锋一年持有混合A,混合型-偏股
015304,鹏扬丰融价值先锋一年持有混合C,混合型-偏股
015305,银华鑫峰混合A,混合型-偏股
015306,银华鑫峰混合C,混合型-偏股
015309,国投瑞银境煊灵活配置混合E,混合型-灵活
015310,华泰柏瑞恒生科技ETF联接(QDII)A,指数型-海外股票
015311,华泰柏瑞恒生科技ETF联接(QDII)C,指数型-海外股票
015320,长江新兴产业混合A,混合型-偏股
015321,长江新兴产业混合C,混合型-偏股
015322,广发鑫享灵活配置混合C,混合型-灵活
015323,广发集源债券E,债券型-混合二级
015330,财通资管睿达一年定开债发起,债券型-混合一级
015336,嘉实中证芯片产业指数发起式A,指数型-股票
015337,嘉实中证芯片产业指数发起式C,指数型-股票
015343,长安优势行业混合A,混合型-偏股
015344,长安优势行业混合C,混合型-偏股
015346,摩根健康品质生活混合C,混合型-偏股
015356,西部利得新润混合C,混合型-灵活
015357,摩根慧享成长混合A,混合型-偏股
015358,摩根慧享成长混合C,混合型-偏股
015361,西部利得新盈混合C,混合型-灵活
015362,汇添富鑫裕一年定开债发起式A,债券型-混合一级
015363,汇添富鑫裕一年定开债发起式C,债券型-混合一级
015364,汇丰晋信价值先锋股票C,股票型
015365,中银动态策略混合C,混合型-偏股
015368,国泰海通领航成长一年持有混合发起A,混合型-偏股
015369,国泰海通领航成长一年持有混合发起C,混合型-偏股
015370,华泰柏瑞季季红债券C,债券型-混合一级
015371,中加聚享增盈债券A,债券型-混合二级
015372,中加聚享增盈债券C,债券型-混合二级
015373,浙商智选新兴产业混合A,混合型-偏股
015374,浙商智选新兴产业混合C,混合型-偏股
015381,东方兴瑞趋势领航混合A,混合型-偏股
015382,东方兴瑞趋势领航混合C,混合型-偏股
015383,长城久富混合(LOF)C,混合型-偏股
015384,万家瑞隆混合C,混合型-偏股
015385,华商智能生活灵活配置混合C,混合型-灵活
015386,中银主题策略混合C,混合型-偏股
015387,中欧沪深300指数增强A,指数型-股票
015388,中欧沪深300指数增强C,指数型-股票
015389,宝盈转型动力混合C,混合型-灵活
015390,万家瑞兴灵活配置混合C,混合型-灵活
015394,交银科技创新灵活配置混合C,混合型-灵活
015395,招商体育文化休闲股票C,股票型
015396,南方潜力新蓝筹混合C,混合型-偏股
015398,招商安润灵活配置混合C,混合型-灵活
015400,弘毅远方甄选混合A,混合型-偏股
015401,弘毅远方甄选混合C,混合型-偏股
015402,长江丰瑞3个月持有期债券A,债券型-混合一级
015403,长江丰瑞3个月持有期债券C,债券型-混合一级
015406,国寿安保稳信混合E,混合型-偏债
015407,国寿安保稳弘混合E,混合型-偏债
015408,景顺长城成长趋势股票A,股票型
015409,景顺长城成长趋势股票C,股票型
015412,西部利得数字产业混合A,混合型-偏股
015413,西部利得数字产业混合C,混合型-偏股
015434,金元顺安鼎泰债券A,债券型-混合二级
015435,金元顺安鼎泰债券C,债券型-混合二级
015436,建信优化配置混合C,混合型-灵活
015437,太平安元债券A,债券型-混合二级
015440,信澳智选先锋一年持有期混合A,混合型-偏股
015441,信澳智选先锋一年持有期混合C,混合型-偏股
015449,太平安元债券C,债券型-混合二级
015450,华泰柏瑞多策略混合C,混合型-灵活
015453,中欧中证500指数增强A,指数型-股票
015454,中欧中证500指数增强C,指数型-股票
015455,信澳周期动力混合C,混合型-偏股
015456,信澳领先增长混合C,混合型-偏股
015458,天弘周期策略混合C,混合型-偏股
015459,天弘精选混合C,混合型-灵活
015460,天弘优质成长企业C,混合型-灵活
015461,天弘互联网混合C,混合型-灵活
015462,天弘云端生活优选混合C,混合型-灵活
015463,天弘永定价值成长混合C,混合型-偏股
015464,兴全兴益债券A,债券型-混合二级
015465,兴全兴益债券C,债券型-混合二级
015466,太平中证1000指数增强A,指数型-股票
015467,太平中证1000指数增强C,指数型-股票
015468,嘉实农业产业股票C,股票型
015475,天弘文化新兴产业股票C,股票型
015477,国联融盛双盈债券A,债券型-混合二级
015478,国联融盛双盈债券C,债券型-混合二级
015479,国联益泓90天滚动持有债券A,债券型-混合一级
015480,国联益泓90天滚动持有债券C,债券型-混合一级
015481,中欧睿见混合C,混合型-偏股
015484,前海开源中证大农业指数增强C,指数型-股票
015485,平安策略优选1年持有混合A,混合型-偏股
015486,平安策略优选1年持有混合C,混合型-偏股
015487,蜂巢丰泰三个月定开债A,债券型-混合一级
015488,蜂巢丰泰三个月定开债C,债券型-混合一级
015491,博时科创主题灵活配置混合(LOF)C,混合型-灵活
015495,景顺长城中证1000指数增强A,指数型-股票
015496,景顺长城中证1000指数增强C,指数型-股票
015500,山证资管裕辰债券发起式,债券型-混合一级
015505,中邮专精特新一年持有混合A,混合型-偏股
015506,中邮专精特新一年持有混合C,混合型-偏股
015507,兴业中证500指数增强A,指数型-股票
015508,兴业中证500指数增强C,指数型-股票
015510,平安价值领航混合A,混合型-偏股
015511,平安价值领航混合C,混合型-偏股
015514,方正富邦鑫诚12个月持有混合A,混合型-偏股
015515,方正富邦鑫诚12个月持有混合C,混合型-偏股
015518,华夏纳斯达克100ETF发起式联接(QDII)A美元现汇,指数型-海外股票
015519,安信远见稳进一年持有混合A,混合型-偏股
015520,安信远见稳进一年持有混合C,混合型-偏股
015521,建信兴晟优选一年持有混合A,混合型-偏股
015522,建信兴晟优选一年持有混合C,混合型-偏股
015524,天弘多元增利债券A,债券型-混合二级
015525,天弘多元增利债券C,债券型-混合二级
015526,大成动态量化配置策略混合C,混合型-灵活
015527,弘毅远方汽车产业升级混合A,混合型-偏股
015528,弘毅远方汽车产业升级混合C,混合型-偏股
015529,华泰柏瑞锦瑞债券E,债券型-混合二级
015537,红塔红土新能源主题精选股票A,股票型
015538,红塔红土新能源主题精选股票C,股票型
015539,富国元利债券A,债券型-混合二级
015540,富国元利债券C,债券型-混合二级
015543,百嘉百益债券A,债券型-混合二级
015544,百嘉百益债券C,债券型-混合二级
015545,大成标普500等权重指数(QDII)C美元,指数型-海外股票
015546,大成恒生指数(QDII-LOF)C,指数型-海外股票
015547,华商核心成长一年持有混合A,混合型-偏股
015548,华商核心成长一年持有混合C,混合型-偏股
015553,融通价值成长混合A,混合型-偏股
015554,融通价值成长混合C,混合型-偏股
015558,万家中证红利ETF联接C,指数型-股票
015559,长江启航混合发起式A,混合型-偏股
015560,长江启航混合发起式C,混合型-偏股
015561,长城双动力混合C,混合型-偏股
015562,长城医疗保健混合C,混合型-偏股
015563,天弘丰利债券(LOF)C,债券型-混合一级
015564,大成弘远回报一年持有混合A,混合型-偏股
015565,大成弘远回报一年持有混合C,混合型-偏股
015566,万家精选混合C,混合型-偏股
015570,创金合信医药优选3个月持有混合A,混合型-偏股
015571,创金合信医药优选3个月持有混合C,混合型-偏股
015572,国投瑞银瑞源灵活配置混合C,混合型-灵活
015573,华宝收益增长混合C,混合型-灵活
015576,宏利绩优混合C,混合型-灵活
015577,国联安上证商品ETF联接C,指数型-股票
015578,南方宝祥混合A,混合型-偏债
015579,南方宝祥混合C,混合型-偏债
015582,国泰量化策略收益混合C,混合型-偏股
015583,招商安悦1年持有期债券A,债券型-混合二级
015584,招商安悦1年持有期债券C,债券型-混合二级
015585,国泰优势行业混合C,混合型-偏股
015586,东方匠心优选混合A,混合型-偏股
015587,东方匠心优选混合C,混合型-偏股
015588,国泰大农业股票C,股票型
015589,国泰金马稳健混合C,混合型-灵活
015592,国泰事件驱动策略混合C,混合型-偏股
015593,国泰金鑫股票C,股票型
015594,国泰区位优势混合C,混合型-偏股
015595,交银臻选回报混合C,混合型-偏债
015596,国泰国证有色金属行业指数(LOF)C,指数型-股票
015598,国泰中证申万证券行业指数(LOF)C,指数型-股票
015599,国泰国证航天军工指数(LOF)C,指数型-股票
015600,国泰创业板指数(LOF)C,指数型-股票
015601,宏利行业精选混合C,混合型-偏股
015603,国泰海通君得盛债券C,债券型-混合二级
015604,华安动力领航混合A,混合型-偏股
015605,华安动力领航混合C,混合型-偏股
015606,广发集祥债券A,债券型-混合二级
015607,广发集祥债券C,债券型-混合二级
015608,信澳转型创新股票C,股票型
015610,万家匠心致远一年持有期混合A,混合型-偏股
015611,万家匠心致远一年持有期混合C,混合型-偏股
015613,华宝多策略增长C,混合型-偏股
015614,华宝价值发现混合C,混合型-偏股
015619,宏利红利先锋混合C,混合型-偏股
015625,平安添润债券A,债券型-混合二级
015626,平安添润债券C,债券型-混合二级
015627,圆信永丰弘阳股票A,股票型
015628,圆信永丰弘阳股票C,股票型
015630,申万菱信乐融一年持有混合A,混合型-偏股
015631,申万菱信乐融一年持有混合C,混合型-偏股
015633,中金景气驱动混合发起A,混合型-偏股
015634,中金景气驱动混合发起C,混合型-偏股
015635,汇安价值先锋混合A,混合型-偏股
015636,汇安价值先锋混合C,混合型-偏股
015637,摩根阿尔法混合C,混合型-偏股
015638,摩根成长动力混合C,混合型-灵活
015640,金鹰产业整合混合C,混合型-灵活
015641,银华数字经济股票发起式A,股票型
015642,银华数字经济股票发起式C,股票型
015652,国投瑞银瑞利混合(LOF)C,混合型-灵活
015657,富荣研究优选混合A,混合型-偏股
015658,富荣研究优选混合C,混合型-偏股
015661,天弘同利债券(LOF)D,债券型-混合一级
015663,易米开鑫价值优选混合A,混合型-偏股
015664,易米开鑫价值优选混合C,混合型-偏股
015665,银河和美生活混合C,混合型-偏股
015666,银河医药混合C,混合型-偏股
015667,银河文体娱乐混合C,混合型-灵活
015668,银河消费混合C,混合型-偏股
015669,银河蓝筹混合C,混合型-偏股
015670,银河行业混合C,混合型-偏股
015671,前海开源沪深300指数C,指数型-股票
015673,鹏华创业板指数(LOF)C,指数型-股票
015674,鹏华中证800地产指数(LOF)C,指数型-股票
015675,鹏华中证传媒指数(LOF)C,指数型-股票
015676,鹏华中证移动互联网指数(LOF)C,指数型-股票
015677,鹏华中证一带一路主题指数(LOF)C,指数型-股票
015678,鹏华中证高铁产业指数(LOF)C,指数型-股票
015679,景顺长城沪深300指数增强C,指数型-股票
015683,景顺长城科技创新混合C,混合型-偏股
015684,银华盛利混合发起式C,混合型-偏股
015685,鹏华中证环保产业指数(LOF)C,指数型-股票
015686,富国新兴产业股票C,股票型
015687,银华乐享混合C,混合型-偏股
015688,九泰泰富灵活配置混合(LOF)C,混合型-灵活
015689,富国价值增长混合C,混合型-偏股
015690,富国中小盘精选混合C,混合型-偏股
015691,富国长期成长混合C,混合型-偏股
015692,富国通胀通缩主题轮动混合C,混合型-偏股
015693,鹏华中证800证券保险指数(LOF)C,指数型-股票
015696,农银绿色能源混合,混合型-偏股
015697,华夏磐润两年定开混合A,混合型-偏股
015698,华夏磐润两年定开混合C,混合型-偏股
015699,平安均衡成长2年持有混合A,混合型-偏股
015700,平安均衡成长2年持有混合C,混合型-偏股
015703,易米开泰混合A,混合型-偏股
015704,易米开泰混合C,混合型-偏股
015709,摩根中国优势混合C,混合型-灵活
015712,泰康丰泰一年定开债券发起,债券型-混合一级
015713,格林聚鑫增强债券A,债券型-混合二级
015714,格林聚鑫增强债券C,债券型-混合二级
015715,富国成长动力混合C,混合型-偏股
015716,华夏稳享增利6个月滚动持有债A,债券型-混合二级
015717,华夏稳享增利6个月滚动持有债C,债券型-混合二级
015718,财通资管均衡臻选混合A,混合型-偏股
015719,财通资管均衡臻选混合C,混合型-偏股
015722,长城中小盘成长混合C,混合型-偏股
015723,长城久悦债券C,债券型-混合二级
015724,英大碳中和混合A,混合型-偏股
015725,英大碳中和混合C,混合型-偏股
015727,中泰双利债券A,债券型-混合二级
015728,中泰双利债券C,债券型-混合二级
015729,朱雀碳中和三年持有混合发起,混合型-偏股
015731,景顺长城核心竞争力混合C,混合型-偏股
015732,尚正新能源产业混合A,混合型-偏股
015733,尚正新能源产业混合C,混合型-偏股
015739,国泰中证港股通科技ETF发起联接A,指数型-股票
015740,国泰中证港股通科技ETF发起联接C,指数型-股票
015745,上银鑫卓混合C,混合型-偏股
015748,上银可转债精选债券C,债券型-混合二级
015749,博时优享回报混合A,混合型-偏股
015750,博时优享回报混合C,混合型-偏股
015751,景顺长城品质长青混合C,混合型-偏股
015752,景顺长城核心招景混合C,混合型-偏股
015753,上银鑫达灵活配置混合C,混合型-灵活
015754,上银内需增长股票C,股票型
015755,景顺长城绩优成长混合C,混合型-偏股
015756,景顺长城景气成长混合C,混合型-偏股
015768,长信内需成长混合C,混合型-偏股
015769,天弘低碳经济混合A,混合型-偏股
015770,天弘低碳经济混合C,混合型-偏股
015772,银华互联网主题灵活配置混合C,混合型-灵活
015773,招商移动互联网产业股票基金C,股票型
015774,长信多利混合E,混合型-灵活
015775,景顺长城品质成长混合C,混合型-偏股
015779,景顺长城价值边际灵活配置混合C,混合型-灵活
015780,大成ESG责任投资混合发起式A,混合型-偏股
015781,大成ESG责任投资混合发起式C,混合型-偏股
015782,创金合信稳健添利债券A,债券型-混合二级
015783,创金合信稳健添利债券C,债券型-混合二级
015784,中信建投中证1000指数增强A,指数型-股票
015785,中信建投中证1000指数增强C,指数型-股票
015787,鹏扬中证数字经济主题ETF发起联接A,指数型-股票
015788,鹏扬中证数字经济主题ETF发起联接C,指数型-股票
015789,永赢高端装备智选混合发起A,混合型-偏股
015790,永赢高端装备智选混合发起C,混合型-偏股
015794,天弘创业板指数增强A,指数型-股票
015795,天弘创业板指数增强C,指数型-股票
015802,鹏华稳健恒利债券A,债券型-混合二级
015803,鹏华稳健恒利债券C,债券型-混合二级
015805,景顺长城景颐尊利债券A,债券型-混合二级
015806,景顺长城景颐尊利债券C,债券型-混合二级
015807,中银宏观策略混合C,混合型-灵活
015808,汇添富中证电池主题ETF发起式联接D,指数型-股票
015817,财通资管瑞享12个月定开混合C,混合型-偏债
015824,博时月月乐同业存单30天持有混合,混合型-偏债
015828,永赢新能源智选混合发起A,混合型-偏股
015829,永赢新能源智选混合发起C,混合型-偏股
015838,广发招利混合A,混合型-偏股
015839,广发招利混合C,混合型-偏股
015842,国投瑞银专精特新量化选股混合A,混合型-偏股
015843,国投瑞银专精特新量化选股混合C,混合型-偏股
015849,富国创新企业灵活配置混合(LOF)C,混合型-灵活
015850,农银行业轮动混合C,混合型-偏股
015853,汇添富稳安三个月持有债券A,债券型-混合一级
015854,汇添富稳安三个月持有债券C,债券型-混合一级
015855,汇添富稳安三个月持有债券E,债券型-混合一级
015856,格林碳中和主题混合A,混合型-偏股
015857,格林碳中和主题混合C,混合型-偏股
015859,宝盈国证证券龙头指数发起A,指数型-股票
015860,宝盈国证证券龙头指数发起C,指数型-股票
015867,国泰海通中证1000指数增强A,指数型-股票
015868,国泰海通中证1000指数增强C,指数型-股票
015873,工银锂电池ETF联接A,指数型-股票
015874,工银锂电池ETF联接C,指数型-股票
015876,富国中证消费电子主题ETF发起式联接A,指数型-股票
015877,富国中证消费电子主题ETF发起式联接C,指数型-股票
015878,富国中证农业主题ETF联接A,指数型-股票
015879,富国中证农业主题ETF联接C,指数型-股票
015880,中欧小盘成长混合A,混合型-偏股
015881,中欧小盘成长混合C,混合型-偏股
015884,中欧港股数字经济混合发起(QDII)A,QDII-混合偏股
015885,中欧港股数字经济混合发起(QDII)C,QDII-混合偏股
015887,国投瑞银行业睿选混合A,混合型-偏股
015888,国投瑞银行业睿选混合C,混合型-偏股
015891,富国上证50基本面精选股票发起式A,股票型
015892,富国上证50基本面精选股票发起式C,股票型
015894,平安中证消费电子主题ETF发起式联接A,指数型-股票
015895,平安中证消费电子主题ETF发起式联接C,指数型-股票
015896,天弘中证细分化工产业主题ETF联接A,指数型-股票
015897,天弘中证细分化工产业主题ETF联接C,指数型-股票
015898,大成元合双利债券发起式A,债券型-混合二级
015899,大成元合双利债券发起式C,债券型-混合二级
015900,东方阿尔法兴科一年持有混合A,混合型-偏股
015901,东方阿尔法兴科一年持有混合C,混合型-偏股
015902,博时优质精选混合A,混合型-偏股
015903,博时优质精选混合C,混合型-偏股
015904,广发新能源精选股票A,股票型
015905,广发新能源精选股票C,股票型
015906,兴业沪深300ETF发起联接A,指数型-股票
015907,兴业沪深300ETF发起联接C,指数型-股票
015908,方正富邦鸿远债券A,债券型-混合二级
015909,方正富邦鸿远债券C,债券型-混合二级
015911,兴业致远混合A,混合型-偏股
015912,兴业致远混合C,混合型-偏股
015915,永赢医药创新智选混合发起A,混合型-偏股
015916,永赢医药创新智选混合发起C,混合型-偏股
015927,西部利得绿色能源混合A,混合型-偏股
015928,西部利得绿色能源混合C,混合型-偏股
015931,金鹰恒润债券发起式A,债券型-混合二级
015932,金鹰恒润债券发起式C,债券型-混合二级
015936,中信保诚弘远混合C,混合型-偏股
015937,中信保诚鼎利混合(LOF)C,混合型-灵活
015945,易方达国防军工混合C,混合型-偏股
015946,兴业国企改革混合C,混合型-灵活
015947,兴业研究精选混合C,混合型-偏股
015950,华夏蓝筹混合(LOF)C,混合型-灵活
015953,信澳鑫享债券A,债券型-混合二级
015954,信澳鑫享债券C,债券型-混合二级
015957,财通资管双安债券A,债券型-混合二级
015958,财通资管双安债券C,债券型-混合二级
015959,太平嘉和三个月定开债发起,债券型-混合二级
015963,汇安品质优选混合A,混合型-偏股
015964,汇安品质优选混合C,混合型-偏股
015965,长城安心回报混合C,混合型-灵活
015967,永赢半导体产业智选混合发起A,混合型-偏股
015968,永赢半导体产业智选混合发起C,混合型-偏股
015969,博时富尊一年定开债发起式,债券型-混合一级
015970,华泰柏瑞景气驱动混合A,混合型-偏股
015971,华泰柏瑞景气驱动混合C,混合型-偏股
015973,工银恒嘉一年持有混合A,混合型-偏股
015974,工银恒嘉一年持有混合C,混合型-偏股
015976,光大数字经济主题混合A,混合型-偏股
015977,光大数字经济主题混合C,混合型-偏股
015978,安信恒鑫增强债券A,债券型-混合二级
015979,安信恒鑫增强债券C,债券型-混合二级
015980,光大高端装备混合A,混合型-偏股
015981,光大高端装备混合C,混合型-偏股
015986,中海新兴成长六个月持有期混合,混合型-偏股
015987,万家远见先锋一年持有期混合A,混合型-偏股
015988,万家远见先锋一年持有期混合C,混合型-偏股
015989,华安碳中和混合A,混合型-偏股
015990,华安碳中和混合C,混合型-偏股
015993,博时中证光伏产业ETF联接A,指数型-股票
015994,博时中证光伏产业ETF联接C,指数型-股票
015997,大成中证电池主题ETF发起式联接A,指数型-股票
015998,大成中证电池主题ETF发起式联接C,指数型-股票
016003,广发集远债券A,债券型-混合二级
016004,广发集远债券C,债券型-混合二级
016005,红土创新添利债券A,债券型-混合二级
016006,红土创新添利债券C,债券型-混合二级
016007,招商中证消费电子主题ETF联接A,指数型-股票
016008,招商中证消费电子主题ETF联接C,指数型-股票
016010,兴银中证科创创业50指数E,指数型-股票
016018,银河康乐股票C,股票型
016019,招商中证电池主题ETF联接A,指数型-股票
016020,招商中证电池主题ETF联接C,指数型-股票
016021,华安优嘉精选混合A,混合型-偏股
016022,华安优嘉精选混合C,混合型-偏股
016029,湘财成长优选一年持有混合A,混合型-偏股
016030,湘财成长优选一年持有混合C,混合型-偏股
016040,华安新动力灵活配置混合C,混合型-灵活
016041,华安新机遇灵活配置混合C,混合型-灵活
016042,华安稳健回报混合C,混合型-灵活
016043,东财证券30A,指数型-股票
016044,东财证券30C,指数型-股票
016045,华商研究回报一年持有混合A,混合型-偏股
016046,华商研究回报一年持有混合C,混合型-偏股
016047,鹏扬利鑫60天滚动持有债券E,债券型-混合一级
016048,华商新量化混合C,混合型-灵活
016049,华商甄选回报混合C,混合型-偏股
016050,华商高端装备制造股票C,股票型
016051,华商万众创新混合C,混合型-灵活
016052,华商改革创新股票C,股票型
016055,博时纳斯达克100ETF发起式联接(QDII)A人民币,指数型-海外股票
016056,博时纳斯达克100ETF发起式联接(QDII)A美元现汇,指数型-海外股票
016057,博时纳斯达克100ETF发起式联接(QDII)C人民币,指数型-海外股票
016058,博时纳斯达克100ETF发起式联接(QDII)C美元现汇,指数型-海外股票
016059,长城久鼎混合C,混合型-灵活
016060,大成健康产业混合C,混合型-偏股
016061,长城环保主题混合C,混合型-灵活
016062,大成多策略混合(LOF)C,混合型-灵活
016064,建信智远先锋混合A,混合型-偏股
016065,建信智远先锋混合C,混合型-偏股
016067,鹏华新能源汽车混合A,混合型-偏股
016068,鹏华新能源汽车混合C,混合型-偏股
016069,华商研究精选灵活配置C,混合型-灵活
016070,华商新常态混合C,混合型-灵活
016071,华安智联混合(LOF)C,混合型-偏债
016073,创金合信软件产业股票发起A,股票型
016074,创金合信软件产业股票发起C,股票型
016075,华夏智造升级混合A,混合型-偏股
016076,华夏智造升级混合C,混合型-偏股
016077,华夏中证农业主题ETF发起联接A,指数型-股票
016078,华夏中证农业主题ETF发起联接C,指数型-股票
016090,中泰玉衡价值优选混合C,混合型-灵活
016091,汇泉匠心智选一年持有混合A,混合型-偏股
016092,汇泉匠心智选一年持有混合C,混合型-偏股
016097,东吴兴弘一年持有混合A,混合型-偏股
016098,东吴兴弘一年持有混合C,混合型-偏股
016099,华安成长创新混合C,混合型-偏股
016105,申万菱信兴乐优选混合A,混合型-偏股
016106,申万菱信兴乐优选混合C,混合型-偏股
016109,南方振元债券发起A,债券型-混合二级
016110,南方振元债券发起C,债券型-混合二级
016117,贝莱德先进制造一年持有混合A,混合型-偏股
016118,贝莱德先进制造一年持有混合C,混合型-偏股
016119,华富时代锐选混合A,混合型-偏股
016120,华富时代锐选混合C,混合型-偏股
016122,华富中证科创创业50指数增强A,指数型-股票
016123,华富中证科创创业50指数增强C,指数型-股票
016124,汇泉安盈回报债券A,债券型-混合二级
016125,汇泉安盈回报债券C,债券型-混合二级
016128,景顺长城中证红利低波动100ETF发起联接A,指数型-股票
016129,景顺长城中证红利低波动100ETF发起联接C,指数型-股票
016134,嘉实沪深300指数研究增强C,指数型-股票
016135,嘉实优势成长混合C,混合型-灵活
016142,华安沣悦债券A,债券型-混合二级
016143,华安沣悦债券C,债券型-混合二级
016157,汇添富数字经济核心产业一年持有期混合A,混合型-偏股
016158,汇添富数字经济核心产业一年持有期混合C,混合型-偏股
016159,汇添富数字经济核心产业一年持有期混合D,混合型-偏股
016161,天弘永利优享债券A,债券型-混合二级
016162,天弘永利优享债券C,债券型-混合二级
016163,万家欣远混合A,混合型-偏股
016164,万家欣远混合C,混合型-偏股
016165,汇添富优势企业精选混合A,混合型-偏股
016166,万家颐远均衡一年持有混合发起A,混合型-偏股
016167,万家颐远均衡一年持有混合发起C,混合型-偏股
016168,嘉实丰和灵活配置混合C,混合型-灵活
016169,嘉实价值优势混合C,混合型-偏股
016173,汇添富优势企业精选混合C,混合型-偏股
016174,汇丰晋信策略优选混合A,混合型-偏股
016175,汇丰晋信策略优选混合C,混合型-偏股
016179,华安新活力灵活配置混合C,混合型-灵活
016181,华安添祥6个月持有混合C,混合型-偏债
016182,华安安进灵活配置混合发起式C,混合型-灵活
016183,华安安华灵活配置混合C,混合型-灵活
016185,广发电力ETF联接A,指数型-股票
016186,广发电力ETF联接C,指数型-股票
016198,大成科创主题混合(LOF)C,混合型-偏股
016199,汇添富全球汽车产业升级混合(QDII)人民币A,QDII-混合偏股
016200,汇添富全球汽车产业升级混合(QDII)美元现汇,QDII-混合偏股
016201,汇添富全球汽车产业升级混合(QDII)美元现钞,QDII-混合偏股
016202,汇添富全球汽车产业升级混合(QDII)人民币C,QDII-混合偏股
016204,东方沪深300指数增强A,指数型-股票
016205,东方沪深300指数增强C,指数型-股票
016209,申万菱信中证军工指数(LOF)C,指数型-股票
016214,富安达长盈灵活配置混合C,混合型-灵活
016234,财通景气行业混合C,混合型-偏股
016237,华夏数字经济龙头混合发起式A,混合型-偏股
016238,华夏数字经济龙头混合发起式C,混合型-偏股
016243,广发成长领航一年持有混合A,混合型-偏股
016244,广发成长领航一年持有混合C,混合型-偏股
016246,天弘新价值混合C,混合型-灵活
016248,银华创新动力优选混合A,混合型-偏股
016249,银华创新动力优选混合C,混合型-偏股
016250,华夏远见成长一年持有混合A,混合型-偏股
016251,华夏远见成长一年持有混合C,混合型-偏股
016252,华夏景气成长一年持有混合发起式A,混合型-偏股
016253,华夏景气成长一年持有混合发起式C,混合型-偏股
016254,中信保诚精萃成长混合C,混合型-偏股
016255,中信保诚优胜精选混合C,混合型-偏股
016256,中信保诚中小盘混合C,混合型-偏股
016257,华宝动力组合混合C,混合型-偏股
016258,中信保诚创新成长混合C,混合型-灵活
016259,鑫元安鑫回报混合C,混合型-偏债
016262,银华智荟内在价值灵活配置混合发起C,混合型-灵活
016263,银华高端制造业混合C,混合型-灵活
016264,嘉实新起航混合C,混合型-灵活
016265,中信建投趋势领航两年持有混合A,混合型-偏股
016266,中信建投趋势领航两年持有混合C,混合型-偏股
016267,建信中证500指数量化增强发起A,指数型-股票
016268,建信中证500指数量化增强发起C,指数型-股票
016269,建信改革红利股票C,股票型
016272,华泰保兴吉年红混合发起A,混合型-偏股
016273,华泰保兴吉年红混合发起C,混合型-偏股
016274,华泰保兴鑫成优选混合A,混合型-偏股
016275,华泰保兴鑫成优选混合C,混合型-偏股
016276,招商中证800指数增强A,指数型-股票
016277,招商中证800指数增强C,指数型-股票
016278,广发美国房地产指数人民币(QDII)C,指数型-海外股票
016279,广发美国房地产指数美元现汇(QDII)C,指数型-海外股票
016280,广发全球医疗保健指数人民币(QDII)C,指数型-海外股票
016281,广发全球医疗保健美元现汇(QDII)C,指数型-海外股票
016282,建信内生动力混合C,混合型-偏股
016283,华泰柏瑞积极优选股票C,股票型
016285,汇丰晋信龙头优势混合A,混合型-偏股
016286,汇丰晋信龙头优势混合C,混合型-偏股
016287,大成消费机遇混合A,混合型-偏股
016288,大成消费机遇混合C,混合型-偏股
016289,华安沪港深通精选灵活配置混合C,混合型-灵活
016290,华安国企改革主题灵活配置混合C,混合型-灵活
016291,华安大国新经济股票C,股票型
016292,华安物联网主题股票C,股票型
016293,华安核心优选混合C,混合型-偏股
016294,华安宏利混合C,混合型-偏股
016296,英大通佑一年定开债,债券型-混合一级
016297,中欧丰泰港股通混合A,混合型-偏股
016298,中欧丰泰港股通混合C,混合型-偏股
016301,兴业180天持有期债券A,债券型-混合一级
016302,兴业180天持有期债券C,债券型-混合一级
016303,中信建投北交所精选两年定开混合A,混合型-偏股
016304,中信建投北交所精选两年定开混合C,混合型-偏股
016305,农银专精特新混合A,混合型-偏股
016306,农银专精特新混合C,混合型-偏股
016307,景顺长城北交所精选两年定开混合A,混合型-偏股
016308,景顺长城北交所精选两年定开混合C,混合型-偏股
016311,中欧优质企业混合A,混合型-偏股
016312,中欧优质企业混合C,混合型-偏股
016313,富国研究精选灵活配置混合C,混合型-灵活
016322,嘉实安益混合A,混合型-灵活
016327,农银双利回报债券A,债券型-混合二级
016328,农银双利回报债券C,债券型-混合二级
016329,鹏华创兴增利债券A,债券型-混合二级
016330,鹏华创兴增利债券C,债券型-混合二级
016331,鹏华创兴增利债券D,债券型-混合二级
016332,长城产业臻选混合A,混合型-偏股
016333,长城产业臻选混合C,混合型-偏股
016335,汇丰晋信动态策略混合C,混合型-灵活
016340,银河价值成长混合A,混合型-偏股
016341,银河价值成长混合C,混合型-偏股
016343,招商中证银行指数E,指数型-股票
016344,易方达裕惠定开混合C,混合型-偏债
016345,长安行业成长混合A,混合型-偏股
016346,长安行业成长混合C,混合型-偏股
016347,招商中证煤炭等权指数(LOF)E,指数型-股票
016350,招商碳中和主题混合A,混合型-偏股
016351,招商碳中和主题混合C,混合型-偏股
016352,建信高端医疗股票C,股票型
016355,华夏国证疫苗与生物科技指数发起A,指数型-股票
016356,华夏国证疫苗与生物科技指数发起C,指数型-股票
016359,恒生前海恒源丰利债券A,债券型-混合二级
016360,恒生前海恒源丰利债券C,债券型-混合二级
016363,招商中证红利ETF联接E,指数型-股票
016367,嘉实多利收益债券C,债券型-混合二级
016370,信澳业绩驱动混合A,混合型-偏股
016371,信澳业绩驱动混合C,混合型-偏股
016372,信澳匠心严选一年持有混合A,混合型-偏股
016373,信澳匠心严选一年持有混合C,混合型-偏股
016374,华泰柏瑞新金融地产混合C,混合型-灵活
016375,招商裕泰混合,混合型-偏股
016376,易米和丰债券A,债券型-混合二级
016377,易米和丰债券C,债券型-混合二级
016378,太平消费升级一年持有A,混合型-偏股
016379,太平消费升级一年持有C,混合型-偏股
016384,永赢消费鑫选6个月持有混合A,混合型-偏股
016385,永赢消费鑫选6个月持有混合C,混合型-偏股
016386,永赢低碳环保智选混合发起A,混合型-偏股
016387,永赢低碳环保智选混合发起C,混合型-偏股
016388,汇安均衡成长混合A,混合型-偏股
016389,汇安均衡成长混合C,混合型-偏股
016398,九泰锐益混合(LOF)C,混合型-灵活
016399,九泰久睿量化股票C,股票型
016400,摩根智选30混合C,混合型-偏股
016401,摩根大盘蓝筹股票C,股票型
016402,摩根内需动力混合C,混合型-偏股
016412,兴合安平六个月持有债券A,债券型-混合一级
016413,兴合安平六个月持有债券C,债券型-混合一级
016416,南方稳鑫6个月持有债券A,债券型-混合二级
016417,南方稳鑫6个月持有债券C,债券型-混合二级
016418,摩根创新商业模式混合C,混合型-灵活
016419,国泰安璟债券A,债券型-混合二级
016420,国泰安璟债券C,债券型-混合二级
016421,万家惠利债券A,债券型-混合二级
016422,万家惠利债券C,债券型-混合二级
016424,广发集汇债券A,债券型-混合二级
016425,广发集汇债券C,债券型-混合二级
016435,泰信新能源锐选混合发起式A,混合型-偏股
016436,泰信新能源锐选混合发起式C,混合型-偏股
016440,华夏中证红利质量ETF发起式联接A,指数型-股票
016441,华夏中证红利质量ETF发起式联接C,指数型-股票
016444,中泰研究精选6个月持有股票A,股票型
016445,中泰研究精选6个月持有股票C,股票型
016447,平安双盈添益债券A,债券型-混合一级
016448,平安双盈添益债券C,债券型-混合一级
016449,南方新材料股票发起A,股票型
016450,南方新材料股票发起C,股票型
016452,南方纳斯达克100指数发起(QDII)A,指数型-海外股票
016453,南方纳斯达克100指数发起(QDII)C,指数型-海外股票
016454,诺安均衡优选一年持有混合A,混合型-偏股
016455,诺安均衡优选一年持有混合C,混合型-偏股
016461,华宝核心优势混合C,混合型-灵活
016462,华宝生态中国混合C,混合型-偏股
016463,华宝万物互联混合C,混合型-灵活
016464,兴全合瑞混合A,混合型-偏股
016465,兴全合瑞混合C,混合型-偏股
016466,国泰海通量化选股混合发起A,混合型-偏股
016467,国泰海通量化选股混合发起C,混合型-偏股
016470,广发生物科技指数人民币(QDII)C,指数型-海外股票
016471,广发生物科技指数美元(QDII)C,指数型-海外股票
016472,天弘增益回报债券发起式D,债券型-混合二级
016474,交银稳固收益债券C,债券型-混合二级
016475,大成新兴活力混合A,混合型-偏股
016476,大成新兴活力混合C,混合型-偏股
016477,光大专精特新混合A,混合型-偏股
016478,光大专精特新混合C,混合型-偏股
016479,易方达裕丰回报债券C,债券型-混合二级
016485,中欧成长先锋混合A,混合型-偏股
016486,中欧成长先锋混合C,混合型-偏股
016491,华安事件驱动量化混合C,混合型-灵活
016492,南方均衡成长混合A,混合型-偏股
016493,南方均衡成长混合C,混合型-偏股
016494,农银新能源主题C,混合型-灵活
016495,景顺长城中证港股通科技ETF发起联接A,指数型-股票
016496,景顺长城中证港股通科技ETF发起联接C,指数型-股票
016498,易方达MSCI中国A50互联互通量化增强A,指数型-股票
016499,易方达MSCI中国A50互联互通量化增强C,指数型-股票
016500,华夏半导体龙头混合发起A,混合型-偏股
016501,华夏半导体龙头混合发起C,混合型-偏股
016502,永赢新兴消费智选混合发起A,混合型-偏股
016503,永赢新兴消费智选混合发起C,混合型-偏股
016504,广发核心竞争力混合A,混合型-偏股
016505,广发核心竞争力混合C,混合型-偏股
016507,长城数字经济混合A,混合型-偏股
016508,长城数字经济混合C,混合型-偏股
016510,嘉实年年红一年持有债券发起A,债券型-混合一级
016511,嘉实年年红一年持有债券发起C,债券型-混合一级
016513,招商安嘉债券,债券型-混合二级
016514,创金合信信用红利债券E,债券型-混合一级
016517,华泰紫金创新成长混合发起A,混合型-偏股
016518,华泰紫金创新成长混合发起C,混合型-偏股
016520,中银稳进策略混合C,混合型-灵活
016523,华安科技创新混合C,混合型-偏股
016524,招商均衡成长混合A,混合型-偏股
016525,招商均衡成长混合C,混合型-偏股
016528,广发稳宏一年持有混合A,混合型-偏债
016529,广发稳宏一年持有混合C,混合型-偏债
016530,鹏华碳中和主题混合A,混合型-偏股
016531,鹏华碳中和主题混合C,混合型-偏股
016532,嘉实纳斯达克100ETF发起联接(QDII)A人民币,指数型-海外股票
016533,嘉实纳斯达克100ETF发起联接(QDII)C人民币,指数型-海外股票
016534,嘉实纳斯达克100ETF发起联接(QDII)A美元现汇,指数型-海外股票
016535,嘉实纳斯达克100ETF发起联接(QDII)C美元现汇,指数型-海外股票
016541,交银启衡混合A,混合型-偏股
016542,交银启衡混合C,混合型-偏股
016547,大成盛享一年持有混合A,混合型-偏债
016548,大成盛享一年持有混合C,混合型-偏债
016549,永赢消费龙头智选混合发起A,混合型-偏股
016550,永赢消费龙头智选混合发起C,混合型-偏股
016551,诺德策略回报股票A,股票型
016552,诺德策略回报股票C,股票型
016553,南方鑫悦15个月持有混合A,混合型-偏股
016554,南方鑫悦15个月持有混合C,混合型-偏股
016556,万家量化睿选混合C,混合型-灵活
016558,安信洞见成长混合A,混合型-偏股
016559,安信洞见成长混合C,混合型-偏股
016560,永赢启源混合发起A,混合型-偏股
016561,永赢启源混合发起C,混合型-偏股
016562,鹏华精选成长混合C,混合型-偏股
016563,金鹰红利价值混合C,混合型-灵活
016564,华安安顺灵活配置混合C,混合型-灵活
016566,嘉实中证电池主题ETF发起联接A,指数型-股票
016567,嘉实中证电池主题ETF发起联接C,指数型-股票
016568,嘉实碳中和主题混合A,混合型-偏股
016569,嘉实碳中和主题混合C,混合型-偏股
016570,嘉实价值丰润混合A,混合型-偏股
016571,嘉实价值丰润混合C,混合型-偏股
016572,招商中证银行AH价格优选ETF发起式联接A,指数型-股票
016573,招商中证银行AH价格优选ETF发起式联接C,指数型-股票
016579,长安宏观策略混合C,混合型-偏股
016580,万家双利债券C,债券型-混合二级
016588,富国融甄混合A,混合型-偏股
016589,富国融甄混合C,混合型-偏股
016590,富国汽车智选混合A,混合型-偏股
016591,富国汽车智选混合C,混合型-偏股
016592,长城远见成长混合A,混合型-偏股
016593,长城远见成长混合C,混合型-偏股
016594,易方达安心回馈混合C,混合型-偏债
016599,富国睿利定开混合发起C,混合型-偏债
016600,万家品质生活混合C,混合型-灵活
016603,国泰农惠定期开放债券C,债券型-混合一级
016605,财通资管臻享成长混合A,混合型-偏股
016606,财通资管臻享成长混合C,混合型-偏股
016610,富国稳健添盈债券A,债券型-混合二级
016611,富国稳健添盈债券C,债券型-混合二级
016616,国泰估值优势混合(LOF)C,混合型-偏股
016617,国泰价值优选灵活配置混合(LOF)C,混合型-灵活
016618,国融添益增强债券A,债券型-混合二级
016619,国融添益增强债券C,债券型-混合二级
016620,万家颐和灵活配置混合C,混合型-灵活
016623,银华卓信成长精选混合A,混合型-偏股
016624,银华卓信成长精选混合C,混合型-偏股
016626,汇添富创新成长混合A,混合型-偏股
016627,汇添富创新成长混合C,混合型-偏股
016630,易方达中证1000ETF联接A,指数型-股票
016631,易方达中证1000ETF联接C,指数型-股票
016632,华泰柏瑞行业优选6个月持有期混合A,混合型-偏股
016633,富国中证1000ETF联接A,指数型-股票
016634,富国中证1000ETF联接C,指数型-股票
016635,国联安气候变化混合A,混合型-偏股
016636,汇添富稳安三个月持有债券B,债券型-混合一级
016637,博道和瑞多元稳健6个月持有混合A,混合型-偏债
016638,博道和瑞多元稳健6个月持有混合C,混合型-偏债
016639,南方达元债券A,债券型-混合二级
016640,南方达元债券C,债券型-混合二级
016641,华商稳健泓利一年持有期混合A,混合型-偏债
016642,华商稳健泓利一年持有期混合C,混合型-偏债
016643,南方中证1000ETF发起联接E,指数型-股票
016645,富国恒享回报12个月持有混合A,混合型-偏债
016646,富国恒享回报12个月持有混合C,混合型-偏债
016653,华泰柏瑞行业优选6个月持有期混合C,混合型-偏股
016654,鹏扬景泽一年持有混合A,混合型-偏债
016655,鹏扬景泽一年持有混合C,混合型-偏债
016664,天弘全球高端制造混合(QDII)A,QDII-混合偏股
016665,天弘全球高端制造混合(QDII)C,QDII-混合偏股
016667,景顺长城全球半导体芯片股票A(QDII-LOF)(美元现汇),QDII-普通股票
016668,景顺长城全球半导体芯片股票C(QDII-LOF)(人民币),QDII-普通股票
016670,博时恒耀债券A,债券型-混合二级
016671,博时恒耀债券C,债券型-混合二级
016676,南方君誉混合A,混合型-灵活
016677,南方君誉混合C,混合型-灵活
016678,贝莱德浦悦丰利混合A,混合型-偏债
016679,贝莱德浦悦丰利混合C,混合型-偏债
016680,中金中证500ESG指数增强A,指数型-股票
016681,中金中证500ESG指数增强C,指数型-股票
016682,天弘广盈六个月持有混合A,混合型-偏债
016683,天弘广盈六个月持有混合C,混合型-偏债
016690,鹏华沪深300指数增强C,指数型-股票
016699,易方达丰和债券C,债券型-混合二级
016701,银华海外数字经济量化选股混合发起式(QDII)A,QDII-混合偏股
016702,银华海外数字经济量化选股混合发起式(QDII)C,QDII-混合偏股
016703,兴业品质睿选混合发起式A,混合型-偏股
016704,兴业品质睿选混合发起式C,混合型-偏股
016707,华夏有色金属ETF联接A,指数型-股票
016708,华夏有色金属ETF联接C,指数型-股票
016709,泉果旭源三年持有期混合A,混合型-偏股
016710,泉果旭源三年持有期混合C,混合型-偏股
016711,贝莱德欣悦丰利债券A,债券型-混合二级
016712,贝莱德欣悦丰利债券C,债券型-混合二级
016713,长信均衡策略一年持有混合A,混合型-偏股
016714,长信均衡策略一年持有混合C,混合型-偏股
016715,建信渤泰债券A,债券型-混合二级
016716,建信渤泰债券C,债券型-混合二级
016719,富国稳健双盈债券发起式A,债券型-混合二级
016720,富国稳健双盈债券发起式C,债券型-混合二级
016721,前海开源高端装备制造混合C,混合型-灵活
016725,农银品质农业股票A,股票型
016726,农银品质农业股票C,股票型
016728,华安乾煜债券发起式C,债券型-混合二级
016729,长信中证科创创业50指数增强A,指数型-股票
016730,长信中证科创创业50指数增强C,指数型-股票
016742,华安大中华升级股票(QDII)C,QDII-普通股票
016746,浦银光耀优选混合A,混合型-偏股
016747,浦银光耀优选混合C,混合型-偏股
016751,博时精选混合C,混合型-偏股
016754,方正富邦均衡精选混合A,混合型-平衡
016755,方正富邦均衡精选混合C,混合型-平衡
016761,嘉合锦荣混合A,混合型-偏股
016762,嘉合锦荣混合C,混合型-偏股
016766,中欧行业景气一年持有混合A,混合型-偏股
016767,中欧行业景气一年持有混合C,混合型-偏股
016772,诺德兴新趋势混合A,混合型-偏股
016773,诺德兴新趋势混合C,混合型-偏股
016774,中信建投红利智选混合A,混合型-偏股
016775,中信建投红利智选混合C,混合型-偏股
016776,嘉实中证1000指数增强发起A,指数型-股票
016777,嘉实中证1000指数增强发起C,指数型-股票
016779,招商安华债券D,债券型-混合二级
016780,国投瑞银锐意改革混合C,混合型-灵活
016781,湘财研究精选一年持有期混合A,混合型-偏股
016782,湘财研究精选一年持有期混合C,混合型-偏股
016785,鹏华中证1000指数增强A,指数型-股票
016786,鹏华中证1000指数增强C,指数型-股票
016788,万家国证2000ETF发起联接A,指数型-股票
016789,万家国证2000ETF发起联接C,指数型-股票
016792,浙商汇金聚兴一年定开债券发起式,债券型-混合一级
016796,长安鑫富领先混合C,混合型-灵活
016797,嘉实双利债券A,债券型-混合二级
016798,嘉实双利债券C,债券型-混合二级
016801,创金合信怡久回报债券A,债券型-混合二级
016802,创金合信怡久回报债券C,债券型-混合二级
016803,摩根双息平衡混合C,混合型-灵活
016804,格林聚享增强债券A,债券型-混合二级
016805,格林聚享增强债券C,债券型-混合二级
016806,华宝安融六个月持有期债券A,债券型-混合二级
016807,华宝安融六个月持有期债券C,债券型-混合二级
016810,信澳博见成长一年定期开放混合A,混合型-偏股
016811,信澳博见成长一年定期开放混合C,混合型-偏股
016814,国联中证煤炭指数C,指数型-股票
016815,国联国证钢铁指数C,指数型-股票
016818,鹏华睿进一年持有期混合A,混合型-偏股
016819,鹏华睿进一年持有期混合C,混合型-偏股
016820,长信先优债券C,债券型-混合二级
016823,天弘全球新能源汽车股票(QDII-LOF)C,QDII-普通股票
016826,安信稳健启航一年持有混合A,混合型-偏债
016827,安信稳健启航一年持有混合C,混合型-偏债
016830,广发恒裕一年持有期混合A,混合型-偏债
016831,广发恒裕一年持有期混合C,混合型-偏债
016832,东方红锦惠甄选18个月持有混合A,混合型-偏债
016833,东方红锦惠甄选18个月持有混合C,混合型-偏债
016834,东方红共赢甄选一年持有混合A,混合型-偏债
016835,东方红共赢甄选一年持有混合C,混合型-偏债
016836,国泰中证基建ETF发起联接A,指数型-股票
016837,国泰中证基建ETF发起联接C,指数型-股票
016840,博道惠泰优选混合A,混合型-偏股
016841,博道惠泰优选混合C,混合型-偏股
016842,嘉实中证全指证券公司ETF发起联接A,指数型-股票
016843,嘉实中证全指证券公司ETF发起联接C,指数型-股票
016844,红土创新稳益6个月持有期混合A,混合型-偏债
016845,红土创新稳益6个月持有期混合C,混合型-偏债
016847,中欧高端装备股票发起A,股票型
016848,中欧高端装备股票发起C,股票型
016850,中欧颐利债券A,债券型-混合二级
016851,中欧颐利债券C,债券型-混合二级
016854,汇添富中证500指数增强C,指数型-股票
016856,银河景气行业混合A,混合型-偏股
016857,银河景气行业混合C,混合型-偏股
016858,国金量化多因子股票C,股票型
016863,华安招裕一年持有混合A,混合型-偏债
016864,华安招裕一年持有混合C,混合型-偏债
016865,华泰紫金中证500指数增强发起A,指数型-股票
016866,华泰紫金中证500指数增强发起C,指数型-股票
016869,景顺长城稳健增益债券A,债券型-混合二级
016870,景顺长城稳健增益债券C,债券型-混合二级
016873,广发远见智选混合A,混合型-偏股
016874,广发远见智选混合C,混合型-偏股
016879,招商中证上海环交所碳中和ETF发起式联接A,指数型-股票
016880,招商中证上海环交所碳中和ETF发起式联接C,指数型-股票
016887,富国中证上海环交所碳中和ETF联接A,指数型-股票
016888,富国中证上海环交所碳中和ETF联接C,指数型-股票
016889,鹏华稳健增利债券A,债券型-混合二级
016890,鹏华稳健增利债券C,债券型-混合二级
016891,鹏华中证中药ETF联接A,指数型-股票
016892,鹏华中证中药ETF联接C,指数型-股票
016895,中银卓越成长混合A,混合型-偏股
016896,中银卓越成长混合C,混合型-偏股
016899,易方达中证上海环交所碳中和ETF联接A,指数型-股票
016900,易方达中证上海环交所碳中和ETF联接C,指数型-股票
016901,工银四季收益债券C,债券型-混合一级
016902,鑫元欣悦混合A,混合型-偏股
016903,鑫元欣悦混合C,混合型-偏股
016906,景顺长城品质投资混合C,混合型-偏股
016915,中金华证清洁能源指数发起A,指数型-股票
016916,中金华证清洁能源指数发起C,指数型-股票
016917,南方中证上海环交所碳中和ETF联接A,指数型-股票
016918,南方中证上海环交所碳中和ETF联接C,指数型-股票
016919,摩根智慧互联股票C,股票型
016920,摩根整合驱动混合C,混合型-灵活
016921,摩根香港精选港股通混合C,混合型-偏股
016924,广发百发大数据价值混合C,混合型-灵活
016935,景顺长城中证500指数增强C,指数型-股票
016936,博时中证1000指数增强A,指数型-股票
016937,博时中证1000指数增强C,指数型-股票
016938,南方中证长江保护主题ETF联接A,指数型-股票
016939,南方中证长江保护主题ETF联接C,指数型-股票
016942,工银中证1000指数增强A,指数型-股票
016943,工银中证1000指数增强C,指数型-股票
016945,中泰ESG主题6个月持有混合发起,混合型-偏股
016949,泰信添瑞债券A,债券型-混合二级
016950,鹏华睿投混合C,混合型-灵活
016952,鹏华中证港股通消费ETF联接A,指数型-股票
016953,鹏华中证港股通消费ETF联接C,指数型-股票
016954,万家和谐增长混合C,混合型-灵活
016957,招商安颐稳健债券A,债券型-混合二级
016958,招商安颐稳健债券C,债券型-混合二级
016961,浙商汇金平稳增长一年混合,混合型-偏股
016962,国联安中证1000指数增强A,指数型-股票
016963,国联安中证1000指数增强C,指数型-股票
016968,兴业中证500ETF发起式联接A,指数型-股票
016969,兴业中证500ETF发起式联接C,指数型-股票
016970,华夏恒生生物科技ETF发起式联接(QDII)A,指数型-海外股票
016971,华夏恒生生物科技ETF发起式联接(QDII)C,指数型-海外股票
016978,博时均衡优选混合A,混合型-偏股
016979,博时均衡优选混合C,混合型-偏股
016981,银河核心优势混合C,混合型-偏股
016983,华泰柏瑞安盛一年持有期债券A,债券型-混合二级
016984,华泰柏瑞安盛一年持有期债券C,债券型-混合二级
016988,景顺长城大中华混合(QDII)C人民币,QDII-混合偏股
016993,长江惠盈9个月持有债券发起式A,债券型-混合二级
016994,长江惠盈9个月持有债券发起式C,债券型-混合二级
016995,华泰紫金安恒平衡配置混合发起A,混合型-偏债
016996,华泰紫金安恒平衡配置混合发起C,混合型-偏债
016997,创金合信产业臻选平衡混合A,混合型-偏股
016998,创金合信产业臻选平衡混合C,混合型-偏股
017000,格林港股通臻选混合A,混合型-偏股
017001,格林港股通臻选混合C,混合型-偏股
017005,中银价值混合C,混合型-灵活
017011,广发安润一年持有期混合A,混合型-偏债
017012,广发安润一年持有期混合C,混合型-偏债
017017,农银瑞泽添利债券A,债券型-混合二级
017018,农银瑞泽添利债券C,债券型-混合二级
017026,鑫元鑫领航混合A,混合型-偏股
017027,鑫元鑫领航混合C,混合型-偏股
017028,国泰标普500ETF发起联接(QDII)A人民币,指数型-海外股票
017030,国泰标普500ETF发起联接(QDII)C人民币,指数型-海外股票
017034,中信建投科技主题6个月持有混合A,混合型-偏股
017035,中信建投科技主题6个月持有混合C,混合型-偏股
017036,嘉实低碳精选混合发起式A,混合型-偏股
017037,嘉实低碳精选混合发起式C,混合型-偏股
017038,富国中证1000优选股票A,股票型
017039,富国中证1000优选股票C,股票型
017040,长安沪深300非周期C,指数型-股票
017041,富国碳中和混合A,混合型-偏股
017042,富国碳中和混合C,混合型-偏股
017043,汇添富品质价值混合,混合型-偏股
017044,新华聚利债券E,债券型-混合二级
017045,达诚腾益债券A,债券型-混合二级
017046,达诚腾益债券C,债券型-混合二级
017048,富安达产业优选混合A,混合型-偏股
017049,富安达产业优选混合C,混合型-偏股
017056,嘉实国证绿色电力ETF发起联接A,指数型-股票
017057,嘉实国证绿色电力ETF发起联接C,指数型-股票
017060,兴业聚福一年持有期混合A,混合型-偏债
017061,兴业聚福一年持有期混合C,混合型-偏债
017063,申万菱信乐成混合A,混合型-偏股
017064,申万菱信乐成混合C,混合型-偏股
017067,申万菱信中证1000指数增强A,指数型-股票
017068,申万菱信中证1000指数增强C,指数型-股票
017071,申万菱信全球新能源股票型发起式(QDII)A,QDII-普通股票
017072,申万菱信全球新能源股票型发起式(QDII)C,QDII-普通股票
017073,嘉实清洁能源股票发起式A,股票型
017074,嘉实清洁能源股票发起式C,股票型
017075,宝盈半导体产业混合发起式A,混合型-偏股
017076,宝盈半导体产业混合发起式C,混合型-偏股
017079,格林鑫利六个月持有期混合A,混合型-偏债
017080,格林鑫利六个月持有期混合C,混合型-偏债
017083,鹏华安锦一年持有期混合A,混合型-偏债
017084,鹏华安锦一年持有期混合C,混合型-偏债
017086,嘉实ESG可持续投资混合A,混合型-偏股
017087,嘉实ESG可持续投资混合C,混合型-偏股
017090,景顺长城能源基建混合C,混合型-偏股
017091,景顺长城纳斯达克科技ETF联接(QDII)A人民币,指数型-海外股票
017092,景顺长城纳斯达克科技ETF联接(QDII)A美元现汇,指数型-海外股票
017093,景顺长城纳斯达克科技ETF联接(QDII)C人民币,指数型-海外股票
017094,易方达中证1000量化增强A,指数型-股票
017095,易方达中证1000量化增强C,指数型-股票
017098,摩根领先优选混合C,混合型-偏股
017099,摩根民生需求股票C,股票型
017102,大摩数字经济混合A,混合型-偏股
017103,大摩数字经济混合C,混合型-偏股
017109,海富通瑞福债券C,债券型-混合一级
017110,景顺长城新兴成长混合C,混合型-偏股
017112,嘉实优享生活混合A,混合型-偏股
017113,嘉实优享生活混合C,混合型-偏股
017114,浦银景气优选混合A,混合型-偏股
017115,浦银景气优选混合C,混合型-偏股
017118,浦银安盛安荣回报一年持有混合A,混合型-偏债
017119,浦银安盛安荣回报一年持有混合C,混合型-偏债
017121,南方贤元一年持有债券A,债券型-混合二级
017122,南方贤元一年持有债券C,债券型-混合二级
017125,华宝中证港股通互联网ETF发起联接A,指数型-股票
017126,华宝中证港股通互联网ETF发起联接C,指数型-股票
017130,国投瑞银比较优势一年持有混合A,混合型-偏股
017131,国投瑞银比较优势一年持有混合C,混合型-偏股
017132,中银新能源产业股票A,股票型
017133,中银新能源产业股票C,股票型
017134,博道和祥多元稳健债券A,债券型-混合二级
017135,博道和祥多元稳健债券C,债券型-混合二级
017137,长盛盛逸9个月持有期债券A,债券型-混合一级
017138,长盛盛逸9个月持有期债券C,债券型-混合一级
017140,华宝中证有色金属ETF发起式联接A,指数型-股票
017141,华宝中证有色金属ETF发起式联接C,指数型-股票
017142,华宝远见回报混合A,混合型-偏股
017143,华宝远见回报混合C,混合型-偏股
017144,华宝海外新能源汽车股票发起式(QDII)A,QDII-普通股票
017145,华宝海外新能源汽车股票发起式(QDII)C,QDII-普通股票
017147,嘉实积极配置一年持有混合A,混合型-偏股
017148,嘉实积极配置一年持有混合C,混合型-偏股
017149,天弘稳健回报债券发起A,债券型-混合二级
017150,天弘稳健回报债券发起C,债券型-混合二级
017151,华夏泰兴混合C,混合型-偏债
017154,民生加银专精特新智选混合发起式A,混合型-偏股
017155,民生加银专精特新智选混合发起式C,混合型-偏股
017156,易方达岁丰添利债券(LOF)C,债券型-混合一级
017157,华富匠心领航18个月持有期混合A,混合型-偏股
017158,华富匠心领航18个月持有期混合C,混合型-偏股
017161,汇添富中证1000ETF联接A,指数型-股票
017162,汇添富中证1000ETF联接C,指数型-股票
017167,景顺长城策略精选灵活配置混合C,混合型-灵活
017170,景顺长城优势企业混合C,混合型-偏股
017172,创金合信季安盈3个月持有期债券A,债券型-混合一级
017173,创金合信季安盈3个月持有期债券C,债券型-混合一级
017174,天弘国证绿色电力ETF发起联接A,指数型-股票
017175,天弘国证绿色电力ETF发起联接C,指数型-股票
017176,摩根动态多因子混合C,混合型-灵活
017177,摩根新兴服务股票C,股票型
017178,摩根中小盘混合C,混合型-偏股
017181,大成至诚鑫选混合A,混合型-偏股
017182,大成至诚鑫选混合C,混合型-偏股
017185,国泰疫苗与生物科技ETF联接A,指数型-股票
017186,国泰疫苗与生物科技ETF联接C,指数型-股票
017188,嘉实上证科创板50指数增强发起式A,指数型-股票
017189,嘉实上证科创板50指数增强发起式C,指数型-股票
017190,鑫元中证1000指数增强发起式A,指数型-股票
017191,鑫元中证1000指数增强发起式C,指数型-股票
017192,天弘中证工业有色金属主题ETF发起联接A,指数型-股票
017193,天弘中证工业有色金属主题ETF发起联接C,指数型-股票
017194,建信弘利灵活配置混合C,混合型-灵活
017197,华宝新兴成长混合C,混合型-偏股
017199,广发ESG责任投资混合A,混合型-偏股
017200,广发ESG责任投资混合C,混合型-偏股
017204,华宝海外科技股票(QDII-LOF)C,QDII-普通股票
017211,国富焦点驱动混合C,混合型-灵活
017213,汇安资产轮动混合C,混合型-灵活
017216,国投瑞银策略智选混合A,混合型-偏股
017217,国投瑞银策略智选混合C,混合型-偏股
017220,永赢合嘉一年持有混合A,混合型-偏债
017221,永赢合嘉一年持有混合C,混合型-偏债
017222,富国中证电池主题ETF发起式联接A,指数型-股票
017223,富国中证电池主题ETF发起式联接C,指数型-股票
017224,国泰悦益六个月持有混合A,混合型-偏债
017225,国泰悦益六个月持有混合C,混合型-偏债
017230,宝盈价值成长混合A,混合型-偏股
017231,宝盈价值成长混合C,混合型-偏股
017232,工银稳润一年持有混合A,混合型-偏债
017233,工银稳润一年持有混合C,混合型-偏债
017234,永赢睿恒混合A,混合型-偏股
017244,南方前瞻动力混合A,混合型-偏股
017245,南方前瞻动力混合C,混合型-偏股
017261,大成成长领航一年持有混合A,混合型-偏股
017262,大成成长领航一年持有混合C,混合型-偏股
017265,招商瑞成1年持有期混合A,混合型-偏债
017266,招商瑞成1年持有期混合C,混合型-偏债
017286,中航祥泰债券发起A,债券型-混合二级
017288,中欧瑾和灵活配置混合E,混合型-灵活
017289,宏利首选企业股票C,股票型
017290,中欧科创主题混合(LOF)C,混合型-偏股
017298,汇添富添添鑫多元收益9个月持有混合A,混合型-偏债
017299,汇添富添添鑫多元收益9个月持有混合C,混合型-偏债
017303,华安景气领航混合A,混合型-偏股
017304,华安景气领航混合C,混合型-偏股
017323,农银中证1000指数增强A,指数型-股票
017324,农银中证1000指数增强C,指数型-股票
017366,泰康新锐成长混合C,混合型-偏股
017389,中银证券凌瑞6个月持有期混合A,混合型-偏债
017390,中银证券凌瑞6个月持有期混合C,混合型-偏债
017400,贝莱德行业优选混合A,混合型-偏股
017401,贝莱德行业优选混合C,混合型-偏股
017412,创金合信中证科创创业50指数增强A,指数型-股票
017413,创金合信中证科创创业50指数增强C,指数型-股票
017414,易方达安盈回报混合C,混合型-偏债
017415,中泰元和价值精选混合A,混合型-偏股
017416,中泰元和价值精选混合C,混合型-偏股
017417,易方达裕如灵活配置混合C,混合型-灵活
017420,易方达裕祥回报债券C,债券型-混合二级
017421,天弘安康颐睿一年持有混合A,混合型-偏债
017422,天弘安康颐睿一年持有混合C,混合型-偏债
017424,华泰紫金先进制造混合发起A,混合型-偏股
017425,华泰紫金先进制造混合发起C,混合型-偏股
017426,国富深化价值混合C,混合型-偏股
017429,嘉实全球创新龙头股票(QDII)人民币A,QDII-普通股票
017430,嘉实全球创新龙头股票(QDII)美元,QDII-普通股票
017431,嘉实全球创新龙头股票(QDII)人民币C,QDII-普通股票
017434,华宝中证沪港深新消费指数A,指数型-股票
017435,华宝中证沪港深新消费指数C,指数型-股票
017436,华宝纳斯达克精选股票发起式(QDII)A,QDII-普通股票
017437,华宝纳斯达克精选股票发起式(QDII)C,QDII-普通股票
017451,国富估值优势混合C,混合型-灵活
017454,国泰慧益一年持有混合A,混合型-偏债
017455,国泰慧益一年持有混合C,混合型-偏债
017458,长城创新驱动混合C,混合型-偏股
017461,长城久鑫混合C,混合型-灵活
017462,长城久祥混合C,混合型-灵活
017463,中信保诚优质纯债债券C,债券型-混合一级
017464,长江楚财一年持有期混合发起A,混合型-偏债
017465,长江楚财一年持有期混合发起C,混合型-偏债
017469,嘉实上证科创板芯片ETF发起联接A,指数型-股票
017470,嘉实上证科创板芯片ETF发起联接C,指数型-股票
017471,国泰中证机床ETF发起联接A,指数型-股票
017472,国泰中证机床ETF发起联接C,指数型-股票
017475,广发集轩债券A,债券型-混合二级
017476,广发集轩债券C,债券型-混合二级
017477,安信睿见优选混合A,混合型-偏股
017478,安信睿见优选混合C,混合型-偏股
017479,广发医药精选股票A,股票型
017480,广发医药精选股票C,股票型
017481,博时中证全指电力ETF发起式联接A,指数型-股票
017482,博时中证全指电力ETF发起式联接C,指数型-股票
017483,财通资管数字经济混合发起式A,混合型-偏股
017484,财通资管数字经济混合发起式C,混合型-偏股
017485,长盛高端装备混合C,混合型-灵活
017488,嘉实信息产业股票发起式A,股票型
017489,嘉实信息产业股票发起式C,股票型
017490,财通景气甄选一年持有期混合A,混合型-偏股
017491,财通景气甄选一年持有期混合C,混合型-偏股
017493,东方红新动力混合C,混合型-灵活
017494,东方红多元策略混合C,混合型-灵活
017495,泰康中证科创创业50指数A,指数型-股票
017496,泰康中证科创创业50指数C,指数型-股票
017498,淳厚添益债券A,债券型-混合二级
017499,淳厚添益债券C,债券型-混合二级
017501,招商产业升级1年持有期混合A,混合型-偏股
017502,招商产业升级1年持有期混合C,混合型-偏股
017503,达诚致益债券发起式A,债券型-混合二级
017504,达诚致益债券发起式C,债券型-混合二级
017505,明亚中证1000指数增强A,指数型-股票
017506,明亚中证1000指数增强C,指数型-股票
017507,东兴连众一年持有期混合A,混合型-偏债
017508,东兴连众一年持有期混合C,混合型-偏债
017511,鹏华稳健回报混合C,混合型-偏股
017512,广发北证50成份指数A,指数型-股票
017513,广发北证50成份指数C,指数型-股票
017515,易方达北证50成份指数A,指数型-股票
017516,易方达北证50成份指数C,指数型-股票
017517,招商北证50成份指数发起式A,指数型-股票
017518,招商北证50成份指数发起式C,指数型-股票
017519,汇添富北证50成份指数A,指数型-股票
017520,汇添富北证50成份指数C,指数型-股票
017521,富国北证50成份指数A,指数型-股票
017522,富国北证50成份指数C,指数型-股票
017523,南方北证50成份指数发起A,指数型-股票
017524,南方北证50成份指数发起C,指数型-股票
017525,华夏北证50成份指数A,指数型-股票
017526,华夏北证50成份指数C,指数型-股票
017527,嘉实北证50成份指数A,指数型-股票
017528,嘉实北证50成份指数C,指数型-股票
017532,平安研究优选混合A,混合型-偏股
017533,平安研究优选混合C,混合型-偏股
017534,富国天利增长债券C,债券型-混合一级
017535,东方红京东大数据混合C,混合型-灵活
017536,东方红优享红利混合C,混合型-灵活
017537,东方红远见价值混合C,混合型-偏股
017540,安信稳健增益6个月持有混合A,混合型-偏债
017541,安信稳健增益6个月持有混合C,混合型-偏债
017543,中银美丽中国混合C,混合型-偏股
017547,天弘国证2000指数增强A,指数型-股票
017548,天弘国证2000指数增强C,指数型-股票
017549,平安策略回报混合A,混合型-偏股
017550,平安策略回报混合C,混合型-偏股
017551,南方景气前瞻混合A,混合型-偏股
017552,南方景气前瞻混合C,混合型-偏股
017553,交银瑞鑫六个月持有期混合C,混合型-偏债
017556,招商安凯债券,债券型-混合二级
017559,华安上证科创板芯片ETF发起式联接A,指数型-股票
017560,华安上证科创板芯片ETF发起式联接C,指数型-股票
017564,华安产业优选混合A,混合型-偏股
017565,华安产业优选混合C,混合型-偏股
017568,华夏稳茂增益一年持有混合A,混合型-偏债
017569,华夏稳茂增益一年持有混合C,混合型-偏债
017573,华夏中证机床ETF发起式联接A,指数型-股票
017574,华夏中证机床ETF发起式联接C,指数型-股票
017575,华夏稳兴增益一年持有混合A,混合型-偏债
017576,华夏稳兴增益一年持有混合C,混合型-偏债
017583,鑫元恒鑫收益增强债券型发起式D,债券型-混合二级
017584,鑫元聚鑫收益增强D,债券型-混合二级
017592,汇添富添添乐双盈债券A,债券型-混合二级
017593,汇添富添添乐双盈债券C,债券型-混合二级
017598,华夏景气驱动混合A,混合型-偏股
017599,华夏景气驱动混合C,混合型-偏股
017600,华夏行业甄选混合A,混合型-偏股
017601,华夏行业甄选混合C,混合型-偏股
017602,华夏国企创新混合发起式A,混合型-偏股
017603,华夏国企创新混合发起式C,混合型-偏股
017606,华泰柏瑞轮动精选混合A,混合型-偏股
017607,华泰柏瑞轮动精选混合C,混合型-偏股
017608,汇添富远景成长一年持有混合A,混合型-偏股
017609,汇添富远景成长一年持有混合C,混合型-偏股
017610,华夏恒生港股通中国内地企业高股息率ETF发起式联接A,指数型-股票
017611,华夏恒生港股通中国内地企业高股息率ETF发起式联接C,指数型-股票
017612,宏利复兴混合C,混合型-灵活
017615,广发安颐一年持有期混合A,混合型-偏债
017616,广发安颐一年持有期混合C,混合型-偏债
017617,华泰柏瑞招享6个月持有期混合A,混合型-偏债
017618,华泰柏瑞招享6个月持有期混合C,混合型-偏债
017619,鑫元添鑫回报6个月持有期混合A,混合型-偏债
017620,鑫元添鑫回报6个月持有期混合C,混合型-偏债
017622,同泰恒盛债券A,债券型-混合二级
017623,同泰恒盛债券C,债券型-混合二级
017624,农银瑞云增益6个月持有混合A,混合型-偏债
017625,农银瑞云增益6个月持有混合C,混合型-偏债
017626,长城久惠灵活配置混合C,混合型-灵活
017627,长城港股通价值精选混合C,混合型-偏股
017628,华商计算机行业量化股票发起式C,股票型
017630,富国周期精选三年持有期混合A,混合型-偏股
017631,富国周期精选三年持有期混合C,混合型-偏股
017632,汇添富中证全指医疗器械ETF发起式联接A,指数型-股票
017633,汇添富中证全指医疗器械ETF发起式联接C,指数型-股票
017634,汇添富中证全指医疗器械ETF发起式联接D,指数型-股票
017635,银华动力领航混合A,混合型-偏股
017636,银华动力领航混合C,混合型-偏股
017637,华安深证100ETF发起式联接A,指数型-股票
017638,华安深证100ETF发起式联接C,指数型-股票
017639,景顺长城景气优选一年持有期混合A,混合型-偏股
017640,景顺长城景气优选一年持有期混合C,混合型-偏股
017641,摩根标普500指数(QDII)人民币A,指数型-海外股票
017642,摩根标普500指数(QDII)美钞,指数型-海外股票
017643,摩根标普500指数(QDII)美汇,指数型-海外股票
017644,博道中证1000指数增强A,指数型-股票
017645,博道中证1000指数增强C,指数型-股票
017646,易方达中证光伏产业ETF联接发起式A,指数型-股票
017647,易方达中证光伏产业ETF联接发起式C,指数型-股票
017648,信澳聚优智选混合A,混合型-偏股
017649,信澳聚优智选混合C,混合型-偏股
017650,中庚港股通价值股票,股票型
017651,中航华证商飞高端制造产业指数发起A,指数型-股票
017652,中航华证商飞高端制造产业指数发起C,指数型-股票
017653,创金合信全球芯片产业股票发起(QDII)A,QDII-普通股票
017654,创金合信全球芯片产业股票发起(QDII)C,QDII-普通股票
017655,嘉实价值丰裕混合A,混合型-偏股
017656,嘉实价值丰裕混合C,混合型-偏股
017667,鹏华新材料混合发起式A,混合型-偏股
017668,鹏华新材料混合发起式C,混合型-偏股
017669,大成卓远视野混合A,混合型-偏股
017670,大成卓远视野混合C,混合型-偏股
017679,国投瑞银精选收益混合C,混合型-灵活
017683,华夏中证基建ETF发起式联接A,指数型-股票
017684,华夏中证基建ETF发起式联接C,指数型-股票
017691,国投瑞银稳定增利债券A,债券型-混合一级
017702,鹏扬均衡成长混合A,混合型-偏股
017703,鹏扬均衡成长混合C,混合型-偏股
017707,建信阿尔法一年持有混合,混合型-偏股
017715,华宝量化选股混合发起式A,混合型-偏股
017716,华宝量化选股混合发起式C,混合型-偏股
017717,嘉实多盈债券A,债券型-混合二级
017718,嘉实多盈债券C,债券型-混合二级
017719,华夏消费臻选混合发起式A,混合型-偏股
017720,华夏消费臻选混合发起式C,混合型-偏股
017721,华夏汽车产业混合A,混合型-偏股
017722,华夏汽车产业混合C,混合型-偏股
017723,银华心质混合A,混合型-偏股
017724,银华心质混合C,混合型-偏股
017730,嘉实全球产业升级股票发起式(QDII)A,QDII-普通股票
017731,嘉实全球产业升级股票发起式(QDII)C,QDII-普通股票
017732,鹏华核心优势混合C,混合型-偏股
017733,中金中证1000指数增强发起A,指数型-股票
017734,中金中证1000指数增强发起C,指数型-股票
017735,融通明锐混合A,混合型-偏股
017736,融通明锐混合C,混合型-偏股
017737,融通慧心混合A,混合型-偏股
017738,融通慧心混合C,混合型-偏股
017739,大成2020生命周期混合C,混合型-偏债
017740,鹏华睿见混合A,混合型-偏股
017741,鹏华睿见混合C,混合型-偏股
017742,中欧行业鑫选混合A,混合型-偏股
017743,中欧行业鑫选混合C,混合型-偏股
017744,嘉实绿色主题股票发起式A,股票型
017745,嘉实绿色主题股票发起式C,股票型
017746,建信电子行业股票A,股票型
017747,建信电子行业股票C,股票型
017749,国投瑞银景气驱动混合A,混合型-偏股
017750,国投瑞银景气驱动混合C,混合型-偏股
017751,长城创新成长混合A,混合型-偏股
017752,长城创新成长混合C,混合型-偏股
017757,银河新动能混合C,混合型-偏股
017758,银河智慧混合C,混合型-灵活
017759,银河研究精选混合C,混合型-偏股
017760,银河智造混合C,混合型-灵活
017761,银河智联混合C,混合型-灵活
017762,银河转型混合C,混合型-灵活
017763,银河领先债券C,债券型-混合一级
017764,大成均衡增长混合A,混合型-偏股
017765,大成均衡增长混合C,混合型-偏股
017766,华夏兴和混合C,混合型-灵活
017767,嘉实欣荣混合(LOF)C,混合型-偏股
017769,博时信享一年持有期混合A,混合型-偏债
017770,博时信享一年持有期混合C,混合型-偏债
017771,华夏聚利债券C,债券型-混合一级
017772,大成景阳领先混合C,混合型-偏股
017773,大成消费主题混合C,混合型-偏股
017776,平安合顺1年定开债发起式,债券型-混合一级
017778,浦银中证证券公司30ETF联接A,指数型-股票
017779,浦银中证证券公司30ETF联接C,指数型-股票
017782,博时恒享债券A,债券型-混合二级
017783,博时恒享债券C,债券型-混合二级
017784,中银高质量发展机遇混合C,混合型-偏股
017787,万家宏观择时多策略混合C,混合型-灵活
017789,建信睿享纯债债券C,债券型-混合一级
017794,交银启盛混合A,混合型-偏股
017795,交银启盛混合C,混合型-偏股
017801,汇添富战略精选中小盘市值3年持有混合发起A,混合型-偏股
017802,汇添富战略精选中小盘市值3年持有混合发起C,混合型-偏股
017809,湘财鑫享债券A,债券型-混合二级
017810,湘财鑫享债券C,债券型-混合二级
017811,东方人工智能主题混合C,混合型-偏股
017813,兴合安迎混合A,混合型-偏股
017814,兴合安迎混合C,混合型-偏股
017820,鹏华丰利债券(LOF)C,债券型-混合一级
017821,招商优势企业混合C,混合型-偏股
017824,华安新材料主题股票发起式A,股票型
017825,华安新材料主题股票发起式C,股票型
017826,兴全欣越混合A,混合型-偏股
017827,兴全欣越混合C,混合型-偏股
017828,富国时代精选混合A,混合型-偏股
017829,富国时代精选混合C,混合型-偏股
017832,华夏中证港股通消费主题ETF发起式联接A,指数型-股票
017833,华夏中证港股通消费主题ETF发起式联接C,指数型-股票
017835,信澳匠心回报混合A,混合型-偏股
017836,信澳匠心回报混合C,混合型-偏股
017839,银华清洁能源产业混合A,混合型-偏股
017840,银华清洁能源产业混合C,混合型-偏股
017842,农银汇理景气优选混合A,混合型-偏股
017843,农银汇理景气优选混合C,混合型-偏股
017846,国金中证1000指数增强A,指数型-股票
017847,国金中证1000指数增强C,指数型-股票
017848,东方红先进制造混合A,混合型-偏股
017849,东方红先进制造混合C,混合型-偏股
017850,交银启信混合发起A,混合型-偏股
017851,交银启信混合发起C,混合型-偏股
017853,易方达云计算ETF联接A,指数型-股票
017854,易方达云计算ETF联接C,指数型-股票
017855,华夏中证石化产业ETF发起式联接A,指数型-股票
017856,华夏中证石化产业ETF发起式联接C,指数型-股票
017859,交银持续成长主题混合C,混合型-偏股
017860,景顺长城致远混合A,混合型-偏股
017861,景顺长城致远混合C,混合型-偏股
017866,泓德高端装备混合发起式A,混合型-偏股
017867,泓德高端装备混合发起式C,混合型-偏股
017868,民生加银均衡优选混合A,混合型-偏股
017869,民生加银均衡优选混合C,混合型-偏股
017870,光大消费主题股票C,股票型
017873,汇添富香港优势精选混合(QDII)C,QDII-混合偏股
017874,国金量化多策略C,混合型-灵活
017876,汇添富新能源精选混合发起式A,混合型-偏股
017877,汇添富新能源精选混合发起式C,混合型-偏股
017878,华安匠心甄选混合A,混合型-偏股
017879,华安匠心甄选混合C,混合型-偏股
017881,工银精选回报混合A,混合型-偏股
017882,工银精选回报混合C,混合型-偏股
017885,长城久润混合C,混合型-灵活
017886,国富安颐稳健6个月持有期混合A,混合型-偏债
017887,国富安颐稳健6个月持有期混合C,混合型-偏债
017889,东方阿尔法招阳混合E,混合型-偏股
017892,鹏华国证2000指数增强A,指数型-股票
017893,鹏华国证2000指数增强C,指数型-股票
017894,汇添富纳斯达克生物科技ETF发起式联接(QDII)人民币A,指数型-海外股票
017895,汇添富纳斯达克生物科技ETF发起式联接(QDII)人民币C,指数型-海外股票
017896,汇添富中证800指数增强A,指数型-股票
017897,汇添富中证800指数增强C,指数型-股票
017900,鹏华医药科技股票C,股票型
017902,汇添富双颐债券A,债券型-混合二级
017903,汇添富双颐债券C,债券型-混合二级
017911,华泰柏瑞新经济沪港深混合C,混合型-灵活
017912,华夏稳进增益一年持有混合A,混合型-偏债
017913,华夏稳进增益一年持有混合C,混合型-偏债
017915,中海消费混合C,混合型-偏股
017916,国寿安保成长优选股票C,股票型
017919,中欧中证1000指数增强A,指数型-股票
017920,中欧中证1000指数增强C,指数型-股票
017921,中海医疗保健主题股票C,股票型
017925,国金300指数增强C,指数型-股票
017927,华商新动力混合C,混合型-偏股
017929,前海开源沪港深新机遇混合C,混合型-灵活
017931,富达传承6个月股票A,股票型
017932,富达传承6个月股票C,股票型
017935,国泰海通远见价值混合发起A,混合型-偏股
017936,国泰海通远见价值混合发起C,混合型-偏股
017937,易方达中证医疗ETF联接发起式A,指数型-股票
017938,易方达中证医疗ETF联接发起式C,指数型-股票
017941,国投瑞银国家安全混合C,混合型-灵活
017946,国富沪港深成长精选股票C,股票型
017947,国富港股通远见价值混合C,混合型-偏股
017948,国富中小盘股票C,股票型
017949,景顺长城创业板50ETF联接A,指数型-股票
017950,景顺长城创业板50ETF联接C,指数型-股票
017951,汇添富纳斯达克生物科技ETF发起式联接(QDII)美元现汇,指数型-海外股票
017952,汇添富纳斯达克生物科技ETF发起式联接(QDII)美元现钞,指数型-海外股票
017953,汇添富中证1000指数增强A,指数型-股票
017954,汇添富中证1000指数增强C,指数型-股票
017957,汇添富稳健鑫添益六个月持有混合C,混合型-偏债
017960,招商趋势领航混合A,混合型-偏股
017961,招商趋势领航混合C,混合型-偏股
017962,广发医药创新混合发起式A,混合型-偏股
017963,广发医药创新混合发起式C,混合型-偏股
017964,招商匠心优选混合A,混合型-偏股
017965,招商匠心优选混合C,混合型-偏股
017966,华富竞争力优选混合C,混合型-灵活
017967,华富新能源股票型发起式C,股票型
017968,华富科技动能混合C,混合型-偏股
017969,华富产业升级灵活配置混合C,混合型-灵活
017973,易方达港股通优质增长混合A,混合型-偏股
017974,易方达港股通优质增长混合C,混合型-偏股
017975,路博迈护航一年持有债券A,债券型-混合二级
017976,路博迈护航一年持有债券C,债券型-混合二级
017977,信澳优享生活混合A,混合型-偏股
017978,信澳优享生活混合C,混合型-偏股
017979,交银国企改革灵活配置混合C,混合型-灵活
017985,华夏中证800指数增强A,指数型-股票
017986,华夏中证800指数增强C,指数型-股票
017987,易方达国企主题混合A,混合型-偏股
017988,易方达国企主题混合C,混合型-偏股
017989,易方达安益90天持有债券A,债券型-混合一级
017990,易方达安益90天持有债券C,债券型-混合一级
017991,华泰柏瑞致远混合A,混合型-偏股
017992,华泰柏瑞致远混合C,混合型-偏股
017993,方正富邦远见成长混合A,混合型-偏股
017994,方正富邦远见成长混合C,混合型-偏股
017995,华宝事件驱动混合C,混合型-偏股
017996,万家沪深300成长ETF发起式联接A,指数型-股票
017997,万家沪深300成长ETF发起式联接C,指数型-股票
017998,中欧融恒平衡混合A,混合型-灵活
017999,中欧融恒平衡混合C,混合型-灵活
018000,鹏华芯片产业混合发起式A,混合型-偏股
018001,鹏华芯片产业混合发起式C,混合型-偏股
018003,南方兴盛先锋混合C,混合型-偏股
018004,广发优质生活混合C,混合型-偏股
018005,光大新增长混合C,混合型-偏股
018006,前海开源沪港深龙头精选混合C,混合型-灵活
018007,招商瑞利灵活配置混合(LOF)C,混合型-灵活
018008,大成优选混合(LOF)C,混合型-偏股
018009,长盛医疗量化股票C,股票型
018010,长盛电子信息产业混合C,混合型-偏股
018013,长信中证1000指数增强A,指数型-股票
018014,长信中证1000指数增强C,指数型-股票
018019,南方核心科技一年持有混合A,混合型-偏股
018020,南方核心科技一年持有混合C,混合型-偏股
018023,华商上游产业股票C,股票型
018027,嘉实中证高端装备细分50ETF发起联接A,指数型-股票
018028,嘉实中证高端装备细分50ETF发起联接C,指数型-股票
018034,国泰国证绿色电力ETF发起联接A,指数型-股票
018035,国泰国证绿色电力ETF发起联接C,指数型-股票
018036,长城全球新能源车股票发起式(QDII)C,QDII-普通股票
018037,泰康宏泰回报混合C,混合型-偏债
018038,富国融裕两年持有期混合A,混合型-偏股
018039,富国融裕两年持有期混合C,混合型-偏股
018040,财通资管鑫锐混合E,混合型-偏债
018041,财通资管鑫逸混合E,混合型-偏债
018042,海富通稳固收益债券A,债券型-混合二级
018043,天弘纳斯达克100指数发起(QDII)A,指数型-海外股票
018044,天弘纳斯达克100指数发起(QDII)C,指数型-海外股票
018045,东方创新医疗股票A,股票型
018046,东方创新医疗股票C,股票型
018048,申万菱信数字产业股票型发起式A,股票型
018049,申万菱信数字产业股票型发起式C,股票型
018052,鹏扬医疗健康混合A,混合型-偏股
018053,鹏扬医疗健康混合C,混合型-偏股
018054,鹏扬景添一年持有混合A,混合型-偏债
018055,鹏扬景添一年持有混合C,混合型-偏债
018057,金鹰行业优势混合C,混合型-偏股
018058,汇添富深证300ETF联接C,指数型-股票
018061,汇添富中证上海国企ETF联接C,指数型-股票
018062,华泰紫金中证1000指数增强发起A,指数型-股票
018063,华泰紫金中证1000指数增强发起C,指数型-股票
018064,华夏标普500ETF发起式联接(QDII)A(人民币),指数型-海外股票
018065,华夏标普500ETF发起式联接(QDII)C,指数型-海外股票
018066,华夏标普500ETF发起式联接(QDII)A(美元),指数型-海外股票
018071,长信均衡优选混合A,混合型-偏股
018072,长信均衡优选混合C,混合型-偏股
018073,国泰产业精选混合A,混合型-偏股
018075,长盛航天海工混合C,混合型-灵活
018076,光大健康优加混合C,混合型-偏股
018077,光大优势配置混合C,混合型-偏股
018078,南方恒生生物科技ETF发起联接(QDII)A,指数型-海外股票
018079,南方恒生生物科技ETF发起联接(QDII)C,指数型-海外股票
018080,鹏华稳健添利债券A,债券型-混合二级
018081,鹏华稳健添利债券C,债券型-混合二级
018082,光大产业新动力混合C,混合型-灵活
018083,鹏华信用债6个月持有期债券A,债券型-混合一级
018084,鹏华信用债6个月持有期债券C,债券型-混合一级
018085,汇添富稳合4个月持有债券A,债券型-混合一级
018086,汇添富稳合4个月持有债券C,债券型-混合一级
018087,鹏华双债增利债券C,债券型-混合二级
018094,博时中证机器人指数发起式A,指数型-股票
018095,博时中证机器人指数发起式C,指数型-股票
018099,方正富邦中证保险C,指数型-股票
018101,贝莱德卓越远航混合A,混合型-偏股
018102,贝莱德卓越远航混合C,混合型-偏股
018103,易方达中证港股通消费主题ETF发起式联接A,指数型-股票
018104,易方达中证港股通消费主题ETF发起式联接C,指数型-股票
018105,中欧聚优港股通混合发起A,混合型-偏股
018106,中欧聚优港股通混合发起C,混合型-偏股
018112,工银北证50成份指数A,指数型-股票
018113,工银北证50成份指数C,指数型-股票
018114,鹏扬北证50成份指数A,指数型-股票
018115,鹏扬北证50成份指数C,指数型-股票
018116,泰康中证500指数增强发起A,指数型-股票
018117,泰康中证500指数增强发起C,指数型-股票
018120,万家北证50成份指数发起式A,指数型-股票
018121,万家北证50成份指数发起式C,指数型-股票
018122,永赢数字经济智选混合发起A,混合型-偏股
018123,永赢数字经济智选混合发起C,混合型-偏股
018124,永赢先进制造智选混合发起A,混合型-偏股
018125,永赢先进制造智选混合发起C,混合型-偏股
018128,博时北证50成份指数发起式A,指数型-股票
018129,博时北证50成份指数发起式C,指数型-股票
018130,博时ESG量化选股混合A,混合型-偏股
018131,博时ESG量化选股混合C,混合型-偏股
018132,博时中证有色金属矿业主题指数A,指数型-股票
018133,博时中证有色金属矿业主题指数C,指数型-股票
018134,富国中证大数据产业ETF发起式联接A,指数型-股票
018135,富国中证大数据产业ETF发起式联接C,指数型-股票
018139,中金先进制造混合A,混合型-偏股
018140,中金先进制造混合C,混合型-偏股
018145,博时上证科创板50成份指数发起式A,指数型-股票
018146,博时上证科创板50成份指数发起式C,指数型-股票
018147,建信新兴市场混合(QDII)C,QDII-混合偏股
018148,百嘉百瑞混合发起式A,混合型-偏股
018152,长城核心优势混合C,混合型-偏股
018155,创金合信全球医药生物股票发起(QDII)A,QDII-普通股票
018156,创金合信全球医药生物股票发起(QDII)C,QDII-普通股票
018157,西部利得中证1000指数增强A,指数型-股票
018158,西部利得中证1000指数增强C,指数型-股票
018159,国泰创新医疗混合发起A,混合型-偏股
018160,国泰创新医疗混合发起C,混合型-偏股
018167,国泰有色矿业ETF联接A,指数型-股票
018168,国泰有色矿业ETF联接C,指数型-股票
018170,嘉实双季瑞享6个月持有债券A,债券型-混合一级
018171,嘉实双季瑞享6个月持有债券C,债券型-混合一级
018172,华泰柏瑞中证电力全指ETF发起式联接A,指数型-股票
018173,华泰柏瑞中证电力全指ETF发起式联接C,指数型-股票
018174,富国产业驱动混合C,混合型-偏股
018175,富国龙头优势混合C,混合型-偏股
018176,富国研究量化精选混合C,混合型-偏股
018177,华夏科创50指数增强A,指数型-股票
018178,华夏科创50指数增强C,指数型-股票
018182,万家中证软件服务ETF发起式联接A,指数型-股票
018183,万家中证软件服务ETF发起式联接C,指数型-股票
018184,万家先进制造混合发起式A,混合型-偏股
018185,万家先进制造混合发起式C,混合型-偏股
018187,富国裕利债券E,债券型-混合二级
018194,建信新材料精选股票发起A,股票型
018195,建信新材料精选股票发起C,股票型
018200,嘉实恒生消费ETF发起联接(QDII)A,指数型-海外股票
018201,嘉实恒生消费ETF发起联接(QDII)C,指数型-海外股票
018203,信澳核心科技混合C,混合型-偏股
018204,金信优质成长混合A,混合型-偏股
018207,申万菱信中证沪港深数字经济主题指数型发起式A,指数型-股票
018208,申万菱信中证沪港深数字经济主题指数型发起式C,指数型-股票
018209,富国精准医疗混合C,混合型-灵活
018210,红土创新景气回报混合A,混合型-偏股
018211,红土创新景气回报混合C,混合型-偏股
018212,兴银稳惠180天持有期混合A,混合型-偏债
018213,兴银稳惠180天持有期混合C,混合型-偏债
018214,景顺长城景颐辰利债券A,债券型-混合二级
018215,景顺长城景颐辰利债券C,债券型-混合二级
018216,长城久恒灵活配置混合C,混合型-灵活
018217,博时厚泽匠选一年持有期混合A,混合型-偏股
018218,博时厚泽匠选一年持有期混合C,混合型-偏股
018220,广发品质优选混合发起式A,混合型-偏股
018221,广发品质优选混合发起式C,混合型-偏股
018222,工银优质精选混合C,混合型-灵活
018224,广发均衡价值混合C,混合型-偏股
018225,大成策略回报混合C,混合型-偏股
018229,易方达全球优质企业混合(QDII)A(人民币份额),QDII-混合偏股
018230,易方达全球优质企业混合(QDII)C(人民币份额),QDII-混合偏股
018231,易方达全球优质企业混合(QDII)A(美元现汇份额),QDII-混合偏股
018232,易方达全球优质企业混合(QDII)C(美元现汇份额),QDII-混合偏股
018233,浙商中证1000指数增强A,指数型-股票
018234,浙商中证1000指数增强C,指数型-股票
018235,光大新机遇混合C,混合型-偏股
018236,光大景气先锋混合C,混合型-偏股
018237,长盛创新驱动混合C,混合型-灵活
018238,广发恒生中型股指数(LOF)E,指数型-股票
018240,嘉实制造升级股票发起式A,股票型
018241,嘉实制造升级股票发起式C,股票型
018242,万家颐德一年持有期混合A,混合型-偏股
018243,万家颐德一年持有期混合C,混合型-偏股
018244,嘉实产业精选混合A,混合型-偏股
018245,嘉实产业精选混合C,混合型-偏股
018246,富国研究优选沪港深灵活配置混合C,混合型-灵活
018247,长盛盛华一年定开债券发起式,债券型-混合一级
018248,中欧致和混合A,混合型-偏股
018249,中欧致和混合C,混合型-偏股
018257,国泰海通沪深300指数增强发起A,指数型-股票
018258,国泰海通沪深300指数增强发起C,指数型-股票
018260,国联融誉双华6个月持有债券A,债券型-混合二级
018261,国联融誉双华6个月持有债券C,债券型-混合二级
018272,嘉实稳健兴享6个月持有期债券A,债券型-混合二级
018273,嘉实稳健兴享6个月持有期债券C,债券型-混合二级
018277,博时稳健增利债券A,债券型-混合二级
018278,博时稳健增利债券C,债券型-混合二级
018281,山证资管创新成长混合发起式A,混合型-偏股
018282,山证资管创新成长混合发起式C,混合型-偏股
018287,信澳优势产业混合A,混合型-偏股
018288,信澳优势产业混合C,混合型-偏股
018289,广发趋势动力混合C,混合型-灵活
018290,广发龙头优选混合C,混合型-灵活
018291,广发新兴成长混合C,混合型-灵活
018294,景顺长城国企价值混合A,混合型-偏股
018295,景顺长城国企价值混合C,混合型-偏股
018296,金元顺安丰祥债券C,债券型-混合一级
018300,华夏消费电子ETF联接A,指数型-股票
018301,华夏消费电子ETF联接C,指数型-股票
018309,招商社会责任混合A,混合型-偏股
018310,招商社会责任混合C,混合型-偏股
018311,招商社会责任混合D,混合型-偏股
018315,易方达中证装备产业ETF联接发起式A,指数型-股票
018316,易方达中证装备产业ETF联接发起式C,指数型-股票
018325,国泰海通创新成长混合发起A,混合型-偏股
018326,国泰海通创新成长混合发起C,混合型-偏股
018327,太平低碳经济混合发起式A,混合型-偏股
018328,太平低碳经济混合发起式C,混合型-偏股
018329,泉果思源三年持有期混合A,混合型-偏股
018330,泉果思源三年持有期混合C,混合型-偏股
018336,华夏恒生中国企业ETF发起式联接(QDII)A,指数型-海外股票
018337,华夏恒生中国企业ETF发起式联接(QDII)C,指数型-海外股票
018342,国富研究精选混合C,混合型-偏股
018344,华夏中证机器人ETF发起式联接A,指数型-股票
018345,华夏中证机器人ETF发起式联接C,指数型-股票
018350,万家欣优混合A,混合型-偏股
018356,万家欣优混合C,混合型-偏股
018358,华富数字经济混合A,混合型-偏股
018359,华富数字经济混合C,混合型-偏股
018362,东方阿尔法瑞丰混合发起A,混合型-偏股
018363,东方阿尔法瑞丰混合发起C,混合型-偏股
018364,银华医疗健康混合A,混合型-偏股
018365,银华医疗健康混合C,混合型-偏股
018370,华夏创业板指数增强A,指数型-股票
018371,华夏创业板指数增强C,指数型-股票
018375,金信景气优选混合A,混合型-偏股
018376,金信景气优选混合C,混合型-偏股
018377,融通远见价值一年持有期混合A,混合型-偏股
018378,融通远见价值一年持有期混合C,混合型-偏股
018379,万家储能电池ETF联接A,指数型-股票
018380,万家储能电池ETF联接C,指数型-股票
018381,安信红利精选混合A,混合型-偏股
018382,安信红利精选混合C,混合型-偏股
018383,招商上证综合指数增强发起式A,指数型-股票
018384,招商上证综合指数增强发起式C,指数型-股票
018385,招商中证全指软件ETF发起式联接A,指数型-股票
018386,招商中证全指软件ETF发起式联接C,指数型-股票
018387,华泰柏瑞港股通红利ETF联接基金A,指数型-股票
018388,华泰柏瑞港股通红利ETF联接基金C,指数型-股票
018389,国投瑞银新兴产业混合(LOF)C,混合型-灵活
018390,国富中国收益混合C,混合型-平衡
018393,富国稳健添利债券A,债券型-混合二级
018394,富国稳健添利债券C,债券型-混合二级
018395,招商中证全指医疗器械ETF发起式联接A,指数型-股票
018396,招商中证全指医疗器械ETF发起式联接C,指数型-股票
018397,博时中证医疗指数发起式A,指数型-股票
018398,博时中证医疗指数发起式C,指数型-股票
018401,嘉实成长驱动混合A,混合型-偏股
018402,嘉实成长驱动混合C,混合型-偏股
018403,富国稳健添利债券E,债券型-混合二级
018405,朱雀产业精选混合A,混合型-偏股
018406,朱雀产业精选混合C,混合型-偏股
018407,博时富耀一年定开债发起式,债券型-混合一级
018409,中欧价值回报混合A,混合型-偏股
018410,中欧价值回报混合C,混合型-偏股
018411,易方达芯片ETF联接A,指数型-股票
018412,易方达芯片ETF联接C,指数型-股票
018413,大成竞争优势混合C,混合型-偏股
018414,南方稳瑞90天持有债券A,债券型-混合一级
018415,南方稳瑞90天持有债券C,债券型-混合一级
018418,广发碳中和主题混合发起式A,混合型-偏股
018419,广发碳中和主题混合发起式C,混合型-偏股
018424,路博迈中国机遇混合A,混合型-偏股
018425,路博迈中国机遇混合C,混合型-偏股
018430,摩根世代趋势混合发起式A,混合型-偏股
018431,摩根世代趋势混合发起式C,混合型-偏股
018432,嘉实恒生医疗保健ETF发起联接(QDII)A,指数型-海外股票
018433,嘉实恒生医疗保健ETF发起联接(QDII)C,指数型-海外股票
018434,嘉实均衡配置混合,混合型-偏股
018438,财通资管品质消费混合发起式A,混合型-偏股
018439,财通资管品质消费混合发起式C,混合型-偏股
018440,汇添富量化选股混合A,混合型-偏股
018441,汇添富量化选股混合C,混合型-偏股
018442,汇添富成长领航混合A,混合型-偏股
018443,汇添富成长领航混合C,混合型-偏股
018446,工银领航三年持有混合,混合型-偏股
018447,长城价值优选混合C,混合型-偏股
018448,中欧琪和灵活配置混合E,混合型-灵活
018449,中欧瑾通灵活配置混合E,混合型-灵活
018454,大成互联网思维混合C,混合型-灵活
018455,建信开元耀享9个月持有期混合发起A,混合型-偏债
018456,建信开元耀享9个月持有期混合发起C,混合型-偏债
018457,大成价值增长混合C,混合型-灵活
018460,大成新锐产业混合C,混合型-偏股
018461,大成积极成长混合C,混合型-偏股
018462,光大智能汽车主题股票C,股票型
018463,德邦稳盈增长灵活配置混合C,混合型-灵活
018464,光大睿盈混合C,混合型-偏股
018465,嘉实稳健添翼一年持有混合A,混合型-偏债
018466,嘉实稳健添翼一年持有混合C,混合型-偏债
018469,国富弹性市值混合C,混合型-偏股
018470,国富策略回报混合C,混合型-灵活
018471,南方津享稳健添利债券A,债券型-混合二级
018472,南方津享稳健添利债券C,债券型-混合二级
018475,万家恒生互联网科技业ETF发起式联接(QDII)A,指数型-海外股票
018476,万家恒生互联网科技业ETF发起式联接(QDII)C,指数型-海外股票
018479,东方红6个月持有债券A,债券型-混合一级
018480,东方红6个月持有债券C,债券型-混合一级
018481,中金恒新90天持有债券发起A,债券型-混合二级
018482,鹏华创业板50ETF联接A,指数型-股票
018483,鹏华创业板50ETF联接C,指数型-股票
018484,财通资管医疗保健混合A,混合型-偏股
018485,财通资管医疗保健混合C,混合型-偏股
018489,万家中证工业有色金属主题ETF发起式联接A,指数型-股票
018490,万家中证工业有色金属主题ETF发起式联接C,指数型-股票
018491,格林聚合增强债券A,债券型-混合二级
018492,格林聚合增强债券C,债券型-混合二级
018493,西部利得汇鑫6个月持有期混合A,混合型-偏债
018494,西部利得汇鑫6个月持有期混合C,混合型-偏债
018495,融通产业趋势臻选股票C,股票型
018500,兴银收益增强C,债券型-混合二级
018501,光大中国制造2025灵活配置混合C,混合型-灵活
018502,东财光伏A,指数型-股票
018503,东财光伏C,指数型-股票
018504,景顺长城周期优选混合A,混合型-偏股
018505,景顺长城周期优选混合C,混合型-偏股
018506,创金合信益久9个月持有期债券A,债券型-混合二级
018507,创金合信益久9个月持有期债券C,债券型-混合二级
018508,创金合信益久9个月持有期债券E,债券型-混合二级
018517,民生加银量化中国混合C,混合型-灵活
018523,华泰紫金恒生互联网科技业指数型发起基金(QDII)A,指数型-海外股票
018524,华泰紫金恒生互联网科技业指数型发起基金(QDII)C,指数型-海外股票
018529,华宝大健康混合C,混合型-偏股
018530,中欧稳鑫180天持有债券A,债券型-混合一级
018531,中欧稳鑫180天持有债券C,债券型-混合一级
018533,南方中证互联网指数(LOF)C,指数型-股票
018536,汇添富上证综合指数C,指数型-股票
018537,中银鑫盛一年持有债券A,债券型-混合一级
018538,中银鑫盛一年持有债券C,债券型-混合一级
018539,中银富利6个月持有期混合A,混合型-偏债
018540,中银富利6个月持有期混合C,混合型-偏债
018541,建信鑫安回报灵活配置混合C,混合型-灵活
018544,国投瑞银美丽中国混合C,混合型-灵活
018545,国投瑞银瑞盛混合(LOF)C,混合型-灵活
018546,国投瑞银瑞盈混合(LOF)C,混合型-灵活
018547,金鹰产业智选一年持有混合A,混合型-偏股
018548,金鹰产业智选一年持有混合C,混合型-偏股
018549,金鹰研究驱动混合A,混合型-偏股
018550,金鹰研究驱动混合C,混合型-偏股
018551,宏利医药健康混合发起A,混合型-偏股
018552,宏利医药健康混合发起C,混合型-偏股
018553,景顺长城中小盘混合C,混合型-偏股
018554,交银启嘉混合A,混合型-偏股
018555,交银启嘉混合C,混合型-偏股
018556,中银新经济灵活配置混合C,混合型-灵活
018557,易方达港股通医药ETF联接A,指数型-股票
018558,易方达港股通医药ETF联接C,指数型-股票
018561,中信保诚多策略混合(LOF)C,混合型-灵活
018562,嘉实同舟债券A,债券型-混合二级
018563,嘉实同舟债券C,债券型-混合二级
018566,恒生前海恒源泓利债券A,债券型-混合二级
018567,恒生前海恒源泓利债券C,债券型-混合二级
018570,华宝安元债券A,债券型-混合二级
018571,华宝安元债券C,债券型-混合二级
018574,兴银丰盈灵活配置C,混合型-灵活
018577,摩根恒生科技ETF发起式联接(QDII)A,指数型-海外股票
018578,摩根恒生科技ETF发起式联接(QDII)C,指数型-海外股票
018579,鑫元国证2000指数增强A,指数型-股票
018580,鑫元国证2000指数增强C,指数型-股票
018582,华泰紫金碳中和混合发起A,混合型-偏股
018583,华泰紫金碳中和混合发起C,混合型-偏股
018586,汇添富双享增利债券A,债券型-混合二级
018587,汇添富双享增利债券C,债券型-混合二级
018589,农银信息传媒股票C,股票型
018590,银华体育文化灵活配置混合C,混合型-灵活
018591,博时中证银行ETF联接C,指数型-股票
018592,中欧汇利债券A,债券型-混合二级
018593,中欧汇利债券C,债券型-混合二级
018595,华商利欣回报债券A,债券型-混合二级
018596,华商利欣回报债券C,债券型-混合二级
018597,兴全招益债券A,债券型-混合二级
018598,兴全招益债券C,债券型-混合二级
018600,景顺长城鼎益混合(LOF)C,混合型-偏股
018601,长城集利债券发起式A,债券型-混合二级
018602,长城集利债券发起式C,债券型-混合二级
018603,永赢鑫欣混合C,混合型-偏债
018604,民生加银添润债券A,债券型-混合二级
018611,鹏华高端装备一年持有期混合A,混合型-偏股
018612,鹏华高端装备一年持有期混合C,混合型-偏股
018617,民生加银添润债券C,债券型-混合二级
018618,中信保诚远见成长混合A,混合型-偏股
018619,中信保诚远见成长混合C,混合型-偏股
018620,兴全兴晨六个月持有混合A,混合型-偏债
018621,兴全兴晨六个月持有混合C,混合型-偏债
018626,富国兴享回报6个月持有期混合A,混合型-偏债
018627,富国兴享回报6个月持有期混合C,混合型-偏债
018633,财通中证500指数增强A,指数型-股票
018634,财通中证500指数增强C,指数型-股票
018635,嘉实稳健增利6个月持有混合A,混合型-偏债
018636,嘉实稳健增利6个月持有混合C,混合型-偏债
018638,国泰研究优势混合C,混合型-偏股
018640,华安沣润债券A,债券型-混合二级
018641,华安沣润债券C,债券型-混合二级
018644,金鹰悦享债券A,债券型-混合二级
018645,金鹰悦享债券C,债券型-混合二级
018646,易方达中证家电龙头ETF联接发起式A,指数型-股票
018647,易方达中证家电龙头ETF联接发起式C,指数型-股票
018648,永赢鑫享混合C,混合型-偏债
018650,光大国企改革股票C,股票型
018653,万家国证2000指数增强A,指数型-股票
018654,万家国证2000指数增强C,指数型-股票
018656,新华行业周期轮换混合C,混合型-偏股
018658,兴银消费新趋势灵活配置C,混合型-灵活
018660,中科沃土转型升级混合C,混合型-灵活
018661,大成中证1000指数增强发起式A,指数型-股票
018662,大成中证1000指数增强发起式C,指数型-股票
018663,中欧国证2000指数增强A,指数型-股票
018664,中欧国证2000指数增强C,指数型-股票
018679,招商安和债券A,债券型-混合二级
018680,招商安和债券C,债券型-混合二级
018681,国联安气候变化混合C,混合型-偏股
018682,鑫元浩鑫增强债券A,债券型-混合二级
018683,鑫元浩鑫增强债券C,债券型-混合二级
018684,汇泉安盈回报债券E,债券型-混合二级
018686,博时证券公司ETF联接C,指数型-股票
018690,德邦大健康灵活配置混合C,混合型-灵活
018693,大成核心双动力混合C,混合型-偏股
018694,大成智惠量化多策略混合C,混合型-灵活
018695,博道消费智航C,股票型
018698,国投瑞银盛煊混合A,混合型-偏股
018699,国投瑞银盛煊混合C,混合型-偏股
018702,德邦优化C,混合型-灵活
018705,财通鼎欣量化选股18个月定开混合,混合型-偏股
018706,兴银先进制造智选混合发起A,混合型-偏股
018707,兴银先进制造智选混合发起C,混合型-偏股
018708,交银悦信精选混合A,混合型-偏股
018709,交银悦信精选混合C,混合型-偏股
018710,鹏华沪深港新兴成长混合C,混合型-灵活
018714,平安新鑫优选混合A,混合型-偏股
018715,平安新鑫优选混合C,混合型-偏股
018721,华夏中证港股通50ETF发起式联接A,指数型-股票
018722,华夏中证港股通50ETF发起式联接C,指数型-股票
018724,长信汇智量化选股混合A,混合型-偏股
018725,长信汇智量化选股混合C,混合型-偏股
018726,广发匠心优选三年持有混合发起式A,混合型-偏股
018727,广发匠心优选三年持有混合发起式C,混合型-偏股
018728,华夏智胜新锐股票A,股票型
018729,华夏智胜新锐股票C,股票型
018730,华夏招鑫鸿瑞混合A,混合型-偏股
018731,华夏招鑫鸿瑞混合C,混合型-偏股
018732,华夏中证智选1000价值稳健策略ETF发起式联接A,指数型-股票
018733,华夏中证智选1000价值稳健策略ETF发起式联接C,指数型-股票
018734,华夏中证绿色电力ETF发起式联接A,指数型-股票
018735,华夏中证绿色电力ETF发起式联接C,指数型-股票
018736,景顺长城景颐裕利债券A,债券型-混合二级
018737,景顺长城景颐裕利债券C,债券型-混合二级
018738,博时标普500ETF联接E(人民币),指数型-海外股票
018741,万家集利债券发起式A,债券型-混合二级
018742,万家集利债券发起式C,债券型-混合二级
018746,永赢匠心增利债券A,债券型-混合二级
018747,永赢匠心增利债券C,债券型-混合二级
018750,山证资管精选行业混合发起式A,混合型-偏股
018751,山证资管精选行业混合发起式C,混合型-偏股
018752,天弘阿尔法优选混合A,混合型-偏股
018753,天弘阿尔法优选混合C,混合型-偏股
018754,兴业均衡优选混合A,混合型-偏股
018755,兴业均衡优选混合C,混合型-偏股
018756,睿远稳益增强30天持有债券A,债券型-混合二级
018757,睿远稳益增强30天持有债券C,债券型-混合二级
018763,汇添富稳荣回报债券发起式A,债券型-混合二级
018764,汇添富稳荣回报债券发起式C,债券型-混合二级
018765,汇添富稳丰回报债券发起式A,债券型-混合二级
018766,汇添富稳丰回报债券发起式C,债券型-混合二级
018767,汇添富稳乐回报债券发起式A,债券型-混合二级
018768,汇添富稳乐回报债券发起式C,债券型-混合二级
018771,汇添富稳合4个月持有债券D,债券型-混合一级
018772,南方惠享稳健添利债券A,债券型-混合二级
018773,南方惠享稳健添利债券C,债券型-混合二级
018774,汇添富华证专精特新100指数发起式A,指数型-股票
018775,汇添富华证专精特新100指数发起式C,指数型-股票
018776,金信精选成长混合A,混合型-偏股
018777,金信精选成长混合C,混合型-偏股
018783,交银新生活力灵活配置混合C,混合型-灵活
018784,信澳鑫瑞6个月持有期债券A,债券型-混合二级
018785,信澳鑫瑞6个月持有期债券C,债券型-混合二级
018786,招商国证2000指数增强A,指数型-股票
018787,招商国证2000指数增强C,指数型-股票
018788,中信建投臻选成长混合发起式A,混合型-偏股
018789,中信建投臻选成长混合发起式C,混合型-偏股
018790,华泰柏瑞均衡成长混合A,混合型-偏股
018791,华泰柏瑞均衡成长混合C,混合型-偏股
018796,海富通远见回报混合A,混合型-偏股
018797,海富通远见回报混合C,混合型-偏股
018806,华安国企机遇混合A,混合型-偏股
018807,华安国企机遇混合C,混合型-偏股
018815,方正富邦核心优势混合A,混合型-偏股
018816,方正富邦核心优势混合C,混合型-偏股
018817,景顺长城中小创精选股票C,股票型
018818,鑫元数字经济混合发起式A,混合型-偏股
018819,鑫元数字经济混合发起式C,混合型-偏股
018821,银华新材料混合发起式A,混合型-偏股
018822,银华新材料混合发起式C,混合型-偏股
018823,国金智享量化选股混合A,混合型-偏股
018824,国金智享量化选股混合C,混合型-偏股
018827,鑫元科技创新混合A,混合型-偏股
018828,鑫元科技创新混合C,混合型-偏股
018830,汇添富稳健回报债券A,债券型-混合二级
018831,汇添富稳健回报债券C,债券型-混合二级
018832,建信兴利灵活配置混合C,混合型-灵活
018835,广发成长启航混合A,混合型-偏股
018836,广发成长启航混合C,混合型-偏股
018840,汇添富稳元回报债券发起式A,债券型-混合二级
018841,汇添富稳元回报债券发起式C,债券型-混合二级
018846,华泰保兴尊睿6个月持有债券发起A,债券型-混合一级
018847,华泰保兴尊睿6个月持有债券发起C,债券型-混合一级
018848,中海信息产业混合C,混合型-偏股
018849,鑫元恒鑫收益增强债券型发起式E,债券型-混合二级
018851,博时标普石油天然气勘探及生产精选行业指数发起(QDII)A人民币,指数型-海外股票
018852,博时标普石油天然气勘探及生产精选行业指数发起(QDII)A美元现汇,指数型-海外股票
018853,博时标普石油天然气勘探及生产精选行业指数发起(QDII)C人民币,指数型-海外股票
018854,博时标普石油天然气勘探及生产精选行业指数发起(QDII)C美元现汇,指数型-海外股票
018860,嘉实产业优选混合(LOF)C,混合型-灵活
018861,景顺长城量化港股通股票C,股票型
018862,大成创优鑫选混合A,混合型-偏股
018863,大成创优鑫选混合C,混合型-偏股
018864,广发中证传媒ETF联接E,指数型-股票
018865,泓德数字经济混合发起式A,混合型-偏股
018866,泓德数字经济混合发起式C,混合型-偏股
018868,兴全品质甄选混合A,混合型-偏股
018869,兴全品质甄选混合C,混合型-偏股
018870,银河产业动力混合C,混合型-偏股
018871,银河乐活优萃混合C,混合型-偏股
018872,银河量化优选混合C,混合型-偏股
018876,兴合先进制造混合发起式A,混合型-偏股
018877,兴合先进制造混合发起式C,混合型-偏股
018884,建信开元惠享6个月持有期债券发起式A,债券型-混合二级
018885,建信开元惠享6个月持有期债券发起式C,债券型-混合二级
018886,东海数字经济混合发起式A,混合型-偏股
018887,东海数字经济混合发起式C,混合型-偏股
018888,银河主题混合C,混合型-偏股
018889,银河服务混合C,混合型-灵活
018890,大成锐见未来混合A,混合型-偏股
018891,大成锐见未来混合C,混合型-偏股
018892,招商安康债券A,债券型-混合二级
018893,招商安康债券C,债券型-混合二级
018896,易方达消费电子ETF联接A,指数型-股票
018897,易方达消费电子ETF联接C,指数型-股票
018898,易方达悦和稳健债券A,债券型-混合二级
018899,易方达悦和稳健债券C,债券型-混合二级
018901,招商回报优选混合发起式A,混合型-偏股
018902,招商回报优选混合发起式C,混合型-偏股
018905,国泰交通运输ETF联接A,指数型-股票
018906,国泰交通运输ETF联接C,指数型-股票
018910,中欧科技成长混合A,混合型-偏股
018911,中欧科技成长混合C,混合型-偏股
018916,华夏专精特新混合发起式A,混合型-偏股
018917,华夏专精特新混合发起式C,混合型-偏股
018918,华夏清洁能源龙头混合发起式A,混合型-偏股
018919,华夏清洁能源龙头混合发起式C,混合型-偏股
018920,东方红中证优势成长指数发起A,指数型-股票
018921,东方红中证优势成长指数发起C,指数型-股票
018926,南方中证电池ETF联接A,指数型-股票
018927,南方中证电池ETF联接C,指数型-股票
018930,湘财均衡甄选混合A,混合型-偏股
018931,湘财均衡甄选混合C,混合型-偏股
018932,中信保诚四季红混合C,混合型-灵活
018933,长盛城镇化主题混合C,混合型-偏股
018934,长盛互联网+混合C,混合型-灵活
018936,招商稳恒中短债60天持有期债券D,债券型-混合一级
018937,财通医药健康混合A,混合型-偏股
018938,财通医药健康混合C,混合型-偏股
018939,长城景气成长混合A,混合型-偏股
018940,长城景气成长混合C,混合型-偏股
018946,招商安益灵活配置混合C,混合型-灵活
018947,汇添富沪深300安中指数C,指数型-股票
018948,东方红睿满沪港深混合(LOF)C,混合型-灵活
018949,东方红睿华沪港深混合(LOF)C,混合型-灵活
018952,安信宝利债券(LOF)E,债券型-混合一级
018954,富国收益增强债券E,债券型-混合二级
018956,中航机遇领航混合发起A,混合型-偏股
018957,中航机遇领航混合发起C,混合型-偏股
018958,富国双债增强债券E,债券型-混合二级
018960,永赢易弘债券C,债券型-混合一级
018963,国泰海通量化选股混合发起D,混合型-偏股
018965,富国稳健增强债券E,债券型-混合二级
018966,汇添富纳斯达克100ETF发起式联接(QDII)人民币A,指数型-海外股票
018967,汇添富纳斯达克100ETF发起式联接(QDII)人民币C,指数型-海外股票
018968,汇添富纳斯达克100ETF发起式联接(QDII)美元现汇,指数型-海外股票
018969,汇添富纳斯达克100ETF发起式联接(QDII)美元现钞,指数型-海外股票
018971,富国致弘量化选股股票A,股票型
018972,富国致弘量化选股股票C,股票型
018975,中信建投消费升级混合发起式A,混合型-偏股
018976,中信建投消费升级混合发起式C,混合型-偏股
018980,富国优化增强债券E,债券型-混合二级
018983,国泰海通新材料混合发起A,混合型-偏股
018984,国泰海通新材料混合发起C,混合型-偏股
018985,信澳双创智选混合A,混合型-偏股
018986,信澳双创智选混合C,混合型-偏股
018987,富安达科技领航混合C,混合型-偏股
018988,博时双季益六个月持有期债券A,债券型-混合二级
018989,博时双季益六个月持有期债券C,债券型-混合二级
018990,兴银智选消费混合A,混合型-偏股
018991,兴银智选消费混合C,混合型-偏股
018993,中欧数字经济混合发起A,混合型-偏股
018994,中欧数字经济混合发起C,混合型-偏股
018995,景顺长城中国回报混合C,混合型-灵活
018998,景顺长城研究精选股票C,股票型
018999,万家趋势领先混合A,混合型-偏股
019000,万家趋势领先混合C,混合型-偏股
019001,华夏中证智选500价值稳健策略ETF发起式联接A,指数型-股票
019002,华夏中证智选500价值稳健策略ETF发起式联接C,指数型-股票
019003,易方达科技智选混合A,混合型-偏股
019004,易方达科技智选混合C,混合型-偏股
019006,蜂巢先进制造混合发起式A,混合型-偏股
019007,蜂巢先进制造混合发起式C,混合型-偏股
019008,东方红远见领航混合发起A,混合型-偏股
019009,东方红远见领航混合发起C,混合型-偏股
019010,泰康致远量化选股股票发起A,股票型
019011,泰康致远量化选股股票发起C,股票型
019013,景顺长城国证2000指数增强A,指数型-股票
019014,景顺长城国证2000指数增强C,指数型-股票
019015,中欧国企红利混合A,混合型-偏股
019016,中欧国企红利混合C,混合型-偏股
019018,易方达信息产业混合C,混合型-偏股
019020,易方达医疗保健行业混合C,混合型-偏股
019024,易方达信息行业精选股票C,股票型
019026,易方达金融行业股票发起式C,股票型
019029,华宝医药生物混合C,混合型-偏股
019030,信澳星耀智选混合A,混合型-偏股
019031,信澳星耀智选混合C,混合型-偏股
019032,易方达环保主题混合C,混合型-灵活
019034,易方达高端制造混合发起式C,混合型-偏股
019035,易方达全球医药行业混合发起式(QDII)C(人民币),QDII-混合偏股
019036,易方达全球医药行业混合发起式(QDII)C(美元现汇),QDII-混合偏股
019038,海富通添利收益一年持有期债券A,债券型-混合二级
019039,海富通添利收益一年持有期债券C,债券型-混合二级
019041,浦银稳健富利180天持有债券A,债券型-混合二级
019042,浦银稳健富利180天持有债券C,债券型-混合二级
019051,华泰柏瑞科技创新混合发起式A,混合型-偏股
019052,华泰柏瑞科技创新混合发起式C,混合型-偏股
019053,华商元亨混合C,混合型-灵活
019054,富国价值成长混合A,混合型-偏股
019055,富国价值成长混合C,混合型-偏股
019058,易方达绿色电力ETF联接A,指数型-股票
019059,易方达绿色电力ETF联接C,指数型-股票
019061,易方达软件ETF联接A,指数型-股票
019062,易方达软件ETF联接C,指数型-股票
019065,安信浩盈6个月持有混合C,混合型-偏债
019066,博时央创ETF联接E,指数型-股票
019068,永赢华嘉信用债E,债券型-混合一级
019071,嘉实国证通信ETF发起联接A,指数型-股票
019072,嘉实国证通信ETF发起联接C,指数型-股票
019073,建信鑫利灵活配置混合C,混合型-灵活
019075,嘉实全球产业精选混合发起式(QDII)人民币,QDII-混合偏股
019076,嘉实全球产业精选混合发起式(QDII)美元,QDII-混合偏股
019077,万家颐达灵活配置混合C,混合型-灵活
019079,国富招瑞优选股票A,股票型
019080,国富招瑞优选股票C,股票型
019085,工银价值精选混合A,混合型-偏股
019086,工银价值精选混合C,混合型-偏股
019087,工银中证稀有金属主题ETF发起式联接A,指数型-股票
019088,工银中证稀有金属主题ETF发起式联接C,指数型-股票
019089,华润元大信息传媒科技混合C,混合型-偏股
019090,博时中证新能源汽车ETF发起式联接A,指数型-股票
019091,博时中证新能源汽车ETF发起式联接C,指数型-股票
019092,金鹰核心资源混合C,混合型-偏股
019093,金鹰科技创新股票C,股票型
019094,金鹰中小盘精选混合C,混合型-偏股
019095,东方双债添利债券D,债券型-混合二级
019102,景顺长城恒生消费ETF联接(QDII)A,指数型-海外股票
019103,景顺长城恒生消费ETF联接(QDII)C,指数型-海外股票
019105,博时创业板ETF联接E,指数型-股票
019106,南方智信混合A,混合型-偏股
019107,南方智信混合C,混合型-偏股
019108,华宝国策导向混合C,混合型-偏股
019109,泰康丰盈债券C,债券型-混合二级
019110,泰康兴泰回报沪港深混合C,混合型-偏债
019113,东财慧心优选A,混合型-偏股
019114,东财慧心优选C,混合型-偏股
019115,东财卓越成长A,混合型-偏股
019116,东财卓越成长C,混合型-偏股
019117,国泰央企改革股票C,股票型
019118,景顺长城纳斯达克科技ETF联接(QDII)E人民币,指数型-海外股票
019119,财通资管产业优选混合发起式A,混合型-偏股
019120,财通资管产业优选混合发起式C,混合型-偏股
019124,博道红利智航股票A,股票型
019125,博道红利智航股票C,股票型
019126,华泰柏瑞港股通医疗精选混合发起式A,混合型-偏股
019127,华泰柏瑞港股通医疗精选混合发起式C,混合型-偏股
019130,天弘多元锐选一年持有混合A,混合型-偏债
019131,天弘多元锐选一年持有混合C,混合型-偏债
019136,交银启合混合A,混合型-偏股
019137,交银启合混合C,混合型-偏股
019141,易方达中证电信主题ETF联接发起式A,指数型-股票
019142,易方达中证电信主题ETF联接发起式C,指数型-股票
019143,东财景气驱动A,混合型-偏股
019144,东财景气驱动C,混合型-偏股
019146,农银均衡优选混合A,混合型-平衡
019147,农银均衡优选混合C,混合型-平衡
019148,富国腾享回报6个月滚动持有E,混合型-偏债
019149,富国产业债债券D,债券型-混合一级
019150,国联国企改革混合C,混合型-灵活
019151,东兴改革精选混合C,混合型-灵活
019152,大成可转债增强债券C,债券型-混合二级
019153,中欧锐意成长混合发起A,混合型-偏股
019154,中欧锐意成长混合发起C,混合型-偏股
019155,易方达全球配置混合(QDII)A(人民币),QDII-混合灵活
019156,易方达全球配置混合(QDII)C(人民币),QDII-混合灵活
019157,易方达全球配置混合(QDII)A(美元现汇),QDII-混合灵活
019158,易方达全球配置混合(QDII)C(美元现汇),QDII-混合灵活
019159,中欧产业领航混合A,混合型-偏股
019160,中欧产业领航混合C,混合型-偏股
019162,汇添富中证800价值ETF发起式联接A,指数型-股票
019163,汇添富中证800价值ETF发起式联接C,指数型-股票
019164,汇添富有色金属ETF联接A,指数型-股票
019165,汇添富有色金属ETF联接C,指数型-股票
019166,东兴蓝海财富混合C,混合型-灵活
019167,易方达中证物联网主题ETF联接发起式A,指数型-股票
019168,易方达中证物联网主题ETF联接发起式C,指数型-股票
019169,博时中证淘金大数据100C,指数型-股票
019170,天弘沪港深云计算ETF联接C,指数型-股票
019171,天弘沪港深云计算ETF联接A,指数型-股票
019172,摩根纳斯达克100指数(QDII)人民币A,指数型-海外股票
019173,摩根纳斯达克100指数(QDII)人民币C,指数型-海外股票
019174,摩根纳斯达克100指数(QDII)美元现汇A,指数型-海外股票
019175,摩根纳斯达克100指数(QDII)美元现汇C,指数型-海外股票
019176,汇添富添添乐双鑫债券A,债券型-混合二级
019177,汇添富添添乐双鑫债券C,债券型-混合二级
019180,光大动态优选灵活配置混合C,混合型-灵活
019181,光大一带一路混合C,混合型-偏股
019182,大成蓝筹稳健混合C,混合型-灵活
019183,大成精选增值混合C,混合型-灵活
019184,大成趋势回报灵活配置混合C,混合型-灵活
019185,泰康中证1000指数增强发起A,指数型-股票
019186,泰康中证1000指数增强发起C,指数型-股票
019189,华商品质价值混合A,混合型-偏股
019190,华商品质价值混合C,混合型-偏股
019194,融通产业趋势精选混合C,混合型-偏股
019195,博时量化平衡混合C,混合型-偏债
019197,大成国企改革灵活配置混合C,混合型-灵活
019198,华富灵活配置混合C,混合型-灵活
019199,华富国泰民安灵活配置混合C,混合型-灵活
019200,华富健康文娱灵活配置混合C,混合型-灵活
019201,大成盛世精选混合C,混合型-灵活
019205,鹏华优质企业混合C,混合型-偏股
019206,大成产业升级股票(LOF)C,股票型
019207,大成正向回报灵活配置混合C,混合型-灵活
019208,大成创新成长混合(LOF)C,混合型-灵活
019209,浦银精致生活混合C,混合型-灵活
019210,浦银沪深300指数增强C,指数型-股票
019213,华富物联世界灵活配置混合C,混合型-灵活
019215,景顺长城量化平衡混合C,混合型-灵活
019216,天弘价值精选混合发起C,混合型-灵活
019219,中信保诚先进制造混合A,混合型-偏股
019220,中信保诚先进制造混合C,混合型-偏股
019221,工银瑞享纯债债券D,债券型-混合一级
019222,大成灵活配置混合C,混合型-灵活
019223,大成一带一路灵活配置混合C,混合型-灵活
019224,大成国家安全主题灵活配置混合C,混合型-灵活
019225,大成行业轮动混合C,混合型-偏股
019226,方正富邦金立方一年持有期混合A,混合型-偏股
019227,方正富邦金立方一年持有期混合D,混合型-偏股
019228,方正富邦金立方一年持有期混合E,混合型-偏股
019230,广发全球稳健配置混合(QDII)人民币A,QDII-混合债
019231,广发全球稳健配置混合(QDII)人民币C,QDII-混合债
019232,广发全球稳健配置混合(QDII)美元A,QDII-混合债
019233,广发全球稳健配置混合(QDII)美元C,QDII-混合债
019234,光大均衡精选混合C,混合型-偏股
019235,华富策略精选混合C,混合型-灵活
019236,广发国证通信ETF发起式联接A,指数型-股票
019237,广发国证通信ETF发起式联接C,指数型-股票
019239,景顺长城创业板综指增强C,指数型-股票
019240,华泰柏瑞中证1000指数增强A,指数型-股票
019241,华泰柏瑞中证1000指数增强C,指数型-股票
019242,汇丰晋信2016周期混合C,混合型-偏债
019243,汇丰晋信大盘股票C,股票型
019244,汇丰晋信龙腾混合C,混合型-偏股
019252,光大创新生活混合C,混合型-偏股
019253,富安达科技创新混合C,混合型-偏股
019254,大成深证成长40ETF联接C,指数型-股票
019255,大成内需增长混合C,混合型-偏股
019257,恒越智选科技混合A,混合型-偏股
019258,恒越智选科技混合C,混合型-偏股
019259,国泰富时国企红利ETF联接A,指数型-股票
019260,富国恒生红利ETF联接A,指数型-股票
019261,富国恒生红利ETF联接C,指数型-股票
019265,南方港股数字经济混合发起(QDII)A,QDII-混合偏股
019266,南方港股数字经济混合发起(QDII)C,QDII-混合偏股
019267,富国新天锋债券(LOF)C,债券型-混合一级
019268,交银安心收益债券E,债券型-混合二级
019269,国泰富时国企红利ETF联接C,指数型-股票
019270,财通中证1000指数增强A,指数型-股票
019271,财通中证1000指数增强C,指数型-股票
019272,长城量化小盘股票C,股票型
019273,长城改革红利混合C,混合型-灵活
019274,长城核心优选混合C,混合型-灵活
019275,浙商汇金转型升级C,混合型-灵活
019276,长城智能产业混合C,混合型-灵活
019277,长城国企优选混合发起式A,混合型-偏股
019278,长城国企优选混合发起式C,混合型-偏股
019279,嘉实中证大农业ETF发起联接A,指数型-股票
019280,嘉实中证大农业ETF发起联接C,指数型-股票
019281,华西优选成长一年持有混合A,混合型-偏股
019283,南方睿阳稳健添利6个月持有债券A,债券型-混合二级
019284,南方睿阳稳健添利6个月持有债券C,债券型-混合二级
019287,鹏华丰诚债券D,债券型-混合一级
019291,德邦新回报灵活配置混合C,混合型-灵活
019292,浙商之江凤凰联接C,指数型-股票
019293,长江长扬混合发起A,混合型-偏股
019294,长江长扬混合发起C,混合型-偏股
019295,博时匠心优选混合A,混合型-偏股
019296,博时匠心优选混合C,混合型-偏股
019297,博时卓越优选混合A,混合型-偏股
019298,博时卓越优选混合C,混合型-偏股
019299,海富通国策导向混合C,混合型-偏股
019300,海富通国策导向混合D,混合型-偏股
019302,鹏华产业债债券C,债券型-混合一级
019303,光大红利混合C,混合型-偏股
019305,摩根标普500指数(QDII)人民币C,指数型-海外股票
019306,嘉实研究阿尔法股票C,股票型
019308,光大中小盘混合C,混合型-偏股
019309,中航恒宇港股通价值优选混合发起A,混合型-偏股
019310,中航恒宇港股通价值优选混合发起C,混合型-偏股
019311,南方富时中国国企开放共赢ETF发起联接A,指数型-股票
019312,南方富时中国国企开放共赢ETF发起联接C,指数型-股票
019313,易方达中证港股通互联网ETF发起式联接A,指数型-股票
019314,易方达中证港股通互联网ETF发起式联接C,指数型-股票
019315,易方达中证新能源ETF联接发起式A,指数型-股票
019316,易方达中证新能源ETF联接发起式C,指数型-股票
019318,汇添富国证2000指数增强A,指数型-股票
019319,汇添富国证2000指数增强C,指数型-股票
019320,易方达中证500质量成长ETF联接发起式A,指数型-股票
019321,易方达中证500质量成长ETF联接发起式C,指数型-股票
019322,中信建投致远混合A,混合型-偏股
019323,中信建投致远混合C,混合型-偏股
019324,易方达中证生物科技主题ETF发起式联接A,指数型-股票
019325,易方达中证生物科技主题ETF发起式联接C,指数型-股票
019328,国泰金盛回报混合A,混合型-偏股
019329,国泰金盛回报混合C,混合型-偏股
019330,华泰柏瑞中证沪港深云计算产业ETF发起式联接A,指数型-股票
019331,华泰柏瑞中证沪港深云计算产业ETF发起式联接C,指数型-股票
019334,大成红利汇聚混合A,混合型-偏股
019335,大成红利汇聚混合C,混合型-偏股
019336,万家国企动力混合A,混合型-偏股
019337,万家国企动力混合C,混合型-偏股
019338,创金合信启富优选股票发起A,股票型
019339,创金合信启富优选股票发起C,股票型
019340,西部利得研究精选混合A,混合型-偏股
019341,西部利得研究精选混合C,混合型-偏股
019342,富国价值发现混合A,混合型-偏股
019343,富国价值发现混合C,混合型-偏股
019345,交银医疗健康混合发起A,混合型-偏股
019346,交银医疗健康混合发起C,混合型-偏股
019347,富国匠心成长混合A,混合型-偏股
019348,富国匠心成长混合C,混合型-偏股
019349,中信保诚瑞丰6个月混合A,混合型-偏债
019350,中信保诚瑞丰6个月混合C,混合型-偏债
019351,招商远见回报3年定开混合,混合型-偏股
019352,招商精选企业混合A,混合型-偏股
019353,招商精选企业混合C,混合型-偏股
019354,易方达平衡视野混合A1,混合型-偏股
019355,易方达平衡视野混合A2,混合型-偏股
019356,易方达平衡视野混合A3,混合型-偏股
019357,大成兴远启航混合A,混合型-偏股
019358,大成兴远启航混合C,混合型-偏股
019359,景顺长城中证500行业中性低波动指数C,指数型-股票
019360,汇添富积极优选三年定开混合,混合型-偏股
019361,富国核心优势混合发起式A,混合型-偏股
019362,富国核心优势混合发起式C,混合型-偏股
019363,大成至信回报三年定开放混合,混合型-偏股
019364,银华华茂定开债券D,债券型-混合一级
019365,汇添富中证国新央企股东回报ETF联接A,指数型-股票
019366,汇添富中证国新央企股东回报ETF联接C,指数型-股票
019367,长城均衡成长混合A,混合型-偏股
019368,长城均衡成长混合C,混合型-偏股
019370,富国久利稳健配置混合E,混合型-偏债
019371,富国远见精选三年定期开放混合,混合型-偏股
019372,大成元丰多利债券A,债券型-混合二级
019373,大成元丰多利债券C,债券型-混合二级
019374,广发睿杰精选混合发起式A1,混合型-偏股
019375,广发睿杰精选混合发起式A2,混合型-偏股
019376,广发睿杰精选混合发起式A3,混合型-偏股
019379,南方前瞻共赢三年定开混合,混合型-偏股
019380,景顺长城景盛双益债券A,债券型-混合二级
019381,景顺长城景盛双益债券C,债券型-混合二级
019383,银华信用季季红债券D,债券型-混合一级
019384,兴全可持续投资三年定开混合,混合型-偏股
019385,东财科创50A,指数型-股票
019386,东财科创50C,指数型-股票
019387,中欧时代共赢混合发起A1,混合型-偏股
019388,中欧时代共赢混合发起A2,混合型-偏股
019389,中欧时代共赢混合发起A3,混合型-偏股
019390,光大研究精选混合C,混合型-偏股
019391,招商双债增强债券(LOF)I,债券型-混合一级
019392,嘉实匠心严选混合A,混合型-偏股
019393,嘉实匠心严选混合C,混合型-偏股
019394,浦银策略优选混合A,混合型-偏股
019395,浦银策略优选混合C,混合型-偏股
019401,交银瑞元三年定期开放混合,混合型-偏股
019402,财通资管中证1000指数增强A,指数型-股票
019403,财通资管中证1000指数增强C,指数型-股票
019404,华夏中证全指运输ETF发起式联接A,指数型-股票
019405,华夏中证全指运输ETF发起式联接C,指数型-股票
019408,易方达中证港股通中国100ETF联接发起式A,指数型-股票
019409,易方达中证港股通中国100ETF联接发起式C,指数型-股票
019410,南方数字经济混合A,混合型-偏股
019411,南方数字经济混合C,混合型-偏股
019412,长城新兴产业混合C,混合型-灵活
019414,长城消费增值混合C,混合型-偏股
019415,南方港股医药行业混合发起(QDII)A,QDII-混合偏股
019416,南方港股医药行业混合发起(QDII)C,QDII-混合偏股
019417,中欧磐固债券A,债券型-混合二级
019418,中欧磐固债券C,债券型-混合二级
019421,华安远见慧选混合发起式A1,混合型-偏股
019422,华安远见慧选混合发起式A2,混合型-偏股
019423,华安远见慧选混合发起式A3,混合型-偏股
019424,财通资管双鑫一年持有期债券A,债券型-混合二级
019425,财通资管双鑫一年持有期债券C,债券型-混合二级
019426,中银数字经济混合A,混合型-偏股
019427,中银数字经济混合C,混合型-偏股
019428,广发中证国新央企股东回报ETF发起式联接A,指数型-股票
019429,广发中证国新央企股东回报ETF发起式联接C,指数型-股票
019430,国联安价值甄选混合,混合型-偏股
019431,永赢睿信混合A,混合型-偏股
019432,永赢睿信混合C,混合型-偏股
019433,国泰海通消费机遇混合发起A,混合型-偏股
019434,国泰海通消费机遇混合发起C,混合型-偏股
019435,易米鑫选品质混合A,混合型-偏股
019436,易米鑫选品质混合C,混合型-偏股
019437,华商科创创业精选混合A,混合型-偏股
019438,华商科创创业精选混合C,混合型-偏股
019440,光大银发商机混合C,混合型-偏股
019441,万家纳斯达克100指数发起式(QDII)A,指数型-海外股票
019442,万家纳斯达克100指数发起式(QDII)C,指数型-海外股票
019447,华夏全球科技先锋混合(QDII)A(美元现汇),QDII-混合偏股
019448,华夏全球科技先锋混合(QDII)A(美元现钞),QDII-混合偏股
019449,摩根日本精选股票(QDII)C,QDII-普通股票
019450,摩根欧洲动力策略股票(QDII)C,QDII-普通股票
019452,南方中证全指医疗保健设备与服务ETF发起联接A,指数型-股票
019453,南方中证全指医疗保健设备与服务ETF发起联接C,指数型-股票
019454,华泰柏瑞中韩半导体ETF发起式联接(QDII)A,指数型-海外股票
019455,华泰柏瑞中韩半导体ETF发起式联接(QDII)C,指数型-海外股票
019457,平安先进制造主题股票发起A,股票型
019458,平安先进制造主题股票发起C,股票型
019466,信澳鑫裕6个月持有期债券A,债券型-混合二级
019467,信澳鑫裕6个月持有期债券C,债券型-混合二级
019468,信澳新材料精选混合A,混合型-偏股
019469,信澳新材料精选混合C,混合型-偏股
019470,华夏信兴回报混合A,混合型-偏股
019471,华夏信兴回报混合C,混合型-偏股
019472,长江长宏混合发起A,混合型-偏股
019473,长江长宏混合发起C,混合型-偏股
019474,中欧聚瑞债券D,债券型-混合一级
019477,鹏扬淳盈6个月定开D,债券型-混合一级
019478,中邮医药健康混合C,混合型-偏股
019484,大摩品质生活精选股票C,股票型
019485,农银主题轮动混合C,混合型-灵活
019486,金元顺安沣泉债券C,债券型-混合二级
019493,易方达央企科技50ETF联接A,指数型-股票
019494,易方达央企科技50ETF联接C,指数型-股票
019495,摩根富时发达市场REITs指数(QDII)人民币C,指数型-海外股票
019497,博道明远混合A,混合型-偏股
019498,兴全创新优势混合A,混合型-偏股
019499,兴全创新优势混合C,混合型-偏股
019500,招商安瑞进取债券C,债券型-混合二级
019501,博道明远混合C,混合型-偏股
019503,博时中证软件服务指数发起式A,指数型-股票
019504,博时中证软件服务指数发起式C,指数型-股票
019505,国泰海通中证1000优选股票发起A,股票型
019506,国泰海通中证1000优选股票发起C,股票型
019508,银华中证国新央企科技引领ETF联接A,指数型-股票
019509,银华中证国新央企科技引领ETF联接C,指数型-股票
019510,华宝中证A500ETF联接A,指数型-股票
019511,华宝中证A500ETF联接C,指数型-股票
019512,摩根全球多元配置(QDII-FOF)人民币C,QDII-混合平衡
019513,中欧汇利债券E,债券型-混合二级
019514,交银荣鑫灵活配置混合C,混合型-灵活
019518,富国全球债券(QDII)人民币C,QDII-混合债
019519,中邮乐享收益灵活配置混合C,混合型-灵活
019521,景顺长城价值发现混合A1,混合型-偏股
019522,景顺长城价值发现混合A2,混合型-偏股
019523,景顺长城价值发现混合A3,混合型-偏股
019524,华泰柏瑞纳斯达克100ETF发起式联接(QDII)A,指数型-海外股票
019525,华泰柏瑞纳斯达克100ETF发起式联接(QDII)C,指数型-海外股票
019526,中邮纯债丰利债券E,债券型-混合一级
019529,南方中证国新央企科技引领ETF联接A,指数型-股票
019530,南方中证国新央企科技引领ETF联接C,指数型-股票
019531,南方中证光伏产业指数发起A,指数型-股票
019532,南方中证光伏产业指数发起C,指数型-股票
019533,鑫元泽利C,债券型-混合一级
019535,东方红新兴成长混合A,混合型-偏股
019536,东方红新兴成长混合C,混合型-偏股
019540,富国可转换债券E,债券型-混合二级
019544,招商中证国新央企股东回报ETF发起式联接A,指数型-股票
019545,招商中证国新央企股东回报ETF发起式联接C,指数型-股票
019546,汇添富上证50基本面增强指数D,指数型-股票
019547,招商纳斯达克100ETF发起式联接(QDII)A,指数型-海外股票
019548,招商纳斯达克100ETF发起式联接(QDII)C,指数型-海外股票
019549,华夏全球股票美元现汇(QDII),QDII-普通股票
019550,华夏全球股票美元现钞(QDII),QDII-普通股票
019551,东海消费臻选混合发起式A,混合型-偏股
019552,东海消费臻选混合发起式C,混合型-偏股
019553,中银中证500指数增强型发起A,指数型-股票
019554,中银中证500指数增强型发起C,指数型-股票
019555,中银中证1000指数增强A,指数型-股票
019556,中银中证1000指数增强C,指数型-股票
019559,交银稳悦回报债券A,债券型-混合二级
019560,交银稳悦回报债券C,债券型-混合二级
019561,富国致航量化选股股票A,股票型
019562,富国致航量化选股股票C,股票型
019570,诺安行业轮动混合C,混合型-偏股
019571,诺安优化配置混合C,混合型-偏股
019573,摩根中国生物医药混合(QDII)C,QDII-混合偏股
019574,太平科创精选混合发起式C,混合型-偏股
019575,太平科创精选混合发起式A,混合型-偏股
019576,汇添富稳兴回报债券发起式A,债券型-混合二级
019577,汇添富稳兴回报债券发起式C,债券型-混合二级
019578,摩根全球天然资源混合(QDII)C,QDII-混合偏股
019583,富国稳健添辰债券A,债券型-混合二级
019584,富国稳健添辰债券C,债券型-混合二级
019587,兴业弘远回报混合发起式A,混合型-偏股
019588,兴业弘远回报混合发起式C,混合型-偏股
019589,东财化工A,指数型-股票
019590,东财化工C,指数型-股票
019592,嘉实中证国新央企现代能源ETF联接A,指数型-股票
019593,嘉实中证国新央企现代能源ETF联接C,指数型-股票
019597,银华惠享三年定期开放混合,混合型-偏股
019598,平安中证港股医药ETF联接A,指数型-股票
019599,平安中证港股医药ETF联接C,指数型-股票
019600,鹏华智投800混合A,混合型-偏股
019601,鹏华智投800混合C,混合型-偏股
019602,鹏华精新添利债券A,债券型-混合二级
019603,鹏华精新添利债券C,债券型-混合二级
019607,诺安先进制造股票C,股票型
019610,财通数字经济智选混合发起A,混合型-偏股
019611,财通数字经济智选混合发起C,混合型-偏股
019612,财通先进制造智选混合发起A,混合型-偏股
019613,财通先进制造智选混合发起C,混合型-偏股
019615,益民服务领先混合C,混合型-灵活
019617,工银远见共赢混合A1,混合型-偏股
019618,工银远见共赢混合A2,混合型-偏股
019619,工银远见共赢混合A3,混合型-偏股
019620,汇安行业优选混合A,混合型-偏股
019621,汇安行业优选混合C,混合型-偏股
019624,泉果嘉源三年持有期混合A,混合型-偏股
019625,泉果嘉源三年持有期混合C,混合型-偏股
019628,中金成长领航混合发起A,混合型-偏股
019629,中金成长领航混合发起C,混合型-偏股
019632,国泰半导体设备ETF联接A,指数型-股票
019633,国泰半导体设备ETF联接C,指数型-股票
019636,富国研究精选灵活配置混合D,混合型-灵活
019641,摩根亚太优势混合(QDII)C,QDII-混合偏股
019644,华安众享180天持有期中短债E,债券型-混合一级
019647,华安双债添利债券E,债券型-混合一级
019651,汇添富稳健睿选一年持有混合B,混合型-偏债
019656,中欧沪深300指数增强E,指数型-股票
019660,永赢鑫盛混合C,混合型-偏债
019662,易方达兴利180天持有债券A,债券型-混合一级
019663,易方达兴利180天持有债券C,债券型-混合一级
019666,易方达中证创新药产业ETF联接发起式A,指数型-股票
019667,易方达中证创新药产业ETF联接发起式C,指数型-股票
019670,广发港股创新药ETF联接(QDII)A,指数型-海外股票
019671,广发港股创新药ETF联接(QDII)C,指数型-海外股票
019673,汇丰晋信慧鑫6个月持有期债券A,债券型-混合二级
019674,汇丰晋信慧鑫6个月持有期债券C,债券型-混合二级
019681,尚正正享债券A,债券型-混合二级
019682,尚正正享债券C,债券型-混合二级
019684,万家添利债券(LOF)A,债券型-混合一级
019689,南方中国梦灵活配置混合C,混合型-灵活
019690,华商产业机遇混合A,混合型-偏股
019691,华商产业机遇混合C,混合型-偏股
019692,信澳鑫悦智选6个月持有期混合A,混合型-偏债
019693,信澳鑫悦智选6个月持有期混合C,混合型-偏债
019694,中欧中证500指数增强E,指数型-股票
019697,汇添富鑫享添利六个月持有混合B,混合型-偏债
019698,招商安泽稳利9个月持有期混合A,混合型-偏债
019699,招商安泽稳利9个月持有期混合C,混合型-偏债
019702,易方达上证科创板成长ETF联接发起式A,指数型-股票
019703,易方达上证科创板成长ETF联接发起式C,指数型-股票
019705,鹏扬消费主题混合发起式A,混合型-偏股
019706,鹏扬消费主题混合发起式C,混合型-偏股
019708,中银消费主题混合C,混合型-偏股
019710,广发道琼斯石油指数(QDII-LOF)人民币E,指数型-海外股票
019711,广发道琼斯石油指数(QDII-LOF)美元现汇E,指数型-海外股票
019712,博时稳合一年持有期混合A,混合型-偏债
019713,博时稳合一年持有期混合C,混合型-偏债
019715,嘉实双季欣享6个月持有债券A,债券型-混合一级
019716,嘉实双季欣享6个月持有债券C,债券型-混合一级
019717,南方中小盘成长股票C,股票型
019718,摩根悦享回报6个月持有期混合A,混合型-偏债
019719,摩根悦享回报6个月持有期混合C,混合型-偏债
019720,信澳宁隽智选混合A,混合型-偏股
019721,信澳宁隽智选混合C,混合型-偏股
019722,中银量化选股混合发起A,混合型-偏股
019723,中银量化选股混合发起C,混合型-偏股
019727,国泰招享添利六个月持有混合发起A,混合型-偏债
019728,国泰招享添利六个月持有混合发起C,混合型-偏债
019729,华夏国企红利混合发起式A,混合型-偏股
019730,华夏国企红利混合发起式C,混合型-偏股
019736,宝盈纳斯达克100指数发起(QDII)A人民币,指数型-海外股票
019737,宝盈纳斯达克100指数发起(QDII)C人民币,指数型-海外股票
019738,宝盈纳斯达克100指数发起(QDII)A美元现汇,指数型-海外股票
019739,宝盈纳斯达克100指数发起(QDII)C美元现汇,指数型-海外股票
019740,财通资管创新医药混合A,混合型-偏股
019741,财通资管创新医药混合C,混合型-偏股
019743,银华富兴央企混合发起式A,混合型-偏股
019744,银华富兴央企混合发起式C,混合型-偏股
019747,华西优选价值混合发起A,混合型-偏股
019748,金鹰周期优选混合C,混合型-灵活
019749,金鹰智慧生活混合C,混合型-灵活
019752,海富通悦享一年持有期混合A,混合型-偏债
019753,海富通悦享一年持有期混合C,混合型-偏债
019759,中欧半导体产业股票发起A,股票型
019760,中信建投质选成长混合发起式A,混合型-偏股
019761,中信建投质选成长混合发起式C,混合型-偏股
019764,中欧半导体产业股票发起C,股票型
019765,国寿安保优选国企股票发起式A,股票型
019766,国寿安保优选国企股票发起式C,股票型
019767,景顺长城科创50指数增强A,指数型-股票
019768,景顺长城科创50指数增强C,指数型-股票
019773,东方红智享三年持有混合A,混合型-偏股
019774,东方红智享三年持有混合C,混合型-偏股
019775,长城稳健增利债券D,债券型-混合二级
019776,鹏华产业精选混合C,混合型-灵活
019777,鹏扬消费量化选股混合A,混合型-偏股
019778,鹏扬消费量化选股混合C,混合型-偏股
019780,嘉实创新动力混合发起式A1,混合型-偏股
019781,嘉实创新动力混合发起式A2,混合型-偏股
019782,嘉实创新动力混合发起式A3,混合型-偏股
019783,华安健康主题混合A,混合型-偏股
019784,华安健康主题混合C,混合型-偏股
019785,广发上证科创板成长ETF发起式联接A,指数型-股票
019786,广发上证科创板成长ETF发起式联接C,指数型-股票
019787,上银丰瑞一年持有期混合发起式A,混合型-偏债
019788,上银丰瑞一年持有期混合发起式C,混合型-偏债
019789,鹏华优质治理混合(LOF)C,混合型-偏股
019792,富安达长三角区域主题混合C,混合型-偏股
019793,华泰保兴嘉睿3个月持有债券发起A,债券型-混合二级
019794,华泰保兴嘉睿3个月持有债券发起C,债券型-混合二级
019796,银河国企主题混合发起式C,混合型-偏股
019797,银河国企主题混合发起式A,混合型-偏股
019800,华泰紫金价值甄选混合A,混合型-偏股
019801,华泰紫金价值甄选混合C,混合型-偏股
019808,富安达中证500指数增强C,指数型-股票
019814,民生加银国证2000指数增强A,指数型-股票
019815,民生加银国证2000指数增强C,指数型-股票
019817,广发创业板ETF发起式联接E,指数型-股票
019818,长城健康生活混合C,混合型-灵活
019819,长城品牌优选混合C,混合型-偏股
019820,鹏华远见精选混合发起式A,混合型-偏股
019821,鹏华远见精选混合发起式C,混合型-偏股
019822,长城稳健成长混合C,混合型-灵活
019824,国寿安保新材料股票发起式A,股票型
019825,国寿安保新材料股票发起式C,股票型
019826,浙商汇金聚利一年定开债D,债券型-混合一级
019827,鹏华国证石油天然气ETF联接A,指数型-股票
019828,鹏华国证石油天然气ETF联接C,指数型-股票
019829,华夏数字产业混合A,混合型-偏股
019830,华夏数字产业混合C,混合型-偏股
019831,华夏中证智选300价值稳健策略ETF发起式联接A,指数型-股票
019832,华夏中证智选300价值稳健策略ETF发起式联接C,指数型-股票
019838,民生加银品牌蓝筹混合C,混合型-灵活
019851,汇添富稳宏6个月持有债券A,债券型-混合一级
019852,汇添富稳宏6个月持有债券C,债券型-混合一级
019853,博时中证红利低波动100指数发起式A,指数型-股票
019854,博时中证红利低波动100指数发起式C,指数型-股票
019855,博时中证新能源ETF发起式联接A,指数型-股票
019856,博时中证新能源ETF发起式联接C,指数型-股票
019857,博时上证科创板100ETF联接A,指数型-股票
019858,博时上证科创板100ETF联接C,指数型-股票
019859,银华上证科创板100ETF联接A,指数型-股票
019860,银华上证科创板100ETF联接C,指数型-股票
019861,鹏华上证科创100ETF联接A,指数型-股票
019862,鹏华上证科创100ETF联接C,指数型-股票
019863,招商稳健优选股票C,股票型
019864,浦银高端装备混合A,混合型-偏股
019865,浦银高端装备混合C,混合型-偏股
019866,国泰上证科创板100ETF发起联接A,指数型-股票
019867,国泰上证科创板100ETF发起联接C,指数型-股票
019868,华夏云计算与大数据ETF联接A,指数型-股票
019869,华夏云计算与大数据ETF联接C,指数型-股票
019870,华泰柏瑞中证2000ETF发起式联接A,指数型-股票
019871,华泰柏瑞中证2000ETF发起式联接C,指数型-股票
019874,广发稀有金属ETF联接A,指数型-股票
019875,广发稀有金属ETF联接C,指数型-股票
019876,广发均衡成长混合A,混合型-偏股
019877,广发均衡成长混合C,混合型-偏股
019878,永赢瑞弘12个月持有期债券C,债券型-混合一级
019879,万家周期驱动股票发起式A,股票型
019880,万家周期驱动股票发起式C,股票型
019886,南方国证交通运输行业ETF发起联接A,指数型-股票
019887,南方国证交通运输行业ETF发起联接C,指数型-股票
019888,中欧周期优选混合发起A,混合型-偏股
019889,中欧周期优选混合发起C,混合型-偏股
019891,华夏中证2000ETF发起式联接A,指数型-股票
019892,华夏中证2000ETF发起式联接C,指数型-股票
019894,天弘通利混合C,混合型-灵活
019895,天弘新活力混合发起C,混合型-灵活
019896,天弘惠利混合C,混合型-灵活
019897,富国中证沪港深创新药产业ETF发起式联接A,指数型-股票
019898,富国中证沪港深创新药产业ETF发起式联接C,指数型-股票
019902,国寿安保先进制造股票发起式A,股票型
019903,国寿安保先进制造股票发起式C,股票型
019910,博时上证自然资源ETF联接C,指数型-股票
019911,华安中证红利低波动指数发起式A,指数型-股票
019912,华安中证红利低波动指数发起式C,指数型-股票
019913,华夏瑞益混合A1,混合型-偏股
019914,华夏瑞益混合A2,混合型-偏股
019915,华夏瑞益混合A3,混合型-偏股
019916,富国医药创新股票A,股票型
019917,富国医药创新股票C,股票型
019918,招商中证2000指数增强A,指数型-股票
019919,招商中证2000指数增强C,指数型-股票
019920,万家中证2000指数增强A,指数型-股票
019921,万家中证2000指数增强C,指数型-股票
019923,华泰柏瑞中证2000指数增强A,指数型-股票
019924,华泰柏瑞中证2000指数增强C,指数型-股票
019925,华宝竞争优势混合C,混合型-偏股
019926,中欧琪福混合E,混合型-偏债
019933,工银国证港股通科技ETF发起式联接A,指数型-股票
019934,工银国证港股通科技ETF发起式联接C,指数型-股票
019936,华安恒生互联网科技业ETF发起式联接(QDII)A,指数型-海外股票
019937,华安恒生互联网科技业ETF发起式联接(QDII)C,指数型-海外股票
019941,富国洞见价值股票A,股票型
019942,富国洞见价值股票C,股票型
019943,兴业恒益6个月持有期债券A,债券型-混合二级
019944,兴业恒益6个月持有期债券C,债券型-混合二级
019949,中银价值发现混合发起A,混合型-偏股
019950,中银价值发现混合发起C,混合型-偏股
019951,融通消费升级混合C,混合型-偏股
019952,平安价值远见混合A,混合型-偏股
019953,平安价值远见混合C,混合型-偏股
019958,湘财医药健康混合A,混合型-偏股
019959,湘财医药健康混合C,混合型-偏股
019960,富国远见价值混合A,混合型-偏股
019961,富国远见价值混合C,混合型-偏股
019969,招商均衡策略混合A,混合型-偏股
019970,招商均衡策略混合C,混合型-偏股
019971,融通蓝筹成长混合C,混合型-灵活
019972,海富通产业优选混合A,混合型-偏股
019973,海富通产业优选混合C,混合型-偏股
019975,华夏物联网ETF联接A,指数型-股票
019976,华夏物联网ETF联接C,指数型-股票
019978,融通动力先锋混合C,混合型-偏股
019982,泓德智选启元混合A,混合型-偏股
019983,泓德智选启元混合C,混合型-偏股
019985,蜂巢趋势臻选混合A,混合型-偏股
019986,蜂巢趋势臻选混合C,混合型-偏股
019987,万家红利量化选股混合发起式A,混合型-偏股
019988,万家红利量化选股混合发起式C,混合型-偏股
019989,华安中证云计算与大数据主题指数发起式A,指数型-股票
019990,华安中证云计算与大数据主题指数发起式C,指数型-股票
019991,中欧红利精选混合发起A,混合型-偏股
019992,中欧红利精选混合发起C,混合型-偏股
019993,创金合信北证50成份指数增强A,指数型-股票
019994,创金合信北证50成份指数增强C,指数型-股票
019997,长信优势行业混合A,混合型-偏股
019998,长信优势行业混合C,混合型-偏股
019999,国泰优质领航混合A,混合型-偏股
020000,国泰优质领航混合C,混合型-偏股
020001,国泰金鹰增长混合,混合型-灵活
020002,国泰金龙债券A,债券型-混合一级
020003,国泰金龙行业混合,混合型-灵活
020004,中欧臻选成长混合发起A,混合型-偏股
020005,国泰金马稳健混合A,混合型-灵活
020009,国泰金鹏蓝筹混合,混合型-灵活
020010,国泰金牛创新成长混合,混合型-偏股
020011,国泰沪深300指数A,指数型-股票
020012,国泰金龙债券C,债券型-混合一级
020013,中欧臻选成长混合发起C,混合型-偏股
020014,鹏华国证ESG300ETF联接A,指数型-股票
020015,国泰区位优势混合A,混合型-偏股
020016,鹏华国证ESG300ETF联接C,指数型-股票
020018,国泰金鹿混合,混合型-偏股
020019,国泰双利债券A,债券型-混合二级
020020,国泰双利债券C,债券型-混合二级
020021,国泰金融ETF联接A,指数型-股票
020022,国泰策略价值灵活配置混合,混合型-灵活
020023,国泰事件驱动策略混合A,混合型-偏股
020026,国泰成长优选混合,混合型-偏股
020033,国泰民安增利债券A,债券型-混合二级
020034,国泰民安增利债券C,债券型-混合二级
020037,鹏华品质甄选混合A,混合型-偏股
020038,鹏华品质甄选混合C,混合型-偏股
020042,路博迈恒享债券A,债券型-混合二级
020043,路博迈恒享债券C,债券型-混合二级
020052,博时惠泽混合发起式A1,混合型-偏股
020053,博时惠泽混合发起式A2,混合型-偏股
020054,博时惠泽混合发起式A3,混合型-偏股
020055,永赢悦享债券A,债券型-混合二级
020056,永赢悦享债券C,债券型-混合二级
020057,银河高端装备混合发起式A,混合型-偏股
020058,银河高端装备混合发起式C,混合型-偏股
020059,博时卓越品牌混合(LOF)C,混合型-偏股
020062,格林宏观回报混合A,混合型-偏股
020063,格林宏观回报混合C,混合型-偏股
020064,西部利得科技创新混合A,混合型-偏股
020065,西部利得科技创新混合C,混合型-偏股
020069,恒生前海恒源臻利债券A,债券型-混合二级
020070,恒生前海恒源臻利债券C,债券型-混合二级
020071,太平先进制造混合发起式A,混合型-偏股
020072,太平先进制造混合发起式C,混合型-偏股
020073,财通中证A500指数A,指数型-股票
020074,财通中证A500指数C,指数型-股票
020075,财通资管创新成长混合A,混合型-偏股
020076,财通资管创新成长混合C,混合型-偏股
020086,鹏华智投数字经济混合A,混合型-偏股
020087,鹏华智投数字经济混合C,混合型-偏股
020090,万家研究领航混合A,混合型-偏股
020091,万家研究领航混合C,混合型-偏股
020093,泰康医疗健康ETF发起式联接A,指数型-股票
020094,泰康医疗健康ETF发起式联接C,指数型-股票
020095,富国中证绿色电力ETF发起式联接A,指数型-股票
020096,富国中证绿色电力ETF发起式联接C,指数型-股票
020098,万家惠诚回报平衡一年持有期混合A,混合型-偏债
020099,万家惠诚回报平衡一年持有期混合C,混合型-偏债
020100,易方达中证A100ETF联接发起式A,指数型-股票
020101,易方达中证A100ETF联接发起式C,指数型-股票
020102,易方达中证沪港深300ETF发起式联接A,指数型-股票
020103,易方达中证沪港深300ETF发起式联接C,指数型-股票
020104,易方达石油化工ETF联接A,指数型-股票
020105,易方达石油化工ETF联接C,指数型-股票
020106,兴业成长动力混合C,混合型-灵活
020107,兴业安保优选混合C,混合型-偏股
020108,富国信创ETF发起式联接A,指数型-股票
020109,富国信创ETF发起式联接C,指数型-股票
020110,富国恒生港股通创新药及医疗保健ETF发起式联接A,指数型-股票
020111,富国恒生港股通创新药及医疗保健ETF发起式联接C,指数型-股票
020113,易方达中证沪港深500ETF发起式联接A,指数型-股票
020114,易方达中证沪港深500ETF发起式联接C,指数型-股票
020115,鹏扬中证国有企业红利ETF联接A,指数型-股票
020116,鹏扬中证国有企业红利ETF联接C,指数型-股票
020117,南华丰元量化选股混合A,混合型-偏股
020118,南华丰元量化选股混合C,混合型-偏股
020120,宝盈华证龙头红利50指数发起式A,指数型-股票
020121,宝盈华证龙头红利50指数发起式C,指数型-股票
020124,银华沪深股通精选混合C,混合型-偏股
020126,东方量化成长灵活配置混合C,混合型-灵活
020127,国联恒裕纯债E,债券型-混合一级
020132,中邮趋势精选灵活配置混合C,混合型-灵活
020137,平安医疗健康混合C,混合型-偏股
020138,永赢启鑫混合A,混合型-偏股
020139,永赢启鑫混合C,混合型-偏股
020140,国寿安保品质消费股票发起式A,股票型
020141,国寿安保品质消费股票发起式C,股票型
020142,路博迈中国医疗健康股票发起A,股票型
020143,路博迈中国医疗健康股票发起C,股票型
020147,兴银价值平衡混合A,混合型-平衡
020148,兴银价值平衡混合C,混合型-平衡
020149,易方达安泽180天持有期债券A,债券型-混合一级
020150,易方达安泽180天持有期债券C,债券型-混合一级
020151,中信保诚景气优选混合A,混合型-偏股
020152,中信保诚景气优选混合C,混合型-偏股
020155,长盛量化红利混合C,混合型-偏股
020156,交银中证红利低波动100指数A,指数型-股票
020157,交银中证红利低波动100指数C,指数型-股票
020158,信澳核心智选混合A,混合型-偏股
020159,信澳核心智选混合C,混合型-偏股
020160,中信保诚沪深300指数增强A,指数型-股票
020161,中信保诚沪深300指数增强C,指数型-股票
020162,华安睿信优选混合A,混合型-偏股
020163,华安睿信优选混合C,混合型-偏股
020168,广发信远回报混合A,混合型-偏股
020169,广发信远回报混合C,混合型-偏股
020175,国泰海通稳债增利债券发起A,债券型-混合二级
020176,国泰海通稳债增利债券发起C,债券型-混合二级
020177,嘉实双季兴享6个月持有债券A,债券型-混合一级
020178,嘉实双季兴享6个月持有债券C,债券型-混合一级
020180,金信深圳成长混合C,混合型-灵活
020181,长城智盈添益债券发起式A,债券型-混合二级
020182,长城智盈添益债券发起式C,债券型-混合二级
020183,博时中证传媒指数发起式A,指数型-股票
020184,博时中证传媒指数发起式C,指数型-股票
020186,上银国企红利混合发起式A,混合型-偏股
020187,上银国企红利混合发起式C,混合型-偏股
020190,农银上证180指数A,指数型-股票
020191,农银上证180指数C,指数型-股票
020192,南方晖元6个月持有期债券E,债券型-混合二级
020193,天弘金融优选混合发起A,混合型-偏股
020194,天弘金融优选混合发起C,混合型-偏股
020195,汇添富中证红利ETF发起式联接A,指数型-股票
020196,汇添富中证红利ETF发起式联接C,指数型-股票
020197,国联安智能制造混合C,混合型-偏股
020198,国联安核心优势混合C,混合型-偏股
020199,万家双引擎灵活配置混合C,混合型-灵活
020206,民生加银双核动力混合C,混合型-偏股
020209,明亚稳利3个月持有期债券A,债券型-混合二级
020210,明亚稳利3个月持有期债券C,债券型-混合二级
020217,金鹰多元策略混合C,混合型-灵活
020218,万家锦利债券发起式A,债券型-混合二级
020219,万家锦利债券发起式C,债券型-混合二级
020220,国联安沪深300指数增强A,指数型-股票
020221,国联安沪深300指数增强C,指数型-股票
020224,创金合信均益量化选股混合A,混合型-偏股
020225,创金合信均益量化选股混合C,混合型-偏股
020226,国泰中证全指集成电路ETF发起联接A,指数型-股票
020227,国泰中证全指集成电路ETF发起联接C,指数型-股票
020231,大摩景气智选混合A,混合型-偏股
020232,嘉实互融精选股票C,股票型
020233,大摩景气智选混合C,混合型-偏股
020236,路博迈中国动力股票A,股票型
020237,路博迈中国动力股票C,股票型
020241,国投瑞银和宜债券A,债券型-混合二级
020247,国投瑞银和宜债券C,债券型-混合二级
020250,中银中证央企红利50指数C,指数型-股票
020251,中银中证央企红利50指数A,指数型-股票
020254,鹏华盛世创新混合(LOF)C,混合型-偏股
020255,中欧中证机器人指数发起A,指数型-股票
020256,中欧中证机器人指数发起C,指数型-股票
020258,鹏华优选价值股票C,股票型
020262,平安鑫惠90天持有债券A,债券型-混合一级
020263,平安鑫惠90天持有债券C,债券型-混合一级
020265,长城产业优选混合A,混合型-偏股
020266,长城产业优选混合C,混合型-偏股
020267,宏利睿智成长混合A,混合型-偏股
020268,宏利睿智成长混合C,混合型-偏股
020269,宏利价值驱动6个月持有混合A,混合型-偏股
020270,宏利价值驱动6个月持有混合C,混合型-偏股
020271,万家创业板综合ETF发起式联接A,指数型-股票
020272,万家创业板综合ETF发起式联接C,指数型-股票
020273,富国中证细分化工产业主题ETF发起式联接A,指数型-股票
020274,富国中证细分化工产业主题ETF发起式联接C,指数型-股票
020276,银河新材料股票发起式A,股票型
020277,银河新材料股票发起式C,股票型
020278,国泰信创ETF联接A,指数型-股票
020279,国泰信创ETF联接C,指数型-股票
020282,益民优势安享混合C,混合型-灵活
020284,东方红汇享债券A,债券型-混合二级
020285,东方红汇享债券C,债券型-混合二级
020287,永赢红利慧选混合发起A,混合型-偏股
020288,永赢红利慧选混合发起C,混合型-偏股
020289,国泰中证机器人ETF发起联接A,指数型-股票
020290,国泰中证机器人ETF发起联接C,指数型-股票
020291,华夏科创100ETF联接A,指数型-股票
020292,华夏科创100ETF联接C,指数型-股票
020293,易方达上证科创板100ETF联接发起式A,指数型-股票
020294,易方达上证科创板100ETF联接发起式C,指数型-股票
020303,信澳星亮智选混合A,混合型-偏股
020304,信澳星亮智选混合C,混合型-偏股
020305,信澳星煜智选混合A,混合型-偏股
020306,信澳星煜智选混合C,混合型-偏股
020307,国投瑞银和景180天持有期债券A,债券型-混合二级
020308,国投瑞银和景180天持有期债券C,债券型-混合二级
020315,嘉实前沿科技沪港深股票C,股票型
020320,华泰柏瑞上证科创板100ETF发起式联接A,指数型-股票
020321,华泰柏瑞上证科创板100ETF发起式联接C,指数型-股票
020323,博时中证基建工程指数发起式A,指数型-股票
020324,博时中证基建工程指数发起式C,指数型-股票
020325,南方佳元6个月持有债券E,债券型-混合二级
020326,南方安裕混合E,混合型-偏债
020331,红塔红土医药精选股票发起式A,股票型
020332,红塔红土医药精选股票发起式C,股票型
020335,华夏中证大数据产业ETF发起式联接A,指数型-股票
020336,华夏中证大数据产业ETF发起式联接C,指数型-股票
020339,银华混改红利灵活配置混合发起式C,混合型-灵活
020343,国联季季红定期开放债券E,债券型-混合一级
020352,国富沪深300指数增强C,指数型-股票
020353,富国量化对冲策略三个月持有期混合E,混合型-绝对收益
020354,农银瑞益一年持有混合A,混合型-偏债
020355,农银瑞益一年持有混合C,混合型-偏债
020356,华夏半导体材料设备ETF联接A,指数型-股票
020357,华夏半导体材料设备ETF联接C,指数型-股票
020358,东方红慧鑫甄选6个月持有混合A,混合型-偏债
020359,东方红慧鑫甄选6个月持有混合C,混合型-偏债
020360,中海混改红利混合C,混合型-灵活
020361,中海蓝筹混合C,混合型-灵活
020362,中海沪港深价值优选混合C,混合型-灵活
020364,博时卓越成长混合A,混合型-偏股
020365,博时卓越成长混合C,混合型-偏股
020366,光大锦弘混合E,混合型-偏债
020367,嘉实方舟6个月滚动持有债券发起E,债券型-混合二级
020380,华富价值增长混合C,混合型-灵活
020383,华富成长趋势混合C,混合型-偏股
020384,金信转型创新成长混合发起式C,混合型-灵活
020385,信澳恒瑞9个月持有期混合A,混合型-偏债
020386,信澳恒瑞9个月持有期混合C,混合型-偏债
020391,安信90天滚动持有债券A,债券型-混合一级
020392,安信90天滚动持有债券C,债券型-混合一级
020397,中银港股通医药混合发起A,混合型-偏股
020398,中银港股通医药混合发起C,混合型-偏股
020403,易方达信创ETF联接A,指数型-股票
020404,易方达信创ETF联接C,指数型-股票
020405,国泰中证油气产业ETF发起联接A,指数型-股票
020406,国泰中证油气产业ETF发起联接C,指数型-股票
020407,工银传媒指数E,指数型-股票
020408,华商数字经济混合A,混合型-偏股
020409,华商数字经济混合C,混合型-偏股
020410,长城均衡优选混合C,混合型-偏股
020411,永赢中证沪深港黄金产业股票ETF发起联接A,指数型-股票
020412,永赢中证沪深港黄金产业股票ETF发起联接C,指数型-股票
020414,中信保诚优质纯债债券I,债券型-混合一级
020416,农银先进制造混合A,混合型-偏股
020417,农银先进制造混合C,混合型-偏股
020419,鹏华科技驱动混合发起式A,混合型-偏股
020420,鹏华科技驱动混合发起式C,混合型-偏股
020422,华夏中证港股通内地金融ETF发起式联接A,指数型-股票
020423,华夏中证港股通内地金融ETF发起式联接C,指数型-股票
020424,方正富邦致盛混合A,混合型-偏股
020425,方正富邦致盛混合C,混合型-偏股
020428,华安先进制造混合发起式A,混合型-偏股
020429,华安先进制造混合发起式C,混合型-偏股
020430,华安景气回报混合发起式A,混合型-偏股
020431,华安景气回报混合发起式C,混合型-偏股
020433,金信核心竞争力混合C,混合型-灵活
020434,金信量化精选混合C,混合型-灵活
020435,金信智能中国2025混合C,混合型-灵活
020436,金信稳健策略混合C,混合型-灵活
020437,宝盈医疗健康沪港深股票C,股票型
020440,东兴数字经济混合发起A,混合型-偏股
020441,东兴数字经济混合发起C,混合型-偏股
020442,易米远见价值一年定开混合A,混合型-偏股
020443,易米远见价值一年定开混合C,混合型-偏股
020444,华西研究精选混合发起A,混合型-偏股
020445,金信优质成长混合C,混合型-偏股
020451,金信行业优选混合发起式C,混合型-灵活
020456,平安上证红利低波动指数A,指数型-股票
020457,平安上证红利低波动指数C,指数型-股票
020458,平安医药精选股票A,股票型
020459,平安医药精选股票C,股票型
020461,华安中证国有企业红利ETF发起式联接A,指数型-股票
020462,华安中证国有企业红利ETF发起式联接C,指数型-股票
020464,招商中证半导体产业ETF发起式联接A,指数型-股票
020465,招商中证半导体产业ETF发起式联接C,指数型-股票
020466,华泰柏瑞中证中央企业红利ETF发起式联接A,指数型-股票
020467,华泰柏瑞中证中央企业红利ETF发起式联接C,指数型-股票
020469,长城半导体混合发起式A,混合型-偏股
020470,长城半导体混合发起式C,混合型-偏股
020474,中欧产业优选混合A,混合型-偏股
020475,中欧产业优选混合C,混合型-偏股
020476,泰康半导体量化选股股票发起式A,股票型
020477,泰康半导体量化选股股票发起式C,股票型
020478,中欧中证芯片产业指数发起A,指数型-股票
020481,招商中证机器人ETF发起联接A,指数型-股票
020482,招商中证机器人ETF发起联接C,指数型-股票
020483,中欧中证芯片产业指数发起C,指数型-股票
020484,中欧中证全指软件开发指数发起A,指数型-股票
020485,中欧中证全指软件开发指数发起C,指数型-股票
020486,华富智慧城市灵活配置混合C,混合型-灵活
020487,华富成长企业精选股票C,股票型
020488,华富量子生命力混合C,混合型-偏股
020491,万家医药量化选股混合发起式A,混合型-偏股
020492,万家医药量化选股混合发起式C,混合型-偏股
020493,富达悦享红利优选混合A,混合型-偏股
020494,富达悦享红利优选混合C,混合型-偏股
020495,建信研究精选混合A,混合型-偏股
020496,建信研究精选混合C,混合型-偏股
020497,安信均衡增长混合A,混合型-偏股
020498,安信均衡增长混合C,混合型-偏股
020499,金元顺安丰利债券C,债券型-混合二级
020500,广发中证港股通非银ETF发起式联接A,指数型-股票
020501,广发中证港股通非银ETF发起式联接C,指数型-股票
020502,华泰柏瑞稳本增利债券C,债券型-混合二级
020503,汇丰晋信新动力混合C,混合型-偏股
020508,嘉实债券C,债券型-混合一级
020510,金鹰科技致远混合A,混合型-偏股
020511,金鹰科技致远混合C,混合型-偏股
020513,富国深证50ETF发起式联接A,指数型-股票
020514,富国深证50ETF发起式联接C,指数型-股票
020515,华泰柏瑞东南亚科技ETF发起式联接(QDII)A,指数型-海外股票
020516,华泰柏瑞东南亚科技ETF发起式联接(QDII)C,指数型-海外股票
020517,易方达深证50ETF联接发起式A,指数型-股票
020518,易方达深证50ETF联接发起式C,指数型-股票
020521,华商安恒债券A,债券型-混合二级
020522,华商安恒债券C,债券型-混合二级
020523,交银核心资产混合C,混合型-偏股
020532,湘财鑫睿债券A,债券型-混合二级
020533,湘财鑫睿债券C,债券型-混合二级
020536,建信开元瑞享3个月持有期债券A,债券型-混合一级
020537,建信开元瑞享3个月持有期债券C,债券型-混合一级
020543,南方稳瑞90天持有债券E,债券型-混合一级
020553,南方半导体产业股票发起A,股票型
020554,南方半导体产业股票发起C,股票型
020557,浙商汇金中高等级三个月D,债券型-混合一级
020558,工银健康产业混合A,混合型-偏股
020559,工银健康产业混合C,混合型-偏股
020560,万家高端装备量化选股混合发起式A,混合型-偏股
020561,万家高端装备量化选股混合发起式C,混合型-偏股
020562,东方红领先精选混合C,混合型-灵活
020567,泓德智选启航混合A,混合型-偏股
020568,泓德智选启航混合C,混合型-偏股
020571,融通中国概念债券(QDII)C,QDII-混合债
020572,万家稳航90天持有期债券A,债券型-混合一级
020573,万家稳航90天持有期债券C,债券型-混合一级
020575,华泰柏瑞安诚6个月持有期债基A,债券型-混合二级
020576,华泰柏瑞安诚6个月持有期债基C,债券型-混合二级
020577,国富恒兴债券A,债券型-混合二级
020578,国富恒兴债券C,债券型-混合二级
020581,银华钰祥债券A,债券型-混合二级
020582,银华钰祥债券C,债券型-混合二级
020592,金信多策略精选混合C,混合型-灵活
020593,华夏软件龙头混合发起式A,混合型-偏股
020594,华夏软件龙头混合发起式C,混合型-偏股
020598,格林聚利增强一个月持有期债券A,债券型-混合二级
020599,格林聚利增强一个月持有期债券C,债券型-混合二级
020600,国寿安保景气优选混合发起式A,混合型-偏股
020601,国寿安保景气优选混合发起式C,混合型-偏股
020602,易方达中证红利低波动ETF联接发起式A,指数型-股票
020603,易方达中证红利低波动ETF联接发起式C,指数型-股票
020604,银华添益定期开放债券D,债券型-混合一级
020605,长城稳健增利债券E,债券型-混合二级
020607,南方中证机器人ETF发起联接A,指数型-股票
020608,南方中证机器人ETF发起联接C,指数型-股票
020617,中银新华中诚信红利价值指数发起A,指数型-股票
020618,中银新华中诚信红利价值指数发起C,指数型-股票
020621,华夏中证香港内地国有企业ETF发起式联接(QDII)A,指数型-海外股票
020622,华夏中证香港内地国有企业ETF发起式联接(QDII)C,指数型-海外股票
020623,汇添富稳健收益混合B,混合型-偏债
020624,信澳新能源精选混合C,混合型-偏股
020628,汇添富科创芯片ETF联接A,指数型-股票
020629,汇添富科创芯片ETF联接C,指数型-股票
020630,汇添富中证芯片产业ETF发起式联接A,指数型-股票
020631,汇添富中证芯片产业ETF发起式联接C,指数型-股票
020632,汇添富中证电信主题ETF发起式联接A,指数型-股票
020633,汇添富中证电信主题ETF发起式联接C,指数型-股票
020634,汇添富恒生生物科技ETF发起式联接(QDII)A,指数型-海外股票
020635,汇添富恒生生物科技ETF发起式联接(QDII)C,指数型-海外股票
020637,华泰紫金价值远见18个月持有混合发起A,混合型-偏股
020638,华泰紫金价值远见18个月持有混合发起C,混合型-偏股
020639,广发半导体设备ETF联接A,指数型-股票
020640,广发半导体设备ETF联接C,指数型-股票
020641,博时安怡6个月定开债C,债券型-混合一级
020642,鹏扬丰利一年持有债券D,债券型-混合一级
020645,南方智弘混合A,混合型-偏股
020646,南方智弘混合C,混合型-偏股
020647,诺安沪深300增强D,指数型-股票
020648,诺安中小盘精选混合C,混合型-偏股
020649,诺安中小盘精选混合D,混合型-偏股
020650,博时国证粮食产业ETF发起式联接A,指数型-股票
020651,博时国证粮食产业ETF发起式联接C,指数型-股票
020653,恒生前海兴泰混合A,混合型-偏股
020654,恒生前海兴泰混合C,混合型-偏股
020657,信澳红利智选混合A,混合型-偏股
020658,信澳红利智选混合C,混合型-偏股
020659,诺安低碳经济股票D,股票型
020661,中加科技创新混合发起式A,混合型-偏股
020662,中加科技创新混合发起式C,混合型-偏股
020663,华安季季鑫90天持有债券A,债券型-混合一级
020664,华安季季鑫90天持有债券C,债券型-混合一级
020665,万家稳丰6个月持有期债券A,债券型-混合一级
020666,万家稳丰6个月持有期债券C,债券型-混合一级
020667,富国创业板200ETF发起式联接A,指数型-股票
020668,富国创业板200ETF发起式联接C,指数型-股票
020669,国投瑞银弘信回报混合A,混合型-偏股
020670,易方达科创芯片ETF联接A,指数型-股票
020671,易方达科创芯片ETF联接C,指数型-股票
020672,招商红利低波动100指数发起式A,指数型-股票
020673,招商红利低波动100指数发起式C,指数型-股票
020676,大成元辰招利债券A,债券型-混合二级
020677,大成元辰招利债券C,债券型-混合二级
020678,广发集盛债券A,债券型-混合二级
020679,广发集盛债券C,债券型-混合二级
020682,建信环保产业股票C,股票型
020683,南方上证科创板100ETF联接A,指数型-股票
020684,南方上证科创板100ETF联接C,指数型-股票
020685,南方上证科创板新材料ETF发起联接A,指数型-股票
020686,南方上证科创板新材料ETF发起联接C,指数型-股票
020691,博时中证全指通信设备指数发起式A,指数型-股票
020692,博时中证全指通信设备指数发起式C,指数型-股票
020693,长城健康消费混合C,混合型-偏股
020695,海富通红利优选混合A,混合型-偏股
020696,海富通红利优选混合C,混合型-偏股
020697,蜂巢稳鑫90天持有期债券A,债券型-混合一级
020698,国泰海通科创板量化选股股票发起A,股票型
020699,国泰海通科创板量化选股股票发起C,股票型
020703,蜂巢稳鑫90天持有期债券C,债券型-混合一级
020704,南方中证通信服务ETF发起联接A,指数型-股票
020705,南方中证通信服务ETF发起联接C,指数型-股票
020706,蜂巢添汇纯债E,债券型-混合一级
020709,同泰恒盛债券D,债券型-混合二级
020710,同泰恒利纯债D,债券型-混合一级
020712,华安三菱日联日经225ETF发起式联接(QDII)A,指数型-海外股票
020713,华安三菱日联日经225ETF发起式联接(QDII)C,指数型-海外股票
020714,华安上证科创板50成份ETF发起式联接A,指数型-股票
020715,华安上证科创板50成份ETF发起式联接C,指数型-股票
020720,国寿安保高端装备股票发起式A,股票型
020721,国寿安保高端装备股票发起式C,股票型
020722,国寿安保数字经济股票发起式A,股票型
020723,国寿安保数字经济股票发起式C,股票型
020724,建信开元金享6个月持有期债券发起A,债券型-混合二级
020725,建信开元金享6个月持有期债券发起C,债券型-混合二级
020726,建信灵活配置混合C,混合型-灵活
020729,华安中证全指软件开发ETF发起式联接A,指数型-股票
020730,华安中证全指软件开发ETF发起式联接C,指数型-股票
020732,易方达创业板200ETF联接A,指数型-股票
020733,易方达创业板200ETF联接C,指数型-股票
020735,东财有色增强E,指数型-股票
020736,国新国证汇铭债券A,债券型-混合二级
020737,国新国证汇铭债券C,债券型-混合二级
020738,安信宝利债券(LOF)C,债券型-混合一级
020743,广发恒生消费ETF发起式联接(QDII)A,指数型-海外股票
020744,广发恒生消费ETF发起式联接(QDII)C,指数型-海外股票
020746,泰信添安增利九个月持有期债券A,债券型-混合二级
020747,泰信添安增利九个月持有期债券C,债券型-混合二级
020748,国联智选先锋股票A,股票型
020749,国联智选先锋股票C,股票型
020750,工银科创50ETF联接E,指数型-股票
020753,华夏中证智选300成长创新策略ETF发起式联接A,指数型-股票
020754,华夏中证智选300成长创新策略ETF发起式联接C,指数型-股票
020755,永赢融安混合A,混合型-偏股
020758,永赢融安混合C,混合型-偏股
020759,建信红利精选股票发起A,股票型
020760,建信红利精选股票发起C,股票型
020766,嘉实中证A100ETF发起联接A,指数型-股票
020767,嘉实中证A100ETF发起联接C,指数型-股票
020768,中信保诚国企红利量化选股股票A,股票型
020769,中信保诚国企红利量化选股股票C,股票型
020772,中信建投量化选股股票A,股票型
020773,中信建投量化选股股票C,股票型
020774,国寿安保产业升级股票发起式C,股票型
020775,国寿安保产业升级股票发起式A,股票型
020779,湘财新能源量化选股混合A,混合型-偏股
020780,湘财新能源量化选股混合C,混合型-偏股
020781,平安富时中国国企开放共赢ETF联接A,指数型-股票
020782,平安富时中国国企开放共赢ETF联接C,指数型-股票
020785,安信长鑫增强债券A,债券型-混合二级
020786,安信长鑫增强债券C,债券型-混合二级
020787,国寿安保泰裕债券A,债券型-混合二级
020788,国寿安保泰裕债券C,债券型-混合二级
020789,银华季季鑫90天持有期债券A,债券型-混合一级
020790,银华季季鑫90天持有期债券C,债券型-混合一级
020798,万家信用恒利债券D,债券型-混合一级
020799,天弘红利智选混合A,混合型-偏股
020800,天弘红利智选混合C,混合型-偏股
020801,易方达红利混合A,混合型-偏股
020802,易方达红利混合C,混合型-偏股
020803,东方红量化选股混合发起A,混合型-偏股
020804,东方红量化选股混合发起C,混合型-偏股
020805,国投瑞银和嘉债券A,债券型-混合二级
020806,国投瑞银和嘉债券C,债券型-混合二级
020811,富国盛利增强债券发起式A,债券型-混合二级
020812,富国盛利增强债券发起式C,债券型-混合二级
020813,鑫元佳享120天持有债券A,债券型-混合一级
020814,鑫元佳享120天持有债券C,债券型-混合一级
020815,圆信永丰瑞盈债券A,债券型-混合二级
020816,湘财红利量化选股混合A,混合型-偏股
020817,湘财红利量化选股混合C,混合型-偏股
020818,鹏扬永利90天持有债券A,债券型-混合一级
020819,鹏扬永利90天持有债券C,债券型-混合一级
020821,大成领先动力混合A,混合型-偏股
020822,大成领先动力混合C,混合型-偏股
020828,东财北证50A,指数型-股票
020829,东财北证50C,指数型-股票
020830,东兴医药生物量化选股混合A,混合型-偏股
020831,东兴医药生物量化选股混合C,混合型-偏股
020832,圆信永丰瑞盈债券C,债券型-混合二级
020837,华夏创业板200ETF发起式联接A,指数型-股票
020838,华夏创业板200ETF发起式联接C,指数型-股票
020839,南方中证半导体产业指数发起A,指数型-股票
020840,南方中证半导体产业指数发起C,指数型-股票
020842,联博智选混合A,混合型-偏股
020843,联博智选混合C,混合型-偏股
020848,尚正正泰平衡配置混合发起A,混合型-灵活
020849,尚正正泰平衡配置混合发起C,混合型-灵活
020853,大成中证芯片产业指数发起式A,指数型-股票
020854,大成中证芯片产业指数发起式C,指数型-股票
020855,泉果泰然30天持有期债券A,债券型-混合二级
020856,泉果泰然30天持有期债券C,债券型-混合二级
020857,嘉实多益债券A,债券型-混合二级
020858,嘉实多益债券C,债券型-混合二级
020862,泰康稳健双利债券A,债券型-混合二级
020863,泰康稳健双利债券C,债券型-混合二级
020864,银华嘉选平衡混合发起式A,混合型-灵活
020865,银华嘉选平衡混合发起式C,混合型-灵活
020866,华安恒生港股通中国央企红利ETF发起式联接A,指数型-股票
020867,华安恒生港股通中国央企红利ETF发起式联接C,指数型-股票
020868,华夏沪深300ESG基准ETF发起式联接A,指数型-股票
020869,华夏沪深300ESG基准ETF发起式联接C,指数型-股票
020870,华夏创业板指数发起式A,指数型-股票
020871,华夏创业板指数发起式C,指数型-股票
020872,华夏创业板指数发起式E,指数型-股票
020873,天弘科创板50指数A,指数型-股票
020874,天弘科创板50指数C,指数型-股票
020875,中欧量化驱动混合C,混合型-偏股
020876,中欧景气精选混合A,混合型-偏股
020877,中欧景气精选混合C,混合型-偏股
020881,长信180天持有债券A,债券型-混合一级
020882,长信180天持有债券C,债券型-混合一级
020884,鹏华成长先锋混合A,混合型-偏股
020885,鹏华成长先锋混合C,混合型-偏股
020890,银华添润定期开放债券D,债券型-混合一级
020893,景顺长城国证机器人ETF联接A,指数型-股票
020894,景顺长城国证机器人ETF联接C,指数型-股票
020899,天弘中证全指通信设备指数发起A,指数型-股票
020900,天弘中证全指通信设备指数发起C,指数型-股票
020901,招商成长量化选股股票A,股票型
020902,招商成长量化选股股票C,股票型
020903,广发工程机械ETF联接A,指数型-股票
020904,广发工程机械ETF联接C,指数型-股票
020913,东兴鑫颐3个月滚动持有纯债A,债券型-混合一级
020914,东兴鑫颐3个月滚动持有纯债C,债券型-混合一级
020920,天弘同利债券(LOF)F,债券型-混合一级
020922,汇泉智享量化选股混合A,混合型-偏股
020923,汇泉智享量化选股混合C,混合型-偏股
020929,国投瑞银新活力混合D,混合型-偏债
020930,平安鼎信债券C,债券型-混合二级
020933,南方尊享稳健增利债券A,债券型-混合二级
020934,南方尊享稳健增利债券C,债券型-混合二级
020955,银华盛泓债券A,债券型-混合二级
020956,银华盛泓债券C,债券型-混合二级
020962,中信保诚双盈债券(LOF)D,债券型-混合一级
020964,安信企业价值优选混合C,混合型-偏股
020966,东吴科技创新混合A,混合型-偏股
020967,东吴科技创新混合C,混合型-偏股
020970,益民品质升级混合C,混合型-灵活
020972,易方达机器人ETF联接A,指数型-股票
020973,易方达机器人ETF联接C,指数型-股票
020975,万家科技量化选股混合发起式A,混合型-偏股
020976,万家科技量化选股混合发起式C,混合型-偏股
020977,银华长荣混合C,混合型-偏股
020979,西部利得价值回报混合A,混合型-偏股
020980,西部利得价值回报混合C,混合型-偏股
020981,华安国证机器人产业ETF发起式联接A,指数型-股票
020982,华安国证机器人产业ETF发起式联接C,指数型-股票
020983,博时国证消费电子主题指数发起式A,指数型-股票
020984,博时国证消费电子主题指数发起式C,指数型-股票
020985,汇安景气成长混合A,混合型-偏股
020986,汇安景气成长混合C,混合型-偏股
020987,东财高端制造增强E,指数型-股票
020988,南方恒生科技ETF发起联接(QDII)A,指数型-海外股票
020989,南方恒生科技ETF发起联接(QDII)C,指数型-海外股票
020991,西部利得合赢债券E,债券型-混合一级
020993,红土创新添益债券A,债券型-混合二级
020994,红土创新添益债券C,债券型-混合二级
020999,南方中证机器人ETF发起联接I,指数型-股票
021000,南方纳斯达克100指数发起(QDII)I,指数型-海外股票
021002,南方中证房地产ETF发起联接I,指数型-股票
021005,南方富时中国国企开放共赢ETF发起联接I,指数型-股票
021006,南方中证全指医疗保健设备与服务ETF发起联接I,指数型-股票
021013,南方中证银行ETF发起联接I,指数型-股票
021015,长江旭日混合A,混合型-偏股
021016,长江旭日混合C,混合型-偏股
021021,南方有色金属ETF联接I,指数型-股票
021022,南方沪深300ETF联接I,指数型-股票
021023,南方恒生指数ETF联接I,指数型-股票
021024,德邦景颐债券D,债券型-混合二级
021025,德邦景颐债券E,债券型-混合二级
021027,太平医疗创新混合发起式A,混合型-偏股
021028,太平医疗创新混合发起式C,混合型-偏股
021029,南方中证全指证券公司ETF联接I,指数型-股票
021030,汇添富国证港股通创新药ETF发起式联接A,指数型-股票
021031,汇添富国证港股通创新药ETF发起式联接C,指数型-股票
021032,南方创业板ETF联接I,指数型-股票
021033,易方达储能电池ETF联接A,指数型-股票
021034,易方达储能电池ETF联接C,指数型-股票
021035,博时中证汽车零部件主题指数发起式A,指数型-股票
021036,博时中证汽车零部件主题指数发起式C,指数型-股票
021038,银华沪深300价值ETF发起式联接A,指数型-股票
021039,银华沪深300价值ETF发起式联接C,指数型-股票
021042,天弘弘利债券C,债券型-混合二级
021043,天弘弘利债券E,债券型-混合二级
021044,国泰香港国企红利ETF联接(QDII)A,指数型-海外股票
021045,国泰香港国企红利ETF联接(QDII)C,指数型-海外股票
021046,平安港股通红利精选混合发起式A,混合型-偏股
021047,平安港股通红利精选混合发起式C,混合型-偏股
021049,易方达高股息量化选股股票发起式A,股票型
021050,易方达高股息量化选股股票发起式C,股票型
021051,国联中证500指数增强A,指数型-股票
021052,国联中证500指数增强C,指数型-股票
021053,南方恒生生物科技ETF发起联接(QDII)I,指数型-海外股票
021056,南方标普红利低波50ETF联接I,指数型-股票
021057,南方中证新能源ETF联接I,指数型-股票
021059,南方中证500ETF联接(LOF)I,指数型-股票
021060,嘉实上证科创板生物医药ETF发起联接A,指数型-股票
021061,嘉实上证科创板生物医药ETF发起联接C,指数型-股票
021062,宏利市值优选混合C,混合型-偏股
021072,华夏中证智选500成长创新策略ETF发起式联接A,指数型-股票
021073,华夏中证智选500成长创新策略ETF发起式联接C,指数型-股票
021074,华夏中证沪深港黄金产业股票ETF发起式联接A,指数型-股票
021075,华夏中证沪深港黄金产业股票ETF发起式联接C,指数型-股票
021080,鹏华中证车联网主题ETF发起式联接A,指数型-股票
021081,鹏华中证车联网主题ETF发起式联接C,指数型-股票
021082,鹏华中证工业互联网主题ETF发起式联接A,指数型-股票
021083,鹏华中证工业互联网主题ETF发起式联接C,指数型-股票
021084,鹏华中证光伏产业ETF发起式联接A,指数型-股票
021085,鹏华中证光伏产业ETF发起式联接C,指数型-股票
021086,鹏华国证粮食产业ETF发起式联接A,指数型-股票
021087,鹏华国证粮食产业ETF发起式联接C,指数型-股票
021088,鹏华中证港股通医药卫生ETF发起式联接A,指数型-股票
021089,鹏华中证港股通医药卫生ETF发起式联接C,指数型-股票
021090,鹏华中证云计算与大数据主题ETF发起式联接A,指数型-股票
021091,鹏华中证云计算与大数据主题ETF发起式联接C,指数型-股票
021092,广发中证港股通互联网ETF发起式联接A,指数型-股票
021093,广发中证港股通互联网ETF发起式联接C,指数型-股票
021094,东方低碳经济混合A,混合型-偏股
021095,东方低碳经济混合C,混合型-偏股
021096,融通增益债券D,债券型-混合一级
021097,南方中证创新药产业ETF发起联接A,指数型-股票
021098,南方中证创新药产业ETF发起联接C,指数型-股票
021099,博时中证红利ETF发起式联接A,指数型-股票
021100,博时中证红利ETF发起式联接C,指数型-股票
021101,国泰北证50成份指数发起A,指数型-股票
021102,国泰北证50成份指数发起C,指数型-股票
021103,国寿安保沪深300ETF联接C,指数型-股票
021115,南方北证50成份指数发起I,指数型-股票
021116,南方中证1000ETF发起联接I,指数型-股票
021117,南方中证科创创业50ETF联接I,指数型-股票
021125,博时上证超大盘ETF联接C,指数型-股票
021129,东财银行E,指数型-股票
021130,信澳鑫安债券(LOF)C,债券型-混合二级
021136,广发集享债券A,债券型-混合二级
021137,广发集享债券C,债券型-混合二级
021140,易方达汽车零部件ETF联接A,指数型-股票
021141,易方达汽车零部件ETF联接C,指数型-股票
021142,华夏港股通央企红利ETF联接A,指数型-股票
021143,华夏港股通央企红利ETF联接C,指数型-股票
021145,银华甄选价值成长混合A,混合型-偏股
021146,银华甄选价值成长混合C,混合型-偏股
021147,财通华臻量化选股混合A,混合型-偏股
021148,财通华臻量化选股混合C,混合型-偏股
021152,华泰紫金季季享定开债券发起D,债券型-混合二级
021159,天弘沪港深物联网ETF联接A,指数型-股票
021160,天弘沪港深物联网ETF联接C,指数型-股票
021161,天弘北证50成份指数发起A,指数型-股票
021162,天弘北证50成份指数发起C,指数型-股票
021164,天弘恒新混合D,混合型-偏债
021167,中泰红利量化选股股票发起A,股票型
021168,中泰红利量化选股股票发起C,股票型
021170,大成中证500指数增强A,指数型-股票
021171,大成中证500指数增强C,指数型-股票
021172,华安北证50成份指数发起式A,指数型-股票
021173,华安北证50成份指数发起式C,指数型-股票
021175,东方红中证500指数增强发起A,指数型-股票
021176,东方红中证500指数增强发起C,指数型-股票
021177,摩根中证A50ETF发起式联接A,指数型-股票
021178,摩根中证A50ETF发起式联接C,指数型-股票
021179,易方达产业机遇混合A,混合型-偏股
021180,易方达产业机遇混合C,混合型-偏股
021181,中欧价值精选混合A,混合型-偏股
021182,中欧价值精选混合C,混合型-偏股
021183,平安中证A50ETF联接A,指数型-股票
021184,平安中证A50ETF联接C,指数型-股票
021185,中信保诚中证500指数增强A,指数型-股票
021186,中信保诚中证500指数增强C,指数型-股票
021187,摩根红利优选股票A,股票型
021188,摩根红利优选股票C,股票型
021189,南方亚太精选ETF联接(QDII)A,指数型-海外股票
021190,南方亚太精选ETF联接(QDII)C,指数型-海外股票
021194,格林科技成长混合A,混合型-偏股
021195,格林科技成长混合C,混合型-偏股
021196,信澳鑫泰6个月持有期债券A,债券型-混合二级
021197,信澳鑫泰6个月持有期债券C,债券型-混合二级
021198,汇添富优选价值混合发起式A,混合型-偏股
021199,汇添富优选价值混合发起式C,混合型-偏股
021200,华夏中证装备产业ETF发起式联接A,指数型-股票
021201,华夏中证装备产业ETF发起式联接C,指数型-股票
021202,汇添富均衡回报混合发起式A,混合型-偏股
021203,汇添富均衡回报混合发起式C,混合型-偏股
021204,华夏医药量化选股混合A,混合型-偏股
021205,华夏医药量化选股混合C,混合型-偏股
021206,易方达中证A50ETF联接发起式A,指数型-股票
021207,易方达中证A50ETF联接发起式C,指数型-股票
021208,银华中证A50ETF联接A,指数型-股票
021209,银华中证A50ETF联接C,指数型-股票
021210,富国中证A50ETF发起式联接A,指数型-股票
021211,富国中证A50ETF发起式联接C,指数型-股票
021212,大成中证A50ETF联接A,指数型-股票
021213,大成中证A50ETF联接C,指数型-股票
021214,嘉实中证A50ETF联接A,指数型-股票
021215,嘉实中证A50ETF联接C,指数型-股票
021216,华宝中证A50ETF发起式联接A,指数型-股票
021217,华宝中证A50ETF发起式联接C,指数型-股票
021218,中邮核心优势灵活配置混合C,混合型-灵活
021219,平安价值精选混合A,混合型-偏股
021222,华泰柏瑞中证A50ETF发起式联接A,指数型-股票
021223,华泰柏瑞中证A50ETF发起式联接C,指数型-股票
021224,华宝上证科创板芯片ETF发起式联接A,指数型-股票
021225,华宝上证科创板芯片ETF发起式联接C,指数型-股票
021227,平安价值精选混合C,混合型-偏股
021228,万家年年恒荣D,债券型-混合一级
021231,工银中证A50ETF联接A,指数型-股票
021232,工银中证A50ETF联接C,指数型-股票
021233,博时中证A50ETF发起式联接A,指数型-股票
021234,博时中证A50ETF发起式联接C,指数型-股票
021241,永赢逸享债券A,债券型-混合二级
021242,永赢逸享债券C,债券型-混合二级
021243,富国中证中央企业红利ETF发起式联接A,指数型-股票
021244,富国中证中央企业红利ETF发起式联接C,指数型-股票
021245,富国中证A100ETF发起式联接A,指数型-股票
021246,富国中证A100ETF发起式联接C,指数型-股票
021247,兴全红利混合A,混合型-偏股
021248,兴全红利混合C,混合型-偏股
021250,华夏中证全指医疗器械ETF发起式联接A,指数型-股票
021251,华夏中证全指医疗器械ETF发起式联接C,指数型-股票
021252,华安中证信息技术应用创新产业指数发起式A,指数型-股票
021253,华安中证信息技术应用创新产业指数发起式C,指数型-股票
021254,富国沪深300ESG基准ETF发起式联接A,指数型-股票
021255,富国沪深300ESG基准ETF发起式联接C,指数型-股票
021256,浦银中证A50指数增强A,指数型-股票
021257,浦银中证A50指数增强C,指数型-股票
021265,兴业聚利灵活配置混合C,混合型-灵活
021267,安信180天持有债券A,债券型-混合一级
021268,安信180天持有债券C,债券型-混合一级
021271,华泰紫金远见回报12个月持有混合A,混合型-偏股
021272,华泰紫金远见回报12个月持有混合C,混合型-偏股
021273,摩根均衡精选混合A,混合型-偏股
021274,摩根均衡精选混合C,混合型-偏股
021275,万家上证科创板100指数增强发起式A,指数型-股票
021276,万家上证科创板100指数增强发起式C,指数型-股票
021277,广发全球精选股票(QDII)人民币C,QDII-普通股票
021278,永赢上证科创板100指数增强发起A,指数型-股票
021279,永赢上证科创板100指数增强发起C,指数型-股票
021280,富国国证疫苗与生物科技ETF发起式联接A,指数型-股票
021281,富国国证疫苗与生物科技ETF发起式联接C,指数型-股票
021284,浦银科创板100指数增强A,指数型-股票
021285,浦银科创板100指数增强C,指数型-股票
021286,广发安盈混合E,混合型-灵活
021290,安信宝利债券(LOF)F,债券型-混合一级
021292,鹏华国证疫苗与生物科技ETF发起式联接A,指数型-股票
021293,鹏华国证疫苗与生物科技ETF发起式联接C,指数型-股票
021294,鹏华中证港股通科技ETF发起式联接A,指数型-股票
021295,鹏华中证港股通科技ETF发起式联接C,指数型-股票
021296,鹏华国证有色金属行业ETF发起式联接A,指数型-股票
021297,鹏华国证有色金属行业ETF发起式联接C,指数型-股票
021298,中欧北证50成份指数发起A,指数型-股票
021299,中欧北证50成份指数发起C,指数型-股票
021301,银河中证机器人指数发起式A,指数型-股票
021302,银河中证机器人指数发起式C,指数型-股票
021305,中欧品质精选混合A,混合型-偏股
021306,中欧品质精选混合C,混合型-偏股
021308,鹏华创新医药混合A,混合型-偏股
021309,鹏华创新医药混合C,混合型-偏股
021312,华宝安享混合C,混合型-偏债
021313,景顺长城沪港深精选股票C,股票型
021314,博时中证信息技术应用创新产业指数发起式A,指数型-股票
021315,博时中证信息技术应用创新产业指数发起式C,指数型-股票
021316,民生加银智选成长股票A,股票型
021317,民生加银智选成长股票C,股票型
021323,博道和裕多元稳健30天持有期债券A,债券型-混合二级
021324,博道和裕多元稳健30天持有期债券C,债券型-混合二级
021327,富国中证细分机械设备产业主题ETF发起式联接A,指数型-股票
021328,富国中证细分机械设备产业主题ETF发起式联接C,指数型-股票
021329,富国上证科创板100ETF发起式联接A,指数型-股票
021330,富国上证科创板100ETF发起式联接C,指数型-股票
021333,信澳国企智选混合A,混合型-偏股
021334,信澳国企智选混合C,混合型-偏股
021337,国联恒泰纯债B,债券型-混合一级
021344,东财芯片E,指数型-股票
021345,永赢汇享债券A,债券型-混合二级
021346,永赢汇享债券C,债券型-混合二级
021355,汇添富增强收益债券D,债券型-混合一级
021356,信澳新目标灵活配置混合C,混合型-灵活
021358,东财沪港深互联网E,指数型-股票
021359,大成中证A50ETF联接E,指数型-股票
021360,国投瑞银和兴债券A,债券型-混合二级
021361,国投瑞银和兴债券C,债券型-混合二级
021362,易方达黄金股指数发起式A,指数型-股票
021363,易方达黄金股指数发起式C,指数型-股票
021364,渤海汇金新动能主题混合C,混合型-偏股
021365,华夏中证全指可选消费ETF发起式联接A,指数型-股票
021366,华夏中证全指可选消费ETF发起式联接C,指数型-股票
021367,华夏创业板综合ETF发起式联接A,指数型-股票
021368,华夏创业板综合ETF发起式联接C,指数型-股票
021369,华夏智胜优选混合发起式A,混合型-偏股
021370,华夏智胜优选混合发起式C,混合型-偏股
021372,天弘价值驱动混合A,混合型-偏股
021373,天弘价值驱动混合C,混合型-偏股
021375,中欧中证红利低波动100指数发起A,指数型-股票
021376,中欧中证红利低波动100指数发起C,指数型-股票
021377,兴业中证港股通互联网ETF联接A,指数型-股票
021378,兴业中证港股通互联网ETF联接C,指数型-股票
021380,创金合信季安盈3个月持有期债券E,债券型-混合一级
021381,华宝量化对冲混合D,混合型-绝对收益
021382,博时科技驱动混合A,混合型-偏股
021383,博时科技驱动混合C,混合型-偏股
021385,天弘上证科创板100指数增强发起A,指数型-股票
021386,天弘上证科创板100指数增强发起C,指数型-股票
021388,银河中证红利低波动100指数A,指数型-股票
021389,银河中证红利低波动100指数C,指数型-股票
021390,东兴成长优选混合发起A,混合型-偏股
021391,东兴成长优选混合发起C,混合型-偏股
021395,创金合信尊丰纯债C,债券型-混合一级
021396,创金合信尊丰纯债D,债券型-混合一级
021397,广发中证云计算与大数据ETF发起式联接A,指数型-股票
021398,广发中证云计算与大数据ETF发起式联接C,指数型-股票
021399,广发中证红利ETF发起式联接A,指数型-股票
021400,广发中证红利ETF发起式联接C,指数型-股票
021403,鹏华丰实定期开放债券D,债券型-混合一级
021404,长江汇智量化选股混合发起A,混合型-偏股
021405,长江汇智量化选股混合发起C,混合型-偏股
021414,华夏稳健增利4个月债券E,债券型-混合二级
021415,泰康红利低波ETF联接A,指数型-股票
021418,泰康红利低波ETF联接C,指数型-股票
021420,广发国证信创ETF发起式联接A,指数型-股票
021421,广发国证信创ETF发起式联接C,指数型-股票
021423,易方达悦丰稳健债券A,债券型-混合二级
021424,易方达悦丰稳健债券C,债券型-混合二级
021427,国泰优质精选混合A,混合型-偏股
021428,国泰优质精选混合C,混合型-偏股
021431,景顺长城精锐成长混合A,混合型-偏股
021432,景顺长城精锐成长混合C,混合型-偏股
021434,融通通福债券(LOF)D,债券型-混合一级
021446,华泰紫金丰睿债券发起D,债券型-混合二级
021448,华宝成长策略混合C,混合型-偏股
021450,富国医疗产业混合发起式A,混合型-偏股
021451,富国医疗产业混合发起式C,混合型-偏股
021455,农银红利甄选混合A,混合型-偏股
021456,农银红利甄选混合C,混合型-偏股
021457,易方达恒生红利低波ETF联接A,指数型-股票
021458,易方达恒生红利低波ETF联接C,指数型-股票
021460,汇添富增强收益债券E,债券型-混合一级
021461,国投瑞银中证资源指数(LOF)C,指数型-股票
021464,海富通中证港股通科技ETF发起联接A,指数型-股票
021465,海富通中证港股通科技ETF发起联接C,指数型-股票
021467,新华安享惠金定期债券E,债券型-混合一级
021469,华安中证全指医疗器械指数发起式A,指数型-股票
021470,华安中证全指医疗器械指数发起式C,指数型-股票
021471,华夏中证全指信息技术ETF发起式联接A,指数型-股票
021472,华夏中证全指信息技术ETF发起式联接C,指数型-股票
021474,华安上证科创板新一代信息技术ETF发起式联接A,指数型-股票
021475,华安上证科创板新一代信息技术ETF发起式联接C,指数型-股票
021476,银河ESG主题混合发起式A,混合型-偏股
021477,银河ESG主题混合发起式C,混合型-偏股
021478,东方周期优选灵活配置混合C,混合型-灵活
021479,国联安稳健混合C,混合型-灵活
021480,博时国证龙头家电ETF发起式联接A,指数型-股票
021481,博时国证龙头家电ETF发起式联接C,指数型-股票
021482,华夏中证红利低波动ETF发起式联接A,指数型-股票
021483,华夏中证红利低波动ETF发起式联接C,指数型-股票
021484,景顺长城上证科创板50成份ETF联接A,指数型-股票
021485,景顺长城上证科创板50成份ETF联接C,指数型-股票
021488,长盛养老健康混合C,混合型-灵活
021489,中航趋势领航混合发起A,混合型-偏股
021490,中航趋势领航混合发起C,混合型-偏股
021491,中航远见领航混合发起A,混合型-偏股
021492,中航远见领航混合发起C,混合型-偏股
021493,摩根丰瑞债券D,债券型-混合一级
021494,长盛沪深300指数(LOF)C,指数型-股票
021500,景顺长城优质成长股票C,股票型
021501,信澳科技驱动混合A,混合型-偏股
021502,信澳科技驱动混合C,混合型-偏股
021503,景顺长城成长之星股票C,股票型
021510,宏利半导体产业混合发起A,混合型-偏股
021511,宏利半导体产业混合发起C,混合型-偏股
021512,景顺长城支柱产业混合C,混合型-偏股
021513,富国港股通红利精选混合A,混合型-偏股
021514,富国港股通红利精选混合C,混合型-偏股
021515,汇添富红利智选混合发起式A,混合型-偏股
021516,汇添富红利智选混合发起式C,混合型-偏股
021517,兴华兴利债券A,债券型-混合二级
021518,兴华兴利债券C,债券型-混合二级
021523,财通价值动量混合C,混合型-灵活
021524,天弘匠心臻选混合发起A,混合型-偏股
021525,天弘匠心臻选混合发起C,混合型-偏股
021526,南华丰汇混合C,混合型-偏股
021528,财通成长优选混合C,混合型-灵活
021530,路博迈安航90天持有债券A,债券型-混合一级
021531,路博迈安航90天持有债券C,债券型-混合一级
021532,天弘半导体设备指数A,指数型-股票
021533,天弘半导体设备指数C,指数型-股票
021534,华夏有色金属ETF联接D,指数型-股票
021535,天弘中证软件服务ETF发起联接A,指数型-股票
021536,天弘中证软件服务ETF发起联接C,指数型-股票
021539,华安法国CAC40ETF发起式联接(QDII)A,指数型-海外股票
021540,华安法国CAC40ETF发起式联接(QDII)C,指数型-海外股票
021541,建信社会责任混合C,混合型-偏股
021542,国投瑞银信息消费混合C,混合型-灵活
021543,国投瑞银招财混合C,混合型-灵活
021546,国投瑞银创新医疗混合C,混合型-灵活
021548,富国稳健双鑫债券A,债券型-混合二级
021549,富国稳健双鑫债券C,债券型-混合二级
021550,博时中证红利低波动100ETF联接A,指数型-股票
021551,博时中证红利低波动100ETF联接C,指数型-股票
021554,兴业恒悦180天持有期债券A,债券型-混合二级
021555,兴业恒悦180天持有期债券C,债券型-混合二级
021556,长盛中证证券公司指数(LOF)C,指数型-股票
021558,工银现代服务业混合C,混合型-灵活
021561,天弘中证央企红利50指数发起A,指数型-股票
021562,天弘中证央企红利50指数发起C,指数型-股票
021570,华夏红利量化选股股票A,股票型
021571,华夏红利量化选股股票C,股票型
021576,平安研究智选混合A,混合型-偏股
021577,平安研究智选混合C,混合型-偏股
021580,华夏人工智能ETF联接D,指数型-股票
021583,中欧中证港股通央企红利指数发起(QDII)A,指数型-海外股票
021584,中欧中证港股通央企红利指数发起(QDII)C,指数型-海外股票
021590,兴全竞争优势混合A,混合型-偏股
021591,兴全竞争优势混合C,混合型-偏股
021593,上银数字经济混合发起式A,混合型-偏股
021594,上银数字经济混合发起式C,混合型-偏股
021595,国联安新精选混合C,混合型-灵活
021596,天弘稳健回报债券发起E,债券型-混合二级
021599,华泰紫金丰和偏债混合发起D,混合型-偏债
021602,汇添富中证信息技术应用创新产业ETF发起式联接A,指数型-股票
021603,汇添富中证信息技术应用创新产业ETF发起式联接C,指数型-股票
021604,新华积极价值灵活配置混合C,混合型-灵活
021605,富国消费精选30股票C,股票型
021607,南方上证科创板芯片ETF发起联接A,指数型-股票
021608,南方上证科创板芯片ETF发起联接C,指数型-股票
021610,国泰中证环保产业50ETF联接E,指数型-股票
021611,银河银信债券E,债券型-混合一级
021614,华泰紫金中证全指软件指数型发起A,指数型-股票
021615,华泰紫金中证全指软件指数型发起C,指数型-股票
021619,天弘石油天然气指数A,指数型-股票
021620,天弘石油天然气指数C,指数型-股票
021621,天弘汽车零部件指数A,指数型-股票
021622,天弘汽车零部件指数C,指数型-股票
021623,天弘新兴产业混合发起A,混合型-偏股
021624,天弘新兴产业混合发起C,混合型-偏股
021625,博时外延增长混合C,混合型-灵活
021626,华富半导体产业混合发起式A,混合型-偏股
021627,华富半导体产业混合发起式C,混合型-偏股
021629,华安红利机遇股票发起式A,股票型
021630,华安红利机遇股票发起式C,股票型
021631,兴银聚优智选混合发起A,混合型-偏股
021632,兴银聚优智选混合发起C,混合型-偏股
021633,招商中证香港科技ETF发起式联接(QDII)A,指数型-海外股票
021634,招商中证香港科技ETF发起式联接(QDII)C,指数型-海外股票
021635,人保沪深300C,指数型-股票
021636,长城周期优选混合发起式A,混合型-偏股
021637,长城周期优选混合发起式C,混合型-偏股
021642,富国资源精选混合发起式A,混合型-偏股
021647,东方红动力领航混合A,混合型-偏股
021648,东方红动力领航混合C,混合型-偏股
021649,富国臻选成长灵活配置混合C,混合型-灵活
021650,东方红红利量化选股混合发起A,混合型-偏股
021651,东方红红利量化选股混合发起C,混合型-偏股
021652,东财龙头家电E,指数型-股票
021653,南方中证全指计算机ETF发起联接A,指数型-股票
021654,南方中证全指计算机ETF发起联接C,指数型-股票
021655,海富通量化选股混合A,混合型-偏股
021656,海富通量化选股混合C,混合型-偏股
021658,华安恒生生物科技指数发起式(QDII)A,指数型-海外股票
021659,华安恒生生物科技指数发起式(QDII)C,指数型-海外股票
021660,中欧上证科创板100指数发起A,指数型-股票
021661,中欧上证科创板100指数发起C,指数型-股票
021662,国富亚洲机会股票(QDII)C,QDII-普通股票
021663,汇百川远航混合A,混合型-偏股
021664,汇百川远航混合C,混合型-偏股
021665,中银周期优选混合发起A,混合型-偏股
021666,中银周期优选混合发起C,混合型-偏股
021672,国泰中证全指软件ETF联接E,指数型-股票
021673,国泰黄金股ETF联接A,指数型-股票
021674,国泰黄金股ETF联接C,指数型-股票
021678,永赢安泽6个月持有债券A,债券型-混合一级
021679,永赢安泽6个月持有债券C,债券型-混合一级
021680,永赢安泽6个月持有债券E,债券型-混合一级
021681,国泰中证医疗ETF联接E,指数型-股票
021682,华泰柏瑞创业板科技ETF发起式联接A,指数型-股票
021683,华泰柏瑞创业板科技ETF发起式联接C,指数型-股票
021684,兴全丰德债券A,债券型-混合二级
021685,兴全丰德债券C,债券型-混合二级
021687,鹏华北证50成份指数发起式A,指数型-股票
021688,鹏华北证50成份指数发起式C,指数型-股票
021689,国泰汽车整车ETF联接E,指数型-股票
021690,招商资管北证50成份指数发起A,指数型-股票
021691,招商资管北证50成份指数发起C,指数型-股票
021692,招商资管智达量化选股混合发起A,混合型-偏股
021693,招商资管智达量化选股混合发起C,混合型-偏股
021698,国泰中证光伏产业ETF发起联接E,指数型-股票
021699,汇添富远见成长混合发起式A,混合型-偏股
021700,汇添富远见成长混合发起式C,混合型-偏股
021701,国泰上证国企红利ETF联接A,指数型-股票
021702,国泰上证国企红利ETF联接C,指数型-股票
021707,富国中证红利低波动ETF发起式联接A,指数型-股票
021708,富国中证红利低波动ETF发起式联接C,指数型-股票
021710,华泰柏瑞港股通量化混合C,混合型-灵活
021711,南方周期优选混合发起A,混合型-偏股
021712,南方周期优选混合发起C,混合型-偏股
021714,中欧中证全指医疗保健设备与服务指数发起A,指数型-股票
021715,中欧中证全指医疗保健设备与服务指数发起C,指数型-股票
021716,招商中证云计算与大数据主题ETF发起式联接A,指数型-股票
021717,招商中证云计算与大数据主题ETF发起式联接C,指数型-股票
021718,华泰紫金中证半导体产业指数型发起A,指数型-股票
021719,华泰紫金中证半导体产业指数型发起C,指数型-股票
021722,广发上证50ETF发起式联接A,指数型-股票
021723,广发上证50ETF发起式联接C,指数型-股票
021726,泓德智选启诚混合A,混合型-偏股
021727,泓德智选启诚混合C,混合型-偏股
021728,兴业福益债券C,债券型-混合一级
021729,金鹰悦享债券D,债券型-混合二级
021730,富达低碳成长混合A,混合型-偏股
021731,富达低碳成长混合C,混合型-偏股
021734,国富基本面优选混合C,混合型-偏股
021735,景顺长城沪港深红利成长低波指数E,指数型-股票
021737,广发沪深300ETF联接F,指数型-股票
021739,广发创业板ETF发起式联接F,指数型-股票
021741,嘉实新财富混合C,混合型-灵活
021745,广发中证1000ETF联接F,指数型-股票
021746,南方悦享稳健添利债券A,债券型-混合二级
021747,南方悦享稳健添利债券C,债券型-混合二级
021749,易方达创业板成长ETF联接发起式A,指数型-股票
021750,易方达创业板成长ETF联接发起式C,指数型-股票
021752,南方电力ETF联接A,指数型-股票
021753,南方电力ETF联接C,指数型-股票
021755,中欧价值品质混合发起A,混合型-偏股
021756,中欧价值品质混合发起C,混合型-偏股
021757,中欧沪深300指数量化增强A,指数型-股票
021758,中欧沪深300指数量化增强C,指数型-股票
021759,中欧中证港股通创新药指数发起A,指数型-股票
021760,中欧中证港股通创新药指数发起C,指数型-股票
021765,长盛北证50成份指数增强A,指数型-股票
021766,长盛北证50成份指数增强C,指数型-股票
021768,广发科创50ETF发起式联接F,指数型-股票
021769,海富通瑞福债券D,债券型-混合一级
021770,南方中证全指汽车指数发起A,指数型-股票
021771,南方中证全指汽车指数发起C,指数型-股票
021772,汇添富双利增强债券D,债券型-混合二级
021773,汇添富纳斯达克100ETF发起式联接(QDII)人民币E,指数型-海外股票
021774,农银双利回报债券D,债券型-混合二级
021775,招商金鸿债券D,债券型-混合一级
021778,广发纳指100ETF联接(QDII)人民币F,指数型-海外股票
021779,东方红成长先锋混合A,混合型-偏股
021780,东方红成长先锋混合C,混合型-偏股
021784,前海开源股息率100强股票C,股票型
021786,天弘永利兴宁债券A,债券型-混合二级
021787,天弘永利兴宁债券C,债券型-混合二级
021788,华安中证全指计算机指数发起式A,指数型-股票
021789,华安中证全指计算机指数发起式C,指数型-股票
021792,华泰保兴产业升级混合发起A,混合型-偏股
021793,华泰保兴产业升级混合发起C,混合型-偏股
021795,广发稳信六个月持有期混合A,混合型-偏债
021796,广发稳信六个月持有期混合C,混合型-偏债
021797,财通稳裕回报债券A,债券型-混合二级
021798,财通稳裕回报债券C,债券型-混合二级
021799,嘉实中证A100指数增强发起式A,指数型-股票
021800,嘉实中证A100指数增强发起式C,指数型-股票
021810,富国创业板增强策略ETF发起式联接C,指数型-股票
021811,富国创业板增强策略ETF发起式联接A,指数型-股票
021812,东兴宸泰量化选股混合发起A,混合型-偏股
021813,东兴宸泰量化选股混合发起C,混合型-偏股
021814,华泰柏瑞红利量化选股混合A,混合型-偏股
021815,华泰柏瑞红利量化选股混合C,混合型-偏股
021820,嘉实新思路混合C,混合型-灵活
021821,兴业聚享6个月持有期混合A,混合型-偏债
021822,景顺长城国证石油天然气ETF发起式联接基金A,指数型-股票
021823,景顺长城国证石油天然气ETF发起式联接基金C,指数型-股票
021826,国投瑞银磐睿量化选股混合A,混合型-偏股
021827,国投瑞银磐睿量化选股混合C,混合型-偏股
021828,招商中证A100ETF发起式联接A,指数型-股票
021829,招商中证A100ETF发起式联接C,指数型-股票
021830,国寿安保农业产业股票发起式A,股票型
021831,国寿安保农业产业股票发起式C,股票型
021832,富国沪深300ETF发起式联接A,指数型-股票
021833,富国沪深300ETF发起式联接C,指数型-股票
021838,嘉实纳斯达克100ETF发起联接(QDII)I人民币,指数型-海外股票
021841,海富通集利纯债债券C,债券型-混合一级
021842,国富全球科技互联混合(QDII)人民币C,QDII-混合偏股
021843,国富全球科技互联混合(QDII)美元现汇C,QDII-混合偏股
021844,东财证券保险E,指数型-股票
021845,创金合信鑫瑞混合E,混合型-偏债
021846,创金合信聚鑫债券E,债券型-混合二级
021847,国泰沪深300增强策略ETF发起联接A,指数型-股票
021848,国泰沪深300增强策略ETF发起联接C,指数型-股票
021851,中银沪深300指数增强E,指数型-股票
021852,建信中证500指数增强E,指数型-股票
021853,博时稳健恒利债券A,债券型-混合二级
021854,博时稳健恒利债券C,债券型-混合二级
021855,博时中证油气资源ETF发起式联接A,指数型-股票
021856,博时中证油气资源ETF发起式联接C,指数型-股票
021857,东方红远见精选混合A,混合型-偏股
021858,东方红远见精选混合C,混合型-偏股
021859,浙商汇金红利精选混合型发起式A,混合型-偏股
021860,浙商汇金红利精选混合型发起式C,混合型-偏股
021861,嘉实中证软件服务ETF联接I,指数型-股票
021862,嘉实央企创新驱动ETF联接I,指数型-股票
021863,招商安和债券E,债券型-混合二级
021864,中欧中证800研究智选混合发起A,混合型-偏股
021865,中欧中证800研究智选混合发起C,混合型-偏股
021866,嘉实沪深300红利低波动ETF联接I,指数型-股票
021867,嘉实中证科创创业50ETF发起联接I,指数型-股票
021870,嘉实上证科创板芯片ETF发起联接I,指数型-股票
021871,兴业聚享6个月持有期混合C,混合型-偏债
021873,中欧黄金股指数A,指数型-股票
021874,中欧黄金股指数C,指数型-股票
021875,路博迈资源精选股票发起A,股票型
021876,路博迈资源精选股票发起C,股票型
021877,中欧沪深300指数发起A,指数型-股票
021878,中欧沪深300指数发起C,指数型-股票
021879,嘉实中证主要消费ETF发起联接I,指数型-股票
021880,嘉实中证医药健康100策略ETF联接I,指数型-股票
021881,鑫元华证沪深港红利50指数A,指数型-股票
021882,鑫元华证沪深港红利50指数C,指数型-股票
021883,南方宝元债券E,债券型-混合二级
021884,太平量化选股混合A,混合型-偏股
021885,太平量化选股混合C,混合型-偏股
021886,嘉实沪深300ETF联接(LOF)I,指数型-股票
021887,嘉实中证500ETF联接I,指数型-股票
021889,中欧中证A50指数A,指数型-股票
021890,中欧中证A50指数C,指数型-股票
021891,融通中证港股通科技指数A,指数型-股票
021892,融通中证港股通科技指数C,指数型-股票
021893,易方达半导体设备ETF联接A,指数型-股票
021894,易方达半导体设备ETF联接C,指数型-股票
021895,国投瑞银中证机器人指数发起式A,指数型-股票
021896,国投瑞银中证机器人指数发起式C,指数型-股票
021899,融通品质优选混合A,混合型-偏股
021900,融通品质优选混合C,混合型-偏股
021902,广发主题领先混合C,混合型-灵活
021904,中银ESG主题混合发起A,混合型-偏股
021905,中银ESG主题混合发起C,混合型-偏股
021908,鹏华上证科创板50成份增强策略ETF发起式联接A,指数型-股票
021909,鹏华上证科创板50成份增强策略ETF发起式联接C,指数型-股票
021910,渤海汇金优选价值混合发起A,混合型-偏股
021911,渤海汇金优选价值混合发起C,混合型-偏股
021912,德邦新添利债券E,债券型-混合二级
021915,博道大盘价值股票A,股票型
021916,博道大盘价值股票C,股票型
021918,永赢港股通品质生活慧选混合C,混合型-偏股
021919,国泰海通红利量化选股混合A,混合型-偏股
021920,国泰海通红利量化选股混合C,混合型-偏股
021922,博时中证国新央企现代能源ETF发起式联接A,指数型-股票
021923,博时中证国新央企现代能源ETF发起式联接C,指数型-股票
021924,汇添富沪深300安中指数B,指数型-股票
021925,国投瑞银弘信回报混合C,混合型-偏股
021931,兴业华证沪港深红利100指数A,指数型-股票
021932,兴业华证沪港深红利100指数C,指数型-股票
021933,富国中证通信设备主题ETF发起式联接A,指数型-股票
021934,富国中证通信设备主题ETF发起式联接C,指数型-股票
021937,华安半导体产业股票发起式A,股票型
021938,华安半导体产业股票发起式C,股票型
021943,国联新机遇混合C,混合型-灵活
021944,广发中证基建工程ETF联接F,指数型-股票
021945,广发国证半导体芯片ETF联接F,指数型-股票
021946,广发中证国新央企股东回报ETF发起式联接F,指数型-股票
021947,广发中证光伏产业指数F,指数型-股票
021948,广发中证军工ETF联接F,指数型-股票
021949,南方深证主板50ETF联接A,指数型-股票
021950,南方深证主板50ETF联接C,指数型-股票
021952,广发中证传媒ETF联接F,指数型-股票
021953,西部利得新动向混合C,混合型-灵活
021957,红土创新智能制造混合型发起式C,混合型-偏股
021958,南方黄金股A,指数型-股票
021959,南方黄金股C,指数型-股票
021960,建信双债增强债券F,债券型-混合一级
021961,景顺长城中证国新港股通央企红利ETF联接A,指数型-股票
021962,景顺长城中证国新港股通央企红利ETF联接C,指数型-股票
021963,天弘储能电池指数A,指数型-股票
021964,天弘储能电池指数C,指数型-股票
021965,泓德智选启鑫混合A,混合型-偏股
021966,泓德智选启鑫混合C,混合型-偏股
021967,西部利得均衡优选混合A,混合型-偏股
021968,西部利得均衡优选混合C,混合型-偏股
021969,兴银鼎新灵活配置C,混合型-灵活
021971,南方港股通央企红利ETF联接A,指数型-股票
021972,南方港股通央企红利ETF联接C,指数型-股票
021973,天弘优势企业混合发起A,混合型-偏股
021974,天弘优势企业混合发起C,混合型-偏股
021975,创金合信红利甄选量化选股混合A,混合型-偏股
021976,创金合信红利甄选量化选股混合C,混合型-偏股
021977,中欧中证细分化工产业主题指数发起A,指数型-股票
021978,中欧中证细分化工产业主题指数发起C,指数型-股票
021979,兴全红利量化选股股票A,股票型
021980,兴全红利量化选股股票C,股票型
021981,安联中国精选混合A,混合型-偏股
021982,安联中国精选混合C,混合型-偏股
021983,中信保诚红利领航量化股票A,股票型
021984,中信保诚红利领航量化股票C,股票型
021985,财通资管先进制造混合发起式A,混合型-偏股
021986,财通资管先进制造混合发起式C,混合型-偏股
021987,国泰海通创新医药混合发起C,混合型-偏股
021988,银河中证通信设备主题指数发起式A,指数型-股票
021989,银河中证通信设备主题指数发起式C,指数型-股票
021990,中加专精特新量化选股混合发起式A,混合型-偏股
021991,中加专精特新量化选股混合发起式C,混合型-偏股
021992,新华双利债券E,债券型-混合二级
021995,南华丰睿量化选股混合A,混合型-偏股
021996,南华丰睿量化选股混合C,混合型-偏股
022000,浙商汇金红利机遇混合A,混合型-偏股
022001,浙商汇金红利机遇混合C,混合型-偏股
022003,博道大盘成长股票A,股票型
022004,博道大盘成长股票C,股票型
022005,广发恒生科技ETF联接(QDII)F,指数型-海外股票
022006,中信保诚至选混合E,混合型-灵活
022016,华泰柏瑞集利债券A,债券型-混合二级
022017,华泰柏瑞集利债券C,债券型-混合二级
022018,景顺长城景颐合利债券A,债券型-混合二级
022019,景顺长城景颐合利债券C,债券型-混合二级
022021,平安惠享纯债D,债券型-混合一级
022028,京管泰富科技驱动混合A,混合型-偏股
022029,京管泰富科技驱动混合C,混合型-偏股
022030,蜂巢趋势臻选混合E,混合型-偏股
022031,华安安恒回报债券发起式A,债券型-混合二级
022032,华安安恒回报债券发起式C,债券型-混合二级
022034,南方稳信180天持有债券A,债券型-混合一级
022036,南方稳信180天持有债券C,债券型-混合一级
022038,兴银数字经济智选混合发起A,混合型-偏股
022039,兴银数字经济智选混合发起C,混合型-偏股
022044,招商安宁债券A,债券型-混合二级
022045,招商安宁债券C,债券型-混合二级
022047,天弘招添利混合发起E,混合型-偏债
022049,国泰安益灵活配置混合E,混合型-灵活
022050,富国中证医药50ETF联接E,指数型-股票
022052,富国中证科创创业50ETF联接E,指数型-股票
022053,富国中证价值ETF联接E,指数型-股票
022054,富国中证央企创新驱动ETF联接E,指数型-股票
022055,富国中证消费50ETF联接E,指数型-股票
022058,平安双债添益债券E,债券型-混合一级
022059,信澳鑫怡债券A,债券型-混合二级
022060,信澳鑫怡债券C,债券型-混合二级
022069,天弘中证工程机械主题指数发起A,指数型-股票
022070,天弘中证工程机械主题指数发起C,指数型-股票
022072,天弘港股红利高股息指数A,指数型-股票
022073,天弘港股红利高股息指数C,指数型-股票
022076,平安鑫瑞混合E,混合型-偏债
022077,富国中证沪港深500ETF联接E,指数型-股票
022078,泰信债券周期回报C,债券型-混合一级
022079,泰信债券周期回报D,债券型-混合一级
022081,景顺长城医疗产业股票A,股票型
022082,景顺长城医疗产业股票C,股票型
022083,华安中证有色金属矿业主题ETF发起式联接A,指数型-股票
022084,华安中证有色金属矿业主题ETF发起式联接C,指数型-股票
022085,富国中证科技50策略ETF联接E,指数型-股票
022087,富国上证指数ETF联接E,指数型-股票
022090,富安达沪深300指数增强A,指数型-股票
022091,富安达沪深300指数增强C,指数型-股票
022092,华商研究驱动混合A,混合型-偏股
022093,华商研究驱动混合C,混合型-偏股
022094,恒生前海恒源昭利债券A,债券型-混合二级
022095,恒生前海恒源昭利债券C,债券型-混合二级
022096,富国中证国企一带一路ETF联接E,指数型-股票
022097,长城中证红利低波100ETF联接A,指数型-股票
022098,长城中证红利低波100ETF联接C,指数型-股票
022099,平安双盈添益债券E,债券型-混合一级
022100,创金合信聚利债券E,债券型-混合二级
022104,广发创新药ETF联接F,指数型-股票
022105,金鹰添利信用债债券E,债券型-混合一级
022106,广发信息技术联接F,指数型-股票
022110,摩根中证A50ETF发起式联接E,指数型-股票
022114,前海开源弘泽债券D,债券型-混合二级
022115,鑫元致远量化选股混合A,混合型-偏股
022116,鑫元致远量化选股混合C,混合型-偏股
022119,平安产业趋势混合A,混合型-偏股
022120,平安产业趋势混合C,混合型-偏股
022121,国泰海通中证香港科技指数发起(QDII)A,指数型-海外股票
022122,国泰海通中证香港科技指数发起(QDII)C,指数型-海外股票
022124,国寿安保策略精选混合C,混合型-偏股
022127,华富可转债债券C,债券型-混合二级
022129,华富安福债券C,债券型-混合二级
022130,华富安福债券D,债券型-混合二级
022131,鹏华普利债券E,债券型-混合一级
022137,中银MSCI中国A50互联互通指数增强E,指数型-股票
022138,平安元泓30天滚动持有短债E,债券型-混合一级
022140,华安信用四季红债券E,债券型-混合一级
022144,银华中证高股息策略ETF发起式联接A,指数型-股票
022145,银华中证高股息策略ETF发起式联接C,指数型-股票
022146,金鹰元盛债券(LOF)D,债券型-混合一级
022148,诺安价值增长混合C,混合型-偏股
022149,诺安价值增长混合D,混合型-偏股
022150,诺安精选价值混合C,混合型-偏股
022151,国投瑞银中证港股通央企红利指数发起式A,指数型-股票
022152,国投瑞银中证港股通央企红利指数发起式C,指数型-股票
022153,华泰柏瑞红利精选混合A,混合型-偏股
022154,华泰柏瑞红利精选混合C,混合型-偏股
022156,鹏华可转债债券D,债券型-混合二级
022157,东兴红利优选混合A,混合型-偏股
022158,东兴红利优选混合C,混合型-偏股
022159,富国丰利增强债券E,债券型-混合二级
022161,鹏华安惠混合E,混合型-偏债
022164,西部利得央企优选股票A,股票型
022165,西部利得央企优选股票C,股票型
022167,富国资源精选混合发起式C,混合型-偏股
022168,富国洞见价值股票E,股票型
022169,大成中证红利指数E,指数型-股票
022170,富国全球消费精选混合(QDII)人民币E,QDII-混合偏股
022171,富国新天锋债券(LOF)E,债券型-混合一级
022173,海富通沪港深混合C,混合型-灵活
022174,海富通沪港深混合D,混合型-灵活
022175,富国宝利增强债券E,债券型-混合二级
022177,东财消费电子增强E,指数型-股票
022178,东财食品饮料增强E,指数型-股票
022184,富国全球科技互联网股票(QDII)C,QDII-普通股票
022188,鹏华丰泽债券(LOF)A,债券型-混合一级
022189,鹏华金城混合A,混合型-灵活
022190,鹏华金城混合C,混合型-灵活
022193,鹏华安诚混合D,混合型-偏债
022194,鹏华安诚混合E,混合型-偏债
022195,汇丰晋信景气优选混合A,混合型-偏股
022196,汇丰晋信景气优选混合C,混合型-偏股
022204,永赢中证A50指数增强发起A,指数型-股票
022205,永赢中证A50指数增强发起C,指数型-股票
022206,富国价值优势混合C,混合型-偏股
022208,华安稳固收益债券E,债券型-混合一级
022211,人保红利智享混合A,混合型-偏股
022212,人保红利智享混合C,混合型-偏股
022219,华润元大双鑫债券D,债券型-混合二级
022221,鹏华稳健增利债券E,债券型-混合二级
022222,中邮战略新兴产业混合C,混合型-偏股
022223,泉果消费机遇混合发起式A,混合型-偏股
022224,泓德智选领航混合A,混合型-偏股
022225,泓德智选领航混合C,混合型-偏股
022226,鹏华双债加利债券D,债券型-混合二级
022229,富国兴利增强债券E,债券型-混合二级
022230,金鹰年年邮享一年持有债券D,债券型-混合二级
022232,鹏华双债保利债券A,债券型-混合二级
022233,鹏华双债增利债券D,债券型-混合二级
022237,融通央企精选混合A,混合型-偏股
022238,融通央企精选混合C,混合型-偏股
022243,中邮军民融合灵活配置混合C,混合型-灵活
022248,鹏华弘达混合E,混合型-灵活
022251,中信保诚增强收益债券(LOF)C,债券型-混合二级
022252,中邮健康文娱灵活配置混合C,混合型-灵活
022258,鹏华弘尚混合E,混合型-灵活
022259,鹏华弘盛混合E,混合型-灵活
022260,鹏华丰利债券(LOF)E,债券型-混合一级
022261,鹏华丰利债券(LOF)D,债券型-混合一级
022262,华泰柏瑞中证A50ETF发起式联接E,指数型-股票
022263,鹏华丰诚债券B,债券型-混合一级
022264,鹏华丰诚债券E,债券型-混合一级
022269,中信保诚周期优选混合A,混合型-偏股
022270,中信保诚周期优选混合C,混合型-偏股
022273,鹏华丰和债券(LOF)E,债券型-混合二级
022274,国泰港股红利ETF联接A,指数型-股票
022275,国泰港股红利ETF联接C,指数型-股票
022276,汇添富弘悦回报混合发起式A,混合型-偏股
022277,汇添富弘悦回报混合发起式C,混合型-偏股
022280,鹏华纯债债券A,债券型-混合一级
022281,鹏华弘润混合E,混合型-灵活
022282,鹏华弘华混合E,混合型-灵活
022283,鹏华安泽混合E,混合型-偏债
022284,鹏华弘信混合E,混合型-灵活
022285,鹏华弘实混合E,混合型-灵活
022286,长城医药产业精选混合发起式A,混合型-偏股
022287,长城医药产业精选混合发起式C,混合型-偏股
022288,合煦智远嘉选混合E,混合型-偏股
022290,兴业中证红利指数A,指数型-股票
022291,兴业中证红利指数C,指数型-股票
022292,前海开源优选领航股票A,股票型
022293,前海开源优选领航股票C,股票型
022294,摩根纯债债券D,债券型-混合一级
022296,天弘安康颐利混合E,混合型-偏债
022298,永赢鑫享混合D,混合型-偏债
022299,安信周期优选股票型发起A,股票型
022300,安信周期优选股票型发起C,股票型
022301,安信医药创新股票型发起A,股票型
022302,安信医药创新股票型发起C,股票型
022307,摩根90天持有期债券A,债券型-混合一级
022308,摩根90天持有期债券C,债券型-混合一级
022309,国联沪深300指数增强A,指数型-股票
022310,国联沪深300指数增强C,指数型-股票
022311,永赢中证500指数增强发起A,指数型-股票
022312,永赢中证500指数增强发起C,指数型-股票
022320,汇添富弘瑞回报混合发起式A,混合型-偏股
022321,汇添富弘瑞回报混合发起式C,混合型-偏股
022325,长城中证港股通高股息指数发起(QDII)A,指数型-海外股票
022326,长城中证港股通高股息指数发起(QDII)C,指数型-海外股票
022327,宏利高端装备股票A,股票型
022328,宏利高端装备股票C,股票型
022330,鑫元中证800红利低波动ETF联接A,指数型-股票
022331,鑫元中证800红利低波动ETF联接C,指数型-股票
022332,广发同远回报混合A,混合型-偏股
022333,广发同远回报混合C,混合型-偏股
022334,广发产业甄选混合A,混合型-偏股
022335,广发产业甄选混合C,混合型-偏股
022336,京管泰富创新动力混合发起A,混合型-偏股
022337,京管泰富创新动力混合发起C,混合型-偏股
022340,融通创业板ETF发起式联接A,指数型-股票
022341,融通创业板ETF发起式联接C,指数型-股票
022342,长盛中证红利低波动100指数A,指数型-股票
022343,长盛中证红利低波动100指数C,指数型-股票
022344,景顺长城红利量化选股股票A,股票型
022345,景顺长城红利量化选股股票C,股票型
022346,东海美丽中国C,混合型-灵活
022350,嘉实中证全指集成电路ETF发起联接A,指数型-股票
022351,嘉实中证全指集成电路ETF发起联接C,指数型-股票
022356,长盛元赢四个月定开债券,债券型-混合一级
022357,富国盛利增强债券发起式E,债券型-混合二级
022358,民生加银龙头优选股票C,股票型
022360,永赢易弘债券B,债券型-混合一级
022361,天弘荣创一年持有混合C,混合型-偏债
022364,永赢科技智选混合发起A,混合型-偏股
022365,永赢科技智选混合发起C,混合型-偏股
022366,贝莱德沪深300指数增强A,指数型-股票
022367,贝莱德沪深300指数增强C,指数型-股票
022368,永赢睿恒混合C,混合型-偏股
022369,鹏华安益增强混合A,混合型-偏债
022370,鹏华安益增强混合C,混合型-偏债
022371,鹏华弘泰混合D,混合型-灵活
022372,汇安信泰稳健一年持有期混合E,混合型-偏债
022373,鹏华金享混合C,混合型-偏债
022382,建信中证A股指数增强发起A,指数型-股票
022383,建信中证A股指数增强发起C,指数型-股票
022384,华夏中证信息技术应用创新产业ETF发起式联接A,指数型-股票
022385,华夏中证信息技术应用创新产业ETF发起式联接C,指数型-股票
022386,华夏中证汽车零部件主题ETF发起式联接A,指数型-股票
022387,华夏中证汽车零部件主题ETF发起式联接C,指数型-股票
022393,华泰柏瑞锦华债券A,债券型-混合二级
022394,华泰柏瑞锦华债券C,债券型-混合二级
022395,国泰海通稳健添利债券A,债券型-混合二级
022396,国泰海通稳健添利债券C,债券型-混合二级
022399,东海增益债券发起式A,债券型-混合二级
022400,东海增益债券发起式C,债券型-混合二级
022408,鑫元睿鑫添益债券A,债券型-混合二级
022409,鑫元睿鑫添益债券C,债券型-混合二级
022414,前海开源国企精选混合发起A,混合型-偏股
022415,前海开源国企精选混合发起C,混合型-偏股
022416,汇添富弘盛回报混合发起式A,混合型-偏股
022417,汇添富弘盛回报混合发起式C,混合型-偏股
022418,金鹰鑫瑞混合D,混合型-灵活
022421,大成中证A500ETF发起式联接A,指数型-股票
022422,大成中证A500ETF发起式联接C,指数型-股票
022423,大成中证A500ETF发起式联接E,指数型-股票
022424,广发中证A500ETF联接A,指数型-股票
022425,广发中证A500ETF联接C,指数型-股票
022426,泰康中证A500ETF联接A,指数型-股票
022427,泰康中证A500ETF联接C,指数型-股票
022428,天弘中证A500ETF联接A,指数型-股票
022429,天弘中证A500ETF联接C,指数型-股票
022430,华夏中证A500ETF联接A,指数型-股票
022431,华夏中证A500ETF联接C,指数型-股票
022432,中欧中证A500指数发起A,指数型-股票
022433,中欧中证A500指数发起C,指数型-股票
022434,南方中证A500ETF联接A,指数型-股票
022435,南方中证A500ETF联接C,指数型-股票
022436,摩根中证A500ETF联接A,指数型-股票
022437,摩根中证A500ETF联接C,指数型-股票
022438,华泰柏瑞中证A500ETF联接A,指数型-股票
022439,华泰柏瑞中证A500ETF联接C,指数型-股票
022440,万家中证A500ETF发起式联接A,指数型-股票
022441,万家中证A500ETF发起式联接C,指数型-股票
022442,工银中证A500ETF联接A,指数型-股票
022443,工银中证A500ETF联接C,指数型-股票
022444,景顺长城中证A500ETF联接A,指数型-股票
022445,景顺长城中证A500ETF联接C,指数型-股票
022446,前海开源周期精选混合A,混合型-偏股
022447,前海开源周期精选混合C,混合型-偏股
022448,国泰中证A500ETF发起联接A,指数型-股票
022449,国泰中证A500ETF发起联接C,指数型-股票
022450,银华中证A500ETF发起式联接A,指数型-股票
022451,银华中证A500ETF发起式联接C,指数型-股票
022452,银华中证A500ETF发起式联接I,指数型-股票
022453,嘉实中证A500ETF联接A,指数型-股票
022454,嘉实中证A500ETF联接C,指数型-股票
022455,招商中证A500ETF发起式联接A,指数型-股票
022456,招商中证A500ETF发起式联接C,指数型-股票
022457,博时中证A500ETF联接A,指数型-股票
022458,博时中证A500ETF联接C,指数型-股票
022459,易方达中证A500ETF联接A,指数型-股票
022460,易方达中证A500ETF联接C,指数型-股票
022461,华商中证A500指数增强A,指数型-股票
022462,华商中证A500指数增强C,指数型-股票
022463,富国中证A500ETF发起式联接A,指数型-股票
022464,富国中证A500ETF发起式联接C,指数型-股票
022465,华安中证A500ETF发起式联接A,指数型-股票
022466,华安中证A500ETF发起式联接C,指数型-股票
022467,国泰海通中证A500指数增强A,指数型-股票
022468,国泰海通中证A500指数增强C,指数型-股票
022469,汇添富中证A500ETF联接A,指数型-股票
022470,汇添富中证A500ETF联接C,指数型-股票
022473,兴全中证A500指数增强A,指数型-股票
022474,兴全中证A500指数增强C,指数型-股票
022475,国泰中证畜牧养殖ETF联接E,指数型-股票
022481,国泰中证动漫游戏ETF联接E,指数型-股票
022482,国泰中证新能源汽车ETF联接E,指数型-股票
022483,国泰中证全指家用电器ETF联接E,指数型-股票
022484,金鹰元祺债券C,债券型-混合一级
022485,国金中证A500指数增强A,指数型-股票
022486,国金中证A500指数增强C,指数型-股票
022488,浦银红利量化混合A,混合型-偏股
022489,浦银红利量化混合C,混合型-偏股
022490,华商恒鑫回报混合A,混合型-平衡
022491,华商恒鑫回报混合C,混合型-平衡
022492,金元顺安鑫怡混合发起式A,混合型-灵活
022493,金元顺安鑫怡混合发起式C,混合型-灵活
022494,国泰上证综合ETF联接E,指数型-股票
022495,嘉实红利精选混合发起式A,混合型-偏股
022496,嘉实红利精选混合发起式C,混合型-偏股
022497,国泰CES半导体芯片行业ETF联接E,指数型-股票
022498,国泰中证生物医药ETF联接E,指数型-股票
022500,国泰中证全指通信设备ETF联接E,指数型-股票
022501,国泰中证煤炭ETF联接E,指数型-股票
022503,富国全球债券(QDII)人民币E,QDII-混合债
022504,招商沪深300ETF发起式联接A,指数型-股票
022505,招商沪深300ETF发起式联接C,指数型-股票
022506,泓德裕泰债券D,债券型-混合二级
022507,华泰紫金丰和偏债混合发起E,混合型-偏债
022508,泉果消费机遇混合发起式C,混合型-偏股
022509,国泰中证全指证券公司ETF联接E,指数型-股票
022510,鹏华丰盛债券A,债券型-混合二级
022511,鹏华丰盛债券D,债券型-混合二级
022513,人保中证800指数增强A,指数型-股票
022514,人保中证800指数增强C,指数型-股票
022516,泰信债券增强收益D,债券型-混合一级
022518,南方产业智选股票C,股票型
022519,东海祥龙(LOF)C,混合型-灵活
022520,泓德红利优选混合(LOF)C,混合型-偏股
022521,中欧农业产业混合发起A,混合型-偏股
022522,中欧农业产业混合发起C,混合型-偏股
022524,天弘越南市场股票发起(QDII)D,QDII-普通股票
022525,天弘纳斯达克100指数发起(QDII)D,指数型-海外股票
022526,天弘永利优享债券E,债券型-混合二级
022527,天弘多元收益债券E,债券型-混合二级
022534,景顺长城稳定收益债券F,债券型-混合一级
022541,国泰中证计算机主题ETF联接E,指数型-股票
022543,天弘沪深300指数增强发起E,指数型-股票
022544,天弘中证科技100指数增强发起E,指数型-股票
022545,天弘国证消费100指数增强发起E,指数型-股票
022547,泓德悦享一年持有期混合A,混合型-偏债
022548,泓德悦享一年持有期混合C,混合型-偏债
022550,平安瑞利6个月持有混合A,混合型-偏债
022551,平安瑞利6个月持有混合C,混合型-偏债
022554,天弘恒新混合E,混合型-偏债
022555,天弘安康颐利混合F,混合型-偏债
022556,天弘安康颐和混合E,混合型-偏债
022557,天弘丰利债券(LOF)F,债券型-混合一级
022558,天弘中证医药主题指数增强E,指数型-股票
022559,天弘中证高端装备制造指数增强E,指数型-股票
022567,天弘中证500指数增强E,指数型-股票
022568,金鹰元丰债券D,债券型-混合二级
022569,银华上证科创板100ETF联接I,指数型-股票
022570,东方红景瑞精选混合A,混合型-偏债
022571,东方红景瑞精选混合C,混合型-偏债
022572,汇添富弘达回报混合发起式A,混合型-偏股
022573,汇添富弘达回报混合发起式C,混合型-偏股
022575,人保民鸿混合A,混合型-偏债
022576,人保民鸿混合C,混合型-偏债
022577,鹏华信用增利债券D,债券型-混合二级
022578,天弘价值精选混合发起E,混合型-灵活
022579,天弘多元增利债券E,债券型-混合二级
022583,天弘添利债券(LOF)F,债券型-混合一级
022586,国泰中证钢铁ETF联接E,指数型-股票
022587,天弘增益回报债券发起式E,债券型-混合二级
022590,中信保诚幸福消费混合C,混合型-偏股
022592,中加聚鑫纯债一年D,债券型-混合一级
022593,人保鑫盛纯债E,债券型-混合一级
022596,华安添颐混合C,混合型-偏债
022597,富国红利质选混合A,混合型-偏股
022598,富国红利质选混合C,混合型-偏股
022599,博时沪深300ETF发起式联接A,指数型-股票
022600,博时沪深300ETF发起式联接C,指数型-股票
022606,银华中证A50ETF联接I,指数型-股票
022607,汇安行业龙头混合C,混合型-偏股
022608,人保鑫泽纯债E,债券型-混合一级
022610,国泰中证A500ETF发起联接I,指数型-股票
022614,南方中证A100ETF联接I,指数型-股票
022625,华安安益灵活配置混合E,混合型-灵活
022626,诺安中证A100指数D,指数型-股票
022627,博时中证A100ETF联接A,指数型-股票
022628,博时中证A100ETF联接C,指数型-股票
022637,东方招益债券A,债券型-混合二级
022638,东方招益债券C,债券型-混合二级
022643,中欧国证消费电子主题指数发起A,指数型-股票
022644,中欧国证消费电子主题指数发起C,指数型-股票
022645,富国天惠成长混合(LOF)D,混合型-偏股
022646,华安上证180ETF联接I,指数型-股票
022647,华安恒生科技ETF发起式联接(QDII)I,指数型-海外股票
022654,华安创业板50ETF联接I,指数型-股票
022657,建信丰融债券A,债券型-混合二级
022658,建信丰融债券C,债券型-混合二级
022661,华富中证A100ETF联接C,指数型-股票
022663,华泰柏瑞港股通红利ETF联接基金I,指数型-股票
022664,华泰柏瑞纳斯达克100ETF发起式联接(QDII)I,指数型-海外股票
022665,鹏华中证A500ETF联接A,指数型-股票
022666,鹏华中证A500ETF联接C,指数型-股票
022668,尚正正达债券A,债券型-混合二级
022669,尚正正达债券C,债券型-混合二级
022670,招商中证A500指数增强发起式A,指数型-股票
022671,招商中证A500指数增强发起式C,指数型-股票
022672,平安产业竞争力混合C,混合型-偏股
022673,平安产业竞争力混合A,混合型-偏股
022674,中欧中证A500指数增强A,指数型-股票
022675,中欧中证A500指数增强C,指数型-股票
022676,富国中证A500指数增强A,指数型-股票
022677,富国中证A500指数增强C,指数型-股票
022678,华泰柏瑞中证红利低波ETF联接I,指数型-股票
022679,华泰柏瑞上证科创板50成份ETF联接I,指数型-股票
022680,华泰柏瑞恒生科技ETF联接(QDII)I,指数型-海外股票
022681,华泰柏瑞中韩半导体ETF发起式联接(QDII)I,指数型-海外股票
022684,创金合信尊泰纯债债券C,债券型-混合一级
022685,中银中证1000指数增强E,指数型-股票
022686,广发中证A500指数增强A,指数型-股票
022687,广发中证A500指数增强C,指数型-股票
022688,申万菱信中证A500指数增强A,指数型-股票
022689,申万菱信中证A500指数增强C,指数型-股票
022690,华安医药生物股票发起式A,股票型
022691,华安医药生物股票发起式C,股票型
022693,恒生前海港股通价值混合A,混合型-偏股
022694,恒生前海港股通价值混合C,混合型-偏股
022695,鹏华中证800ETF发起式联接A,指数型-股票
022696,鹏华中证800ETF发起式联接C,指数型-股票
022697,长信中证A500指数增强A,指数型-股票
022698,长信中证A500指数增强C,指数型-股票
022699,华泰柏瑞沪深300ETF联接I,指数型-股票
022700,睿远港股通核心价值混合A,混合型-偏股
022701,睿远港股通核心价值混合C,混合型-偏股
022702,人保核心智选混合A,混合型-偏股
022703,人保核心智选混合C,混合型-偏股
022704,银河科技成长混合发起式A,混合型-偏股
022705,银河科技成长混合发起式C,混合型-偏股
022706,银河中证A500指数增强A,指数型-股票
022707,银河中证A500指数增强C,指数型-股票
022708,泓德泓益量化混合C,混合型-偏股
022709,万家臻选混合C,混合型-偏股
022710,工银智能制造股票C,股票型
022712,中信保诚惠泽C,债券型-混合二级
022713,中信保诚惠泽D,债券型-混合二级
022714,万家新兴蓝筹C,混合型-灵活
022715,贝莱德中证A500指数增强A,指数型-股票
022716,贝莱德中证A500指数增强C,指数型-股票
022717,永赢锐见进取混合A,混合型-偏股
022718,永赢锐见进取混合C,混合型-偏股
022719,广发中证国新港股通央企红利ETF发起式联接A,指数型-股票
022720,广发中证国新港股通央企红利ETF发起式联接C,指数型-股票
022725,博时上证科创板芯片ETF发起式联接A,指数型-股票
022726,博时上证科创板芯片ETF发起式联接C,指数型-股票
022728,中银上证科创板50ETF联接A,指数型-股票
022729,中银上证科创板50ETF联接C,指数型-股票
022730,创金合信转债精选债券E,债券型-混合一级
022731,平安中证汽车零部件主题ETF联接A,指数型-股票
022732,平安中证汽车零部件主题ETF联接C,指数型-股票
022733,申万菱信盛利精选混合C,混合型-偏股
022734,申万菱信新动力混合C,混合型-偏股
022735,申万菱信新经济混合C,混合型-灵活
022739,申万菱信新能源汽车主题灵活配置混合C,混合型-灵活
022740,申万菱信乐享混合C,混合型-偏股
022741,万家180指数C,指数型-股票
022742,华泰柏瑞中证A500ETF联接I,指数型-股票
022743,鹏华增瑞混合(LOF)C,混合型-灵活
022744,广发可转债债券D,债券型-混合二级
022745,博道中证A500指数增强A,指数型-股票
022746,博道中证A500指数增强C,指数型-股票
022748,平安港股通红利优选混合A,混合型-偏股
022749,平安港股通红利优选混合C,混合型-偏股
022750,南方中证港股通汽车产业主题ETF发起联接A,指数型-股票
022751,南方中证港股通汽车产业主题ETF发起联接C,指数型-股票
022753,汇安稳裕债券C,债券型-混合二级
022754,易方达科鑫量化选股股票发起式A,股票型
022755,易方达科鑫量化选股股票发起式C,股票型
022756,鹏扬中证A500指数增强A,指数型-股票
022757,鹏扬中证A500指数增强C,指数型-股票
022758,国泰海通君得盛债券D,债券型-混合二级
022759,摩根中证A500ETF联接I,指数型-股票
022760,华富安享债券C,债券型-混合二级
022762,长城中证A500指数A,指数型-股票
022763,长城中证A500指数C,指数型-股票
022768,浦银中证A500指数增强A,指数型-股票
022769,浦银中证A500指数增强C,指数型-股票
022770,兴业中证A500指数增强A,指数型-股票
022771,兴业中证A500指数增强C,指数型-股票
022772,易方达稳裕120天滚动债券A,债券型-混合一级
022773,易方达稳裕120天滚动债券C,债券型-混合一级
022774,鹏华沪深300ETF联接(LOF)D,指数型-股票
022781,中泰中证A500指增发起A,指数型-股票
022782,中泰中证A500指增发起C,指数型-股票
022784,国泰鑫策略价值灵活配置混合C,混合型-灵活
022785,国泰鑫策略价值灵活配置混合E,混合型-灵活
022790,苏新中证500指数增强A,指数型-股票
022791,苏新中证500指数增强C,指数型-股票
022792,鹏华中证细分化工产业主题ETF联接I,指数型-股票
022793,鹏华中证港股通消费ETF联接I,指数型-股票
022794,鹏华国证疫苗与生物科技ETF发起式联接I,指数型-股票
022795,鹏华国证ESG300ETF联接I,指数型-股票
022796,鹏华国证2000指数增强I,指数型-股票
022797,鹏华中证内地低碳经济主题ETF联接I,指数型-股票
022800,西部利得中证A500指数增强A,指数型-股票
022801,西部利得中证A500指数增强C,指数型-股票
022802,西部利得消费精选混合A,混合型-偏股
022803,西部利得消费精选混合C,混合型-偏股
022804,中加中证A500指数增强发起式A,指数型-股票
022805,中加中证A500指数增强发起式C,指数型-股票
022811,人保中证A500指数增强A,指数型-股票
022812,人保中证A500指数增强C,指数型-股票
022817,宏利中证A500指数增强A,指数型-股票
022818,宏利中证A500指数增强C,指数型-股票
022819,鹏华中证500指数增强I,指数型-股票
022820,融通中证A500指数增强A,指数型-股票
022821,融通中证A500指数增强C,指数型-股票
022822,鹏华中证1000指数增强I,指数型-股票
022823,鹏华中证高铁产业指数(LOF)I,指数型-股票
022824,鹏华沪深300指数增强I,指数型-股票
022825,鹏华中证一带一路主题指数(LOF)I,指数型-股票
022826,华宝上证180价值ETF联接C,指数型-股票
022830,华富安鑫债券C,债券型-混合二级
022831,华商电子行业量化股票发起式C,股票型
022834,鹏华中证沪港深科技龙头指数(LOF)I,指数型-股票
022840,招商华证价值优选50指数发起式A,指数型-股票
022841,招商华证价值优选50指数发起式C,指数型-股票
022842,摩根恒鑫债券A,债券型-混合二级
022843,摩根恒鑫债券C,债券型-混合二级
022844,鹏华中证港股通医药卫生ETF发起式联接I,指数型-股票
022845,鹏华上证科创100ETF联接I,指数型-股票
022846,富国景气优选混合A,混合型-偏股
022847,富国景气优选混合C,混合型-偏股
022848,鹏华国证粮食产业ETF发起式联接I,指数型-股票
022849,招商中证A50指数增强发起式A,指数型-股票
022850,招商中证A50指数增强发起式C,指数型-股票
022851,诺安汇利混合E,混合型-灵活
022852,中航优选领航混合发起A,混合型-偏股
022853,中航优选领航混合发起C,混合型-偏股
022854,中航中证智选均衡配置指数发起A,指数型-股票
022855,中航中证智选均衡配置指数发起C,指数型-股票
022857,华夏上证综合全收益指数增强A,指数型-股票
022858,华夏上证综合全收益指数增强C,指数型-股票
022859,中银沪深300指数A,指数型-股票
022860,中银沪深300指数C,指数型-股票
022861,鹏华国证石油天然气ETF联接I,指数型-股票
022862,鹏华中证光伏产业ETF发起式联接I,指数型-股票
022863,鹏华国证半导体芯片ETF联接I,指数型-股票
022866,博道沪深300指数量化增强A,指数型-股票
022867,博道沪深300指数量化增强C,指数型-股票
022868,英大国企改革C,股票型
022869,华夏公用事业ETF联接A,指数型-股票
022873,华夏公用事业ETF联接C,指数型-股票
022879,汇泉均衡智选混合A,混合型-灵活
022880,汇泉均衡智选混合C,混合型-灵活
022881,鹏华中证中药ETF联接I,指数型-股票
022882,鹏华中证云计算与大数据主题ETF发起式联接I,指数型-股票
022883,鹏华中证工业互联网主题ETF发起式联接I,指数型-股票
022884,鹏华中证港股通科技ETF发起式联接I,指数型-股票
022885,鹏华中证车联网主题ETF发起式联接I,指数型-股票
022886,鹏华国证有色金属行业ETF发起式联接I,指数型-股票
022887,华宝标普港股通低波红利ETF联接A,指数型-股票
022888,华宝标普港股通低波红利ETF联接C,指数型-股票
022890,嘉实沪深300ETF联接(LOF)Y,指数型-股票
022891,国联物联网主题C,混合型-灵活
022892,易方达中证A50ETF联接发起式Y,指数型-股票
022893,汇添富中证500指数增强Y,指数型-股票
022894,景顺长城中证A500ETF联接Y,指数型-股票
022895,易方达上证科创50联接Y,指数型-股票
022896,广发创业板ETF发起式联接Y,指数型-股票
022897,嘉实沪深300红利低波动ETF联接Y,指数型-股票
022898,中欧中证A500指数发起Y,指数型-股票
022899,中欧沪深300指数发起Y,指数型-股票
022900,创金合信中证红利低波动指数Y,指数型-股票
022901,英大领先回报C,混合型-灵活
022902,富国中证A500ETF发起式联接Y,指数型-股票
022903,富国中证红利指数增强Y,指数型-股票
022904,大成中证A500ETF发起式联接Y,指数型-股票
022905,嘉实中证A500ETF联接Y,指数型-股票
022906,富国沪深300指数增强Y,指数型-股票
022907,易方达创业板ETF联接Y,指数型-股票
022908,国投瑞银沪深300指数量化增强Y,指数型-股票
022909,国投瑞银中证500指数量化增强Y,指数型-股票
022910,易方达中证科创创业50联接Y,指数型-股票
022911,摩根中证A500ETF联接Y,指数型-股票
022912,南方创业板ETF联接Y,指数型-股票
022913,易方达中证500ETF联接发起式Y,指数型-股票
022914,易方达沪深300精选增强Y,指数型-股票
022915,嘉实中证500ETF联接Y,指数型-股票
022916,博时中证A500ETF联接Y,指数型-股票
022917,万家沪深300指数增强Y,指数型-股票
022918,南方中证A500ETF联接Y,指数型-股票
022919,申万菱信中证500指数优选增强Y,指数型-股票
022920,博时创业板ETF联接Y,指数型-股票
022921,南方中证500ETF联接(LOF)Y,指数型-股票
022922,博时沪深300指数Y,指数型-股票
022923,易方达深证100ETF联接Y,指数型-股票
022924,南方沪深300ETF联接Y,指数型-股票
022925,易方达中证红利ETF联接发起式Y,指数型-股票
022926,华宝中证A100ETF联接Y,指数型-股票
022927,大成中证红利指数Y,指数型-股票
022928,易方达沪深300ETF联接Y,指数型-股票
022929,华安创业板50指数Y,指数型-股票
022930,易方达中证A500ETF联接Y,指数型-股票
022931,华安中证A500ETF发起式联接Y,指数型-股票
022932,工银科创ETF联接Y,指数型-股票
022933,易方达上证50增强Y,指数型-股票
022934,交银创业板50指数Y,指数型-股票
022935,工银沪深300指数Y,指数型-股票
022936,国泰沪深300指数Y,指数型-股票
022937,西部利得中证500指数增强(LOF)Y,指数型-股票
022938,招商中证A500ETF发起式联接Y,指数型-股票
022939,华夏科创创业50ETF发起式联接Y,指数型-股票
022940,天弘沪深300指数增强发起Y,指数型-股票
022941,鹏扬中证科创创业50ETF联接Y,指数型-股票
022942,泰康中证A500ETF联接Y,指数型-股票
022943,华夏中证500指数智选增强Y,指数型-股票
022944,银华中证A500ETF发起式联接Y,指数型-股票
022945,华夏科创50ETF联接Y,指数型-股票
022946,建信中证500指数增强Y,指数型-股票
022947,华泰柏瑞中证A500ETF联接Y,指数型-股票
022948,华泰柏瑞沪深300ETF联接Y,指数型-股票
022949,汇添富沪深300指数增强Y,指数型-股票
022950,华泰柏瑞上证科创板50成份ETF联接Y,指数型-股票
022951,华泰柏瑞中证红利低波ETF联接Y,指数型-股票
022952,富国创业板ETF联接Y,指数型-股票
022953,富国中证500指数增强(LOF)Y,指数型-股票
022954,华夏沪深300指数增强Y,指数型-股票
022955,天弘沪深300ETF联接Y,指数型-股票
022956,天弘上证50ETF联接Y,指数型-股票
022957,华夏中证500指数增强Y,指数型-股票
022958,华夏中证500ETF联接Y,指数型-股票
022959,华夏上证50ETF联接Y,指数型-股票
022960,天弘创业板ETF联接Y,指数型-股票
022961,天弘中证500ETF联接Y,指数型-股票
022962,兴全沪深300指数增强(LOF)Y,指数型-股票
022963,兴全中证800六个月持有指数Y,指数型-股票
022964,广发沪深300ETF联接Y,指数型-股票
022965,广发中证500ETF联接(LOF)Y,指数型-股票
022966,天弘中证A500ETF联接Y,指数型-股票
022967,万家中证A500ETF发起式联接Y,指数型-股票
022969,鹏华上证科创板50成份增强策略ETF发起式联接I,指数型-股票
022970,鹏华安泽混合D,混合型-偏债
022971,广发中证A500ETF联接Y,指数型-股票
022972,鹏华弘信混合D,混合型-灵活
022973,大成沪深300指数Y,指数型-股票
022974,鹏华弘实混合D,混合型-灵活
022975,工银中证A50ETF联接Y,指数型-股票
022976,华安创业板50ETF联接Y,指数型-股票
022979,华夏中证A500ETF联接Y,指数型-股票
022980,天弘中证红利低波动100联接Y,指数型-股票
022981,天弘中证科创创业50ETF联接Y,指数型-股票
022982,工银中证A500ETF联接Y,指数型-股票
022983,华夏沪深300ETF联接Y,指数型-股票
022984,鹏华纯债债券B,债券型-混合一级
022985,诺安鼎利混合D,混合型-偏债
022986,华宝双债增强债券D,债券型-混合二级
022987,鹏华沪深300ETF联接(LOF)I,指数型-股票
022988,鹏华中证500ETF联接I,指数型-股票
022989,鹏华丰收债券A,债券型-混合二级
022990,鹏华丰收债券C,债券型-混合二级
022991,鹏华丰收债券D,债券型-混合二级
022992,鹏华中证500指数(LOF)I,指数型-股票
022995,中海科技创新混合A,混合型-偏股
022996,中海科技创新混合C,混合型-偏股
023001,汇添富上证科创板100ETF联接A,指数型-股票
023002,汇添富上证科创板100ETF联接C,指数型-股票
023013,南方安睿混合C,混合型-偏债
023014,南方安康混合C,混合型-偏债
023017,南方丰元信用增强债券D,债券型-混合一级
023021,中邮信息产业灵活配置混合C,混合型-灵活
023022,交银中证A500指数A,指数型-股票
023023,交银中证A500指数C,指数型-股票
023024,鹏华创业板50ETF联接I,指数型-股票
023032,安信优选价值混合A,混合型-偏股
023033,安信优选价值混合C,混合型-偏股
023034,中欧恒生科技指数发起(QDII)A,指数型-海外股票
023035,中欧恒生科技指数发起(QDII)C,指数型-海外股票
023036,中欧资源精选混合发起A,混合型-偏股
023037,中欧资源精选混合发起C,混合型-偏股
023038,汇安中证A500指数A,指数型-股票
023039,汇安中证A500指数C,指数型-股票
023040,中欧多利债券A,债券型-混合二级
023041,中欧多利债券C,债券型-混合二级
023042,民生加银中证A500指数A,指数型-股票
023043,民生加银中证A500指数C,指数型-股票
023044,太平科技先锋混合发起式A,混合型-偏股
023045,太平科技先锋混合发起式C,混合型-偏股
023047,南方达元债券E,债券型-混合二级
023049,南方宝顺混合E,混合型-偏债
023050,交银上证科创板100指数A,指数型-股票
023051,交银上证科创板100指数C,指数型-股票
023052,交银中证A50指数A,指数型-股票
023053,交银中证A50指数C,指数型-股票
023054,南方宝祥混合E,混合型-偏债
023055,富国科创50ETF联接A,指数型-股票
023056,富国科创50ETF联接C,指数型-股票
023057,富国安怡120天持有期债券发起式A,债券型-混合一级
023058,富国安怡120天持有期债券发起式C,债券型-混合一级
023059,汇添富沪深300ETF发起式联接A,指数型-股票
023060,汇添富沪深300ETF发起式联接C,指数型-股票
023063,国投瑞银和宜债券E,债券型-混合二级
023064,申万菱信沪深300价值ETF联接A,指数型-股票
023065,申万菱信沪深300价值ETF联接C,指数型-股票
023066,安联安裕债券A,债券型-混合二级
023067,安联安裕债券C,债券型-混合二级
023070,鹏华恒生港股通高股息率指数发起式A,指数型-股票
023071,鹏华恒生港股通高股息率指数发起式C,指数型-股票
023073,国泰海通中证港股通高股息投资指数发起(QDII)A,指数型-海外股票
023074,国泰海通中证港股通高股息投资指数发起(QDII)C,指数型-海外股票
023075,鹏华上证科创板新能源ETF发起式联接A,指数型-股票
023076,鹏华上证科创板新能源ETF发起式联接C,指数型-股票
023078,西部利得多策略优选混合A,混合型-灵活
023080,长信利保债券E,债券型-混合二级
023081,南方致远混合E,混合型-偏债
023082,东方红慧选成长混合A,混合型-偏股
023083,东方红慧选成长混合C,混合型-偏股
023084,汇安核心资产混合E,混合型-偏股
023086,浦银经济带崛起混合E,混合型-灵活
023087,联博汇利债券A,债券型-混合二级
023088,联博汇利债券C,债券型-混合二级
023094,安信中国制造混合C,混合型-灵活
023095,中邮新思路灵活配置混合C,混合型-灵活
023096,中邮消费升级灵活配置混合C,混合型-灵活
023097,安信比较优势混合C,混合型-灵活
023098,安信消费医药股票C,股票型
023099,金信周期价值混合A,混合型-偏股
023100,金信周期价值混合C,混合型-偏股
023101,国寿安保智慧生活股票C,股票型
023103,圆信永丰医药健康C,混合型-偏股
023104,中银中证港股通高股息投资指数A,指数型-股票
023105,中银中证港股通高股息投资指数C,指数型-股票
023106,光大红利量化混合A,混合型-偏股
023107,光大红利量化混合C,混合型-偏股
023108,广发中证A50ETF联接A,指数型-股票
023109,广发中证A50ETF联接C,指数型-股票
023110,安信一带一路指数C,指数型-股票
023111,景顺长城上证科创板200指数A,指数型-股票
023112,景顺长城上证科创板200指数C,指数型-股票
023115,景顺长城衡益混合,混合型-偏股
023117,华安高端装备股票发起式A,股票型
023118,华安高端装备股票发起式C,股票型
023119,民生加银中证全指指数增强A,指数型-股票
023120,民生加银中证全指指数增强C,指数型-股票
023129,富国致盛量化选股股票A,股票型
023130,富国致盛量化选股股票C,股票型
023134,泰康招享混合E,混合型-偏债
023135,农银创新驱动混合A,混合型-偏股
023136,农银创新驱动混合C,混合型-偏股
023141,国泰金龙债券D,债券型-混合一级
023142,兴全中证500指数增强A,指数型-股票
023143,兴全中证500指数增强C,指数型-股票
023144,汇添富中证油气资源ETF发起式联接A,指数型-股票
023145,汇添富中证油气资源ETF发起式联接C,指数型-股票
023146,中金沪深300ETF联接A,指数型-股票
023147,中金沪深300ETF联接C,指数型-股票
023148,兴业上证180ETF联接A,指数型-股票
023149,兴业上证180ETF联接C,指数型-股票
023153,中银证券中证A500指数A,指数型-股票
023154,中银证券中证A500指数C,指数型-股票
023158,上银先进制造混合发起式A,混合型-偏股
023159,上银先进制造混合发起式C,混合型-偏股
023162,银河上证国有企业红利ETF发起式联接A,指数型-股票
023163,银河上证国有企业红利ETF发起式联接C,指数型-股票
023164,招商安和债券D,债券型-混合二级
023165,博时转债增强债券E,债券型-混合二级
023167,浦银盛世E,混合型-灵活
023168,创金合信怡久回报债券E,债券型-混合二级
023169,兴证资管国企红利优选混合发起式A,混合型-偏股
023170,兴证资管国企红利优选混合发起式C,混合型-偏股
023173,兴华景成混合A,混合型-偏股
023174,兴华景成混合C,混合型-偏股
023175,中邮中小盘灵活配置混合C,混合型-灵活
023176,中邮沪港深精选混合C,混合型-偏股
023177,安信灵活配置混合C,混合型-灵活
023178,安信价值精选股票C,股票型
023179,华泰柏瑞上证180ETF联接A,指数型-股票
023180,华泰柏瑞上证180ETF联接C,指数型-股票
023181,华泰柏瑞上证180ETF联接I,指数型-股票
023182,太平中证红利指数A,指数型-股票
023183,太平中证红利指数C,指数型-股票
023184,平安中证A500ETF联接A,指数型-股票
023185,平安中证A500ETF联接C,指数型-股票
023186,国联安红利慧选混合发起式A,混合型-偏股
023187,国联安红利慧选混合发起式C,混合型-偏股
023188,景顺长城量化新动力股票C,股票型
023189,平安添润债券E,债券型-混合二级
023192,招商资管中证500指数增强发起A,指数型-股票
023193,景顺长城产业趋势混合C,混合型-偏股
023194,平安鼎信债券E,债券型-混合二级
023196,南方中证物联网主题ETF发起联接A,指数型-股票
023197,南方中证物联网主题ETF发起联接C,指数型-股票
023198,招商资管中证500指数增强发起C,指数型-股票
023199,鹏华上证180ETF发起式联接A,指数型-股票
023200,鹏华上证180ETF发起式联接C,指数型-股票
023201,兴全中证沪港深500指数增强A,指数型-股票
023202,兴全中证沪港深500指数增强C,指数型-股票
023203,兴全中证沪港深300指数增强A,指数型-股票
023204,兴全中证沪港深300指数增强C,指数型-股票
023205,兴全合辰混合A,混合型-偏股
023206,兴全合辰混合C,混合型-偏股
023210,国泰海通君得盈债券D,债券型-混合二级
023213,博时鑫源混合E,混合型-灵活
023214,中泰双鑫6个月持有债券A,债券型-混合二级
023215,中泰双鑫6个月持有债券C,债券型-混合二级
023216,华安众利120天持有债券A,债券型-混合一级
023217,华安众利120天持有债券C,债券型-混合一级
023222,鹏华恒生中国央企ETF发起式联接A,指数型-股票
023223,鹏华恒生中国央企ETF发起式联接C,指数型-股票
023224,景顺长城180天持有期债券A,债券型-混合一级
023225,景顺长城180天持有期债券C,债券型-混合一级
023228,易方达上证180ETF联接A,指数型-股票
023229,易方达上证180ETF联接C,指数型-股票
023230,南方上证180ETF发起联接A,指数型-股票
023231,南方上证180ETF发起联接C,指数型-股票
023232,国泰合利6个月持有混合A,混合型-偏债
023233,国泰合利6个月持有混合C,混合型-偏债
023234,银华上证180ETF发起式联接A,指数型-股票
023235,银华上证180ETF发起式联接C,指数型-股票
023236,银华上证180ETF发起式联接I,指数型-股票
023241,安信长鑫增强债券E,债券型-混合二级
023242,中欧恒生消费指数发起(QDII)A,指数型-海外股票
023243,中欧恒生消费指数发起(QDII)C,指数型-海外股票
023244,东海启元添益6个月持有混合发起式A,混合型-偏债
023245,东海启元添益6个月持有混合发起式C,混合型-偏债
023248,永赢泓利债券A,债券型-混合二级
023249,永赢泓利债券C,债券型-混合二级
023252,天弘上证180ETF发起联接A,指数型-股票
023253,天弘上证180ETF发起联接C,指数型-股票
023254,汇添富中证全指软件ETF发起式联接A,指数型-股票
023255,汇添富中证全指软件ETF发起式联接C,指数型-股票
023256,东海增益债券发起式E,债券型-混合二级
023262,景顺长城资源垄断混合(LOF)C,混合型-偏股
023263,景顺长城内需增长混合C,混合型-偏股
023264,景顺长城内需增长贰号混合C,混合型-偏股
023265,景顺长城智能生活混合C,混合型-偏股
023266,贝莱德富元添益债券A,债券型-混合二级
023267,贝莱德富元添益债券C,债券型-混合二级
023269,景顺长城量化成长演化混合C,混合型-偏股
023270,景顺长城量化对冲策略三个月定期开放混合C,混合型-绝对收益
023275,中银淳利三个月持有债券A,债券型-混合二级
023276,中银淳利三个月持有债券C,债券型-混合二级
023282,永赢多元增利债券A,债券型-混合二级
023283,永赢多元增利债券C,债券型-混合二级
023286,前海开源人工智能主题混合C,混合型-灵活
023289,国泰多策略收益灵活配置混合C,混合型-灵活
023290,鹏华沪深300指数量化增强A,指数型-股票
023291,鹏华沪深300指数量化增强C,指数型-股票
023294,民生加银稳鑫120天滚动持有债券A,债券型-混合一级
023295,民生加银稳鑫120天滚动持有债券C,债券型-混合一级
023298,汇添富中证A500指数增强A,指数型-股票
023299,汇添富中证A500指数增强C,指数型-股票
023303,建信中证A500指数增强A,指数型-股票
023304,建信中证A500指数增强C,指数型-股票
023305,永赢中证A500指数增强A,指数型-股票
023306,永赢中证A500指数增强C,指数型-股票
023309,博时宏观回报债券E,债券型-混合二级
023310,博时恒泰债券E,债券型-混合二级
023313,国泰聚鑫量化选股混合发起A,混合型-偏股
023314,国泰聚鑫量化选股混合发起C,混合型-偏股
023317,华泰保兴开元3个月持有债券发起A,债券型-混合一级
023318,华泰保兴开元3个月持有债券发起C,债券型-混合一级
023319,华宝中证A500指数增强A,指数型-股票
023320,华宝中证A500指数增强C,指数型-股票
023321,华宝中证800红利低波动ETF联接A,指数型-股票
023322,华宝中证800红利低波动ETF联接C,指数型-股票
023323,华商上证科创板100指数增强A,指数型-股票
023324,华商上证科创板100指数增强C,指数型-股票
023325,路博迈中证A500指数增强A,指数型-股票
023326,路博迈中证A500指数增强C,指数型-股票
023331,华富中证A500指数A,指数型-股票
023332,华富中证A500指数C,指数型-股票
023333,金鹰中证A500指数发起A,指数型-股票
023334,金鹰中证A500指数发起C,指数型-股票
023335,泓德中证A500指数增强A,指数型-股票
023336,泓德中证A500指数增强C,指数型-股票
023337,兴银鑫裕丰六个月持有债券A,债券型-混合一级
023338,兴银鑫裕丰六个月持有债券C,债券型-混合一级
023339,鹏华中证A500指数增强A,指数型-股票
023340,鹏华中证A500指数增强C,指数型-股票
023341,中海中证A500指数增强A,指数型-股票
023342,中海中证A500指数增强C,指数型-股票
023344,信澳星瑞智选混合A,混合型-偏股
023345,信澳星瑞智选混合C,混合型-偏股
023347,苏新中证A500指数增强A,指数型-股票
023348,苏新中证A500指数增强C,指数型-股票
023349,泓德裕和纯债债券D,债券型-混合一级
023350,诺安多策略混合C,混合型-偏股
023354,汇添富添福吉祥混合C,混合型-偏债
023360,平安元裕90天持有债券A,债券型-混合一级
023361,平安元裕90天持有债券C,债券型-混合一级
023362,鹏扬研究精选混合A,混合型-偏股
023363,鹏扬研究精选混合C,混合型-偏股
023364,平安添悦债券E,债券型-混合二级
023365,南华丰利量化选股混合A,混合型-偏股
023366,南华丰利量化选股混合C,混合型-偏股
023367,海富通中证A500指数增强A,指数型-股票
023368,海富通中证A500指数增强C,指数型-股票
023371,国泰创业板50ETF发起联接A,指数型-股票
023372,国泰创业板50ETF发起联接C,指数型-股票
023373,建信富时100指数(QDII)D人民币,指数型-海外股票
023376,鹏华中证传媒指数(LOF)I,指数型-股票
023377,鹏华中证移动互联网指数(LOF)I,指数型-股票
023378,鹏华中证环保产业指数(LOF)I,指数型-股票
023379,鹏华中证800证券保险指数(LOF)I,指数型-股票
023380,鹏华中证800地产指数(LOF)I,指数型-股票
023381,鹏华创业板指数(LOF)I,指数型-股票
023382,华泰柏瑞上证科创板200ETF发起式联接A,指数型-股票
023383,华泰柏瑞上证科创板200ETF发起式联接C,指数型-股票
023384,平安中证人工智能主题ETF发起式联接A,指数型-股票
023385,平安中证人工智能主题ETF发起式联接C,指数型-股票
023386,国泰聚智量化选股混合发起A,混合型-偏股
023387,国泰聚智量化选股混合发起C,混合型-偏股
023388,华泰柏瑞上证科创板200ETF发起式联接I,指数型-股票
023389,易方达中证港股通高股息投资ETF联接发起式A,指数型-股票
023390,易方达中证港股通高股息投资ETF联接发起式C,指数型-股票
023392,景顺长城稳健增益债券F,债券型-混合二级
023393,宝盈创新医疗混合发起式A,混合型-偏股
023394,宝盈创新医疗混合发起式C,混合型-偏股
023395,宝盈北证50成份指数发起式A,指数型-股票
023396,宝盈北证50成份指数发起式C,指数型-股票
023397,尚正研究睿选混合发起A,混合型-偏股
023398,尚正研究睿选混合发起C,混合型-偏股
023399,尚正中证A500指数发起A,指数型-股票
023400,尚正中证A500指数发起C,指数型-股票
023402,广发全球精选股票(QDII)人民币F,QDII-普通股票
023403,前海开源鼎裕债券D,债券型-混合二级
023404,海富通致远量化选股股票发起A,股票型
023405,海富通致远量化选股股票发起C,股票型
023406,汇添富纯债(LOF)B,债券型-混合一级
023407,华宝创业板人工智能ETF发起式联接A,指数型-股票
023408,华宝创业板人工智能ETF发起式联接C,指数型-股票
023409,银河强化债券C,债券型-混合二级
023410,天弘恒生红利低波指数A,指数型-股票
023411,天弘恒生红利低波指数C,指数型-股票
023414,工银创业板50ETF联接A,指数型-股票
023415,工银创业板50ETF联接C,指数型-股票
023417,天弘荣创一年持有混合E,混合型-偏债
023418,宏利中证A50指数增强A,指数型-股票
023419,宏利中证A50指数增强C,指数型-股票
023420,永赢锐见先锋混合A,混合型-偏股
023421,永赢锐见先锋混合C,混合型-偏股
023422,建信纳斯达克100指数(QDII)D人民币,指数型-海外股票
023423,东财沪深300E,指数型-股票
023426,中欧恒生沪深港汽车主题指数发起A,指数型-股票
023427,中欧恒生沪深港汽车主题指数发起C,指数型-股票
023429,嘉实创业板50ETF联接A,指数型-股票
023430,嘉实创业板50ETF联接C,指数型-股票
023431,天弘中证A50指数A,指数型-股票
023432,天弘中证A50指数C,指数型-股票
023433,金元顺安乾利混合A,混合型-偏股
023434,金元顺安乾利混合C,混合型-偏股
023435,富安达中证A500指数增强A,指数型-股票
023436,富安达中证A500指数增强C,指数型-股票
023437,永赢上证科创板50成份指数A,指数型-股票
023438,永赢上证科创板50成份指数C,指数型-股票
023441,前海开源北证50成份指数发起A,指数型-股票
023442,前海开源北证50成份指数发起C,指数型-股票
023443,永赢鑫辰混合E,混合型-偏债
023444,前海开源中证500等权ETF联接A,指数型-股票
023445,前海开源中证500等权ETF联接C,指数型-股票
023446,长城上证科创板100指数增强A,指数型-股票
023447,长城上证科创板100指数增强C,指数型-股票
023448,上银资源精选混合发起式A,混合型-偏股
023449,上银资源精选混合发起式C,混合型-偏股
023450,博时稳定价值债券E,债券型-混合一级
023451,中欧信息科技混合发起A,混合型-偏股
023452,中欧信息科技混合发起C,混合型-偏股
023453,汇添富稳恒6个月持有债券A,债券型-混合一级
023454,汇添富稳恒6个月持有债券C,债券型-混合一级
023455,汇添富增强回报债券A,债券型-混合二级
023456,汇添富增强回报债券C,债券型-混合二级
023457,前海开源研究优选混合A,混合型-偏股
023458,前海开源研究优选混合C,混合型-偏股
023460,广发安盈混合F,混合型-灵活
023461,中欧中证人工智能主题指数发起A,指数型-股票
023462,中欧中证人工智能主题指数发起C,指数型-股票
023465,国投瑞银和兴债券E,债券型-混合二级
023466,华安中证A500增强策略ETF发起式联接A,指数型-股票
023467,华安中证A500增强策略ETF发起式联接C,指数型-股票
023470,国投瑞银稳定增利债券E,债券型-混合一级
023471,南方泽享稳健添利债券A,债券型-混合二级
023472,南方泽享稳健添利债券C,债券型-混合二级
023473,太平中证A500指数增强A,指数型-股票
023474,太平中证A500指数增强C,指数型-股票
023475,农银中证A500指数增强A,指数型-股票
023476,农银中证A500指数增强C,指数型-股票
023479,万家中证全指公用事业ETF联接A,指数型-股票
023480,万家中证全指公用事业ETF联接C,指数型-股票
023481,万家中证港股通创新药ETF发起式联接A,指数型-股票
023482,万家中证港股通创新药ETF发起式联接C,指数型-股票
023483,中金中证A500ETF联接A,指数型-股票
023484,中金中证A500ETF联接C,指数型-股票
023485,创金合信文丰债券A,债券型-混合二级
023486,创金合信文丰债券C,债券型-混合二级
023487,西部利得裕丰回报债券A,债券型-混合二级
023488,西部利得裕丰回报债券C,债券型-混合二级
023490,国投瑞银中高等级债券E,债券型-混合一级
023494,新华中证A500指数增强A,指数型-股票
023495,新华中证A500指数增强C,指数型-股票
023498,人保中证500C,指数型-股票
023499,博道中证800指数增强A,指数型-股票
023500,博道中证800指数增强C,指数型-股票
023501,安信中证A500指数增强A,指数型-股票
023502,安信中证A500指数增强C,指数型-股票
023503,中信建投中证A500指数增强A,指数型-股票
023504,中信建投中证A500指数增强C,指数型-股票
023505,兴银中证港股通科技ETF发起式联接A,指数型-股票
023506,兴银中证港股通科技ETF发起式联接C,指数型-股票
023512,景顺长城景颐丰利债券F,债券型-混合二级
023513,银华增强收益债券D,债券型-混合二级
023514,宝盈中证A500指数增强A,指数型-股票
023515,宝盈中证A500指数增强C,指数型-股票
023516,华泰保兴中证A500指数增强A,指数型-股票
023517,华泰保兴中证A500指数增强C,指数型-股票
023518,国投瑞银上证科创板200指数发起式A,指数型-股票
023519,国投瑞银上证科创板200指数发起式C,指数型-股票
023520,博时上证科创板人工智能ETF发起式联接A,指数型-股票
023521,博时上证科创板人工智能ETF发起式联接C,指数型-股票
023522,中金中证A500指数增强A,指数型-股票
023523,中金中证A500指数增强C,指数型-股票
023524,广发制造智选股票发起式A,股票型
023525,广发制造智选股票发起式C,股票型
023526,凯石元鑫混合发起式A,混合型-偏股
023527,凯石元鑫混合发起式C,混合型-偏股
023530,永赢国证通用航空产业ETF发起联接A,指数型-股票
023531,永赢国证通用航空产业ETF发起联接C,指数型-股票
023532,西部利得事件驱动股票C,股票型
023534,永赢中证港股通央企红利ETF联接A,指数型-股票
023535,永赢中证港股通央企红利ETF联接C,指数型-股票
023536,博时中证金融科技主题ETF联接A,指数型-股票
023537,博时中证金融科技主题ETF联接C,指数型-股票
023540,中欧稳航90天持有债券A,债券型-混合一级
023541,中欧稳航90天持有债券C,债券型-混合一级
023542,平安恒泽混合E,混合型-偏债
023543,平安恒鑫混合E,混合型-偏债
023544,东方中证A500指数增强A,指数型-股票
023545,东方中证A500指数增强C,指数型-股票
023546,永赢悦享债券B,债券型-混合二级
023547,平安上证180ETF联接A,指数型-股票
023548,平安上证180ETF联接C,指数型-股票
023549,中邮核心优选混合C,混合型-偏股
023550,银华上证科创板人工智能ETF发起式联接A,指数型-股票
023551,银华上证科创板人工智能ETF发起式联接C,指数型-股票
023552,银华上证科创板人工智能ETF发起式联接I,指数型-股票
023553,华泰柏瑞中证A股ETF发起式联接A,指数型-股票
023554,华泰柏瑞中证A股ETF发起式联接C,指数型-股票
023555,华宝深证100ETF发起式联接A,指数型-股票
023556,华宝深证100ETF发起式联接C,指数型-股票
023559,招商普盛全球配置(QDII)人民币C,QDII-混合灵活
023560,富达创新驱动混合发起A,混合型-偏股
023561,富达创新驱动混合发起C,混合型-偏股
023562,广发中证800指数增强A,指数型-股票
023563,广发中证800指数增强C,指数型-股票
023564,易方达科创人工智能ETF联接A,指数型-股票
023565,易方达科创人工智能ETF联接C,指数型-股票
023566,德邦高端装备混合发起式A,混合型-偏股
023567,德邦高端装备混合发起式C,混合型-偏股
023568,招商资管中证A500指数增强发起A,指数型-股票
023569,招商资管中证A500指数增强发起C,指数型-股票
023570,浦银周期优选混合A,混合型-偏股
023571,浦银周期优选混合C,混合型-偏股
023572,万家中证港股通央企红利ETF联接A,指数型-股票
023573,万家中证港股通央企红利ETF联接C,指数型-股票
023574,长信利众债券(LOF)E,债券型-混合一级
023578,平安添裕债券E,债券型-混合二级
023581,金鹰民族新兴混合C,混合型-灵活
023582,交银180天持有期债券A,债券型-混合一级
023583,交银180天持有期债券C,债券型-混合一级
023584,中欧红利智选混合A,混合型-偏股
023585,中欧红利智选混合C,混合型-偏股
023586,长城三个月滚动持有债券A,债券型-混合一级
023587,长城三个月滚动持有债券B,债券型-混合一级
023588,长城三个月滚动持有债券C,债券型-混合一级
023591,南方全球精选配置股票(QDII-FOF)C,QDII-普通股票
023592,中信保诚医药指数E,指数型-股票
023593,中信保诚有色指数E,指数型-股票
023594,中信保诚中证信息安全指数(LOF)E,指数型-股票
023595,中信保诚中证智能家居指数(LOF)E,指数型-股票
023596,中信保诚中证基建工程指数(LOF)E,指数型-股票
023597,景顺长城中证港股通创新药ETF联接A,指数型-股票
023598,景顺长城中证港股通创新药ETF联接C,指数型-股票
023599,中信保诚安鑫回报债券D,债券型-混合二级
023600,中信保诚安鑫回报债券E,债券型-混合二级
023602,泰信优势领航混合C,混合型-偏股
023603,泰信优势领航混合D,混合型-偏股
023605,申万菱信量化对冲策略灵活配置混合发起式C,混合型-绝对收益
023606,平安鑫瑞混合F,混合型-偏债
023607,光大沪深300指数增强A,指数型-股票
023608,光大沪深300指数增强C,指数型-股票
023609,光大中证A500指数A,指数型-股票
023610,光大中证A500指数C,指数型-股票
023611,中信保诚双盈债券(LOF)C,债券型-混合一级
023613,中欧中证红利低波动指数A,指数型-股票
023614,中欧中证红利低波动指数C,指数型-股票
023615,银华远景债券D,债券型-混合二级
023616,博时中证800指数增强A,指数型-股票
023617,博时中证800指数增强C,指数型-股票
023618,富国天丰强化债券(LOF)C,债券型-混合一级
023619,华夏中证A500指数增强A,指数型-股票
023620,华夏中证A500指数增强C,指数型-股票
023621,华夏上证科创板200ETF联接A,指数型-股票
023622,华夏上证科创板200ETF联接C,指数型-股票
023623,前海开源港股通价值领航混合A,混合型-偏股
023624,前海开源港股通价值领航混合C,混合型-偏股
023628,平安鼎信债券F,债券型-混合二级
023629,平安鑫享混合F,混合型-灵活
023630,鑫元中证A100指数A,指数型-股票
023631,鑫元中证A100指数C,指数型-股票
023632,景顺长城新兴产业混合A,混合型-偏股
023633,景顺长城新兴产业混合C,混合型-偏股
023636,易方达安旭90天持有债券A,债券型-混合一级
023637,易方达安旭90天持有债券C,债券型-混合一级
023638,国泰A股电网设备ETF联接A,指数型-股票
023639,国泰A股电网设备ETF联接C,指数型-股票
023640,银华季季丰90天滚动持有债券A,债券型-混合一级
023641,银华季季丰90天滚动持有债券C,债券型-混合一级
023644,华富富润债券A,债券型-混合二级
023645,华富富润债券C,债券型-混合二级
023646,前海开源鼎瑞债券D,债券型-混合二级
023647,广发科技智选股票发起式A,股票型
023648,广发科技智选股票发起式C,股票型
023651,富国上证科创板芯片ETF发起式联接A,指数型-股票
023652,富国上证科创板芯片ETF发起式联接C,指数型-股票
023655,融通中证诚通央企科技创新ETF发起式联接A,指数型-股票
023656,融通中证诚通央企科技创新ETF发起式联接C,指数型-股票
023657,大成元鸿锦利债券A,债券型-混合二级
023658,大成元鸿锦利债券C,债券型-混合二级
023659,华泰柏瑞北证50成份指数A,指数型-股票
023660,华泰柏瑞北证50成份指数C,指数型-股票
023661,华泰柏瑞北证50成份指数I,指数型-股票
023667,汇丰晋信2016周期混合D,混合型-偏债
023668,中银中证A500指数增强A,指数型-股票
023669,中银中证A500指数增强C,指数型-股票
023670,中银中证A500指数增强E,指数型-股票
023671,华商收益增强债券C,债券型-混合一级
023672,东方红裕丰回报债券A,债券型-混合二级
023673,东方红裕丰回报债券C,债券型-混合二级
023674,德邦新兴产业混合发起式A,混合型-偏股
023675,德邦新兴产业混合发起式C,混合型-偏股
023679,格林上证科创板综合指数增强A,指数型-股票
023680,格林上证科创板综合指数增强C,指数型-股票
023683,方正富邦瑞实90天持有期债券A,债券型-混合一级
023684,方正富邦瑞实90天持有期债券C,债券型-混合一级
023686,建信上证科创板200ETF联接A,指数型-股票
023687,建信上证科创板200ETF联接C,指数型-股票
023688,中信保诚优质纯债债券D,债券型-混合一级
023692,诺德安悦,债券型-混合二级
023702,银华可转债债券D,债券型-混合二级
023707,东海海鑫双悦3个月持有债券A,债券型-混合一级
023708,东海海鑫双悦3个月持有债券C,债券型-混合一级
023711,中金中证优选300指数(LOF)B,指数型-股票
023713,国联安主题驱动混合C,混合型-偏股
023715,华夏中证动漫游戏ETF发起式联接D,指数型-股票
023716,嘉实致盈债券D,债券型-混合一级
023719,华夏上证科创板综合ETF联接A,指数型-股票
023720,华夏上证科创板综合ETF联接C,指数型-股票
023721,天弘上证科创板综合ETF联接A,指数型-股票
023722,天弘上证科创板综合ETF联接C,指数型-股票
023723,景顺长城上证科创板综合价格ETF联接A,指数型-股票
023724,景顺长城上证科创板综合价格ETF联接C,指数型-股票
023725,工银上证科创板综合价格ETF联接A,指数型-股票
023726,工银上证科创板综合价格ETF联接C,指数型-股票
023727,博时上证科创板综合ETF联接A,指数型-股票
023728,博时上证科创板综合ETF联接C,指数型-股票
023729,易方达上证科创板综合ETF联接A,指数型-股票
023730,易方达上证科创板综合ETF联接C,指数型-股票
023731,南方上证科创板综合ETF联接A,指数型-股票
023732,南方上证科创板综合ETF联接C,指数型-股票
023733,国泰上证科创板综合ETF发起联接A,指数型-股票
023734,国泰上证科创板综合ETF发起联接C,指数型-股票
023735,汇添富上证科创板综合ETF联接A,指数型-股票
023736,汇添富上证科创板综合ETF联接C,指数型-股票
023737,富国上证科创板综合价格ETF联接A,指数型-股票
023738,富国上证科创板综合价格ETF联接C,指数型-股票
023739,招商上证科创板综合ETF联接A,指数型-股票
023740,招商上证科创板综合ETF联接C,指数型-股票
023741,华泰柏瑞上证科创板综合ETF联接A,指数型-股票
023742,华泰柏瑞上证科创板综合ETF联接C,指数型-股票
023743,建信上证科创板综合ETF联接A,指数型-股票
023744,建信上证科创板综合ETF联接C,指数型-股票
023746,华富新华中诚信红利价值指数A,指数型-股票
023747,华富新华中诚信红利价值指数C,指数型-股票
023748,广发上证科创板200ETF联接A,指数型-股票
023749,广发上证科创板200ETF联接C,指数型-股票
023750,国富兴海回报混合C,混合型-偏股
023751,百嘉百瑞混合发起式C,混合型-偏股
023752,长信量化中小盘股票C,股票型
023753,永赢信息产业智选混合发起A,混合型-偏股
023754,永赢信息产业智选混合发起C,混合型-偏股
023755,永赢中证A500ETF发起联接A,指数型-股票
023756,永赢中证A500ETF发起联接C,指数型-股票
023757,鹏华上证科创综合ETF联接A,指数型-股票
023758,鹏华上证科创综合ETF联接C,指数型-股票
023761,广发智选启航混合A,混合型-偏股
023762,广发智选启航混合C,混合型-偏股
023763,华夏恒生科技ETF发起式联接(QDII)D,指数型-海外股票
023764,华夏恒生互联网科技业ETF发起式联接(QDII)D,指数型-海外股票
023765,华夏中证5G通信主题ETF联接D,指数型-股票
023766,华夏中证全指证券公司ETF联接D,指数型-股票
023768,国投瑞银中高等级债券D,债券型-混合一级
023770,平安鼎弘混合(LOF)E,混合型-偏债
023771,鹏华弘泰混合E,混合型-灵活
023772,鹏华稳健添利债券E,债券型-混合二级
023775,兴银MSCI中国A50互联互通指数发起A,指数型-股票
023776,兴银MSCI中国A50互联互通指数发起C,指数型-股票
023779,华夏中证大数据产业ETF发起式联接D,指数型-股票
023780,摩根汇智优选混合A,混合型-偏股
023781,摩根汇智优选混合C,混合型-偏股
023782,华夏创业板成长ETF联接D,指数型-股票
023783,山证资管裕享增强债券发起式E,债券型-混合二级
023784,中欧增强回报债券(LOF)D,债券型-混合一级
023787,国联稳健增益债券A,债券型-混合二级
023788,国联稳健增益债券C,债券型-混合二级
023789,国投瑞银优化增强债券D,债券型-混合二级
023790,国投瑞银优化增强债券E,债券型-混合二级
023792,国投瑞银双债债券D,债券型-混合一级
023793,国投瑞银双债债券E,债券型-混合一级
023798,西部利得双季享6个月持有期债券A,债券型-混合一级
023799,西部利得双季享6个月持有期债券C,债券型-混合一级
023802,华宝安睿债券A,债券型-混合二级
023803,华宝安睿债券C,债券型-混合二级
023804,汇安聚利债券A,债券型-混合二级
023805,汇安聚利债券C,债券型-混合二级
023806,招商红利量化选股混合A,混合型-偏股
023807,招商红利量化选股混合C,混合型-偏股
023808,交银安心收益债券D,债券型-混合二级
023809,泓德裕惠债券A,债券型-混合二级
023810,泓德裕惠债券C,债券型-混合二级
023811,兴业恒泰债券A,债券型-混合二级
023812,兴业恒泰债券C,债券型-混合二级
023813,摩根双债增利债券D,债券型-混合二级
023819,天弘中证A500指数增强A,指数型-股票
023820,天弘中证A500指数增强C,指数型-股票
023821,泓德中证500指数增强A,指数型-股票
023822,泓德中证500指数增强C,指数型-股票
023823,银华增强收益债券C,债券型-混合二级
023824,永赢国企机遇慧选混合发起A,混合型-偏股
023825,永赢国企机遇慧选混合发起C,混合型-偏股
023826,华商中证500指数增强A,指数型-股票
023827,华商中证500指数增强C,指数型-股票
023828,万家中证半导体材料设备主题ETF发起式联接A,指数型-股票
023829,万家中证半导体材料设备主题ETF发起式联接C,指数型-股票
023830,华泰柏瑞创业板50ETF联接A,指数型-股票
023831,华泰柏瑞创业板50ETF联接C,指数型-股票
023832,华泰柏瑞中证油气产业ETF发起式联接A,指数型-股票
023833,华泰柏瑞中证油气产业ETF发起式联接C,指数型-股票
023834,广发资源智选股票发起式A,股票型
023835,广发资源智选股票发起式C,股票型
023837,银华四月丰120天滚动持有债券A,债券型-混合一级
023838,银华四月丰120天滚动持有债券C,债券型-混合一级
023839,银华甄选价值回报混合A,混合型-偏股
023840,银华甄选价值回报混合C,混合型-偏股
023841,交银增利债券D,债券型-混合一级
023842,创金合信中证A500指数增强A,指数型-股票
023843,创金合信中证A500指数增强C,指数型-股票
023844,交银增利增强债券D,债券型-混合二级
023851,富国上证科创板新能源ETF发起式联接A,指数型-股票
023852,富国上证科创板新能源ETF发起式联接C,指数型-股票
023853,景顺长城量化精选股票C,股票型
023854,景顺长城沪港深领先科技股票C,股票型
023855,景顺长城量化小盘股票C,股票型
023856,景顺长城景骊成长混合C,混合型-偏股
023859,富国创业板50ETF发起式联接A,指数型-股票
023860,富国创业板50ETF发起式联接C,指数型-股票
023861,国投瑞银中证A500指数增强A,指数型-股票
023862,国投瑞银中证A500指数增强C,指数型-股票
023863,东财A500A,指数型-股票
023864,东财A500C,指数型-股票
023865,兴业中证A500ETF联接A,指数型-股票
023866,兴业中证A500ETF联接C,指数型-股票
023867,安信永利信用债券D,债券型-混合一级
023868,华宝安盈混合C,混合型-偏债
023869,摩根中证A500指数增强A,指数型-股票
023870,摩根中证A500指数增强C,指数型-股票
023871,人保均衡智选混合A,混合型-偏股
023872,人保均衡智选混合C,混合型-偏股
023873,博时上证综合指数增强A,指数型-股票
023874,博时上证综合指数增强C,指数型-股票
023875,兴全合润混合C,混合型-偏股
023876,申万菱信中证A500ETF联接A,指数型-股票
023877,申万菱信中证A500ETF联接C,指数型-股票
023879,浙商汇金中证A500指数A,指数型-股票
023880,浙商汇金中证A500指数C,指数型-股票
023881,兴全商业模式混合(LOF)C,混合型-偏股
023882,华夏创业板50ETF发起式联接A,指数型-股票
023883,华夏创业板50ETF发起式联接C,指数型-股票
023884,华夏中证金融科技主题ETF发起式联接A,指数型-股票
023885,华夏中证金融科技主题ETF发起式联接C,指数型-股票
023886,永赢北证50成份指数发起A,指数型-股票
023887,永赢北证50成份指数发起C,指数型-股票
023889,国泰海通上证科创板综合价格指数增强A,指数型-股票
023890,国泰海通上证科创板综合价格指数增强C,指数型-股票
023891,博时上证科创板综合价格指数增强A,指数型-股票
023892,博时上证科创板综合价格指数增强C,指数型-股票
023893,大成上证科创板综合指数增强A,指数型-股票
023894,大成上证科创板综合指数增强C,指数型-股票
023895,天弘上证科创板综合指数增强A,指数型-股票
023896,天弘上证科创板综合指数增强C,指数型-股票
023897,华商上证科创板综合指数增强A,指数型-股票
023898,华商上证科创板综合指数增强C,指数型-股票
023899,富达港股通精选混合发起A,混合型-偏股
023900,富达港股通精选混合发起C,混合型-偏股
023901,博道上证科创板综合指数增强A,指数型-股票
023902,博道上证科创板综合指数增强C,指数型-股票
023903,国投瑞银上证科创板综合价格指数增强A,指数型-股票
023904,国投瑞银上证科创板综合价格指数增强C,指数型-股票
023905,中欧上证科创板综合指数A,指数型-股票
023906,中欧上证科创板综合指数C,指数型-股票
023907,富国全球健康生活主题混合(QDII)人民币C,QDII-混合偏股
023908,安信上证科创综指增强发起A,指数型-股票
023909,安信上证科创综指增强发起C,指数型-股票
023911,国联上证科创板综合指数增强A,指数型-股票
023912,国联上证科创板综合指数增强C,指数型-股票
023913,富国上证科创板综合价格指数增强A,指数型-股票
023914,富国上证科创板综合价格指数增强C,指数型-股票
023915,永赢价值发现慧选混合发起A,混合型-偏股
023917,华夏国证自由现金流ETF发起式联接A,指数型-股票
023918,华夏国证自由现金流ETF发起式联接C,指数型-股票
023919,国泰富时现金流ETF联接A,指数型-股票
023920,国泰富时现金流ETF联接C,指数型-股票
023921,联博智远混合A,混合型-偏股
023922,联博智远混合C,混合型-偏股
023924,国泰招享添利六个月持有混合发起E,混合型-偏债
023925,永赢价值发现慧选混合发起C,混合型-偏股
023926,鹏华上证科创板200ETF联接A,指数型-股票
023927,鹏华上证科创板200ETF联接C,指数型-股票
023928,中欧可转债债券E,债券型-混合二级
023929,银华国证港股通创新药ETF发起式联接A,指数型-股票
023930,银华国证港股通创新药ETF发起式联接C,指数型-股票
023931,嘉实价值臻选混合C,混合型-偏股
023932,银华中证A500指数增强A,指数型-股票
023933,银华中证A500指数增强C,指数型-股票
023934,长城上证科创板综合指数A,指数型-股票
023935,长城上证科创板综合指数C,指数型-股票
023937,苏新上证科创综指增强A,指数型-股票
023938,苏新上证科创综指增强C,指数型-股票
023939,泉果研究精选混合A,混合型-灵活
023940,泉果研究精选混合C,混合型-灵活
023941,永赢上证科创板综合指数A,指数型-股票
023942,永赢上证科创板综合指数C,指数型-股票
023943,天弘安和平衡混合A,混合型-灵活
023944,天弘安和平衡混合C,混合型-灵活
023947,嘉实价值精选股票C,股票型
023948,银华品质消费股票C,股票型
023949,银河中证A500ETF联接A,指数型-股票
023950,银河中证A500ETF联接C,指数型-股票
023951,农银平衡价值混合A,混合型-平衡
023952,农银平衡价值混合C,混合型-平衡
023953,汇安嘉盈一年持有期债券E,债券型-混合二级
023954,富国天瑞强势混合C,混合型-灵活
023955,国金安瑞平衡A,混合型-平衡
023956,国金安瑞平衡C,混合型-平衡
023957,景顺长城中证A500指数增强A,指数型-股票
023958,景顺长城中证A500指数增强C,指数型-股票
023959,渤海汇金鑫泉平衡混合发起A,混合型-灵活
023960,渤海汇金鑫泉平衡混合发起C,混合型-灵活
023965,中金中证A500指数增强B,指数型-股票
023966,大成元辰招利债券D,债券型-混合二级
023967,嘉实新消费股票C,股票型
023968,博时创业板50指数A,指数型-股票
023969,博时创业板50指数C,指数型-股票
023970,泰康上证科创板综合指数增强A,指数型-股票
023971,泰康上证科创板综合指数增强C,指数型-股票
023972,博时天颐债券E,债券型-混合二级
023975,兴银中证全指公用事业指数发起A,指数型-股票
023976,兴银中证全指公用事业指数发起C,指数型-股票
023978,天弘安康颐睿一年持有混合D,混合型-偏债
023979,诺德华证价值优选50指数发起式A,指数型-股票
023980,诺德华证价值优选50指数发起式C,指数型-股票
023981,泰信中证A500指数增强A,指数型-股票
023982,泰信中证A500指数增强C,指数型-股票
023988,恒生前海恒源昭利债券E,债券型-混合二级
023989,博时上证科创板人工智能ETF发起式联接E,指数型-股票
023990,博时上证科创板100ETF联接E,指数型-股票
023991,华富恒利债券E,债券型-混合二级
023992,前海开源可转债债券C,债券型-混合二级
023994,中信保诚汇利债券A,债券型-混合二级
023995,中信保诚汇利债券C,债券型-混合二级
023997,平安鼎信债券D,债券型-混合二级
023998,易方达上证科创板综合增强A,指数型-股票
023999,易方达上证科创板综合增强C,指数型-股票
024000,农银上证科创板50指数A,指数型-股票
024001,农银上证科创板50指数C,指数型-股票
024002,汇添富国证自由现金流ETF联接A,指数型-股票
024003,汇添富国证自由现金流ETF联接C,指数型-股票
024004,国联中证A50联接A,指数型-股票
024005,国联中证A50联接C,指数型-股票
024008,圆信永丰瑞盈债券E,债券型-混合二级
024011,万家沪深300ETF联接A,指数型-股票
024012,万家沪深300ETF联接C,指数型-股票
024017,东海合益3个月定开债券发起式A,债券型-混合二级
024018,东海合益3个月定开债券发起式C,债券型-混合二级
024019,东海合益3个月定开债券发起式D,债券型-混合二级
024020,华商创新成长混合发起式C,混合型-灵活
024023,申万菱信行业精选混合A,混合型-偏股
024024,申万菱信行业精选混合C,混合型-偏股
024025,国联安上证科创板综合指数增强A,指数型-股票
024026,国联安上证科创板综合指数增强C,指数型-股票
024027,招商均衡优选混合A,混合型-偏股
024028,招商均衡优选混合C,混合型-偏股
024029,招商港股通红利低波ETF联接A,指数型-股票
024030,招商港股通红利低波ETF联接C,指数型-股票
024033,嘉实上证科创板综合ETF联接A,指数型-股票
024034,嘉实上证科创板综合ETF联接C,指数型-股票
024037,银华港股科技30联接A,指数型-股票
024038,银华港股科技30联接C,指数型-股票
024039,银华港股科技30联接I,指数型-股票
024042,富国恒生A股专精特新企业ETF发起式联接A,指数型-股票
024043,富国恒生A股专精特新企业ETF发起式联接C,指数型-股票
024044,东方红港股通价值优选混合发起A,混合型-偏股
024045,东方红港股通价值优选混合发起C,混合型-偏股
024046,富国致享量化选股股票A,股票型
024047,富国致享量化选股股票C,股票型
024050,华宝中证信息技术应用创新产业ETF发起式联接A,指数型-股票
024051,华宝中证信息技术应用创新产业ETF发起式联接C,指数型-股票
024052,工银科技先锋混合发起式A,混合型-偏股
024053,工银科技先锋混合发起式C,混合型-偏股
024055,大成恒生医疗保健ETF发起式联接(QDII)A,指数型-海外股票
024056,大成恒生医疗保健ETF发起式联接(QDII)C,指数型-海外股票
024059,汇添富中证光伏产业ETF发起式联接A,指数型-股票
024060,汇添富中证光伏产业ETF发起式联接C,指数型-股票
024063,汇添富创业板ETF联接A,指数型-股票
024064,汇添富创业板ETF联接C,指数型-股票
024065,华宝新活力混合I,混合型-灵活
024068,海富通新内需混合D,混合型-灵活
024069,上银中证半导体产业指数发起式A,指数型-股票
024070,上银中证半导体产业指数发起式C,指数型-股票
024071,上银创业板50指数发起式A,指数型-股票
024072,上银创业板50指数发起式C,指数型-股票
024073,上银国证自由现金流指数A,指数型-股票
024074,上银国证自由现金流指数C,指数型-股票
024075,长盛中证A500指数增强A,指数型-股票
024076,长盛中证A500指数增强C,指数型-股票
024077,南方希元可转债债券D,债券型-混合二级
024078,长城国证自由现金流ETF联接A,指数型-股票
024079,长城国证自由现金流ETF联接C,指数型-股票
024080,安信长鑫增强债券D,债券型-混合二级
024081,国联稳健添益债券A,债券型-混合二级
024082,国联稳健添益债券C,债券型-混合二级
024083,浦银科创板综合指数增强A,指数型-股票
024084,浦银科创板综合指数增强C,指数型-股票
024085,兴业上证科创板综合价格ETF联接A,指数型-股票
024086,兴业上证科创板综合价格ETF联接C,指数型-股票
024087,百嘉科技创新混合A,混合型-偏股
024088,百嘉科技创新混合C,混合型-偏股
024089,银华钰丰债券A,债券型-混合二级
024090,银华钰丰债券C,债券型-混合二级
024091,中金中证1000指数增强发起B,指数型-股票
024092,国金安和债券A,债券型-混合二级
024093,国金安和债券C,债券型-混合二级
024094,圆信永丰强化收益E,债券型-混合二级
024095,国寿安保尊兴增强回报债券A,债券型-混合二级
024096,国寿安保尊兴增强回报债券C,债券型-混合二级
024102,浙商汇金锦利增强30天持有期债券A,债券型-混合二级
024103,浙商汇金锦利增强30天持有期债券C,债券型-混合二级
024104,鑫元诚鑫添益债券A,债券型-混合二级
024105,鑫元诚鑫添益债券C,债券型-混合二级
024106,万家裕利债券A,债券型-混合二级
024107,万家裕利债券C,债券型-混合二级
024108,中邮核心成长混合C,混合型-偏股
024110,融通增元债券A,债券型-混合二级
024111,融通增元债券C,债券型-混合二级
024112,华富富源三个月持有期债券A,债券型-混合二级
024113,华富富源三个月持有期债券C,债券型-混合二级
024114,泓德丰泽混合(LOF)C,混合型-偏股
024115,海富通添合收益债券A,债券型-混合二级
024116,海富通添合收益债券C,债券型-混合二级
024117,中欧国证自由现金流指数A,指数型-股票
024118,中欧国证自由现金流指数C,指数型-股票
024120,中邮核心主题混合C,混合型-偏股
024123,华富安顺一年持有期债券A,债券型-混合二级
024124,华富安顺一年持有期债券C,债券型-混合二级
024125,华富安顺一年持有期债券D,债券型-混合二级
024126,太平嘉裕债券A,债券型-混合二级
024127,太平嘉裕债券C,债券型-混合二级
024128,宏利嘉利债券A,债券型-混合二级
024129,宏利嘉利债券C,债券型-混合二级
024130,长盛元赢六个月定开债券,债券型-混合一级
024132,鹏扬合利债券A,债券型-混合二级
024133,鹏扬合利债券C,债券型-混合二级
024134,鹏扬合利债券D,债券型-混合二级
024135,中泰双益债券A,债券型-混合二级
024136,中泰双益债券C,债券型-混合二级
024137,中加聚享昭利120天持有债券A,债券型-混合二级
024138,中加聚享昭利120天持有债券C,债券型-混合二级
024139,鹏华上证180ETF发起式联接I,指数型-股票
024140,鹏华恒生港股通高股息率指数发起式I,指数型-股票
024141,鹏华上证科创综合ETF联接I,指数型-股票
024142,南方深证100ETF联接A,指数型-股票
024143,南方深证100ETF联接C,指数型-股票
024144,华夏中证港股通汽车产业主题ETF发起式联接A,指数型-股票
024145,华夏中证港股通汽车产业主题ETF发起式联接C,指数型-股票
024146,富国深证100ETF联接A,指数型-股票
024147,富国深证100ETF联接C,指数型-股票
024148,长城恒生科技指数(QDII)A,指数型-海外股票
024149,长城恒生科技指数(QDII)C,指数型-海外股票
024150,长城丰泽债券A,债券型-混合二级
024151,长城丰泽债券C,债券型-混合二级
024152,万家稳健增利债券D,债券型-混合一级
024153,华安消费机遇股票发起式A,股票型
024154,华安消费机遇股票发起式C,股票型
024157,鹏华上证科创板新能源ETF发起式联接I,指数型-股票
024158,鹏华沪深300指数量化增强I,指数型-股票
024159,大成港股通机遇混合A,混合型-偏股
024160,大成港股通机遇混合C,混合型-偏股
024161,大成北证50成份指数发起式A,指数型-股票
024162,大成北证50成份指数发起式C,指数型-股票
024164,泰康招享混合D,混合型-偏债
024165,泰康稳健双利债券D,债券型-混合二级
024166,西部利得恒生科技指数(QDII)A,指数型-海外股票
024167,西部利得恒生科技指数(QDII)C,指数型-海外股票
024168,信澳蓝筹精选股票C,股票型
024169,信澳先进智造股票型C,股票型
024170,信澳新能源产业股票C,股票型
024171,信澳医药健康混合C,混合型-偏股
024172,信澳中小盘混合C,混合型-偏股
024173,信澳红利回报混合C,混合型-偏股
024174,东财科创板综指A,指数型-股票
024175,中欧大盘价值混合A,混合型-偏股
024176,中欧大盘价值混合C,混合型-偏股
024179,富国中证500ETF发起式联接A,指数型-股票
024180,富国中证500ETF发起式联接C,指数型-股票
024181,泰信双息双利债券A,债券型-混合二级
024182,兴银上证科创板综合指数增强发起A,指数型-股票
024183,兴银上证科创板综合指数增强发起C,指数型-股票
024184,鹏华国证钢铁行业指数(LOF)I,指数型-股票
024185,东财科创板综指C,指数型-股票
024186,博时沪深300指数I,指数型-股票
024187,信澳消费优选混合C,混合型-偏股
024188,富国均衡投资混合,混合型-偏股
024189,华泰柏瑞恒生消费ETF发起式联接A,指数型-股票
024190,华泰柏瑞恒生消费ETF发起式联接C,指数型-股票
024191,长信先锐混合E,混合型-偏债
024192,国投瑞银中证全指公用事业ETF发起式联接A,指数型-股票
024193,国投瑞银中证全指公用事业ETF发起式联接C,指数型-股票
024194,永赢国证商用卫星通信产业ETF发起联接A,指数型-股票
024195,永赢国证商用卫星通信产业ETF发起联接C,指数型-股票
024196,中金消费升级股票C,股票型
024202,永赢制造升级智选混合发起A,混合型-偏股
024203,永赢制造升级智选混合发起C,混合型-偏股
024205,华夏卓享债券D,债券型-混合二级
024206,长信利鑫债券(LOF)E,债券型-混合一级
024207,信澳产业升级混合C,混合型-偏股
024210,建信鑫稳回报灵活配置混合D,混合型-灵活
024211,建信鑫稳回报灵活配置混合F,混合型-灵活
024212,嘉实稳固收益债券D,债券型-混合二级
024213,嘉实稳宏债券D,债券型-混合二级
024214,华安优势领航混合A,混合型-偏股
024215,华安优势领航混合C,混合型-偏股
024216,汇泉安瑞回报债券A,债券型-混合二级
024217,汇泉安瑞回报债券C,债券型-混合二级
024218,融通中证诚通央企红利ETF联接A,指数型-股票
024219,融通中证诚通央企红利ETF联接C,指数型-股票
024220,汇安中证红利低波动100指数A,指数型-股票
024221,汇安中证红利低波动100指数C,指数型-股票
024222,汇安质选增利债券A,债券型-混合二级
024223,汇安质选增利债券C,债券型-混合二级
024224,国新国证新锐C,混合型-灵活
024225,长城沪深300自由现金流指数A,指数型-股票
024226,长城沪深300自由现金流指数C,指数型-股票
024227,东方红中证港股通高股息投资指数A,指数型-股票
024228,东方红中证港股通高股息投资指数C,指数型-股票
024229,国新国证新利混合C,混合型-灵活
024231,人保中证A50指数增强A,指数型-股票
024232,人保中证A50指数增强C,指数型-股票
024233,国泰多策略收益灵活配置混合E,混合型-灵活
024235,南方沪港深核心优势混合C,混合型-偏股
024237,博时纳斯达克100ETF发起式联接(QDII)I人民币,指数型-海外股票
024238,信澳新财富混合C,混合型-灵活
024239,华夏全球科技先锋混合(QDII)C,QDII-混合偏股
024240,华夏智胜优选混合发起式D,混合型-偏股
024241,鹏华空天军工指数(LOF)I,指数型-股票
024242,鹏华中证A股资源产业指数(LOF)I,指数型-股票
024243,鹏华恒生中国央企ETF发起式联接I,指数型-股票
024244,鹏华北证50成份指数发起式I,指数型-股票
024245,广发上证科创板人工智能ETF发起式联接A,指数型-股票
024246,广发上证科创板人工智能ETF发起式联接C,指数型-股票
024247,工银港股红利ETF联接A,指数型-股票
024248,工银港股红利ETF联接C,指数型-股票
024249,景顺长城上证科创板综合指数增强A,指数型-股票
024250,景顺长城上证科创板综合指数增强C,指数型-股票
024252,申万菱信中证红利指数A,指数型-股票
024253,申万菱信中证红利指数C,指数型-股票
024254,国联中证800指数增强A,指数型-股票
024255,国联中证800指数增强C,指数型-股票
024256,宏利消费红利指数I,指数型-股票
024257,宏利新起点混合C,混合型-灵活
024258,鑫元中证800红利低波动ETF联接I,指数型-股票
024259,大成景兴信用债债券D,债券型-混合一级
024260,长信汇智量化选股混合E,混合型-偏股
024261,中邮先进制造混合发起式A,混合型-偏股
024262,中邮先进制造混合发起式C,混合型-偏股
024263,华夏中证红利质量ETF发起式联接D,指数型-股票
024265,天弘价值驱动混合D,混合型-偏股
024266,融通中证诚通央企ESGETF联接A,指数型-股票
024267,融通中证诚通央企ESGETF联接C,指数型-股票
024268,长信均衡优选混合E,混合型-偏股
024270,诺安策略精选股票C,股票型
024271,恒生前海瑞丰混合A,混合型-偏股
024272,恒生前海瑞丰混合C,混合型-偏股
024273,华夏中证农业主题ETF发起式联接D,指数型-股票
024274,东兴中证A500指数增强A,指数型-股票
024275,东兴中证A500指数增强C,指数型-股票
024279,招商金睿90天持有期债券A,债券型-混合一级
024280,招商金睿90天持有期债券C,债券型-混合一级
024281,景顺长城安悦180天持有期债券A,债券型-混合一级
024282,景顺长城安悦180天持有期债券C,债券型-混合一级
024286,泰康悦享180天持有期债券A,债券型-混合一级
024287,泰康悦享180天持有期债券C,债券型-混合一级
024288,兴业福盛债券A,债券型-混合二级
024289,兴业福盛债券C,债券型-混合二级
024296,华夏6个月持有债券A,债券型-混合二级
024297,华夏6个月持有债券C,债券型-混合二级
024298,浦银中证A500ETF联接A,指数型-股票
024299,浦银中证A500ETF联接C,指数型-股票
024303,财通资管鸿曜90天持有债券A,债券型-混合一级
024304,财通资管鸿曜90天持有债券C,债券型-混合一级
024305,华宝安元债券D,债券型-混合二级
024313,华商沪深300指数增强A,指数型-股票
024314,华商沪深300指数增强C,指数型-股票
024315,南方中证全指家用电器ETF发起联接A,指数型-股票
024316,南方中证全指家用电器ETF发起联接C,指数型-股票
024317,前海开源研究驱动混合A,混合型-偏股
024318,前海开源研究驱动混合C,混合型-偏股
024319,永赢新兴产业智选混合发起A,混合型-偏股
024320,永赢新兴产业智选混合发起C,混合型-偏股
024326,农银中证800自由现金流指数A,指数型-股票
024327,农银中证800自由现金流指数C,指数型-股票
024328,易方达恒生港股通创新药ETF联接发起式A,指数型-股票
024329,易方达恒生港股通创新药ETF联接发起式C,指数型-股票
024330,华夏资源精选混合发起式A,混合型-偏股
024331,华夏资源精选混合发起式C,混合型-偏股
024332,招商中证500增强策略ETF发起式联接A,指数型-股票
024333,招商中证500增强策略ETF发起式联接C,指数型-股票
024337,财通中证A500指数增强A,指数型-股票
024338,财通中证A500指数增强C,指数型-股票
024344,汇添富创新医药混合C,混合型-偏股
024345,浙商汇金上证科创板综合指数A,指数型-股票
024346,浙商汇金上证科创板综合指数C,指数型-股票
024347,金信民达纯债E,债券型-混合一级
024348,中欧国证通用航空产业指数发起A,指数型-股票
024349,中欧国证通用航空产业指数发起C,指数型-股票
024350,建信上证智选科创板创新价值ETF联接A,指数型-股票
024351,建信上证智选科创板创新价值ETF联接C,指数型-股票
024352,长江中证A500指数增强发起A,指数型-股票
024353,长江中证A500指数增强发起C,指数型-股票
024354,国泰红利智选混合A,混合型-偏股
024355,国泰红利智选混合C,混合型-偏股
024356,国泰启明回报混合,混合型-偏股
024357,东方阿尔法健康产业混合发起A,混合型-偏股
024358,东方阿尔法健康产业混合发起C,混合型-偏股
024359,中欧上证科创板综合指数增强A,指数型-股票
024360,中欧上证科创板综合指数增强C,指数型-股票
024361,中欧红利慧选混合发起A,混合型-偏股
024362,中欧红利慧选混合发起C,混合型-偏股
024363,华富中证港股通创新药指数型发起式A,指数型-股票
024364,华富中证港股通创新药指数型发起式C,指数型-股票
024365,华富华证沪深港汽车制造主题指数型发起式A,指数型-股票
024366,华富华证沪深港汽车制造主题指数型发起式C,指数型-股票
024367,华宝沪深300自由现金流ETF联接A,指数型-股票
024368,华宝沪深300自由现金流ETF联接C,指数型-股票
024369,天弘富时自由现金流指数A,指数型-股票
024370,天弘富时自由现金流指数C,指数型-股票
024371,天弘中证港股通央企红利ETF联接A,指数型-股票
024372,天弘中证港股通央企红利ETF联接C,指数型-股票
024373,招商消费悦享混合发起式A,混合型-偏股
024374,招商消费悦享混合发起式C,混合型-偏股
024375,南方中证A500指数增强A,指数型-股票
024376,南方中证A500指数增强C,指数型-股票
024377,易方达科智量化选股股票发起式A,股票型
024378,易方达科智量化选股股票发起式C,股票型
024379,平安港股通医疗创新精选混合A,混合型-偏股
024380,平安港股通医疗创新精选混合C,混合型-偏股
024381,广发中证港股通汽车ETF发起式联接A,指数型-股票
024382,广发中证港股通汽车ETF发起式联接C,指数型-股票
024383,万家上证50ETF发起式联接A,指数型-股票
024384,万家上证50ETF发起式联接C,指数型-股票
024385,国金红利量化选股混合A,混合型-偏股
024386,国金红利量化选股混合C,混合型-偏股
024387,华安沣信债券E,债券型-混合二级
024388,中航智选领航混合发起A,混合型-偏股
024389,中航智选领航混合发起C,混合型-偏股
024390,中信建投上证科创板综合指数增强A,指数型-股票
024391,中信建投上证科创板综合指数增强C,指数型-股票
024393,永赢恒生消费指数发起(QDII)A,指数型-海外股票
024394,永赢恒生消费指数发起(QDII)C,指数型-海外股票
024395,银华兴盛股票C,股票型
024396,东兴产业升级混合发起A,混合型-偏股
024397,东兴产业升级混合发起C,混合型-偏股
024398,浦银港股通央企红利混合A,混合型-偏股
024399,浦银港股通央企红利混合C,混合型-偏股
024400,国投瑞银中证全指自由现金流指数发起式A,指数型-股票
024401,国投瑞银中证全指自由现金流指数发起式C,指数型-股票
024402,渤海汇金中证全指自由现金流指数发起A,指数型-股票
024403,渤海汇金中证全指自由现金流指数发起C,指数型-股票
024406,大成洞察优势混合,混合型-偏股
024407,鑫元中证港股通创新药指数发起式A,指数型-股票
024408,鑫元中证港股通创新药指数发起式C,指数型-股票
024409,鑫元上证科创板人工智能ETF发起式联接A,指数型-股票
024410,鑫元上证科创板人工智能ETF发起式联接C,指数型-股票
024411,华夏上证科创板人工智能ETF联接A,指数型-股票
024412,华夏上证科创板人工智能ETF联接C,指数型-股票
024413,中欧核心价值混合发起A,混合型-偏股
024414,中欧核心价值混合发起C,混合型-偏股
024415,长信沪深300指数量化增强A,指数型-股票
024416,长信沪深300指数量化增强C,指数型-股票
024417,华夏上证科创板半导体材料设备主题ETF发起式联接A,指数型-股票
024418,华夏上证科创板半导体材料设备主题ETF发起式联接C,指数型-股票
024419,华夏创业板新能源ETF发起式联接A,指数型-股票
024420,华夏创业板新能源ETF发起式联接C,指数型-股票
024421,华夏信选混合A,混合型-偏股
024422,华夏信选混合C,混合型-偏股
024423,东方阿尔法科技优选混合发起A,混合型-偏股
024424,东方阿尔法科技优选混合发起C,混合型-偏股
024425,南方稳航120天滚动持有债券A,债券型-混合一级
024426,南方稳航120天滚动持有债券C,债券型-混合一级
024427,中欧价值领航混合,混合型-偏股
024428,鹏华畅享债券D,债券型-混合二级
024429,东方红核心价值混合A,混合型-偏股
024430,东方红核心价值混合C,混合型-偏股
024431,富国均衡配置混合A,混合型-偏股
024432,富国均衡配置混合C,混合型-偏股
024433,嘉实成长共赢混合A,混合型-偏股
024434,嘉实成长共赢混合C,混合型-偏股
024435,天弘品质价值混合A,混合型-偏股
024436,天弘品质价值混合C,混合型-偏股
024437,华安竞争优势混合A,混合型-偏股
024438,华安竞争优势混合C,混合型-偏股
024439,交银瑞安混合A,混合型-偏股
024440,交银瑞安混合C,混合型-偏股
024441,汇添富均衡潜力优选混合A,混合型-偏股
024442,汇添富均衡潜力优选混合C,混合型-偏股
024443,华夏瑞享回报混合A,混合型-偏股
024444,华夏瑞享回报混合C,混合型-偏股
024445,工银泓裕回报混合,混合型-偏股
024446,中欧大盘智选混合发起A,混合型-偏股
024447,中欧大盘智选混合发起C,混合型-偏股
024448,广发价值稳进混合A,混合型-偏股
024449,广发价值稳进混合C,混合型-偏股
024450,易方达成长进取混合A,混合型-偏股
024451,易方达成长进取混合C,混合型-偏股
024452,博时卓睿成长股票A,股票型
024453,博时卓睿成长股票C,股票型
024454,景顺长城成长同行混合,混合型-偏股
024455,银华成长智选混合A,混合型-偏股
024456,银华成长智选混合C,混合型-偏股
024457,安信价值共赢混合A,混合型-偏股
024458,安信价值共赢混合C,混合型-偏股
024459,华商致远回报混合A,混合型-偏股
024460,华商致远回报混合C,混合型-偏股
024461,宏利睿智领航混合A,混合型-偏股
024462,南方瑞享混合A,混合型-偏股
024463,南方瑞享混合C,混合型-偏股
024464,招商价值严选混合,混合型-偏股
024465,万家新机遇同享混合A,混合型-偏股
024466,万家新机遇同享混合C,混合型-偏股
024467,鹏华共赢未来混合A,混合型-偏股
024468,鹏华共赢未来混合C,混合型-偏股
024469,大成至臻回报混合A,混合型-偏股
024470,大成至臻回报混合C,混合型-偏股
024471,平安价值优享混合A,混合型-偏股
024472,平安价值优享混合C,混合型-偏股
024473,信澳优势行业混合A,混合型-偏股
024474,兴全合熙混合A,混合型-偏股
024475,兴全合熙混合C,混合型-偏股
024476,南华科技创新混合发起A,混合型-偏股
024477,南华科技创新混合发起C,混合型-偏股
024478,鑫元创业AI指数发起式A,指数型-股票
024479,鑫元创业AI指数发起式C,指数型-股票
024480,财通品质甄选混合A,混合型-偏股
024481,财通品质甄选混合C,混合型-偏股
024482,嘉合磐恒债券D,债券型-混合二级
024483,东吴裕盈平衡混合A,混合型-平衡
024484,东吴裕盈平衡混合C,混合型-平衡
024485,东吴裕盈平衡混合D,混合型-平衡
024486,东吴裕盈平衡混合E,混合型-平衡
024487,东吴裕盈平衡混合F,混合型-平衡
024491,平安中证A50ETF联接E,指数型-股票
024492,平安创业板ETF联接E,指数型-股票
024497,鑫元华证沪深港红利50指数I,指数型-股票
024498,宏利睿智领航混合C,混合型-偏股
024499,兴华景和混合发起A,混合型-偏股
024500,兴华景和混合发起C,混合型-偏股
024501,招商科技智选混合发起式A,混合型-偏股
024502,招商科技智选混合发起式C,混合型-偏股
024504,平安中证新能车ETF联接E,指数型-股票
024509,泓德上证科创板综合指数增强A,指数型-股票
024510,泓德上证科创板综合指数增强C,指数型-股票
024511,广发恒荣三个月持有期混合E,混合型-偏债
024528,工银稳健添益债券A,债券型-混合二级
024529,工银稳健添益债券C,债券型-混合二级
024534,平安港股通科技精选混合A,混合型-偏股
024535,平安港股通科技精选混合C,混合型-偏股
024542,平安中证汽车零部件主题ETF联接E,指数型-股票
024543,平安MSCI中国A股国际ETF联接E,指数型-股票
024544,平安中证港股医药ETF联接E,指数型-股票
024545,平安富时中国国企开放共赢ETF联接E,指数型-股票
024546,平安300ETF联接E,指数型-股票
024556,平安500ETF联接E,指数型-股票
024557,平安中证消费电子主题ETF发起式联接E,指数型-股票
024558,平安鑫享混合D,混合型-灵活
024560,华宝上证科创板人工智能ETF发起式联接A,指数型-股票
024561,华宝上证科创板人工智能ETF发起式联接C,指数型-股票
024564,易方达中证红利价值ETF联接A,指数型-股票
024565,易方达中证红利价值ETF联接C,指数型-股票
024566,易方达国证自由现金流ETF联接A,指数型-股票
024567,易方达国证自由现金流ETF联接C,指数型-股票
024570,银华国证自由现金流ETF联接A,指数型-股票
024571,银华国证自由现金流ETF联接C,指数型-股票
024574,嘉实国证自由现金流ETF联接A,指数型-股票
024575,嘉实国证自由现金流ETF联接C,指数型-股票
024576,永赢沪深300指数增强A,指数型-股票
024577,永赢沪深300指数增强C,指数型-股票
024578,万家中证800自由现金流ETF联接A,指数型-股票
024579,万家中证800自由现金流ETF联接C,指数型-股票
024582,汇添富稳惠6个月持有债券A,债券型-混合一级
024583,汇添富稳惠6个月持有债券C,债券型-混合一级
024584,华泰保兴上证科创板综合指数增强发起A,指数型-股票
024585,华泰保兴上证科创板综合指数增强发起C,指数型-股票
024588,人保鑫利债券E,债券型-混合二级
024590,中欧港股通机遇混合发起A,混合型-偏股
024591,中欧港股通机遇混合发起C,混合型-偏股
024592,圆信永丰科技驱动混合发起A,混合型-偏股
024593,圆信永丰科技驱动混合发起C,混合型-偏股
024594,财通华晟量化选股混合A,混合型-偏股
024595,财通华晟量化选股混合C,混合型-偏股
024596,财通成长量化选股混合A,混合型-偏股
024597,财通成长量化选股混合C,混合型-偏股
024598,兴业医疗创新混合发起式A,混合型-偏股
024599,兴业医疗创新混合发起式C,混合型-偏股
024600,招商资管中证机器人指数发起A,指数型-股票
024601,招商资管中证机器人指数发起C,指数型-股票
024602,方正富邦中证全指自由现金流ETF联接A,指数型-股票
024603,方正富邦中证全指自由现金流ETF联接C,指数型-股票
024605,前海开源上证科创板50成份指数A,指数型-股票
024606,前海开源上证科创板50成份指数C,指数型-股票
024608,上银新兴价值成长混合C,混合型-灵活
024609,平安上证180ETF联接E,指数型-股票
024610,平安中证人工智能主题ETF发起式联接E,指数型-股票
024611,平安上证红利低波动指数E,指数型-股票
024613,摩根沪深300自由现金流ETF联接A,指数型-股票
024614,摩根沪深300自由现金流ETF联接C,指数型-股票
024615,天弘稳健回报债券发起D,债券型-混合二级
024616,大成中证全指自由现金流ETF发起式联接A,指数型-股票
024617,大成中证全指自由现金流ETF发起式联接C,指数型-股票
024618,平安中证光伏产业指数E,指数型-股票
024619,嘉实中证机器人ETF发起联接A,指数型-股票
024620,嘉实中证机器人ETF发起联接C,指数型-股票
024621,华泰柏瑞锦华债券D,债券型-混合二级
024622,华泰柏瑞中证全指自由现金流ETF联接A,指数型-股票
024623,华泰柏瑞中证全指自由现金流ETF联接C,指数型-股票
024624,苏新中证800自由现金流指数A,指数型-股票
024625,苏新中证800自由现金流指数C,指数型-股票
024626,华富沪深300指数增强A,指数型-股票
024627,华富沪深300指数增强C,指数型-股票
024628,华夏房地产ETF联接D,指数型-股票
024629,华夏中证新能源汽车ETF发起式联接D,指数型-股票
024630,兴银中证红利低波动指数发起A,指数型-股票
024631,兴银中证红利低波动指数发起C,指数型-股票
024632,中欧消费精选混合发起A,混合型-偏股
024633,中欧消费精选混合发起C,混合型-偏股
024634,招商上证科创板综合价格指数增强发起式A,指数型-股票
024635,招商上证科创板综合价格指数增强发起式C,指数型-股票
024636,招商沪深300增强策略ETF发起式联接A,指数型-股票
024637,招商沪深300增强策略ETF发起式联接C,指数型-股票
024638,永赢汇达6个月持有混合A,混合型-偏债
024639,永赢汇达6个月持有混合C,混合型-偏债
024640,中欧化工产业混合发起A,混合型-偏股
024641,中欧化工产业混合发起C,混合型-偏股
024642,华夏中证银行ETF联接D,指数型-股票
024643,华夏食品饮料ETF联接D,指数型-股票
024645,平安瑞和6个月持有混合A,混合型-偏债
024646,平安瑞和6个月持有混合C,混合型-偏债
024647,中欧制造升级混合发起A,混合型-偏股
024648,中欧制造升级混合发起C,混合型-偏股
024650,前海开源中证A500指数增强A,指数型-股票
024651,前海开源中证A500指数增强C,指数型-股票
024652,汇添富稳安三个月持有债券D,债券型-混合一级
024655,鹏华中证800自由现金流ETF联接A,指数型-股票
024656,鹏华中证800自由现金流ETF联接C,指数型-股票
024657,鹏华中证800自由现金流ETF联接I,指数型-股票
024658,国联价值均衡混合A,混合型-灵活
024659,国联价值均衡混合C,混合型-灵活
024661,国联鑫价值混合B,混合型-灵活
024662,富国创业板人工智能ETF发起式联接A,指数型-股票
024663,富国创业板人工智能ETF发起式联接C,指数型-股票
024665,上银上证科创板综合指数增强发起式A,指数型-股票
024666,上银上证科创板综合指数增强发起式C,指数型-股票
024667,富安达优势成长混合C,混合型-偏股
024669,华商中证800指数增强A,指数型-股票
024670,华商中证800指数增强C,指数型-股票
024672,永赢价值回报混合A,混合型-偏股
024673,永赢价值回报混合C,混合型-偏股
024674,兴合景气智选混合发起式A,混合型-偏股
024675,兴合景气智选混合发起式C,混合型-偏股
024676,万家多元价值混合发起式A,混合型-偏股
024677,万家多元价值混合发起式C,混合型-偏股
024678,东海产业优选混合发起式A,混合型-偏股
024679,东海产业优选混合发起式C,混合型-偏股
024680,东海产业优选混合发起式D,混合型-偏股
024682,民生加银成长优选股票C,股票型
024683,东海价值臻选混合A,混合型-偏股
024684,东海价值臻选混合C,混合型-偏股
024685,东海价值臻选混合D,混合型-偏股
024686,东海价值臻选混合E,混合型-偏股
024687,东海产业优选混合发起式E,混合型-偏股
024688,富国国证通用航空产业ETF发起式联接A,指数型-股票
024689,富国国证通用航空产业ETF发起式联接C,指数型-股票
024691,鑫元新兴产业睿选混合发起式A,混合型-偏股
024692,鑫元新兴产业睿选混合发起式C,混合型-偏股
024693,鑫元消费睿选混合发起式A,混合型-偏股
024694,鑫元消费睿选混合发起式C,混合型-偏股
024697,华夏信远一年持有混合A,混合型-偏股
024698,华夏信远一年持有混合B,混合型-偏股
024699,华夏信远一年持有混合C,混合型-偏股
024700,嘉实中证港股通创新药ETF发起联接A,指数型-股票
024701,嘉实中证港股通创新药ETF发起联接C,指数型-股票
024702,嘉实中证港股通汽车产业主题指数发起式A,指数型-股票
024703,嘉实中证港股通汽车产业主题指数发起式C,指数型-股票
024704,中银增利债券D,债券型-混合一级
024705,嘉实中证港股通高股息投资ETF发起联接A,指数型-股票
024706,嘉实中证港股通高股息投资ETF发起联接C,指数型-股票
024707,中金恒瑞债券A,债券型-混合一级
024708,中金恒瑞债券C,债券型-混合一级
024709,中金精选股票A,股票型
024710,中金精选股票C,股票型
024711,中金新锐股票A,股票型
024712,中金新锐股票C,股票型
024713,博时国证大盘价值ETF联接A,指数型-股票
024714,博时国证大盘价值ETF联接C,指数型-股票
024715,大成中证800指数增强发起式A,指数型-股票
024716,大成中证800指数增强发起式C,指数型-股票
024717,汇安成长领航混合A,混合型-偏股
024718,汇安成长领航混合C,混合型-偏股
024725,南方创业板人工智能ETF联接A,指数型-股票
024726,南方创业板人工智能ETF联接C,指数型-股票
024727,工银臻选回报混合,混合型-偏股
024729,兴业先进制造混合发起式A,混合型-偏股
024730,兴业先进制造混合发起式C,混合型-偏股
024731,富国双利增强债券E,债券型-混合二级
024732,鹏华上证科创板生物医药ETF发起式联接A,指数型-股票
024733,鹏华上证科创板生物医药ETF发起式联接C,指数型-股票
024734,鹏华上证科创板生物医药ETF发起式联接I,指数型-股票
024735,永赢港股通科技智选混合发起A,混合型-偏股
024736,永赢港股通科技智选混合发起C,混合型-偏股
024737,永赢新材料智选混合发起A,混合型-偏股
024738,永赢新材料智选混合发起C,混合型-偏股
024739,华泰柏瑞中证港股通科技ETF发起式联接A,指数型-股票
024740,华泰柏瑞中证港股通科技ETF发起式联接C,指数型-股票
024741,人保上证科创板综合指数增强A,指数型-股票
024742,人保上证科创板综合指数增强C,指数型-股票
024743,浦银北证50成份指数A,指数型-股票
024744,浦银北证50成份指数C,指数型-股票
024745,汇添富中证800自由现金流ETF联接A,指数型-股票
024746,汇添富中证800自由现金流ETF联接C,指数型-股票
024747,兴全欣越混合D,混合型-偏股
024748,博时中证卫星产业指数A,指数型-股票
024749,博时中证卫星产业指数C,指数型-股票
024750,兴业上证科创板人工智能指数A,指数型-股票
024751,兴业上证科创板人工智能指数C,指数型-股票
024752,华宝科创板综合增强策略ETF联接A,指数型-股票
024753,华宝科创板综合增强策略ETF联接C,指数型-股票
024754,天弘港股红利高股息指数E,指数型-股票
024755,招商晟元价值驱动混合C,混合型-偏股
024756,国联安安泰灵活配置混合C,混合型-灵活
024761,富国中证800自由现金流ETF联接A,指数型-股票
024762,富国中证800自由现金流ETF联接C,指数型-股票
024763,富国上证科创板人工智能ETF发起式联接A,指数型-股票
024764,富国上证科创板人工智能ETF发起式联接C,指数型-股票
024765,诺安优化收益债券A,债券型-混合一级
024766,华宝国证通用航空产业ETF发起式联接A,指数型-股票
024767,华宝国证通用航空产业ETF发起式联接C,指数型-股票
024768,汇添富中证机器人ETF发起式联接A,指数型-股票
024769,汇添富中证机器人ETF发起式联接C,指数型-股票
024770,华富中证全指自由现金流ETF联接A,指数型-股票
024771,华富中证全指自由现金流ETF联接C,指数型-股票
024772,摩根标普港股通低波红利ETF发起式联接A,指数型-股票
024773,摩根标普港股通低波红利ETF发起式联接C,指数型-股票
024774,永赢上证科创板人工智能指数发起A,指数型-股票
024775,永赢上证科创板人工智能指数发起C,指数型-股票
024776,永赢上证科创板人工智能指数发起E,指数型-股票
024777,金鹰中证全指自由现金流指数A,指数型-股票
024778,金鹰中证全指自由现金流指数B,指数型-股票
024779,金鹰中证全指自由现金流指数C,指数型-股票
024780,金鹰中证全指自由现金流指数D,指数型-股票
024781,华夏信盈一年持有债券,债券型-混合一级
024782,华夏债券增强六个月持有债券A,债券型-混合二级
024783,华夏债券增强六个月持有债券C,债券型-混合二级
024784,华夏债券优化一年持有债券A,债券型-混合二级
024785,华夏债券优化一年持有债券C,债券型-混合二级
024786,汇添富港股通红利回报混合发起式A,混合型-偏股
024787,汇添富港股通红利回报混合发起式C,混合型-偏股
024788,光大国证通用航空产业指数发起式A,指数型-股票
024789,光大国证通用航空产业指数发起式C,指数型-股票
024790,鑫元产业机遇混合A,混合型-偏股
024791,鑫元产业机遇混合C,混合型-偏股
024792,鑫元中证800自由现金流指数A,指数型-股票
024793,鑫元中证800自由现金流指数C,指数型-股票
024794,鑫元医药睿选混合发起式A,混合型-偏股
024795,鑫元医药睿选混合发起式C,混合型-偏股
024796,兴业科技创新混合发起式A,混合型-偏股
024797,兴业科技创新混合发起式C,混合型-偏股
024800,华夏品质生活混合A,混合型-偏股
024801,华夏品质生活混合C,混合型-偏股
024802,华夏臻选价值成长混合A,混合型-偏股
024803,华夏臻选价值成长混合C,混合型-偏股
024804,华夏量化选股股票A,股票型
024805,华夏量化选股股票C,股票型
024806,华夏稳健回报混合A,混合型-偏股
024807,华夏稳健回报混合C,混合型-偏股
024808,华夏成长动力混合A,混合型-偏股
024809,华夏成长动力混合C,混合型-偏股
024812,富国消费优选混合A,混合型-偏股
024813,富国消费优选混合C,混合型-偏股
024814,汇添富沪深300自由现金流ETF联接A,指数型-股票
024815,汇添富沪深300自由现金流ETF联接C,指数型-股票
024816,东方红中证A500指数增强A,指数型-股票
024817,东方红中证A500指数增强C,指数型-股票
024818,中欧医药生物混合发起A,混合型-偏股
024819,中欧医药生物混合发起C,混合型-偏股
024820,国富国证港股通科技指数A,指数型-股票
024821,国富国证港股通科技指数C,指数型-股票
024824,招商医药精选混合发起式A,混合型-偏股
024825,招商医药精选混合发起式C,混合型-偏股
024826,东兴低碳经济混合发起A,混合型-偏股
024827,东兴低碳经济混合发起C,混合型-偏股
024828,建信北证50成份指数发起A,指数型-股票
024829,建信北证50成份指数发起C,指数型-股票
024830,西部利得资源鑫选混合发起A,混合型-偏股
024831,西部利得资源鑫选混合发起C,混合型-偏股
024832,广发北证50成份指数F,指数型-股票
024833,博时中证全指自由现金流ETF联接A,指数型-股票
024834,博时中证全指自由现金流ETF联接C,指数型-股票
024835,博时中证全指自由现金流ETF联接E,指数型-股票
024836,中欧港股通科技混合发起A,混合型-偏股
024837,中欧港股通科技混合发起C,混合型-偏股
024838,大成匠心卓越三年持有混合D,混合型-偏股
024841,信澳高端装备混合A,混合型-偏股
024842,信澳高端装备混合C,混合型-偏股
024846,富国中国中小盘混合(QDII)人民币C,QDII-混合偏股
024847,国投瑞银中证港股通科技指数发起式A,指数型-股票
024848,国投瑞银中证港股通科技指数发起式C,指数型-股票
024852,大成弘远回报一年持有混合D,混合型-偏股
024853,国泰上证科创板芯片ETF发起联接A,指数型-股票
024854,国泰上证科创板芯片ETF发起联接C,指数型-股票
024855,天弘沪深300指数量化增强A,指数型-股票
024856,天弘沪深300指数量化增强C,指数型-股票
024857,天弘创业板指数量化增强A,指数型-股票
024858,天弘创业板指数量化增强C,指数型-股票
024859,中银信用增利(LOF)D,债券型-混合一级
024860,永赢中证港股通医疗主题ETF发起联接A,指数型-股票
024861,永赢中证港股通医疗主题ETF发起联接C,指数型-股票
024862,万家创业板50ETF联接A,指数型-股票
024863,万家创业板50ETF联接C,指数型-股票
024864,富国恒生港股通汽车主题ETF发起式联接A,指数型-股票
024865,富国恒生港股通汽车主题ETF发起式联接C,指数型-股票
024866,圆信永丰新材料混合发起A,混合型-偏股
024867,圆信永丰新材料混合发起C,混合型-偏股
024870,中金中证800指数增强A,指数型-股票
024871,中金中证800指数增强C,指数型-股票
024872,农银中证红利低波动100指数A,指数型-股票
024873,农银中证红利低波动100指数C,指数型-股票
024874,嘉实上证科创板人工智能ETF发起联接A,指数型-股票
024875,嘉实上证科创板人工智能ETF发起联接C,指数型-股票
024877,博时中证A500指数增强A,指数型-股票
024878,博时中证A500指数增强C,指数型-股票
024879,华夏上证科创板综合指数增强A,指数型-股票
024880,华夏上证科创板综合指数增强C,指数型-股票
024881,南方创业板200ETF联接A,指数型-股票
024882,南方创业板200ETF联接C,指数型-股票
024883,鹏华上证科创板综合指数增强A,指数型-股票
024884,鹏华上证科创板综合指数增强C,指数型-股票
024885,天弘港股科技ETF联接A,指数型-股票
024886,天弘港股科技ETF联接C,指数型-股票
024887,平安中证全指自由现金流ETF联接A,指数型-股票
024888,平安中证全指自由现金流ETF联接C,指数型-股票
024889,信澳优势行业混合C,混合型-偏股
024891,中欧上证科创板综合指数量化增强A,指数型-股票
024892,中欧上证科创板综合指数量化增强C,指数型-股票
024893,易方达中证国资央企50ETF联接发起式A,指数型-股票
024894,易方达中证国资央企50ETF联接发起式C,指数型-股票
024895,泰康资源精选股票发起A,股票型
024896,泰康资源精选股票发起C,股票型
024898,国投瑞银上证科创板人工智能指数发起式A,指数型-股票
024899,国投瑞银上证科创板人工智能指数发起式C,指数型-股票
024900,西部利得专精特新量化选股混合A,混合型-偏股
024901,西部利得专精特新量化选股混合C,混合型-偏股
024902,中银中证全指自由现金流ETF联接A,指数型-股票
024903,中银中证全指自由现金流ETF联接C,指数型-股票
024904,招商资管中证全指自由现金流指数发起A,指数型-股票
024905,招商资管中证全指自由现金流指数发起C,指数型-股票
024906,中加沪深300红利低波动指数A,指数型-股票
024907,中加沪深300红利低波动指数C,指数型-股票
024908,诺安汇利混合D,混合型-灵活
024911,华夏经典回报混合,混合型-偏股
024912,华夏国证通用航空产业ETF发起式联接A,指数型-股票
024913,华夏国证通用航空产业ETF发起式联接C,指数型-股票
024914,华夏红利价值混合A,混合型-偏股
024915,华夏红利价值混合B,混合型-偏股
024916,华夏红利价值混合C,混合型-偏股
024917,华夏红利价值混合D,混合型-偏股
024918,华夏红利价值混合E,混合型-偏股
024919,易方达港股通红利混合C,混合型-灵活
024920,大成创业板50ETF联接A,指数型-股票
024921,大成创业板50ETF联接C,指数型-股票
024922,大成创业板50ETF联接E,指数型-股票
024923,招商资管智达红利优选混合发起A,混合型-偏股
024924,招商资管智达红利优选混合发起C,混合型-偏股
024926,交银恒生港股通创新药精选指数A,指数型-股票
024927,交银恒生港股通创新药精选指数C,指数型-股票
024928,华夏卓越成长混合A,混合型-偏股
024929,华夏卓越成长混合B,混合型-偏股
024930,华夏卓越成长混合C,混合型-偏股
024931,华夏卓越成长混合D,混合型-偏股
024932,华夏卓越成长混合E,混合型-偏股
024933,华夏臻选回报混合A,混合型-偏股
024934,华夏臻选回报混合B,混合型-偏股
024935,华夏臻选回报混合C,混合型-偏股
024936,交银安心收益债券C,债券型-混合二级
024937,南方益稳稳健增利债券A,债券型-混合二级
024938,南方益稳稳健增利债券C,债券型-混合二级
024939,鹏华中证电信主题ETF发起式联接A,指数型-股票
024940,鹏华中证电信主题ETF发起式联接C,指数型-股票
024941,银华钰盈债券A,债券型-混合二级
024942,银华钰盈债券C,债券型-混合二级
024943,华夏上证580ETF联接A,指数型-股票
024944,华夏上证580ETF联接C,指数型-股票
024945,国联稳健鑫益债券A,债券型-混合二级
024946,国联稳健鑫益债券C,债券型-混合二级
024947,招商瑞锦回报债券A,债券型-混合二级
024948,招商瑞锦回报债券C,债券型-混合二级
024949,易方达上证380ETF联接A,指数型-股票
024950,易方达上证380ETF联接C,指数型-股票
024951,易方达上证580ETF联接A,指数型-股票
024952,易方达上证580ETF联接C,指数型-股票
024954,长城兴达债券A,债券型-混合二级
024955,长城兴达债券C,债券型-混合二级
024956,平安添享6个月持有债券A,债券型-混合二级
024957,平安添享6个月持有债券C,债券型-混合二级
024958,富国稳健添荣债券A,债券型-混合二级
024959,富国稳健添荣债券C,债券型-混合二级
024962,宏利集享债券A,债券型-混合二级
024963,宏利集享债券C,债券型-混合二级
024964,南方多元价值一年持有混合A,混合型-偏股
024965,南方多元价值一年持有混合C,混合型-偏股
024966,中欧稳健添悦债券A,债券型-混合二级
024967,中欧稳健添悦债券C,债券型-混合二级
024968,鑫元悦鑫添益债券A,债券型-混合二级
024969,鑫元悦鑫添益债券C,债券型-混合二级
024970,富国稳健添辰债券E,债券型-混合二级
024972,景顺长城中证芯片产业ETF联接A,指数型-股票
024973,景顺长城中证芯片产业ETF联接C,指数型-股票
024974,华泰柏瑞上证科创板半导体材料设备主题ETF发起式联接A,指数型-股票
024975,华泰柏瑞上证科创板半导体材料设备主题ETF发起式联接C,指数型-股票
024978,易方达科创200ETF联接A,指数型-股票
024979,易方达科创200ETF联接C,指数型-股票
024980,汇添富上证科创板50成份ETF发起式联接A,指数型-股票
024981,汇添富上证科创板50成份ETF发起式联接C,指数型-股票
024982,国泰创业板医药ETF联接A,指数型-股票
024983,国泰创业板医药ETF联接C,指数型-股票
024985,华宝中证制药ETF发起联接A,指数型-股票
024986,华宝中证制药ETF发起联接C,指数型-股票
024987,鹏华稳健添利债券D,债券型-混合二级
024988,广发集远债券E,债券型-混合二级
024989,信澳信用债债券F,债券型-混合二级
024992,汇添富上证科创板200指数发起式A,指数型-股票
024993,汇添富上证科创板200指数发起式C,指数型-股票
024995,汇添富稳颐优选债券A,债券型-混合二级
024996,汇添富稳颐优选债券C,债券型-混合二级
024997,前海开源兴和债券A,债券型-混合二级
024998,前海开源兴和债券C,债券型-混合二级
024999,中航祥泰债券发起C,债券型-混合二级
025000,国泰海通稳健泰裕债券发起A,债券型-混合二级
025001,国泰海通稳健泰裕债券发起C,债券型-混合二级
025002,交银产业臻选混合,混合型-偏股
025003,泰信中证全指自由现金流指数A,指数型-股票
025004,泰信中证全指自由现金流指数C,指数型-股票
025005,泰信上证科创板综合指数增强A,指数型-股票
025006,泰信上证科创板综合指数增强C,指数型-股票
025007,国泰海通中证500指数增强Y,指数型-股票
025008,宏利沪深300指数增强Y,指数型-股票
025009,华夏创业板ETF联接Y,指数型-股票
025010,招商沪深300指数增强Y,指数型-股票
025011,财通华裕量化选股股票A,股票型
025012,财通华裕量化选股股票C,股票型
025013,天弘中证500指数量化增强A,指数型-股票
025014,天弘中证500指数量化增强C,指数型-股票
025017,华富医疗创新混合发起式A,混合型-偏股
025018,华富医疗创新混合发起式C,混合型-偏股
025019,交银稳固收益债券D,债券型-混合二级
025020,博道中证全指指数增强A,指数型-股票
025021,博道中证全指指数增强C,指数型-股票
025022,浦银医疗创新混合A,混合型-偏股
025023,浦银医疗创新混合C,混合型-偏股
025024,华商港股通价值回报混合,混合型-偏股
025027,东财科创50ETF联接A,指数型-股票
025028,东财科创50ETF联接C,指数型-股票
025034,中信保诚中证A500指数增强A,指数型-股票
025035,中信保诚中证A500指数增强C,指数型-股票
025038,博道中证500增强Y,指数型-股票
025039,东方红汇明债券A,债券型-混合二级
025040,东方红汇明债券C,债券型-混合二级
025041,国金中证全指指数增强A,指数型-股票
025042,国金中证全指指数增强C,指数型-股票
025043,天弘中证500指数增强Y,指数型-股票
025048,民生加银增强收益债券E,债券型-混合二级
025049,民生加银鑫喜混合C,混合型-灵活
025055,民生加银鑫享债券E,债券型-混合一级
025056,富国医药成长30股票C,股票型
025057,易方达价值回报混合,混合型-偏股
025058,中欧核心智选混合A,混合型-偏股
025059,中欧核心智选混合C,混合型-偏股
025060,国泰优质核心混合A,混合型-偏股
025061,国泰优质核心混合C,混合型-偏股
025062,长城集利债券发起式E,债券型-混合二级
025064,民生加银鑫福混合E,混合型-灵活
025065,平安研究驱动混合A,混合型-偏股
025066,平安研究驱动混合C,混合型-偏股
025067,建信医疗创新股票C,股票型
025068,建信医疗创新股票A,股票型
025069,景顺长城高端装备股票,股票型
025070,东方红医疗创新混合(QDII)A,QDII-混合偏股
025071,东方红医疗创新混合(QDII)C,QDII-混合偏股
025073,南方瑞景混合A,混合型-偏股
025074,南方瑞景混合C,混合型-偏股
025075,汇添富成长优选混合A,混合型-偏股
025076,汇添富成长优选混合C,混合型-偏股
025077,华泰柏瑞制造业主题混合A,混合型-偏股
025078,华泰柏瑞制造业主题混合C,混合型-偏股
025082,摩根慧启成长混合A,混合型-偏股
025083,摩根慧启成长混合C,混合型-偏股
025087,富国安景120天滚动持有债券发起式A,债券型-混合一级
025088,富国安景120天滚动持有债券发起式C,债券型-混合一级
025090,百嘉百裕成长混合发起式A,混合型-偏股
025091,百嘉百裕成长混合发起式C,混合型-偏股
025092,天弘匠心回报债券A,债券型-混合二级
025093,天弘匠心回报债券C,债券型-混合二级
025094,广发均衡成长混合F,混合型-偏股
025096,鑫元挚享180天持有债券A,债券型-混合一级
025097,鑫元挚享180天持有债券C,债券型-混合一级
025101,信澳鑫诚3个月持有期债券A,债券型-混合二级
025102,信澳鑫诚3个月持有期债券C,债券型-混合二级
025103,博道惠泓价值成长混合,混合型-偏股
025105,南方上证科创板人工智能ETF发起联接A,指数型-股票
025106,南方上证科创板人工智能ETF发起联接C,指数型-股票
025107,南方中证全指电子行业指数A,指数型-股票
025108,南方中证全指电子行业指数C,指数型-股票
025111,中金中证500指数增强B,指数型-股票
025112,恒生前海港股通价值混合E,混合型-偏股
025116,天弘裕新混合E,混合型-偏债
025119,宏利盛享债券A,债券型-混合二级
025120,宏利盛享债券C,债券型-混合二级
025125,金鹰中证A500指数发起B,指数型-股票
025126,金鹰中证A500指数发起D,指数型-股票
025127,鹏华中证香港银行指数(LOF)I,指数型-股票
025128,中欧多利债券E,债券型-混合二级
025129,金信深圳成长混合E,混合型-灵活
025130,鹏华中证银行指数(LOF)I,指数型-股票
025133,万家可转债债券D,债券型-混合一级
025136,鹏华中证信息技术指数(LOF)I,指数型-股票
025137,鹏华中证医药指数(LOF)I,指数型-股票
025139,鹏华中证A500ETF联接I,指数型-股票
025140,鹏华中证国防指数(LOF)I,指数型-股票
025141,鹏华中证全指证券公司指数(LOF)I,指数型-股票
025142,华富富泽六个月持有期债券A,债券型-混合二级
025143,华富富泽六个月持有期债券C,债券型-混合二级
025144,华富安颐九个月持有期债券A,债券型-混合二级
025145,华富安颐九个月持有期债券C,债券型-混合二级
025146,华富裕诚一年持有期债券A,债券型-混合一级
025147,华富裕诚一年持有期债券C,债券型-混合一级
025148,华富裕诚一年持有期债券D,债券型-混合一级
025149,华富福盛一年持有期混合A,混合型-偏债
025150,华富福盛一年持有期混合C,混合型-偏债
025151,华富福盛一年持有期混合D,混合型-偏债
025152,华富安康三个月持有期债券A,债券型-混合二级
025153,华富安康三个月持有期债券C,债券型-混合二级
025154,华富安和债券A,债券型-混合二级
025155,华富安和债券C,债券型-混合二级
025156,华泰保兴兴元债券A,债券型-混合二级
025157,华泰保兴兴元债券C,债券型-混合二级
025163,长盛积极配置债券C,债券型-混合二级
025164,易方达创业板增强A,指数型-股票
025165,易方达创业板增强C,指数型-股票
025166,汇添富恒生港股通中国科技ETF联接A,指数型-股票
025167,汇添富恒生港股通中国科技ETF联接C,指数型-股票
025168,永赢国证自由现金流ETF联接A,指数型-股票
025169,永赢国证自由现金流ETF联接C,指数型-股票
025170,博时创业板指数增强A,指数型-股票
025171,博时创业板指数增强C,指数型-股票
025172,德邦医疗创新混合发起式A,混合型-偏股
025173,德邦医疗创新混合发起式C,混合型-偏股
025174,长城港股医疗保健精选混合发起(QDII)A,QDII-混合偏股
025175,长城港股医疗保健精选混合发起(QDII)C,QDII-混合偏股
025178,汇添富双鑫添利债券D,债券型-混合二级
025181,浦银港股通科技指数A,指数型-股票
025182,浦银港股通科技指数C,指数型-股票
025184,中银品质新兴混合A,混合型-偏股
025185,中银品质新兴混合C,混合型-偏股
025186,中银中证港股通互联网指数发起A,指数型-股票
025187,中银中证港股通互联网指数发起C,指数型-股票
025188,前海开源沪港深裕鑫D,混合型-灵活
025189,交银中证港股通央企红利指数A,指数型-股票
025190,交银中证港股通央企红利指数C,指数型-股票
025191,富国成长策略混合C,混合型-偏股
025192,广发稳健策略混合C,混合型-偏股
025193,银华中证全指证券公司ETF发起式联接A,指数型-股票
025194,银华中证全指证券公司ETF发起式联接C,指数型-股票
025195,广发创业板指数增强A,指数型-股票
025196,广发创业板指数增强C,指数型-股票
025197,广发港股通科技ETF联接A,指数型-股票
025198,广发港股通科技ETF联接C,指数型-股票
025199,银华钰祥债券E,债券型-混合二级
025200,景顺长城国证港股通红利低波动率ETF联接A,指数型-股票
025201,景顺长城国证港股通红利低波动率ETF联接C,指数型-股票
025202,中欧港股通大盘精选混合发起A,混合型-偏股
025203,中欧港股通大盘精选混合发起C,混合型-偏股
025204,信澳丰睿6个月持有期债券A,债券型-混合一级
025205,信澳丰睿6个月持有期债券C,债券型-混合一级
025208,永赢先锋半导体智选混合发起A,混合型-偏股
025209,永赢先锋半导体智选混合发起C,混合型-偏股
025210,信澳信利6个月持有期债券A,债券型-混合二级
025211,信澳信利6个月持有期债券C,债券型-混合二级
025212,信澳添利3个月持有期债券A,债券型-混合二级
025213,信澳添利3个月持有期债券C,债券型-混合二级
025214,信澳睿益鑫享混合A,混合型-偏债
025215,信澳睿益鑫享混合C,混合型-偏债
025216,永赢资源慧选混合发起A,混合型-偏股
025217,永赢资源慧选混合发起C,混合型-偏股
025220,华宝恒生港股通创新药精选ETF发起式联接A,指数型-股票
025221,华宝恒生港股通创新药精选ETF发起式联接C,指数型-股票
025222,创金合信弘科混合发起A,混合型-偏股
025223,创金合信弘科混合发起C,混合型-偏股
025224,富国恒指港股通ETF发起式联接A,指数型-股票
025225,富国恒指港股通ETF发起式联接C,指数型-股票
025227,广发集瑞债券E,债券型-混合二级
025228,永赢逸享债券B,债券型-混合二级
025231,中信建投价值增长混合A,混合型-偏股
025232,中信建投价值增长混合C,混合型-偏股
025234,中信建投悦享6个月持有期债券A,债券型-混合一级
025235,中信建投悦享6个月持有期债券C,债券型-混合一级
025236,中信建投悠享12个月持有期债券A,债券型-混合一级
025237,中信建投悠享12个月持有期债券C,债券型-混合一级
025238,华夏创业板ETF联接D,指数型-股票
025246,诺安和鑫混合C,混合型-灵活
025251,天弘稳利回报债券A,债券型-混合二级
025252,天弘稳利回报债券C,债券型-混合二级
025255,鹏扬港股通精选混合A,混合型-偏股
025256,鹏扬港股通精选混合C,混合型-偏股
025259,华宝可转债债券D,债券型-混合一级
025260,华安沣泰债券A,债券型-混合二级
025261,华安沣泰债券C,债券型-混合二级
025262,光大双鑫收益债券A,债券型-混合二级
025263,光大双鑫收益债券C,债券型-混合二级
025266,国泰稳健添利债券A,债券型-混合二级
025267,国泰稳健添利债券C,债券型-混合二级
025270,浦银稳健双利债券A,债券型-混合二级
025271,浦银稳健双利债券C,债券型-混合二级
025272,中金恒宁债券发起A,债券型-混合二级
025273,中金恒宁债券发起C,债券型-混合二级
025274,华富可转债债券D,债券型-混合二级
025276,汇泉中证A500指数量化增强A,指数型-股票
025277,汇泉中证A500指数量化增强C,指数型-股票
025278,长城积极增利债券D,债券型-混合一级
025279,长城兴怡债券A,债券型-混合二级
025280,长城兴怡债券C,债券型-混合二级
025281,富国稳健双景债券A,债券型-混合二级
025282,富国稳健双景债券C,债券型-混合二级
025283,大成元享臻利债券A,债券型-混合二级
025284,大成元享臻利债券C,债券型-混合二级
025285,京管泰富京信债券A,债券型-混合二级
025286,京管泰富京信债券C,债券型-混合二级
025287,恒生前海匠心精选混合A,混合型-偏股
025288,恒生前海匠心精选混合C,混合型-偏股
025289,建信丰泽债券A,债券型-混合二级
025290,建信丰泽债券C,债券型-混合二级
025291,国投瑞银和悦180天持有期债券A,债券型-混合二级
025292,国投瑞银和悦180天持有期债券C,债券型-混合二级
025293,平安恒生指数增强A,指数型-股票
025294,平安恒生指数增强C,指数型-股票
025295,平安恒生指数增强E,指数型-股票
025298,交银港股通优质精选混合A,混合型-偏股
025299,交银港股通优质精选混合C,混合型-偏股
025300,金鹰鑫泰债券A,债券型-混合二级
025301,金鹰鑫泰债券C,债券型-混合二级
025302,金鹰鑫泰债券D,债券型-混合二级
025303,东方红汇诚债券A,债券型-混合二级
025304,东方红汇诚债券C,债券型-混合二级
025305,中欧优利债券A,债券型-混合二级
025306,中欧优利债券C,债券型-混合二级
025307,华宝宝康债券D,债券型-混合一级
025308,国泰海通中证全指指数增强A,指数型-股票
025309,国泰海通中证全指指数增强C,指数型-股票
025310,国泰海通招阳混合发起,混合型-偏股
025311,嘉实中证A500指数增强A,指数型-股票
025312,嘉实中证A500指数增强C,指数型-股票
025315,摩根上证科创板新一代信息技术ETF联接A,指数型-股票
025316,摩根上证科创板新一代信息技术ETF联接C,指数型-股票
025317,光大国证机器人产业指数A,指数型-股票
025318,光大国证机器人产业指数C,指数型-股票
025319,金元顺安乾丰稳健混合A,混合型-平衡
025320,金元顺安乾丰稳健混合C,混合型-平衡
025321,兴银裕安增利债券A,债券型-混合二级
025322,兴银裕安增利债券C,债券型-混合二级
025323,鑫元上证科创板综合价格指数增强A,指数型-股票
025324,鑫元上证科创板综合价格指数增强C,指数型-股票
025326,银华嘉瑞平衡混合发起式A,混合型-灵活
025327,银华嘉瑞平衡混合发起式C,混合型-灵活
025328,诺安稳健回报混合D,混合型-灵活
025329,银华沪深300指数C,指数型-股票
025330,银华恒生国企指数(QDII-LOF)C,指数型-海外股票
025331,民生加银聚优精选混合C,混合型-偏股
025332,诺安平衡混合C,混合型-偏股
025333,诺安成长混合C,混合型-偏股
025334,人保中证500指数增强A,指数型-股票
025335,人保中证500指数增强C,指数型-股票
025336,博时稳健回报债券(LOF)E,债券型-混合一级
025339,招商普盛全球配置(QDII)人民币D,QDII-混合灵活
025340,鹏华制造升级混合A,混合型-偏股
025341,鹏华制造升级混合C,混合型-偏股
025342,长盛上证科创板芯片指数A,指数型-股票
025343,长盛上证科创板芯片指数C,指数型-股票
025348,华商优势行业混合C,混合型-灵活
025349,广发乾享核心精选混合A,混合型-偏股
025350,广发乾享核心精选混合C,混合型-偏股
025351,诺安优选回报混合C,混合型-灵活
025352,凯石瑞鑫6个月持有混合发起A,混合型-偏债
025353,凯石瑞鑫6个月持有混合发起C,混合型-偏债
025354,汇添富双利债券D,债券型-混合二级
025355,东海启恒混合发起式A,混合型-偏债
025356,东海启恒混合发起式C,混合型-偏债
025358,鑫元锦鑫回报混合A,混合型-偏债
025359,鑫元锦鑫回报混合C,混合型-偏债
025360,中加均衡回报混合A,混合型-偏债
025361,中加均衡回报混合C,混合型-偏债
025362,国泰创业板新能源ETF发起联接A,指数型-股票
025363,国泰创业板新能源ETF发起联接C,指数型-股票
025364,路博迈上证科创板综合价格指数增强A,指数型-股票
025365,路博迈上证科创板综合价格指数增强C,指数型-股票
025366,富国中证港股通科技ETF发起式联接A,指数型-股票
025367,富国中证港股通科技ETF发起式联接C,指数型-股票
025368,东财启和混合A,混合型-偏债
025369,东财启和混合C,混合型-偏债
025372,景顺长城景颐裕利债券F,债券型-混合二级
025373,东方红上证科创板综合指数增强A,指数型-股票
025374,东方红上证科创板综合指数增强C,指数型-股票
025375,鹏华稳健添利债券F,债券型-混合二级
025376,安信创业板指数增强A,指数型-股票
025377,安信创业板指数增强C,指数型-股票
025378,汇添富沪深300指数量化增强A,指数型-股票
025379,汇添富沪深300指数量化增强C,指数型-股票
025380,汇添富国证通用航空产业ETF发起式联接A,指数型-股票
025381,汇添富国证通用航空产业ETF发起式联接C,指数型-股票
025382,长盛研发回报混合C,混合型-偏股
025383,中加北证50成份指数增强A,指数型-股票
025384,中加北证50成份指数增强C,指数型-股票
025386,万家智胜量化选股股票A,股票型
025387,万家智胜量化选股股票C,股票型
025388,万家中证800红利低波动指数A,指数型-股票
025389,万家中证800红利低波动指数C,指数型-股票
025390,平安港股通成长精选混合A,混合型-偏股
025391,平安港股通成长精选混合C,混合型-偏股
025392,建信红利严选混合发起A,混合型-偏股
025393,建信红利严选混合发起C,混合型-偏股
025395,圆信永丰高端制造C,混合型-偏股
025396,华夏上证智选科创板价值50策略ETF发起式联接A,指数型-股票
025397,华夏上证智选科创板价值50策略ETF发起式联接C,指数型-股票
025398,银华创业板综合ETF联接A,指数型-股票
025399,银华创业板综合ETF联接C,指数型-股票
025400,南方昌元可转债债券B,债券型-混合二级
025403,工银新经济混合(QDII)人民币C,QDII-混合灵活
025404,苏新睿见量化选股股票A,股票型
025405,苏新睿见量化选股股票C,股票型
025408,兴华景明混合A,混合型-偏股
025409,兴华景明混合C,混合型-偏股
025410,汇添富双享回报债券D,债券型-混合二级
025411,安信红利量化选股股票A,股票型
025412,安信红利量化选股股票C,股票型
025413,汇添富可转换债券D,债券型-混合二级
025414,汇添富双利增强债券B,债券型-混合二级
025415,新华策略精选股票C,股票型
025416,新华优选分红混合C,混合型-灵活
025418,贝莱德中证500指数增强A,指数型-股票
025419,贝莱德中证500指数增强C,指数型-股票
025420,国泰海通中证A500指数增强D,指数型-股票
025421,浦银数字经济混合A,混合型-偏股
025422,浦银数字经济混合C,混合型-偏股
025423,华夏中证500自由现金流ETF联接A,指数型-股票
025424,华夏中证500自由现金流ETF联接C,指数型-股票
025425,华宝安盈混合E,混合型-偏债
025426,国联中证港股通综合指数增强A,指数型-股票
025427,国联中证港股通综合指数增强C,指数型-股票
025428,东方红研究精选混合A,混合型-偏股
025429,东方红研究精选混合C,混合型-偏股
025430,中金中证全指指数增强A,指数型-股票
025431,中金中证全指指数增强C,指数型-股票
025432,东方中证红利低波动100指数A,指数型-股票
025433,东方中证红利低波动100指数C,指数型-股票
025434,宏利宏达混合C,混合型-偏债
025435,金鹰中证港股通高股息投资指数A,指数型-股票
025436,金鹰中证港股通高股息投资指数B,指数型-股票
025437,金鹰中证港股通高股息投资指数C,指数型-股票
025438,金鹰中证港股通高股息投资指数D,指数型-股票
025439,永赢启航慧选混合A,混合型-偏股
025440,永赢启航慧选混合C,混合型-偏股
025442,景顺长城产业优选混合,混合型-偏股
025443,景顺长城北证50成份指数A,指数型-股票
025444,景顺长城北证50成份指数C,指数型-股票
025445,万家周期视野股票发起式A,股票型
025446,万家周期视野股票发起式C,股票型
025447,万家元晟量化选股混合发起式A,混合型-偏股
025448,万家元晟量化选股混合发起式C,混合型-偏股
025449,万家数字经济股票发起式A,股票型
025450,万家数字经济股票发起式C,股票型
025452,国投瑞银上证综合指数增强A,指数型-股票
025453,国投瑞银上证综合指数增强C,指数型-股票
025455,国投瑞银北证50成份指数发起式A,指数型-股票
025456,国投瑞银北证50成份指数发起式C,指数型-股票
025457,申万菱信中证A500红利低波动指数A,指数型-股票
025458,申万菱信中证A500红利低波动指数C,指数型-股票
025459,湘财科技智选混合A,混合型-偏股
025460,湘财科技智选混合C,混合型-偏股
025461,西部利得创业板综合ETF联接A,指数型-股票
025462,西部利得创业板综合ETF联接C,指数型-股票
025463,汇添富稳健回报债券D,债券型-混合二级
025464,国泰可转债债券D,债券型-混合二级
025465,汇添富双颐债券D,债券型-混合二级
025466,百嘉瑞丰量化选股混合A,混合型-偏股
025467,百嘉瑞丰量化选股混合C,混合型-偏股
025468,富国创新趋势股票C,股票型
025470,华西优选价值混合发起C,混合型-偏股
025471,华西研究精选混合发起C,混合型-偏股
025472,华西优选成长一年持有混合C,混合型-偏股
025474,招商中证A50ETF发起式联接A,指数型-股票
025475,招商中证A50ETF发起式联接C,指数型-股票
025476,银华瑞和灵活配置混合C,混合型-灵活
025477,长城稳健增利债券F,债券型-混合二级
025478,华夏上证180ETF联接A,指数型-股票
025479,华夏上证180ETF联接C,指数型-股票
025480,华夏沪深300指数量化增强A,指数型-股票
025481,华夏沪深300指数量化增强C,指数型-股票
025482,东方红信用债债券D,债券型-混合一级
025486,中邮新锐量化选股混合发起式A,混合型-偏股
025487,中邮新锐量化选股混合发起式C,混合型-偏股
025488,中邮北证50成份指数增强发起式A,指数型-股票
025489,中邮北证50成份指数增强发起式C,指数型-股票
025490,平安中证卫星产业指数A,指数型-股票
025491,平安中证卫星产业指数C,指数型-股票
025492,国泰创业板人工智能ETF发起联接A,指数型-股票
025493,国泰创业板人工智能ETF发起联接C,指数型-股票
025497,易方达国证价值100ETF联接发起式A,指数型-股票
025498,易方达国证价值100ETF联接发起式C,指数型-股票
025499,东方阿尔法科技智选混合发起A,混合型-偏股
025500,东方阿尔法科技智选混合发起C,混合型-偏股
025501,万家沪深300指数量化增强发起式A,指数型-股票
025502,万家沪深300指数量化增强发起式C,指数型-股票
025503,南方中证港股通科技ETF发起联接A,指数型-股票
025504,南方中证港股通科技ETF发起联接C,指数型-股票
025505,华夏创业板人工智能ETF发起式联接A,指数型-股票
025506,华夏创业板人工智能ETF发起式联接C,指数型-股票
025507,华夏中证港股通医疗主题ETF发起式联接A,指数型-股票
025508,华夏中证港股通医疗主题ETF发起式联接C,指数型-股票
025511,广发信息产业股票发起式A,股票型
025512,广发信息产业股票发起式C,股票型
025513,德邦中证800指数增强A,指数型-股票
025514,德邦中证800指数增强C,指数型-股票
025518,东方红中证东方红红利低波动指数D,指数型-股票
025525,平安恒生港股通科技主题ETF发起式联接A,指数型-股票
025526,平安恒生港股通科技主题ETF发起式联接C,指数型-股票
025527,中金优势领航一年持有混合A,混合型-偏股
025528,中金优势领航一年持有混合C,混合型-偏股
025533,光大阳光优选一年持有混合A,混合型-偏股
025534,光大阳光优选一年持有混合C,混合型-偏股
025535,光大阳光优选一年持有混合D,混合型-偏股
025536,光大阳光优选一年持有混合E,混合型-偏股
025540,光大阳光优选一年持有混合F,混合型-偏股
025541,华夏创新前沿股票C,股票型
025542,华夏行业景气混合C,混合型-偏股
025543,华夏价值精选混合C,混合型-偏股
025544,汇添富港股通科技精选混合发起式A,混合型-偏股
025545,汇添富港股通科技精选混合发起式C,混合型-偏股
025546,财通周期优选混合A,混合型-偏股
025547,财通周期优选混合C,混合型-偏股
025552,中银中证机器人指数C,指数型-股票
025553,中银中证机器人指数A,指数型-股票
025554,国富恒泽90天持有期债券A,债券型-混合一级
025555,国富恒泽90天持有期债券C,债券型-混合一级
025556,博时裕益混合C,混合型-灵活
025557,华宝大健康混合D,混合型-偏股
025558,光大阳光启明星创新驱动混合A,混合型-偏股
025559,光大阳光启明星创新驱动混合C,混合型-偏股
025560,光大阳光启明星创新驱动混合D,混合型-偏股
025562,大摩灵动优选债券E,债券型-混合二级
025565,光大阳光价值30个月持有混合A,混合型-偏股
025566,光大阳光价值30个月持有混合D,混合型-偏股
025567,光大阳光价值30个月持有混合E,混合型-偏股
025568,光大阳光稳健增长混合A,混合型-偏债
025569,光大阳光稳健增长混合C,混合型-偏债
025570,鹏安中证红利指数A,指数型-股票
025571,鹏安中证红利指数C,指数型-股票
025572,银华科技创新混合C,混合型-偏股
025573,光大阳光混合A,混合型-偏股
025574,光大阳光混合C,混合型-偏股
025575,光大阳光混合D,混合型-偏股
025576,长盛上证科创板综合指数增强A,指数型-股票
025577,长盛上证科创板综合指数增强C,指数型-股票
025578,鹏华中证800ETF发起式联接I,指数型-股票
025580,财通消费优选混合发起A,混合型-偏股
025581,财通消费优选混合发起C,混合型-偏股
025584,光大阳光智造混合A,混合型-偏股
025585,光大阳光智造混合C,混合型-偏股
025586,光大阳光智造混合D,混合型-偏股
025587,光大阳光香港精选混合(QDII)A人民币,QDII-混合偏股
025588,光大阳光香港精选混合(QDII)A美元现汇,QDII-混合偏股
025589,光大阳光香港精选混合(QDII)C人民币,QDII-混合偏股
025592,国泰海通安泰三个月持有债券A,债券型-混合一级
025593,国泰海通安泰三个月持有债券C,债券型-混合一级
025598,国泰海通新锐量化选股混合A,混合型-偏股
025599,国泰海通新锐量化选股混合C,混合型-偏股
025600,国泰海通海升六个月持有期债券A,债券型-混合一级
025601,国泰海通海升六个月持有期债券C,债券型-混合一级
025621,国泰海通鑫诚六个月持有期债券A,债券型-混合二级
025622,国泰海通鑫诚六个月持有期债券C,债券型-混合二级
025623,国泰海通鑫选三个月持有期债券A,债券型-混合二级
025624,国泰海通鑫选三个月持有期债券C,债券型-混合二级
025625,国泰海通鑫逸债券A,债券型-混合二级
025626,国泰海通鑫逸债券C,债券型-混合二级
025627,国泰海通鑫悦债券A,债券型-混合二级
025628,国泰海通鑫悦债券C,债券型-混合二级
025631,鹏华睿丰债券A,债券型-混合二级
025632,鹏华睿丰债券C,债券型-混合二级
025637,泰信互联网+主题混合C,混合型-灵活
025640,国泰民安增利债券D,债券型-混合二级
025642,恒生前海恒裕债券E,债券型-混合一级
025643,恒生前海恒源天利债E,债券型-混合二级
025644,汇添富多元收益债券D,债券型-混合二级
025645,广发量化多因子混合C,混合型-灵活
025646,平安高端装备混合发起式A,混合型-偏股
025647,平安高端装备混合发起式C,混合型-偏股
025648,易方达港股通科技混合A,混合型-偏股
025649,易方达港股通科技混合C,混合型-偏股
025650,平安资源精选混合发起式A,混合型-偏股
025651,平安资源精选混合发起式C,混合型-偏股
025652,大成创业板人工智能ETF发起式联接A,指数型-股票
025653,大成创业板人工智能ETF发起式联接C,指数型-股票
025654,富国医药精选混合(QDII)A,QDII-混合偏股
025655,富国医药精选混合(QDII)C,QDII-混合偏股
025656,国金智远量化选股混合A,混合型-偏股
025657,国金智远量化选股混合C,混合型-偏股
025658,国金科创创业量化选股股票A,股票型
025659,国金科创创业量化选股股票C,股票型
025660,招商中国机遇股票C,股票型
025661,汇添富标普港股通低波红利指数A,指数型-股票
025662,汇添富标普港股通低波红利指数C,指数型-股票
025663,华泰紫金价值精选混合,混合型-偏股
025664,中金北证50指数增强发起A,指数型-股票
025665,中金北证50指数增强发起C,指数型-股票
025666,银华鑫禾混合A,混合型-偏股
025667,银华鑫禾混合C,混合型-偏股
025668,申万菱信宁通六个月持有期混合,混合型-偏债
025673,鑫元港股通领航混合C,混合型-偏股
025674,鑫元港股通领航混合A,混合型-偏股
025675,鹏华中证A500指数增强I,指数型-股票
025676,泰康沪深300指数增强A,指数型-股票
025677,泰康沪深300指数增强C,指数型-股票
025678,广发上证科创板100增强策略ETF发起式联接A,指数型-股票
025679,广发上证科创板100增强策略ETF发起式联接C,指数型-股票
025680,广发中证800自由现金流ETF发起式联接A,指数型-股票
025681,广发中证800自由现金流ETF发起式联接C,指数型-股票
025682,广发高股息ETF联接A,指数型-股票
025683,广发高股息ETF联接C,指数型-股票
025684,易方达优势进取混合A,混合型-偏股
025685,易方达优势进取混合C,混合型-偏股
025686,国泰半导体制造精选混合发起A,混合型-偏股
025687,国泰半导体制造精选混合发起C,混合型-偏股
025688,中金阿尔法优选混合A,混合型-偏股
025689,中金阿尔法优选混合C,混合型-偏股
025690,弘毅远方北证50成份指数A,指数型-股票
025691,弘毅远方北证50成份指数C,指数型-股票
025692,南方中证通用航空主题ETF发起联接A,指数型-股票
025693,南方中证通用航空主题ETF发起联接C,指数型-股票
025694,中银港股通消费精选混合发起A,混合型-偏股
025695,中银港股通消费精选混合发起C,混合型-偏股
025696,华泰柏瑞上证科创板综合指数增强A,指数型-股票
025697,华泰柏瑞上证科创板综合指数增强C,指数型-股票
025698,鹏华国证机器人产业ETF发起式联接A,指数型-股票
025699,鹏华国证机器人产业ETF发起式联接C,指数型-股票
025700,鹏华国证机器人产业ETF发起式联接I,指数型-股票
025701,易方达科技创新混合C,混合型-偏股
025702,惠升均衡回报混合A,混合型-偏股
025703,惠升均衡回报混合C,混合型-偏股
025704,浙商汇金量化精选混合C,混合型-灵活
025705,广发沪深300指数量化增强A,指数型-股票
025706,广发沪深300指数量化增强C,指数型-股票
025709,汇添富价值驱动混合A,混合型-偏股
025710,汇添富价值驱动混合C,混合型-偏股
025711,汇添富中证A500指数量化增强A,指数型-股票
025712,汇添富中证A500指数量化增强C,指数型-股票
025713,富国安元120天持有期债券发起式A,债券型-混合一级
025714,富国安元120天持有期债券发起式C,债券型-混合一级
025715,安联睿利6个月持有混合A,混合型-偏债
025716,安联睿利6个月持有混合C,混合型-偏债
025717,富国兴和混合A,混合型-偏股
025718,富国兴和混合C,混合型-偏股
025719,嘉实恒生港股通科技主题ETF联接A,指数型-股票
025720,嘉实恒生港股通科技主题ETF联接C,指数型-股票
025721,中欧价值优选混合A,混合型-偏股
025722,中欧价值优选混合C,混合型-偏股
025723,银河中证800指数增强A,指数型-股票
025724,银河中证800指数增强C,指数型-股票
025725,博时中证港股通互联网ETF发起式联接A,指数型-股票
025726,博时中证港股通互联网ETF发起式联接C,指数型-股票
025727,南方上证科创板50成份ETF联接A,指数型-股票
025728,南方上证科创板50成份ETF联接C,指数型-股票
025730,鹏华睿享180天持有期债券A,债券型-混合二级
025731,鹏华睿享180天持有期债券C,债券型-混合二级
025732,华安国证航天航空行业ETF发起式联接A,指数型-股票
025733,华安国证航天航空行业ETF发起式联接C,指数型-股票
025734,华安恒生港股通科技主题ETF发起式联接A,指数型-股票
025735,华安恒生港股通科技主题ETF发起式联接C,指数型-股票
025736,华西科技成长股票,股票型
025739,国泰利享鑫益90天持有债券A,债券型-混合一级
025740,国泰利享鑫益90天持有债券C,债券型-混合一级
025748,招商医药量化选股混合发起式A,混合型-偏股
025749,招商医药量化选股混合发起式C,混合型-偏股
025750,兴证资管金麒麟均衡优选混合D,混合型-偏股
025751,兴证资管金麒麟均衡优选混合E,混合型-偏股
025752,招商均衡配置混合A,混合型-偏股
025753,招商均衡配置混合C,混合型-偏股
025755,华泰保兴中证全指指数增强A,指数型-股票
025756,华泰保兴中证全指指数增强C,指数型-股票
025758,华安新兴动力混合发起式A,混合型-偏股
025759,华安新兴动力混合发起式C,混合型-偏股
025761,招商均衡进取混合A,混合型-偏股
025762,招商均衡进取混合C,混合型-偏股
025763,工银中证800指数增强发起式A,指数型-股票
025764,工银中证800指数增强发起式C,指数型-股票
025765,永赢国证港股通互联网ETF联接A,指数型-股票
025766,永赢国证港股通互联网ETF联接C,指数型-股票
025767,尚正臻瑞3个月持有债券A,债券型-混合一级
025768,尚正臻瑞3个月持有债券C,债券型-混合一级
025769,中金进取回报混合A,混合型-偏股
025770,中金进取回报混合C,混合型-偏股
025771,中金安心回报混合A,混合型-偏债
025772,中金安心回报混合C,混合型-偏债
025773,中金丰裕稳健一年持有混合A,混合型-偏债
025774,中金丰裕稳健一年持有混合C,混合型-偏债
025776,鹏华启航量化选股混合发起式,混合型-偏股
025777,东方阿尔法瑞享混合发起A,混合型-偏股
025778,东方阿尔法瑞享混合发起C,混合型-偏股
025779,中欧中证全指证券公司指数发起A,指数型-股票
025780,中欧中证全指证券公司指数发起C,指数型-股票
025783,兴证资管金麒麟兴享优选混合D,混合型-偏股
025784,兴证资管金麒麟兴享优选混合E,混合型-偏股
025785,中金科创优选混合发起A,混合型-偏股
025786,中金科创优选混合发起C,混合型-偏股
025787,大成港股恒信混合(QDII),QDII-混合偏股
025788,广发质量优选股票A,股票型
025789,广发质量优选股票C,股票型
025790,新华中证云计算50ETF发起式联接A,指数型-股票
025791,新华中证云计算50ETF发起式联接C,指数型-股票
025792,东方阿尔法科技甄选混合发起A,混合型-偏股
025793,东方阿尔法科技甄选混合发起C,混合型-偏股
025794,中欧新能源主题混合发起A,混合型-偏股
025795,中欧新能源主题混合发起C,混合型-偏股
025800,招商洞见价值混合发起式,混合型-灵活
025805,华夏国证港股通科技ETF联接A,指数型-股票
025806,华夏国证港股通科技ETF联接C,指数型-股票
025824,易方达产业优选混合A,混合型-偏股
025825,易方达产业优选混合C,混合型-偏股
025828,中欧多元平衡混合A,混合型-灵活
025829,中欧多元平衡混合C,混合型-灵活
025830,嘉实成长共享混合A,混合型-偏股
025831,嘉实成长共享混合C,混合型-偏股
025832,天弘电网设备特高压指数A,指数型-股票
025833,天弘电网设备特高压指数C,指数型-股票
025838,中海港股通睿选混合A,混合型-偏股
025839,恒生前海成长领航混合A,混合型-偏股
025840,恒生前海成长领航混合C,混合型-偏股
025841,国泰海通创业板综指增强A,指数型-股票
025842,国泰海通创业板综指增强C,指数型-股票
025843,兴证资管金麒麟兴睿优选混合D,混合型-偏股
025844,兴证资管金麒麟兴睿优选混合E,混合型-偏股
025845,华安消费智选混合发起式A,混合型-偏股
025846,华安消费智选混合发起式C,混合型-偏股
025847,中海港股通睿选混合C,混合型-偏股
025848,西部利得红利鑫选混合发起A,混合型-偏股
025849,西部利得红利鑫选混合发起C,混合型-偏股
025852,富国港股精选混合(QDII)人民币,QDII-混合偏股
025853,富国港股精选混合(QDII)美元现汇,QDII-混合偏股
025854,中信保诚消费机遇混合A,混合型-偏股
025855,中信保诚消费机遇混合C,混合型-偏股
025856,华夏中证电网设备主题ETF发起式联接A,指数型-股票
025857,华夏中证电网设备主题ETF发起式联接C,指数型-股票
025860,万家泓裕成长驱动混合发起式A,混合型-偏股
025861,万家泓裕成长驱动混合发起式C,混合型-偏股
025866,长信上证科创板综合指数增强A,指数型-股票
025867,长信上证科创板综合指数增强C,指数型-股票
025868,博时创业板综合ETF联接A,指数型-股票
025869,博时创业板综合ETF联接C,指数型-股票
025870,圆信永丰沪港深消费精选混合发起A,混合型-偏股
025871,圆信永丰沪港深消费精选混合发起C,混合型-偏股
025872,鑫元浦鑫回报混合A,混合型-偏债
025873,鑫元浦鑫回报混合C,混合型-偏债
025874,博道盛享品质成长混合,混合型-偏股
025875,富安达上证科创板综合指数增强A,指数型-股票
025876,富安达上证科创板综合指数增强C,指数型-股票
025877,易米远景量化选股股票A,股票型
025878,易米远景量化选股股票C,股票型
025880,汇添富科技领先混合A,混合型-偏股
025881,汇添富科技领先混合C,混合型-偏股
025882,广发沪深300指数增强Y,指数型-股票
025883,汇添富上证综合指数Y,指数型-股票
025884,东方城镇消费主题混合C,混合型-偏股
025886,鹏华新兴产业混合C,混合型-偏股
025887,国联金如意3个月滚动持有债券A,债券型-混合一级
025888,国联金如意3个月滚动持有债券C,债券型-混合一级
025896,国联汇富债券A,债券型-混合一级
025897,国联汇富债券C,债券型-混合一级
025904,兴证资管恒睿致胜混合发起式A,混合型-偏债
025905,兴证资管恒睿致胜混合发起式C,混合型-偏债
025908,华夏睿磐泰盛混合C,混合型-偏债
025911,东方红中证全指指数增强A,指数型-股票
025912,东方红中证全指指数增强C,指数型-股票
025915,鹏华产业债债券D,债券型-混合一级
025916,兴银国证新能源车电池ETF发起式联接A,指数型-股票
025917,兴银国证新能源车电池ETF发起式联接C,指数型-股票
025918,易方达科技先锋混合A,混合型-偏股
025919,易方达科技先锋混合C,混合型-偏股
025920,易方达平衡精选混合,混合型-偏股
025923,平安新能源精选混合发起式A,混合型-偏股
025924,平安新能源精选混合发起式C,混合型-偏股
025925,景顺长城成长优选混合,混合型-偏股
025926,中信保诚医药精选混合A,混合型-偏股
025927,中信保诚医药精选混合C,混合型-偏股
025928,恒生前海成长先锋混合A,混合型-偏股
025929,恒生前海成长先锋混合C,混合型-偏股
025930,农银致远价值混合A,混合型-偏股
025931,农银致远价值混合C,混合型-偏股
025932,博道沪深300增强Y,指数型-股票
025933,中欧价值裕享混合A,混合型-偏股
025934,中欧价值裕享混合C,混合型-偏股
025935,路博迈中证A500指数增强B,指数型-股票
025936,中金沪深300指数增强Y,指数型-股票
025937,华泰柏瑞恒生港股通高股息低波动ETF发起式联接A,指数型-股票
025938,华泰柏瑞恒生港股通高股息低波动ETF发起式联接C,指数型-股票
025940,浦银港股通消费混合A,混合型-偏股
025941,浦银港股通消费混合C,混合型-偏股
025942,广发新动力混合C,混合型-偏股
025948,交银远见成长混合A,混合型-偏股
025949,诺安研究精选股票C,股票型
025953,交银远见成长混合C,混合型-偏股
025954,华宝北证50成份指数A,指数型-股票
025955,华宝北证50成份指数C,指数型-股票
025956,新华科技优选混合发起A,混合型-偏股
025957,新华科技优选混合发起C,混合型-偏股
025958,南方中证全指自由现金流ETF联接A,指数型-股票
025959,南方中证全指自由现金流ETF联接C,指数型-股票
025960,国投瑞银创业板综合指数增强A,指数型-股票
025961,国投瑞银创业板综合指数增强C,指数型-股票
025962,永赢优选增强债券A,债券型-混合二级
025963,永赢优选增强债券C,债券型-混合二级
025964,广发创新成长混合A,混合型-偏股
025965,广发创新成长混合C,混合型-偏股
025966,国泰鼎利债券A,债券型-混合二级
025967,国泰鼎利债券C,债券型-混合二级
025968,建信科技智选股票型发起A,股票型
025969,建信科技智选股票型发起C,股票型
025970,安信成长共赢混合A,混合型-偏股
025971,安信成长共赢混合C,混合型-偏股
025974,工银添悦债券A,债券型-混合二级
025977,大摩添益债券A,债券型-混合二级
025978,大摩添益债券C,债券型-混合二级
025979,万家元利债券A,债券型-混合二级
025980,万家元利债券C,债券型-混合二级
025981,工银添悦债券C,债券型-混合二级
025982,鹏华中证500指数量化增强A,指数型-股票
025983,鹏华中证500指数量化增强C,指数型-股票
025984,鹏华中证500指数量化增强I,指数型-股票
025985,东海领航精选3个月持有混合发起式A,混合型-偏股
025986,东海领航精选3个月持有混合发起式C,混合型-偏股
025987,东海领航精选3个月持有混合发起式D,混合型-偏股
025988,鹏华创新未来混合(LOF)A,混合型-偏股
025989,中欧鑫悦回报一年持有混合A,混合型-偏股
025990,中欧鑫悦回报一年持有混合C,混合型-偏股
025991,广发集辉债券A,债券型-混合二级
025992,广发集辉债券C,债券型-混合二级
025993,银华盛安六个月持有混合A,混合型-偏债
025994,银华盛安六个月持有混合C,混合型-偏债
025995,大成荣享混合A,混合型-偏债
025996,大成荣享混合C,混合型-偏债
025997,永赢汇欣混合A,混合型-偏债
025998,永赢汇欣混合C,混合型-偏债
025999,华宝安润六个月持有期债券A,债券型-混合二级
026001,融通上证科创板综合指数增强A,指数型-股票
026002,融通上证科创板综合指数增强C,指数型-股票
026003,鹏安核心优选混合发起式A,混合型-偏股
026004,鹏安核心优选混合发起式C,混合型-偏股
026005,中海智选成长混合A,混合型-偏股
026006,中海智选成长混合C,混合型-偏股
026007,中金恒嘉稳健3个月持有债券发起C,债券型-混合二级
026010,东财禧悦90天滚动持有中短债A,债券型-混合一级
026011,东财禧悦90天滚动持有中短债C,债券型-混合一级
026012,圆信永丰永福90天持有债券A,债券型-混合二级
026013,圆信永丰永福90天持有债券C,债券型-混合二级
026014,广发新锐智选混合C,混合型-偏股
026015,宏利印度股票(QDII)C,QDII-普通股票
026017,银华盛泓债券E,债券型-混合二级
026018,平安发现价值混合A,混合型-灵活
026019,平安发现价值混合C,混合型-灵活
026020,东财证券30E,指数型-股票
026021,华夏增利一年持有债券A,债券型-混合一级
026022,华夏增利一年持有债券C,债券型-混合一级
026031,中欧稳达三个月滚动持有债券A,债券型-混合一级
026032,中欧稳达三个月滚动持有债券C,债券型-混合一级
026033,平安添元6个月持有债券A,债券型-混合二级
026034,平安添元6个月持有债券C,债券型-混合二级
026037,大成优享6个月持有期混合A,混合型-偏债
026038,大成优享6个月持有期混合C,混合型-偏债
026039,长信稳健添益债券A,债券型-混合二级
026040,长信稳健添益债券C,债券型-混合二级
026041,天弘普利90天持有债券A,债券型-混合二级
026042,天弘普利90天持有债券C,债券型-混合二级
026043,华泰保兴安元债券A,债券型-混合二级
026044,华泰保兴安元债券C,债券型-混合二级
026045,华商安元债券A,债券型-混合二级
026046,华商安元债券C,债券型-混合二级
026047,鑫元融鑫添益债券A,债券型-混合二级
026048,鑫元融鑫添益债券C,债券型-混合二级
026049,华夏卓安债券A,债券型-混合二级
026050,华夏卓安债券C,债券型-混合二级
026051,信澳鑫丰债券A,债券型-混合二级
026052,信澳鑫丰债券C,债券型-混合二级
026053,安信欣鑫回报债券A,债券型-混合二级
026054,安信欣鑫回报债券C,债券型-混合二级
026055,东方红汇裕债券A,债券型-混合二级
026056,东方红汇裕债券C,债券型-混合二级
026057,兴全嘉益债券A,债券型-混合二级
026058,兴全嘉益债券C,债券型-混合二级
026059,联博中证500指数增强A,指数型-股票
026060,联博中证500指数增强C,指数型-股票
026061,国泰民安增利债券F,债券型-混合二级
026062,大成元瑞诚利债券A,债券型-混合二级
026063,大成元瑞诚利债券C,债券型-混合二级
026064,苏新苏匠债券A,债券型-混合二级
026065,苏新苏匠债券C,债券型-混合二级
026066,易方达成长驱动混合A,混合型-偏股
026067,易方达成长驱动混合C,混合型-偏股
026068,新华低碳经济混合发起A,混合型-偏股
026069,新华低碳经济混合发起C,混合型-偏股
026070,安信港股通臻选混合发起A,混合型-偏股
026071,安信港股通臻选混合发起C,混合型-偏股
026072,广发研究智选混合A,混合型-偏股
026073,广发研究智选混合C,混合型-偏股
026074,恒生前海成长动力混合A,混合型-偏股
026075,恒生前海成长动力混合C,混合型-偏股
026076,恒生前海港股通科技成长混合A,混合型-偏股
026077,恒生前海港股通科技成长混合C,混合型-偏股
026078,中航卓越领航混合发起A,混合型-偏股
026079,中航卓越领航混合发起C,混合型-偏股
026080,鹏华创兴增利债券E,债券型-混合二级
026081,财通资管优质研选混合发起式A,混合型-偏股
026082,财通资管优质研选混合发起式C,混合型-偏股
026083,财通资管中证500指数增强A,指数型-股票
026084,财通资管中证500指数增强C,指数型-股票
026085,汇丰晋信慧泰债券A,债券型-混合二级
026086,汇丰晋信慧泰债券C,债券型-混合二级
026087,东方强化收益债券C,债券型-混合二级
026089,上银医疗创新混合发起式A,混合型-偏股
026090,上银医疗创新混合发起式C,混合型-偏股
026091,国泰中证港股通汽车产业主题ETF发起联接A,指数型-股票
026092,国泰中证港股通汽车产业主题ETF发起联接C,指数型-股票
026093,易方达中证A500量化增强A,指数型-股票
026094,易方达中证A500量化增强C,指数型-股票
026095,易方达创业板50ETF联接A,指数型-股票
026096,易方达创业板50ETF联接C,指数型-股票
026097,前海开源安和债券A,债券型-混合二级
026098,前海开源安和债券C,债券型-混合二级
026107,万家国证港股通科技ETF发起式联接A,指数型-股票
026108,万家国证港股通科技ETF发起式联接C,指数型-股票
026109,广发中证500指数量化增强A,指数型-股票
026110,广发中证500指数量化增强C,指数型-股票
026113,鑫元中证港股通科技指数A,指数型-股票
026114,鑫元中证港股通科技指数C,指数型-股票
026117,东财科创200A,指数型-股票
026118,东财科创200C,指数型-股票
026119,东财北证50增强A,指数型-股票
026120,东财北证50增强C,指数型-股票
026124,汇丰晋信周期优选股票A,股票型
026125,汇丰晋信周期优选股票C,股票型
026126,山证资管改革精选混合C,混合型-灵活
026129,永赢中证工程机械主题指数A,指数型-股票
026130,永赢中证工程机械主题指数C,指数型-股票
026131,永赢国证工业软件主题指数A,指数型-股票
026132,永赢国证工业软件主题指数C,指数型-股票
026133,鹏华睿和90天持有期债券A,债券型-混合二级
026134,鹏华睿和90天持有期债券C,债券型-混合二级
026135,泰康裕泽债券A,债券型-混合二级
026136,泰康裕泽债券C,债券型-混合二级
026137,山证资管策略精选混合C,混合型-灵活
026139,汇安均衡优选混合C,混合型-偏股
026140,财信芙璟混合A,混合型-偏债
026141,财信芙璟混合C,混合型-偏债
026147,鹏华上证科创板100指数增强A,指数型-股票
026148,鹏华上证科创板100指数增强C,指数型-股票
026149,鹏华上证科创板100指数增强I,指数型-股票
026151,农银创业板指数A,指数型-股票
026152,农银创业板指数C,指数型-股票
026153,国泰海通君得明混合C,混合型-偏股
026154,红土创新医疗保健股票C,股票型
026155,红土创新新科技股票C,股票型
026158,鹏华上证科创板200指数增强A,指数型-股票
026159,鹏华上证科创板200指数增强C,指数型-股票
026161,招商安琪债券A,债券型-混合二级
026162,招商安琪债券C,债券型-混合二级
026163,英大上证科创板综合指数增强发起A,指数型-股票
026164,英大上证科创板综合指数增强发起C,指数型-股票
026165,景顺长城恒生港股通50ETF联接A,指数型-股票
026166,景顺长城恒生港股通50ETF联接C,指数型-股票
026167,国泰港股通精选混合发起A,混合型-偏股
026168,国泰港股通精选混合发起C,混合型-偏股
026169,华富安沣债券A,债券型-混合二级
026170,华富安沣债券C,债券型-混合二级
026171,景顺长城丰泽稳健债券A,债券型-混合二级
026172,景顺长城丰泽稳健债券C,债券型-混合二级
026173,路博迈港股通科技股票A,股票型
026174,路博迈港股通科技股票C,股票型
026175,路博迈中证A股指数增强A,指数型-股票
026176,路博迈中证A股指数增强C,指数型-股票
026177,华商品质甄选混合A,混合型-偏股
026178,华商品质甄选混合C,混合型-偏股
026179,长江上证科创板综合指数增强发起A,指数型-股票
026180,长江上证科创板综合指数增强发起C,指数型-股票
026181,南方惠益稳健添利债券A,债券型-混合二级
026182,南方惠益稳健添利债券C,债券型-混合二级
026183,长江中证全指指数增强发起A,指数型-股票
026184,长江中证全指指数增强发起C,指数型-股票
026185,恒生前海北证50成份指数增强A,指数型-股票
026186,恒生前海北证50成份指数增强C,指数型-股票
026187,中邮周期精选混合发起式A,混合型-偏股
026188,中邮周期精选混合发起式C,混合型-偏股
026189,路博迈添航债券A,债券型-混合二级
026190,路博迈添航债券C,债券型-混合二级
026191,浦银稳健鑫利债券A,债券型-混合二级
026192,浦银稳健鑫利债券C,债券型-混合二级
026193,摩根恒睿债券A,债券型-混合二级
026194,摩根恒睿债券C,债券型-混合二级
026195,易方达港股通医药混合A,混合型-偏股
026196,易方达港股通医药混合C,混合型-偏股
026197,易方达悦恒稳健债券A,债券型-混合二级
026198,易方达悦恒稳健债券C,债券型-混合二级
026199,大摩港股通多元成长混合A,混合型-偏股
026200,大摩港股通多元成长混合C,混合型-偏股
026201,诺安利鑫灵活配置混合D,混合型-灵活
026202,上银丰泽混合发起式A,混合型-偏债
026203,上银丰泽混合发起式C,混合型-偏债
026204,中欧添瑞债券A,债券型-混合二级
026205,中欧添瑞债券C,债券型-混合二级
026206,宝盈恒生科技指数(QDII)A,指数型-海外股票
026207,宝盈恒生科技指数(QDII)C,指数型-海外股票
026208,金元顺安丰惠债券A,债券型-混合二级
026209,金元顺安丰惠债券C,债券型-混合二级
026210,平安科技精选混合发起式A,混合型-偏股
026211,平安科技精选混合发起式C,混合型-偏股
026212,工银科技智选混合A,混合型-偏股
026213,工银科技智选混合C,混合型-偏股
026214,融通增和债券A,债券型-混合二级
026215,融通增和债券C,债券型-混合二级
026216,渤海汇金鑫享债券发起A,债券型-混合二级
026217,渤海汇金鑫享债券发起C,债券型-混合二级
026219,泰康金泰回报3个月持有C,混合型-偏债
026220,东海增裕债券发起式A,债券型-混合二级
026221,财通沣悦回报债券A,债券型-混合二级
026222,财通沣悦回报债券C,债券型-混合二级
026223,广发消费领航股票发起式A,股票型
026224,广发消费领航股票发起式C,股票型
026226,东海增裕债券发起式C,债券型-混合二级
026227,恒越优势精选混合C,混合型-偏股
026228,富国全球科技互联网股票(QDII)D,QDII-普通股票
026230,中银淳益混合A,混合型-偏债
026231,中银淳益混合C,混合型-偏债
026233,东财瑞兴债券A,债券型-混合二级
026234,东财瑞兴债券C,债券型-混合二级
026235,广发平衡精选混合A,混合型-偏股
026236,广发平衡精选混合C,混合型-偏股
026237,广发平衡精选混合D,混合型-偏股
026238,广发平衡精选混合E,混合型-偏股
026239,南方逸享稳健添利债券A,债券型-混合二级
026240,南方逸享稳健添利债券C,债券型-混合二级
026241,万家增强收益债券A,债券型-混合二级
026242,中银证券安怡债券A,债券型-混合二级
026243,中银证券安怡债券C,债券型-混合二级
026245,红土创新新兴产业混合C,混合型-灵活
026246,汇丰晋信港股精选股票(QDII)人民币A,QDII-普通股票
026247,汇丰晋信港股精选股票(QDII)人民币C,QDII-普通股票
026248,汇丰晋信港股精选股票(QDII)美元现汇A,QDII-普通股票
026249,长城稳固收益债券D,债券型-混合二级
026251,易方达消费机遇混合A,混合型-偏股
026252,易方达消费机遇混合C,混合型-偏股
026253,国泰产业升级混合发起A,混合型-偏股
026254,国泰产业升级混合发起C,混合型-偏股
026255,国寿安保中证800指数增强A,指数型-股票
026256,国寿安保中证800指数增强C,指数型-股票
026257,平安新锐量化选股混合发起式A,混合型-偏股
026258,平安新锐量化选股混合发起式C,混合型-偏股
026259,银华医疗创新混合(QDII)A,QDII-混合偏股
026260,银华医疗创新混合(QDII)C,QDII-混合偏股
026261,银华智享混合A,混合型-偏股
026262,银华智享混合C,混合型-偏股
026263,平安港股通均衡配置混合A,混合型-偏股
026264,平安港股通均衡配置混合C,混合型-偏股
026265,广发储能电池ETF联接A,指数型-股票
026266,广发储能电池ETF联接C,指数型-股票
026267,兴业臻选回报混合A,混合型-偏股
026268,兴业臻选回报混合C,混合型-偏股
026269,万家消费机遇混合A,混合型-偏股
026270,万家消费机遇混合C,混合型-偏股
026271,上银消费机遇混合发起式A,混合型-偏股
026272,上银消费机遇混合发起式C,混合型-偏股
026273,平安数字经济精选混合发起式A,混合型-偏股
026274,平安数字经济精选混合发起式C,混合型-偏股
026275,海富通沪深300增强Y,指数型-股票
026277,泉果竞争优势混合A,混合型-偏股
026278,泉果竞争优势混合C,混合型-偏股
026282,东方红先锋锐选混合发起A,混合型-偏股
026283,东方红先锋锐选混合发起C,混合型-偏股
026284,东方红嘉享混合发起A,混合型-偏股
026285,东方红嘉享混合发起C,混合型-偏股
026286,华宝优势产业混合A,混合型-偏股
026287,华宝优势产业混合C,混合型-偏股
026288,华宝创业板综合增强策略ETF发起式联接A,指数型-股票
026289,华宝创业板综合增强策略ETF发起式联接C,指数型-股票
026290,红土创新科技创新股票(LOF)C,股票型
026291,中欧港股消费混合发起(QDII)A,QDII-混合偏股
026292,中欧港股消费混合发起(QDII)C,QDII-混合偏股
026293,红土精选混合C,混合型-灵活
026295,前海开源中证民企300ETF发起式联接A,指数型-股票
026296,前海开源中证民企300ETF发起式联接C,指数型-股票
026298,太平嘉信债券A,债券型-混合二级
026299,太平嘉信债券C,债券型-混合二级
026303,上银科技创新股票发起式A,股票型
026304,上银科技创新股票发起式C,股票型
026305,西部利得汇和债券A,债券型-混合二级
026306,西部利得汇和债券C,债券型-混合二级
026307,新华锦利债券A,债券型-混合二级
026308,新华锦利债券C,债券型-混合二级
026309,长信均衡配置混合,混合型-偏股
026310,中信建投双颐3个月持有期债券A,债券型-混合二级
026311,中信建投双颐3个月持有期债券C,债券型-混合二级
026312,惠升和利安丰60天持有债券A,债券型-混合二级
026313,惠升和利安丰60天持有债券C,债券型-混合二级
026314,广发多添利六个月持有债券A,债券型-混合二级
026315,广发多添利六个月持有债券C,债券型-混合二级
026316,广发弘利3个月滚动持有债券A,债券型-混合一级
026317,广发弘利3个月滚动持有债券C,债券型-混合一级
026321,广发乾利一年持有债券A,债券型-混合二级
026322,广发乾利一年持有债券C,债券型-混合二级
026323,广发消费智选混合A,混合型-偏股
026324,广发消费智选混合C,混合型-偏股
026325,上银慧达双利债券A,债券型-混合二级
026326,上银慧达双利债券C,债券型-混合二级
026327,广发乾元价值增长混合A,混合型-偏股
026328,广发乾元价值增长混合C,混合型-偏股
026329,长盛品质成长混合A,混合型-偏股
026330,长盛品质成长混合C,混合型-偏股
026332,广发盛世精选混合A,混合型-偏股
026333,广发盛世精选混合C,混合型-偏股
026334,鹏扬辰利债券A,债券型-混合二级
026335,鹏扬辰利债券C,债券型-混合二级
026336,民生加银添益债券A,债券型-混合二级
026337,民生加银添益债券C,债券型-混合二级
026340,大成招享汇智混合A,混合型-偏债
026341,大成招享汇智混合C,混合型-偏债
026351,博道衍晟混合A,混合型-偏债
026352,博道衍晟混合C,混合型-偏债
026353,财通泓盛平衡混合A,混合型-灵活
026354,财通泓盛平衡混合C,混合型-灵活
026357,平安港股医疗优选股票(QDII)A,QDII-普通股票
026358,平安港股医疗优选股票(QDII)C,QDII-普通股票
026359,易方达中证800增强A,指数型-股票
026360,易方达中证800增强C,指数型-股票
026361,财通资管双泰债券A,债券型-混合二级
026362,财通资管双泰债券C,债券型-混合二级
026365,招商周期精选混合A,混合型-偏股
026366,招商周期精选混合C,混合型-偏股
026367,永赢致远成长混合A,混合型-偏股
026368,永赢致远成长混合C,混合型-偏股
026369,富国上证科创板200ETF发起式联接A,指数型-股票
026370,富国上证科创板200ETF发起式联接C,指数型-股票
026374,中金睿见优选股票A,股票型
026375,中金睿见优选股票C,股票型
026376,景顺长城衡瑞精选混合,混合型-偏股
026378,广发成长回报混合A,混合型-偏股
026379,广发成长回报混合C,混合型-偏股
026382,中航洞见领航混合A,混合型-偏股
026383,中航洞见领航混合C,混合型-偏股
026384,中航甄选领航混合发起A,混合型-偏股
026385,中航甄选领航混合发起C,混合型-偏股
026386,中欧价值锐选混合A,混合型-偏股
026387,中欧价值锐选混合C,混合型-偏股
026388,招商资管上证科创板人工智能指数发起A,指数型-股票
026389,招商资管上证科创板人工智能指数发起C,指数型-股票
026394,招商裕田混合发起式A,混合型-灵活
026395,招商裕田混合发起式C,混合型-灵活
026396,鹏扬科技先锋混合A,混合型-偏股
026397,鹏扬科技先锋混合C,混合型-偏股
026399,天弘安泰六个月持有期债券A,债券型-混合一级
026400,天弘安泰六个月持有期债券C,债券型-混合一级
026405,永赢丰享90天持有债券A,债券型-混合二级
026406,永赢丰享90天持有债券C,债券型-混合二级
026409,银华启恒90天持有期债券A,债券型-混合二级
026410,银华启恒90天持有期债券C,债券型-混合二级
026411,广发添益120天滚动持有债券A,债券型-混合一级
026412,广发添益120天滚动持有债券C,债券型-混合一级
026413,中邮睿信增强债券C,债券型-混合二级
026414,国富强化收益债券D,债券型-混合二级
026418,东财科创100指数A,指数型-股票
026419,东财科创100指数C,指数型-股票
026420,大摩多因子策略混合C,混合型-偏股
026421,大摩ESG量化混合C,混合型-偏股
026423,汇百川稳航增强债券A,债券型-混合二级
026424,汇百川稳航增强债券C,债券型-混合二级
026425,景顺长城景气驱动混合,混合型-偏股
026428,永赢上证科创板200指数A,指数型-股票
026429,永赢上证科创板200指数C,指数型-股票
026430,华商核心优选混合A,混合型-偏股
026431,华商核心优选混合C,混合型-偏股
026433,华泰柏瑞中证A500指数增强A,指数型-股票
026434,华泰柏瑞中证A500指数增强C,指数型-股票
026435,金信民旺债券E,债券型-混合二级
026436,鹏华添鑫90天持有期债券A,债券型-混合一级
026437,鹏华添鑫90天持有期债券C,债券型-混合一级
026438,建信恒生生物科技指数A,指数型-股票
026439,建信恒生生物科技指数C,指数型-股票
026440,永赢价值核心混合A,混合型-偏股
026441,永赢价值核心混合C,混合型-偏股
026442,国泰海通港股优势精选股票发起(QDII)A,QDII-普通股票
026443,国泰海通港股优势精选股票发起(QDII)C,QDII-普通股票
026444,易方达中证细分有色金属产业主题ETF联接A,指数型-股票
026445,易方达中证细分有色金属产业主题ETF联接C,指数型-股票
026446,中欧稳泰120天持有债券A,债券型-混合二级
026447,中欧稳泰120天持有债券C,债券型-混合二级
026448,大摩沪港深科技混合A,混合型-偏股
026449,大摩沪港深科技混合C,混合型-偏股
026450,天弘稳益优选混合A,混合型-偏债
026451,天弘稳益优选混合C,混合型-偏债
026452,天弘弘华混合A,混合型-偏债
026453,天弘弘华混合C,混合型-偏债
026456,银华启元债券A,债券型-混合二级
026457,银华启元债券C,债券型-混合二级
026458,银华中证有色金属ETF联接A,指数型-股票
026459,银华中证有色金属ETF联接C,指数型-股票
026460,山证资管添益债券A,债券型-混合二级
026461,山证资管添益债券C,债券型-混合二级
026462,景顺长城均衡增长股票,股票型
026463,景顺长城信优成长混合A,混合型-偏股
026464,人保睿逸智选混合A,混合型-偏股
026465,人保睿逸智选混合C,混合型-偏股
026466,西部利得智享量化选股混合A,混合型-偏股
026467,西部利得智享量化选股混合C,混合型-偏股
026468,山证资管数字经济锐选股票发起式A,股票型
026469,山证资管数字经济锐选股票发起式C,股票型
026470,泓德医药精选混合发起式A,混合型-偏股
026471,泓德医药精选混合发起式C,混合型-偏股
026472,益民创新优势混合C,混合型-灵活
026473,西部利得周期鑫选混合发起A,混合型-偏股
026474,西部利得周期鑫选混合发起C,混合型-偏股
026475,西部利得创新驱动鑫选混合发起A,混合型-偏股
026476,西部利得创新驱动鑫选混合发起C,混合型-偏股
026477,招商中证有色金属矿业主题ETF发起式联接A,指数型-股票
026478,招商中证有色金属矿业主题ETF发起式联接C,指数型-股票
026479,农银消费启航混合A,混合型-偏股
026480,农银消费启航混合C,混合型-偏股
026481,农银瑞恒债券A,债券型-混合二级
026482,农银瑞恒债券C,债券型-混合二级
026483,华泰柏瑞启臻混合,混合型-偏股
026486,大成竞先成长混合A,混合型-偏股
026487,大成竞先成长混合C,混合型-偏股
026488,安信资源睿选股票发起A,股票型
026489,安信资源睿选股票发起C,股票型
026490,天弘价值成长混合A,混合型-偏股
026491,天弘价值成长混合C,混合型-偏股
026492,广发港股优选混合(QDII),QDII-混合偏股
026493,恒生前海丰元兴瑞债券A,债券型-混合二级
026494,恒生前海丰元兴瑞债券C,债券型-混合二级
026495,东方红消费研选混合发起A,混合型-偏股
026496,东方红消费研选混合发起C,混合型-偏股
026497,中银招享6个月持有混合A,混合型-偏债
026498,中银招享6个月持有混合C,混合型-偏债
026499,富国嘉汇债券A,债券型-混合二级
026500,富国嘉汇债券C,债券型-混合二级
026501,汇添富增益回报债券A,债券型-混合二级
026502,汇添富增益回报债券C,债券型-混合二级
026504,兴银国证消费电子主题指数A,指数型-股票
026505,兴银国证消费电子主题指数C,指数型-股票
026506,建信丰享债券A,债券型-混合二级
026507,建信丰享债券C,债券型-混合二级
026508,中邮睿福债券A,债券型-混合二级
026509,中邮睿福债券C,债券型-混合二级
026510,广发优选回报混合A,混合型-偏股
026511,广发优选回报混合C,混合型-偏股
026512,睿远研选均衡三年持有混合发起式,混合型-偏股
026513,弘毅远方北证50成份指数I,指数型-股票
026514,上银中证全指指数增强发起式A,指数型-股票
026515,上银中证全指指数增强发起式C,指数型-股票
026516,上银科技先锋股票发起式A,股票型
026517,上银科技先锋股票发起式C,股票型
026518,交银鸿宁三个月持有期债券A,债券型-混合二级
026519,交银鸿宁三个月持有期债券C,债券型-混合二级
026520,财通资管量化选股股票发起式A,股票型
026521,财通资管量化选股股票发起式C,股票型
026524,泰信消费精选混合发起式A,混合型-偏股
026525,泰信消费精选混合发起式C,混合型-偏股
026526,鹏华创业板新能源ETF发起式联接A,指数型-股票
026527,鹏华创业板新能源ETF发起式联接C,指数型-股票
026529,贝莱德富元金利混合A,混合型-偏债
026530,贝莱德富元金利混合C,混合型-偏债
026532,宏利优势企业混合A,混合型-偏股
026533,宏利优势企业混合C,混合型-偏股
026534,兴业恒生科技指数(QDII)A,指数型-海外股票
026535,兴业恒生科技指数(QDII)C,指数型-海外股票
026538,融通科技臻选混合发起式A,混合型-偏股
026539,融通科技臻选混合发起式C,混合型-偏股
026540,鹏华成长进取混合A,混合型-偏股
026541,鹏华成长进取混合C,混合型-偏股
026542,鑫元中证A500指数A,指数型-股票
026543,鑫元中证A500指数C,指数型-股票
026544,平安中证卫星产业指数E,指数型-股票
026546,兴银裕兴90天持有债券A,债券型-混合二级
026547,兴银裕兴90天持有债券C,债券型-混合二级
026548,中欧价值智信混合A,混合型-偏股
026549,中欧价值智信混合C,混合型-偏股
026553,南方量化成长股票C,股票型
026554,南方中证港股通互联网ETF发起联接A,指数型-股票
026555,南方中证港股通互联网ETF发起联接C,指数型-股票
026556,摩根均衡成长混合A,混合型-偏股
026557,摩根均衡成长混合C,混合型-偏股
026558,摩根港股通宁远成长混合A,混合型-偏股
026559,摩根港股通宁远成长混合C,混合型-偏股
026560,国泰海通低碳经济睿选混合发起A,混合型-偏股
026561,国泰海通低碳经济睿选混合发起C,混合型-偏股
026562,国泰海通制造升级睿选混合发起A,混合型-偏股
026563,国泰海通制造升级睿选混合发起C,混合型-偏股
026566,德邦新添益债券A,债券型-混合二级
026567,德邦新添益债券C,债券型-混合二级
026574,鑫元景气睿选混合A,混合型-偏股
026575,鑫元景气睿选混合C,混合型-偏股
026590,国泰海通稳健汇利债券A,债券型-混合二级
026591,国泰海通稳健汇利债券C,债券型-混合二级
026600,明亚远臻智选混合A,混合型-偏股
026601,明亚远臻智选混合C,混合型-偏股
026602,国泰产业机遇混合发起A,混合型-偏股
026603,国泰产业机遇混合发起C,混合型-偏股
026606,南方中证港股通50ETF联接A,指数型-股票
026607,南方中证港股通50ETF联接C,指数型-股票
026608,德邦沪深300指数增强A,指数型-股票
026609,工银前瞻成长混合A,混合型-偏股
026610,工银前瞻成长混合C,混合型-偏股
026611,天弘乾元价值混合A,混合型-偏股
026612,天弘乾元价值混合C,混合型-偏股
026613,国泰上证科创板人工智能ETF发起联接A,指数型-股票
026614,国泰上证科创板人工智能ETF发起联接C,指数型-股票
026615,国泰中证A500ETF发起联接Y,指数型-股票
026616,安信均衡致远混合,混合型-偏股
026617,万家致远动力混合发起式A,混合型-偏股
026618,万家致远动力混合发起式C,混合型-偏股
026619,安信消费睿选股票发起A,股票型
026620,安信消费睿选股票发起C,股票型
026621,富国价值策略混合,混合型-偏股
026622,招商上证科创板芯片设计主题ETF发起式联接A,指数型-股票
026623,招商上证科创板芯片设计主题ETF发起式联接C,指数型-股票
026626,建信消费严选股票A,股票型
026627,建信消费严选股票C,股票型
026630,天弘中证智选质量领先50指数A,指数型-股票
026631,天弘中证智选质量领先50指数C,指数型-股票
026632,平安半导体领航精选混合发起式A,混合型-偏股
026633,平安半导体领航精选混合发起式C,混合型-偏股
026634,平安久瑞回报混合A,混合型-偏股
026635,平安久瑞回报混合C,混合型-偏股
026636,国联昭元债券A,债券型-混合二级
026637,国联昭元债券C,债券型-混合二级
026638,新华医疗创新混合发起A,混合型-偏股
026639,新华医疗创新混合发起C,混合型-偏股
026642,富国数字经济混合A,混合型-偏股
026643,富国数字经济混合C,混合型-偏股
026644,易方达成长领航混合A,混合型-偏股
026645,易方达成长领航混合C,混合型-偏股
026646,易方达恒生港股通汽车主题ETF联接发起式A,指数型-股票
026647,易方达恒生港股通汽车主题ETF联接发起式C,指数型-股票
026648,易方达港股通消费混合A,混合型-偏股
026649,易方达港股通消费混合C,混合型-偏股
026654,汇添富上证科创板人工智能ETF发起式联接A,指数型-股票
026655,汇添富上证科创板人工智能ETF发起式联接C,指数型-股票
026658,中银先锋半导体混合发起A,混合型-偏股
026659,中银先锋半导体混合发起C,混合型-偏股
026660,广发成长慧选混合A,混合型-偏股
026661,广发成长慧选混合C,混合型-偏股
026662,建信资源严选股票发起A,股票型
026663,建信资源严选股票发起C,股票型
026664,建信国证新能源车电池ETF发起式联接A,指数型-股票
026665,建信国证新能源车电池ETF发起式联接C,指数型-股票
026666,华泰紫金策略精选混合A,混合型-灵活
026667,华泰紫金策略精选混合C,混合型-灵活
026670,天弘价值共享混合,混合型-偏股
026671,招商中证全指红利质量ETF发起式联接A,指数型-股票
026672,招商中证全指红利质量ETF发起式联接C,指数型-股票
026673,长江医药健康精选混合发起A,混合型-偏股
026674,长江医药健康精选混合发起C,混合型-偏股
026675,德邦沪深300指数增强C,指数型-股票
026676,创金合信弘达债券A,债券型-混合二级
026677,创金合信弘达债券C,债券型-混合二级
026678,恒越嘉润量化选股混合A,混合型-偏股
026679,恒越嘉润量化选股混合C,混合型-偏股
026680,永赢产业机遇智选混合发起A,混合型-偏股
026681,永赢产业机遇智选混合发起C,混合型-偏股
026684,永赢锐见成长混合A,混合型-偏股
026685,永赢锐见成长混合C,混合型-偏股
026686,兴华景睿混合发起A,混合型-偏股
026687,兴华景睿混合发起C,混合型-偏股
026688,汇添富中证港股通综合指数增强A,指数型-股票
026689,汇添富中证港股通综合指数增强C,指数型-股票
026690,华泰柏瑞中证全指指数增强A,指数型-股票
026691,华泰柏瑞中证全指指数增强C,指数型-股票
026692,兴银创业板综合指数增强A,指数型-股票
026693,兴银创业板综合指数增强C,指数型-股票
026694,易方达港股通周期精选混合A,混合型-偏股
026695,易方达港股通周期精选混合C,混合型-偏股
026696,天弘多利一年定开混合C,混合型-偏债
026697,人保安悦债券A,债券型-混合二级
026698,人保安悦债券C,债券型-混合二级
026699,新华大盘成长量化选股混合发起A,混合型-偏股
026700,新华大盘成长量化选股混合发起C,混合型-偏股
026701,泰康中证全指电力公用事业指数A,指数型-股票
026702,泰康中证全指电力公用事业指数C,指数型-股票
026703,长城港股价值优选股票(QDII)A,QDII-普通股票
026704,长城港股价值优选股票(QDII)C,QDII-普通股票
026705,方正富邦恒信双利债券A,债券型-混合二级
026706,方正富邦恒信双利债券C,债券型-混合二级
026709,景顺长城智享混合,混合型-偏股
026710,富国核心动力混合A,混合型-偏股
026711,富国核心动力混合C,混合型-偏股
026712,大成上证科创板50成份指数A,指数型-股票
026713,大成上证科创板50成份指数C,指数型-股票
026715,大成国证石油天然气指数型发起式A,指数型-股票
026716,大成国证石油天然气指数型发起式C,指数型-股票
026718,银华中证科创创业50ETF发起式联接A,指数型-股票
026719,银华中证科创创业50ETF发起式联接C,指数型-股票
026720,平安中证光伏产业ETF联接发起式A,指数型-股票
026721,平安中证光伏产业ETF联接发起式C,指数型-股票
026722,浙商中证A500指数增强A,指数型-股票
026723,浙商中证A500指数增强C,指数型-股票
026726,中信保诚恒生港股通科技指数A,指数型-股票
026727,中信保诚恒生港股通科技指数C,指数型-股票
026728,中信保诚科技智选混合A,混合型-偏股
026729,中信保诚科技智选混合C,混合型-偏股
026730,富国价值回报混合A,混合型-偏股
026731,富国价值回报混合C,混合型-偏股
026732,广发成长甄选混合A,混合型-偏股
026733,广发成长甄选混合C,混合型-偏股
026734,摩根恒生港股通50ETF联接A,指数型-股票
026735,摩根恒生港股通50ETF联接C,指数型-股票
026736,交银中证A500指数增强发起A,指数型-股票
026737,交银中证A500指数增强发起C,指数型-股票
026738,人保创业板综合指数增强A,指数型-股票
026739,人保创业板综合指数增强C,指数型-股票
026742,中欧中证A500指数量化增强A,指数型-股票
026743,中欧中证A500指数量化增强C,指数型-股票
026744,交银红利量化选股混合A,混合型-偏股
026745,交银红利量化选股混合C,混合型-偏股
026746,上银医药精选股票发起式A,股票型
026747,上银医药精选股票发起式C,股票型
026748,上银中证沪港深互联网指数发起式A,指数型-股票
026749,上银中证沪港深互联网指数发起式C,指数型-股票
026750,华泰紫金明睿债券A,债券型-混合二级
026751,华泰紫金明睿债券C,债券型-混合二级
026752,国泰共赢未来混合发起A,混合型-偏股
026753,国泰共赢未来混合发起C,混合型-偏股
026754,华宝中证光伏产业指数发起,指数型-股票
026755,华宝中证港股通信息技术ETF发起联接,指数型-股票
026756,鑫元鑫锐量化选股混合发起式A,混合型-偏股
026757,鑫元鑫锐量化选股混合发起式C,混合型-偏股
026758,招商港股通汽车发起式A,指数型-股票
026759,招商港股通汽车发起式C,指数型-股票
026760,财信均衡致远混合发起式A,混合型-偏股
026761,财信均衡致远混合发起式C,混合型-偏股
026762,广发医疗创新精选混合发起式A,混合型-偏股
026763,广发医疗创新精选混合发起式C,混合型-偏股
026764,人保中证港股通互联网指数A,指数型-股票
026765,人保中证港股通互联网指数C,指数型-股票
026766,鹏华上证科创板50成份ETF发起式联接A,指数型-股票
026767,鹏华上证科创板50成份ETF发起式联接C,指数型-股票
026768,华泰保兴沪深300指数增强A,指数型-股票
026769,华泰保兴沪深300指数增强C,指数型-股票
026770,中银创业板50指数A,指数型-股票
026771,中银创业板50指数C,指数型-股票
026772,中银证券创业板ETF联接A,指数型-股票
026773,中银证券创业板ETF联接C,指数型-股票
026774,中欧中证500指数量化增强A,指数型-股票
026775,中欧中证500指数量化增强C,指数型-股票
026778,诺安智泉量化选股混合发起式A,混合型-偏股
026779,诺安智泉量化选股混合发起式C,混合型-偏股
026780,华泰保兴中证800指数增强A,指数型-股票
026781,华泰保兴中证800指数增强C,指数型-股票
026785,鹏华中证A50ETF发起式联接A,指数型-股票
026786,鹏华中证A50ETF发起式联接C,指数型-股票
026787,鹏华上证科创板人工智能ETF发起式联接A,指数型-股票
026788,鹏华上证科创板人工智能ETF发起式联接C,指数型-股票
026789,中欧上证科创板人工智能指数A,指数型-股票
026790,中欧上证科创板人工智能指数C,指数型-股票
026791,博道星航混合,混合型-偏股
026792,泰信添瑞债券C,债券型-混合二级
026795,鹏华恒生ETF联接A,指数型-股票
026796,鹏华恒生ETF联接C,指数型-股票
026803,宏利消费主题精选混合A,混合型-偏股
026804,宏利消费主题精选混合C,混合型-偏股
026807,易方达研究智选股票A,股票型
026808,易方达研究智选股票C,股票型
026811,天弘智航量化选股混合,混合型-偏股
026814,兴全创业板综指增强发起式A,指数型-股票
026815,兴全创业板综指增强发起式C,指数型-股票
026816,富国创业板新能源ETF发起式联接A,指数型-股票
026817,富国创业板新能源ETF发起式联接C,指数型-股票
026818,安信远见共赢混合A,混合型-偏股
026819,安信远见共赢混合C,混合型-偏股
026820,南方医疗精选混合发起A,混合型-偏股
026821,南方医疗精选混合发起C,混合型-偏股
026822,长盛电子信息主题混合C,混合型-灵活
026823,兴银上证综合指数增强A,指数型-股票
026824,兴银上证综合指数增强C,指数型-股票
026825,中银健康生活混合C,混合型-偏股
026831,东吴优利债券A,债券型-混合二级
026832,东吴优利债券C,债券型-混合二级
026833,国寿安保尊利增强回报债券E,债券型-混合二级
026834,诺安精选回报混合C,混合型-灵活
026835,太平中证港股通互联网指数A,指数型-股票
026836,太平中证港股通互联网指数C,指数型-股票
026837,财通资管周期研选混合发起式A,混合型-偏股
026838,财通资管周期研选混合发起式C,混合型-偏股
026839,万家医疗创新混合发起式A,混合型-偏股
026840,万家医疗创新混合发起式C,混合型-偏股
026841,华安创新动能混合A,混合型-偏股
026842,华安创新动能混合C,混合型-偏股
026843,国泰上证科创板200ETF发起联接A,指数型-股票
026844,国泰上证科创板200ETF发起联接C,指数型-股票
026845,汇添富添添乐双盈债券E,债券型-混合二级
026846,华富安华债券D,债券型-混合二级
026847,易方达中证港股通综合量化增强A,指数型-股票
026848,易方达中证港股通综合量化增强C,指数型-股票
026850,泓德价值智选混合A,混合型-偏股
026851,泓德价值智选混合C,混合型-偏股
026852,交银远见精选混合A,混合型-偏股
026853,交银远见精选混合C,混合型-偏股
026854,平安匠心品质混合A,混合型-偏股
026855,平安匠心品质混合C,混合型-偏股
026856,富安达策略精选混合C,混合型-灵活
026857,富安达医药创新混合C,混合型-偏股
026858,景顺长城信优成长混合C,混合型-偏股
026859,华安智优量化选股股票A,股票型
026860,华夏中证A500增强策略ETF联接A,指数型-股票
026861,华夏中证A500增强策略ETF联接C,指数型-股票
026862,易方达恒生生物科技ETF联接发起式A,指数型-股票
026863,易方达恒生生物科技ETF联接发起式C,指数型-股票
026864,苏新韵启混合A,混合型-偏股
026865,苏新韵启混合C,混合型-偏股
026866,华安智优量化选股股票C,股票型
026867,广发汇智量化选股混合A,混合型-偏股
026868,广发汇智量化选股混合C,混合型-偏股
026870,鹏华卓越成长混合A,混合型-偏股
026871,鹏华卓越成长混合C,混合型-偏股
026872,汇添富消费新机遇混合发起式A,混合型-偏股
026873,汇添富消费新机遇混合发起式C,混合型-偏股
026874,人保新锐智选混合A,混合型-偏股
026875,人保新锐智选混合C,混合型-偏股
026876,诺安双利债券发起C,债券型-混合二级
026877,汇添富创业板综合指数增强A,指数型-股票
026878,汇添富创业板综合指数增强C,指数型-股票
026879,汇添富上证科创板综合价格指数增强A,指数型-股票
026880,汇添富上证科创板综合价格指数增强B,指数型-股票
026881,汇添富上证科创板综合价格指数增强C,指数型-股票
026882,新华中证科创创业50指数A,指数型-股票
026883,新华中证科创创业50指数C,指数型-股票
026884,招商港股通科技ETF联接A,指数型-股票
026885,招商港股通科技ETF联接C,指数型-股票
026886,财通资管消费研选混合发起式A,混合型-偏股
026887,财通资管消费研选混合发起式C,混合型-偏股
026888,创金合信上证科创板综合指数增强A,指数型-股票
026889,创金合信上证科创板综合指数增强C,指数型-股票
026890,兴合产业优选混合发起式A,混合型-偏股
026891,兴合产业优选混合发起式C,混合型-偏股
026892,兴合安元债券A,债券型-混合二级
026893,兴合安元债券C,债券型-混合二级
026896,华夏智胜双擎股票,股票型
026897,华夏港股通消费精选混合A,混合型-偏股
026898,华夏港股通消费精选混合C,混合型-偏股
026899,华夏博享6个月持有混合A,混合型-偏债
026900,华夏博享6个月持有混合C,混合型-偏债
026901,华安沣泽6个月持有混合A,混合型-偏债
026902,华安沣泽6个月持有混合C,混合型-偏债
026903,融通消费臻选混合发起式A,混合型-偏股
026904,融通消费臻选混合发起式C,混合型-偏股
026905,金鹰恒荣混合A,混合型-偏债
026906,金鹰恒荣混合B,混合型-偏债
026907,金鹰恒荣混合C,混合型-偏债
026916,创金合信稳健招利6个月持有期混合A,混合型-偏债
026917,创金合信稳健招利6个月持有期混合C,混合型-偏债
026918,大成启元价值混合A,混合型-偏股
026919,大成启元价值混合C,混合型-偏股
026922,华宝中证港股通医疗主题ETF发起式联接,指数型-股票
026923,富国港股通成长精选混合A,混合型-偏股
026924,富国港股通成长精选混合C,混合型-偏股
026925,南方平衡回报混合A,混合型-偏债
026926,南方平衡回报混合C,混合型-偏债
026931,广发中证全指食品ETF联接A,指数型-股票
026932,广发中证全指食品ETF联接C,指数型-股票
026933,鑫元周期睿选混合发起式A,混合型-偏股
026934,鑫元周期睿选混合发起式C,混合型-偏股
026935,大成国证价值100指数A,指数型-股票
026936,大成国证价值100指数C,指数型-股票
026937,华泰紫金港股通价值研选混合发起A,混合型-偏股
026938,华泰紫金港股通价值研选混合发起C,混合型-偏股
026939,南方智汇量化选股混合A,混合型-偏股
026940,南方智汇量化选股混合C,混合型-偏股
026941,中加量化选股混合A,混合型-偏股
026942,中加量化选股混合C,混合型-偏股
026943,兴全悦加混合A,混合型-偏债
026944,兴全悦加混合C,混合型-偏债
026947,东方红周期研选混合发起A,混合型-偏股
026948,东方红周期研选混合发起C,混合型-偏股
026949,华宝中证全指电力公用事业ETF发起式联接,指数型-股票
026954,华夏中证全指食品ETF联接A,指数型-股票
026955,华夏中证全指食品ETF联接C,指数型-股票
026956,招商资管睿泽混合发起A,混合型-偏债
026957,招商资管睿泽混合发起C,混合型-偏债
026958,银河中证电池主题指数发起式A,指数型-股票
026959,银河中证电池主题指数发起式C,指数型-股票
026960,惠升添益混合A,混合型-偏债
026961,惠升添益混合C,混合型-偏债
026962,鑫元北证50成份指数发起式A,指数型-股票
026963,鑫元北证50成份指数发起式C,指数型-股票
026964,安信颐祥双利六个月持有混合A,混合型-偏债
026965,安信颐祥双利六个月持有混合C,混合型-偏债
026968,创金合信文利1个月持有期混合A,混合型-偏债
026969,创金合信文利1个月持有期混合C,混合型-偏债
026970,泓德裕康债券D,债券型-混合二级
026972,大成天宁混合A,混合型-偏债
026973,大成天宁混合C,混合型-偏债
026974,兴业中证电池主题指数A,指数型-股票
026975,兴业中证电池主题指数C,指数型-股票
026976,兴全优加混合A,混合型-偏债
026977,兴全优加混合C,混合型-偏债
026978,中海铭嘉债券A,债券型-混合二级
026979,中海铭嘉债券C,债券型-混合二级
026980,东方红卓远甄选6个月持有混合A,混合型-偏债
026981,东方红卓远甄选6个月持有混合C,混合型-偏债
026984,京管泰富京享混合A,混合型-偏债
026985,京管泰富京享混合C,混合型-偏债
026986,汇泉科创创业量化选股混合A,混合型-偏股
026987,汇泉科创创业量化选股混合C,混合型-偏股
026988,海富通沪港深医疗创新混合A,混合型-偏股
026989,海富通沪港深医疗创新混合C,混合型-偏股
026990,国泰产业智选混合发起A,混合型-偏股
026991,国泰产业智选混合发起C,混合型-偏股
026992,博时恒乐债券B,债券型-混合二级
026993,东方阿尔法瑞利混合发起A,混合型-偏股
026994,东方阿尔法瑞利混合发起C,混合型-偏股
026995,信澳港股通创新驱动股票型发起式A,股票型
026996,信澳港股通创新驱动股票型发起式C,股票型
026997,易方达成长景明混合A,混合型-偏股
026998,易方达成长景明混合C,混合型-偏股
027000,泓德周期臻选混合发起式A,混合型-偏股
027001,泓德周期臻选混合发起式C,混合型-偏股
027002,东方红鼎鸿债券A,债券型-混合二级
027003,东方红鼎鸿债券C,债券型-混合二级
027004,博道衍和债券A,债券型-混合二级
027005,博道衍和债券C,债券型-混合二级
027006,天弘安泽90天持有债券A,债券型-混合二级
027007,天弘安泽90天持有债券C,债券型-混合二级
027008,华夏宏安债券A,债券型-混合二级
027009,华夏宏安债券C,债券型-混合二级
027010,汇添富港股通周期精选混合A,混合型-偏股
027011,汇添富港股通周期精选混合C,混合型-偏股
027012,广发港股通医疗创新精选混合A,混合型-偏股
027013,广发港股通医疗创新精选混合C,混合型-偏股
027014,广发添享债券A,债券型-混合二级
027015,广发添享债券C,债券型-混合二级
027016,中航祥瑞债券发起A,债券型-混合二级
027017,中航祥瑞债券发起C,债券型-混合二级
027018,大成天启稳利债券A,债券型-混合二级
027019,大成天启稳利债券C,债券型-混合二级
027022,中银稳进睿利债券发起A,债券型-混合二级
027023,中银稳进睿利债券发起C,债券型-混合二级
027024,国金安裕债券A,债券型-混合二级
027025,国金安裕债券C,债券型-混合二级
027026,华安中证电池主题指数A,指数型-股票
027027,华安中证电池主题指数C,指数型-股票
027028,兴业福慧债券A,债券型-混合二级
027029,兴业福慧债券C,债券型-混合二级
027030,金鹰恒泽债券A,债券型-混合二级
027031,金鹰恒泽债券B,债券型-混合二级
027032,金鹰恒泽债券C,债券型-混合二级
027033,中银中证科创创业人工智能指数发起A,指数型-股票
027034,中银中证科创创业人工智能指数发起C,指数型-股票
027035,长城智悦均衡混合A,混合型-偏股
027036,长城智悦均衡混合C,混合型-偏股
027037,鹏华瑞衡鑫益180天持有期债券A,债券型-混合二级
027038,鹏华瑞衡鑫益180天持有期债券C,债券型-混合二级
027041,富国港股通医药优选混合A,混合型-偏股
027042,富国港股通医药优选混合C,混合型-偏股
027043,兴银中证科创创业人工智能指数A,指数型-股票
027044,兴银中证科创创业人工智能指数C,指数型-股票
027045,弘毅远方医疗创新混合A,混合型-偏股
027046,弘毅远方医疗创新混合C,混合型-偏股
027047,景顺长城中证科创创业人工智能ETF联接A,指数型-股票
027048,景顺长城中证科创创业人工智能ETF联接C,指数型-股票
027049,融通医疗创新臻选混合A,混合型-偏股
027050,融通医疗创新臻选混合C,混合型-偏股
027051,诺安科技智选混合A,混合型-偏股
027052,诺安科技智选混合C,混合型-偏股
027053,兴全价值量化选股股票发起式A,股票型
027054,兴全价值量化选股股票发起式C,股票型
027055,兴业北证50成份指数A,指数型-股票
027056,兴业北证50成份指数C,指数型-股票
027057,南方科技领航混合发起A,混合型-偏股
027058,南方科技领航混合发起C,混合型-偏股
027059,浙商汇金通利增强债券A,债券型-混合二级
027060,浙商汇金通利增强债券C,债券型-混合二级
027061,新华科技甄选混合发起A,混合型-偏股
027062,新华科技甄选混合发起C,混合型-偏股
027063,鹏华创新驱动混合C,混合型-偏股
027064,长信稳健汇利90天持有债券A,债券型-混合二级
027065,长信稳健汇利90天持有债券C,债券型-混合二级
027068,中加科技先锋智选混合发起式A,混合型-偏股
027069,中加科技先锋智选混合发起式C,混合型-偏股
027070,鹏安安弘债券A,债券型-混合二级
027071,鹏安安弘债券C,债券型-混合二级
027074,鹏安核心科技混合发起式A,混合型-偏股
027075,鹏安核心科技混合发起式C,混合型-偏股
027076,易方达恒安稳健6个月持有债券A,债券型-混合二级
027077,易方达恒安稳健6个月持有债券C,债券型-混合二级
027078,富国稳健添颐债券A,债券型-混合二级
027079,富国稳健添颐债券C,债券型-混合二级
027080,华夏季季鑫90天持有债券A,债券型-混合一级
027081,华夏季季鑫90天持有债券C,债券型-混合一级
027082,工银稳健丰汇180天持有债券C,债券型-混合一级
027083,工银稳健丰汇180天持有债券A,债券型-混合一级
027084,英大产业精选混合发起A,混合型-偏股
027085,英大产业精选混合发起C,混合型-偏股
027088,财信蓉泽债券A,债券型-混合二级
027089,财信蓉泽债券C,债券型-混合二级
027090,汇添富稳锦90天滚动持有债券A,债券型-混合一级
027091,汇添富稳锦90天滚动持有债券C,债券型-混合一级
027092,上银慧铭双利180天持有期债券发起式A,债券型-混合二级
027093,上银慧铭双利180天持有期债券发起式C,债券型-混合二级
027097,财通资管科技研选混合发起式A,混合型-偏股
027098,财通资管科技研选混合发起式C,混合型-偏股
027105,中银优秀企业混合C,混合型-偏股
027109,农银沪深300指数Y,指数型-股票
027110,天弘创业板新能源ETF发起联接A,指数型-股票
027111,天弘创业板新能源ETF发起联接C,指数型-股票
027112,汇添富沪深300基本面增强指数Y,指数型-股票
027113,易方达中证港股通医疗主题ETF联接发起式A,指数型-股票
027114,易方达中证港股通医疗主题ETF联接发起式C,指数型-股票
027115,兴业沪港深成长先锋混合发起式A,混合型-偏股
027116,兴业沪港深成长先锋混合发起式C,混合型-偏股
027117,东财新兴产业A,混合型-偏股
027118,东财新兴产业C,混合型-偏股
027123,国联创业板综合指数增强A,指数型-股票
027124,国联创业板综合指数增强C,指数型-股票
027127,国泰中证港股通互联网ETF发起联接A,指数型-股票
027128,国泰中证港股通互联网ETF发起联接C,指数型-股票
027129,泉果科技领航混合发起式A,混合型-偏股
027130,泉果科技领航混合发起式C,混合型-偏股
027131,弘毅远方睿选混合A,混合型-偏股
027132,弘毅远方睿选混合C,混合型-偏股
027133,华安恒生生物科技ETF发起式联接A,指数型-股票
027134,华安恒生生物科技ETF发起式联接C,指数型-股票
027137,广发红利低波指数A,指数型-股票
027138,广发红利低波指数C,指数型-股票
027142,华夏上证科创板生物医药ETF发起式联接A,指数型-股票
027143,华夏上证科创板生物医药ETF发起式联接C,指数型-股票
027144,易方达中证金融科技主题ETF联接A,指数型-股票
027145,易方达中证金融科技主题ETF联接C,指数型-股票
027146,平安中证A50ETF联接Y,指数型-股票
027149,平安周期精选混合发起式A,混合型-偏股
027150,平安周期精选混合发起式C,混合型-偏股
027151,长城北证50指数增强发起A,指数型-股票
027152,长城北证50指数增强发起C,指数型-股票
027154,景顺长城成长先锋混合,混合型-偏股
027155,广发科创50ETF发起式联接Y,指数型-股票
027156,鑫元启航混合发起式A,混合型-偏股
027157,鑫元启航混合发起式C,混合型-偏股
027158,中欧景气回报混合A,混合型-偏股
027159,中欧景气回报混合C,混合型-偏股
027160,兴全中证全指增强发起式A,指数型-股票
027161,兴全中证全指增强发起式C,指数型-股票
027164,富国恒生科技指数(QDII)A,指数型-海外股票
027165,富国恒生科技指数(QDII)C,指数型-海外股票
027166,汇添富中证金融科技主题ETF发起式联接A,指数型-股票
027167,汇添富中证金融科技主题ETF发起式联接C,指数型-股票
027168,南方丰泽稳健添利债券A,债券型-混合二级
027169,南方丰泽稳健添利债券C,债券型-混合二级
027170,交银环球精选混合(QDII)C,QDII-混合偏股
027171,万家家瑞债券D,债券型-混合二级
027181,鹏华沪深300指数增强Y,指数型-股票
027182,中加聚享长鑫债券A,债券型-混合二级
027183,中加聚享长鑫债券C,债券型-混合二级
027184,平安新鑫智选混合A,混合型-偏股
027185,平安新鑫智选混合C,混合型-偏股
027186,平安启瑞港股甄选混合(QDII),QDII-混合偏股
027187,国泰鑫澄混合A,混合型-偏股
027188,国泰鑫澄混合C,混合型-偏股
027189,新华数字经济混合发起A,混合型-偏股
027190,新华数字经济混合发起C,混合型-偏股
027191,天弘中证畜牧养殖产业ETF发起联接A,指数型-股票
027192,天弘中证畜牧养殖产业ETF发起联接C,指数型-股票
027193,华夏成长发现混合A,混合型-偏股
027194,华夏成长发现混合C,混合型-偏股
027197,长盛聚利债券A,债券型-混合二级
027198,长盛聚利债券C,债券型-混合二级
027199,景顺长城量化选股混合A,混合型-偏股
027200,景顺长城量化选股混合C,混合型-偏股
027201,华泰柏瑞嘉锐量化选股混合A,混合型-偏股
027202,华泰柏瑞嘉锐量化选股混合C,混合型-偏股
027203,兴业创新驱动混合发起式A,混合型-偏股
027204,兴业创新驱动混合发起式C,混合型-偏股
027205,广发优势企业混合(QDII)A,QDII-混合偏股
027206,广发优势企业混合(QDII)C,QDII-混合偏股
027207,路博迈卓越优选混合A,混合型-偏股
027208,路博迈卓越优选混合C,混合型-偏股
027209,广发匠心精选混合A,混合型-偏股
027210,广发匠心精选混合C,混合型-偏股
027215,中加科技视野智选混合发起式A,混合型-偏股
027216,中加科技视野智选混合发起式C,混合型-偏股
027217,华安鸿煜6个月持有债券A,债券型-混合二级
027218,华安鸿煜6个月持有债券C,债券型-混合二级
027219,中欧优势智选混合A,混合型-偏股
027220,中欧优势智选混合C,混合型-偏股
027221,长城均衡回报混合发起A,混合型-偏股
027222,长城均衡回报混合发起C,混合型-偏股
027225,富国新能源混合发起式A,混合型-偏股
027226,富国新能源混合发起式C,混合型-偏股
027229,万家价值回报混合发起式A,混合型-偏股
027230,万家价值回报混合发起式C,混合型-偏股
027233,银华中证机器人ETF发起式联接A,指数型-股票
027234,银华中证机器人ETF发起式联接C,指数型-股票
027235,交银智远量化选股股票发起,股票型
027236,富国港股通科技混合A,混合型-偏股
027237,富国港股通科技混合C,混合型-偏股
027239,山证资管半导体产业锐选股票发起式A,股票型
027240,山证资管半导体产业锐选股票发起式C,股票型
027241,申万菱信恒生港股通科技主题指数A,指数型-股票
027242,申万菱信恒生港股通科技主题指数C,指数型-股票
027243,鑫元星航混合发起式A,混合型-偏股
027244,鑫元星航混合发起式C,混合型-偏股
027245,汇添富医疗创新混合发起式A,混合型-偏股
027246,汇添富医疗创新混合发起式C,混合型-偏股
027247,农银中证500指数C,指数型-股票
027248,中金上证科创板综合指数增强A,指数型-股票
027249,中金上证科创板综合指数增强C,指数型-股票
027250,浙商中证全指指数增强A,指数型-股票
027251,浙商中证全指指数增强C,指数型-股票
027252,融通新材料混合发起式A,混合型-偏股
027253,融通新材料混合发起式C,混合型-偏股
027254,兴全沪深300质量ETF联接A,指数型-股票
027255,兴全沪深300质量ETF联接C,指数型-股票
027256,融通数字经济臻选混合发起式A,混合型-偏股
027257,融通数字经济臻选混合发起式C,混合型-偏股
027261,易方达中证红利低波动ETF联接发起式Y,指数型-股票
027262,易方达沪深300量化增强Y,指数型-股票
027263,宝盈数字经济混合发起式A,混合型-偏股
027264,宝盈数字经济混合发起式C,混合型-偏股
027267,国泰消费智选混合发起A,混合型-偏股
027268,国泰消费智选混合发起C,混合型-偏股
027270,财信价值精选混合发起式A,混合型-偏股
027271,财信价值精选混合发起式C,混合型-偏股
027272,华夏智胜全景混合,混合型-偏股
027274,天弘中证电池主题指数发起A,指数型-股票
027275,天弘中证电池主题指数发起C,指数型-股票
027276,天弘中证港股通医疗主题指数发起A,指数型-股票
027277,天弘中证港股通医疗主题指数发起C,指数型-股票
027281,招商北证50成份指数增强发起式A,指数型-股票
027282,招商北证50成份指数增强发起式C,指数型-股票
027283,招商中证家电龙头指数发起式A,指数型-股票
027284,招商中证家电龙头指数发起式C,指数型-股票
027285,兴业中证全指指数增强A,指数型-股票
027286,兴业中证全指指数增强C,指数型-股票
027287,富国中证畜牧养殖产业指数发起式A,指数型-股票
027288,富国中证畜牧养殖产业指数发起式C,指数型-股票
027289,平安瑞安6个月持有混合A,混合型-偏债
027290,平安瑞安6个月持有混合C,混合型-偏债
027291,易方达上证综合ETF联接A,指数型-股票
027292,易方达上证综合ETF联接C,指数型-股票
027293,东吴产业趋势混合A,混合型-偏股
027294,东吴产业趋势混合C,混合型-偏股
027295,大摩添悦债券A,债券型-混合二级
027296,大摩添悦债券C,债券型-混合二级
027297,南方消费启航混合发起A,混合型-偏股
027298,南方消费启航混合发起C,混合型-偏股
027299,富国电子信息产业混合发起式A,混合型-偏股
027300,富国电子信息产业混合发起式C,混合型-偏股
027301,苏新睿哲量化选股混合A,混合型-偏股
027302,苏新睿哲量化选股混合C,混合型-偏股
027305,中航新能源产业混合A,混合型-偏股
027306,中航新能源产业混合C,混合型-偏股
027309,金信中证800指数增强A,指数型-股票
027310,金信中证800指数增强C,指数型-股票
027311,富国消费服务混合发起式A,混合型-偏股
027312,富国消费服务混合发起式C,混合型-偏股
027313,招商瑞福回报混合A,混合型-偏债
027314,招商瑞福回报混合C,混合型-偏债
027315,兴全磐盈债券A,债券型-混合二级
027316,兴全磐盈债券C,债券型-混合二级
027317,兴全科技优选混合发起式A,混合型-偏股
027318,兴全科技优选混合发起式C,混合型-偏股
027321,嘉实同舟稳利债券A,债券型-混合二级
027322,嘉实同舟稳利债券C,债券型-混合二级
027323,光大保德信北证50成份指数A,指数型-股票
027324,光大保德信北证50成份指数C,指数型-股票
027325,富荣沪深300指数增强Y,指数型-股票
027326,长信汇众量化选股混合A,混合型-偏股
027327,长信汇众量化选股混合C,混合型-偏股
027328,浦银半导体产业混合A,混合型-偏股
027329,浦银半导体产业混合C,混合型-偏股
027330,大成天享3个月持有期混合A,混合型-偏债
027331,大成天享3个月持有期混合C,混合型-偏债
027332,宏利中证全指指数增强A,指数型-股票
027333,宏利中证全指指数增强C,指数型-股票
027334,建信新锐量化选股股票A,股票型
027335,建信新锐量化选股股票C,股票型
027336,建信丰汇债券A,债券型-混合二级
027337,建信丰汇债券C,债券型-混合二级
027338,平安添恒债券A,债券型-混合二级
027339,平安添恒债券C,债券型-混合二级
027340,中欧国证新能源车电池指数A,指数型-股票
027341,中欧国证新能源车电池指数C,指数型-股票
027342,中邮尊享混合发起式A,混合型-偏债
027343,中邮尊享混合发起式C,混合型-偏债
027344,国泰瑞锦债券发起A,债券型-混合二级
027345,国泰瑞锦债券发起C,债券型-混合二级
027346,广发稳航混合A,混合型-偏债
027347,广发稳航混合C,混合型-偏债
027348,平安上证科创板50成份ETF发起式联接A,指数型-股票
027349,平安上证科创板50成份ETF发起式联接C,指数型-股票
027352,华安智享量化选股股票,股票型
027353,易方达中证全指可选消费指数发起式A,指数型-股票
027354,易方达中证全指可选消费指数发起式C,指数型-股票
027355,天弘恒生生物科技指数A,指数型-股票
027356,天弘恒生生物科技指数C,指数型-股票
027357,民生加银创业板综合指数增强A,指数型-股票
027358,民生加银创业板综合指数增强C,指数型-股票
027360,中加领航智选混合发起式A,混合型-偏股
027361,中加领航智选混合发起式C,混合型-偏股
027362,中加睿新智选混合发起式A,混合型-偏股
027363,中加睿新智选混合发起式C,混合型-偏股
027364,安信新材料睿选股票发起A,股票型
027365,安信新材料睿选股票发起C,股票型
027367,富国国证石油天然气ETF发起式联接A,指数型-股票
027368,富国国证石油天然气ETF发起式联接C,指数型-股票
027369,万家港股通价值混合发起式A,混合型-偏股
027370,万家港股通价值混合发起式C,混合型-偏股
027371,中金福益增利债券A,债券型-混合二级
027372,中金福益增利债券C,债券型-混合二级
027373,兴业恒生生物科技指数发起式A,指数型-股票
027374,兴业恒生生物科技指数发起式C,指数型-股票
027375,华泰保兴均衡配置混合A,混合型-偏股
027376,华泰保兴均衡配置混合C,混合型-偏股
027377,鹏扬周期优选混合发起式A,混合型-偏股
027378,鹏扬周期优选混合发起式C,混合型-偏股
027379,中欧港股医药混合发起(QDII)A,QDII-混合偏股
027380,中欧港股医药混合发起(QDII)C,QDII-混合偏股
027381,浦银产业机遇混合A,混合型-偏股
027382,浦银产业机遇混合C,混合型-偏股
027383,信澳中证港股通综合指数增强A,指数型-股票
027384,信澳中证港股通综合指数增强C,指数型-股票
027385,汇添富价值智选混合发起式A,混合型-偏股
027386,汇添富价值智选混合发起式C,混合型-偏股
027389,前海开源中证金融科技主题指数A,指数型-股票
027390,前海开源中证金融科技主题指数C,指数型-股票
027393,鹏华创业板综合指数增强A,指数型-股票
027394,鹏华创业板综合指数增强C,指数型-股票
027397,国泰成长启航混合A,混合型-偏股
027398,国泰成长启航混合C,混合型-偏股
027399,泰康裕成债券A,债券型-混合二级
027400,泰康裕成债券C,债券型-混合二级
027401,富国恒生生物科技ETF发起式联接A,指数型-股票
027402,富国恒生生物科技ETF发起式联接C,指数型-股票
027403,长盛生态环境混合C,混合型-灵活
027404,工银新能源先锋混合发起式A,混合型-偏股
027405,工银新能源先锋混合发起式C,混合型-偏股
027406,国泰海通中证港股通科技指数发起A,指数型-股票
027407,国泰海通中证港股通科技指数发起C,指数型-股票
027410,国泰恒生生物科技ETF发起联接A,指数型-股票
027411,国泰恒生生物科技ETF发起联接C,指数型-股票
027412,景顺长城景颐保利债券A,债券型-混合二级
027413,景顺长城景颐保利债券C,债券型-混合二级
027414,华泰保兴北证50成份指数增强发起A,指数型-股票
027415,华泰保兴北证50成份指数增强发起C,指数型-股票
027416,中欧元利债券A,债券型-混合二级
027417,中欧元利债券C,债券型-混合二级
027418,博时储能电池指数A,指数型-股票
027419,博时储能电池指数C,指数型-股票
027420,东方红恒悦精选混合发起A,混合型-偏债
027421,东方红恒悦精选混合发起C,混合型-偏债
027422,兴业优势创新混合型发起式A,混合型-偏股
027423,兴业优势创新混合型发起式C,混合型-偏股
027424,招商新能源严选混合发起式A,混合型-偏股
027425,招商新能源严选混合发起式C,混合型-偏股
027428,国泰海通稳健欣享债券A,债券型-混合二级
027429,国泰海通稳健欣享债券C,债券型-混合二级
027430,天弘智航锐进混合A,混合型-偏股
027431,天弘智航锐进混合C,混合型-偏股
027432,汇添富添添乐双益债券A,债券型-混合二级
027433,汇添富添添乐双益债券C,债券型-混合二级
027434,嘉实中证新能源ETF联接A,指数型-股票
027435,嘉实中证新能源ETF联接C,指数型-股票
027436,富国消费睿选混合发起式A,混合型-偏股
027437,富国消费睿选混合发起式C,混合型-偏股
027440,中银消费服务混合发起A,混合型-偏股
027441,中银消费服务混合发起C,混合型-偏股
027442,东方红中证价值领先指数A,指数型-股票
027443,东方红中证价值领先指数C,指数型-股票
027444,中信保诚新能源混合发起式A,混合型-偏股
027445,中信保诚新能源混合发起式C,混合型-偏股
027446,兴银新锐量化选股混合A,混合型-偏股
027447,兴银新锐量化选股混合C,混合型-偏股
027450,交银港股消费混合(QDII)A,QDII-混合偏股
027451,交银港股消费混合(QDII)C,QDII-混合偏股
027452,鑫元国证石油天然气指数发起式A,指数型-股票
027453,鑫元国证石油天然气指数发起式C,指数型-股票
027454,中欧中证科创创业50指数A,指数型-股票
027455,中欧中证科创创业50指数C,指数型-股票
027457,交银佳宁债券A,债券型-混合二级
027458,交银佳宁债券C,债券型-混合二级
027467,华宝绿色领先股票C,股票型
027468,招商瑞启回报债券A,债券型-混合二级
027469,招商瑞启回报债券C,债券型-混合二级
027476,山证资管新能源锐选股票发起式A,股票型
027477,山证资管新能源锐选股票发起式C,股票型
027480,泓德智选远航混合A,混合型-偏股
027481,泓德智选远航混合C,混合型-偏股
027484,中欧全景智选混合A,混合型-偏股
027485,中欧全景智选混合C,混合型-偏股
027486,长城中证电池指数发起A,指数型-股票
027487,长城中证电池指数发起C,指数型-股票
027490,兴业港股通价值优选混合发起式A,混合型-偏股
027491,兴业港股通价值优选混合发起式C,混合型-偏股
027492,工银消费悦享混合A,混合型-偏股
027493,工银消费悦享混合C,混合型-偏股
027494,易方达中证电池主题ETF联接发起式A,指数型-股票
027495,易方达中证电池主题ETF联接发起式C,指数型-股票
027498,国联周期优选混合发起A,混合型-偏股
027499,国联周期优选混合发起C,混合型-偏股
027502,中银新材料混合发起A,混合型-偏股
027503,中银新材料混合发起C,混合型-偏股
027508,富国中证全指证券公司ETF发起式联接A,指数型-股票
027509,富国中证全指证券公司ETF发起式联接C,指数型-股票
027514,国联北证50成份指数增强A,指数型-股票
027515,国联北证50成份指数增强C,指数型-股票
027516,万家中证工程机械主题指数发起式A,指数型-股票
027517,万家中证工程机械主题指数发起式C,指数型-股票
027518,中银先进制造混合发起A,混合型-偏股
027519,中银先进制造混合发起C,混合型-偏股
027520,广发科创芯片设计ETF联接A,指数型-股票
027521,广发科创芯片设计ETF联接C,指数型-股票
027522,广发产业优选混合A,混合型-偏股
027523,广发产业优选混合C,混合型-偏股
027524,中加安衡量化选股混合A,混合型-偏股
027525,中加安衡量化选股混合C,混合型-偏股
027526,鑫元医疗创新睿选混合发起式A,混合型-偏股
027527,鑫元医疗创新睿选混合发起式C,混合型-偏股
027530,招商金融严选混合发起式A,混合型-偏股
027531,招商金融严选混合发起式C,混合型-偏股
027532,兴业中证细分有色金属产业主题指数发起式A,指数型-股票
027533,兴业中证细分有色金属产业主题指数发起式C,指数型-股票
027534,中金趋势回报股票A,股票型
027535,中金趋势回报股票C,股票型
027536,长城上证科创板芯片设计指数发起A,指数型-股票
027537,长城上证科创板芯片设计指数发起C,指数型-股票
027542,富国中证工业有色金属主题ETF发起式联接A,指数型-股票
027543,富国中证工业有色金属主题ETF发起式联接C,指数型-股票
027544,华夏智盈6个月持有混合,混合型-偏债
027547,东方红智弘价值混合发起A,混合型-偏股
027548,东方红智弘价值混合发起C,混合型-偏股
027551,银华标普港股通低波红利ETF联接A,指数型-股票
027552,银华标普港股通低波红利ETF联接C,指数型-股票
027557,东方红恒信精选混合发起A,混合型-偏债
027558,东方红恒信精选混合发起C,混合型-偏债
027559,创金合信稳进鑫禧混合A,混合型-偏债
027560,创金合信稳进鑫禧混合C,混合型-偏债
027562,兴合动力领航混合发起式A,混合型-偏股
027563,兴合动力领航混合发起式C,混合型-偏股
027566,富国裕丰回报混合A,混合型-偏债
027567,富国裕丰回报混合C,混合型-偏债
027568,中邮嘉享混合发起式A,混合型-偏债
027569,中邮嘉享混合发起式C,混合型-偏债
027570,银华嘉盈混合A,混合型-偏股
027571,银华嘉盈混合C,混合型-偏股
027572,天弘北证50成份指数增强发起A,指数型-股票
027573,天弘北证50成份指数增强发起C,指数型-股票
027574,天弘上证科创板芯片设计主题ETF发起联接A,指数型-股票
027575,天弘上证科创板芯片设计主题ETF发起联接C,指数型-股票
027582,兴业周期睿选混合发起式A,混合型-偏股
027583,兴业周期睿选混合发起式C,混合型-偏股
027586,鹏华领航成长量化选股混合A,混合型-偏股
027587,鹏华领航成长量化选股混合C,混合型-偏股
027588,华夏中证工程机械主题ETF发起式联接A,指数型-股票
027589,华夏中证工程机械主题ETF发起式联接C,指数型-股票
027590,安联中国港股通精选混合A,混合型-偏股
027591,安联中国港股通精选混合C,混合型-偏股
027592,汇添富睿选成长股票A,股票型
027593,汇添富睿选成长股票C,股票型
027594,东兴中证全指指数量化增强A,指数型-股票
027595,东兴中证全指指数量化增强C,指数型-股票
027596,景顺长城中证有色金属矿业主题ETF联接A,指数型-股票
027597,景顺长城中证有色金属矿业主题ETF联接C,指数型-股票
027598,鑫元中证工业有色金属主题指数发起式A,指数型-股票
027599,鑫元中证工业有色金属主题指数发起式C,指数型-股票
027602,华泰柏瑞恒生生物科技ETF发起式联接A,指数型-股票
027603,华泰柏瑞恒生生物科技ETF发起式联接C,指数型-股票
027604,易方达中证工程机械主题ETF联接A,指数型-股票
027605,易方达中证工程机械主题ETF联接C,指数型-股票
027606,易方达上证科创板芯片设计主题ETF联接A,指数型-股票
027607,易方达上证科创板芯片设计主题ETF联接C,指数型-股票
027608,鹏华上证科创板芯片设计主题ETF发起式联接A,指数型-股票
027609,鹏华上证科创板芯片设计主题ETF发起式联接C,指数型-股票
027610,富国中证工程机械主题ETF发起式联接A,指数型-股票
027611,富国中证工程机械主题ETF发起式联接C,指数型-股票
027614,易方达丰瑞债券A,债券型-混合二级
027615,易方达丰瑞债券C,债券型-混合二级
027620,太平中证全指指数增强A,指数型-股票
027621,太平中证全指指数增强C,指数型-股票
027622,上银成长精选股票发起式A,股票型
027623,上银成长精选股票发起式C,股票型
027626,英大智益债券A,债券型-混合二级
027627,英大智益债券C,债券型-混合二级
027628,万家元和债券A,债券型-混合二级
027629,万家元和债券C,债券型-混合二级
027630,安信磐稳致远债券A,债券型-混合二级
027631,安信磐稳致远债券C,债券型-混合二级
027632,苏新睿盈量化选股股票A,股票型
027633,苏新睿盈量化选股股票C,股票型
027634,苏新苏悦债券A,债券型-混合二级
027635,苏新苏悦债券C,债券型-混合二级
027638,摩根安怡回报债券A,债券型-混合二级
027639,摩根安怡回报债券C,债券型-混合二级
027642,中邮睿明债券发起式A,债券型-混合二级
027643,中邮睿明债券发起式C,债券型-混合二级
027644,南方消费研选混合A,混合型-偏股
027645,南方消费研选混合C,混合型-偏股
027646,中信建投双和债券A,债券型-混合二级
027647,中信建投双和债券C,债券型-混合二级
027648,国融添瑞债券A,债券型-混合二级
027649,国融添瑞债券C,债券型-混合二级
027650,东财农业智选混合发起式A,混合型-偏股
027651,东财农业智选混合发起式C,混合型-偏股
027654,东方阿尔法增利债券发起A,债券型-混合二级
027655,东方阿尔法增利债券发起C,债券型-混合二级
027656,长信北证50成份指数增强A,指数型-股票
027657,长信北证50成份指数增强C,指数型-股票
027658,中银稳进鼎利债券发起A,债券型-混合二级
027659,中银稳进鼎利债券发起C,债券型-混合二级
027660,宝盈裕安增利6个月持有期债券A,债券型-混合二级
027661,宝盈裕安增利6个月持有期债券C,债券型-混合二级
027664,湘财新材料混合A,混合型-偏股
027665,湘财新材料混合C,混合型-偏股
027666,财通资管璟兴债券A,债券型-混合二级
027667,财通资管璟兴债券C,债券型-混合二级
027672,交银信用添利债券(LOF)C,债券型-混合一级
027673,上银丰荣混合发起式A,混合型-偏债
027674,上银丰荣混合发起式C,混合型-偏债
027675,国泰上证科创板50成份ETF发起联接A,指数型-股票
027676,国泰上证科创板50成份ETF发起联接C,指数型-股票
027677,南方远航混合A,混合型-偏股
027678,南方远航混合C,混合型-偏股
027680,平安添利债券E,债券型-混合一级
027681,富国核心智选混合发起式A,混合型-偏股
027682,中邮臻享混合发起式A,混合型-偏债
027683,中邮臻享混合发起式C,混合型-偏债
027684,华安远见回报混合A,混合型-偏股
027685,华安远见回报混合C,混合型-偏股
027689,中金恒悦3个月持有混合,混合型-偏债
027692,华夏诚安混合A,混合型-偏债
027693,华夏诚安混合C,混合型-偏债
027694,华夏中证电池主题ETF发起式联接A,指数型-股票
027695,华夏中证电池主题ETF发起式联接C,指数型-股票
027698,富国核心智选混合发起式C,混合型-偏股
027699,万家港股通科技智选混合发起式A,混合型-偏股
027700,万家港股通科技智选混合发起式C,混合型-偏股
027703,泰康中证有色金属矿业主题ETF发起式联接A,指数型-股票
027704,泰康中证有色金属矿业主题ETF发起式联接C,指数型-股票
027705,南方中证全指红利质量ETF发起联接A,指数型-股票
027706,南方中证全指红利质量ETF发起联接C,指数型-股票
027707,金元顺安沣楹债券C,债券型-混合二级
027708,鑫元新材料睿选混合发起式A,混合型-偏股
027709,鑫元新材料睿选混合发起式C,混合型-偏股
027710,汇添富中证畜牧养殖产业ETF发起式联接A,指数型-股票
027711,汇添富中证畜牧养殖产业ETF发起式联接C,指数型-股票
027713,华宝质量量化选股混合A,混合型-偏股
027714,华宝质量量化选股混合C,混合型-偏股
027715,西部利得裕兴回报债券A,债券型-混合二级
027716,西部利得裕兴回报债券C,债券型-混合二级
027717,万家匠心领航混合发起式A,混合型-偏股
027718,万家匠心领航混合发起式C,混合型-偏股
027721,大成中证红利低波动100ETF发起式联接A,指数型-股票
027722,大成中证红利低波动100ETF发起式联接C,指数型-股票
027723,国富北证50成份指数发起式A,指数型-股票
027724,国富北证50成份指数发起式C,指数型-股票
027725,海富通安和债券A,债券型-混合二级
027726,海富通安和债券C,债券型-混合二级
027729,财通资管沪深300指数增强A,指数型-股票
027730,财通资管沪深300指数增强C,指数型-股票
027734,天弘上证科创板芯片指数A,指数型-股票
027735,天弘上证科创板芯片指数C,指数型-股票
027736,泉果创新成长混合发起式,混合型-偏股
027739,中欧恒益稳健180天混合A,混合型-偏债
027740,中欧恒益稳健180天混合C,混合型-偏债
027745,大成引领机遇混合A,混合型-偏股
027746,大成引领机遇混合C,混合型-偏股
027747,易方达中证全指红利质量ETF联接发起式A,指数型-股票
027748,易方达中证全指红利质量ETF联接发起式C,指数型-股票
027749,瑞达优选配置混合型发起式A,混合型-偏股
027750,瑞达优选配置混合型发起式C,混合型-偏股
027753,华安中证汽车零部件主题指数发起式A,指数型-股票
027754,华安中证汽车零部件主题指数发起式C,指数型-股票
027755,华宝医药精选混合(QDII)A,QDII-混合偏股
027756,华宝医药精选混合(QDII)C,QDII-混合偏股
027757,融通产业趋势股票C,股票型
027758,汇添富中证全指指数增强A,指数型-股票
027759,汇添富中证全指指数增强C,指数型-股票
027760,工银新兴制造混合D,混合型-偏股
027761,广发国证粮食产业ETF发起式联接A,指数型-股票
027762,广发国证粮食产业ETF发起式联接C,指数型-股票
027763,博道锦航混合A,混合型-偏股
027764,博道锦航混合C,混合型-偏股
027765,嘉实恒生科技ETF发起联接(QDII)A,指数型-海外股票
027766,嘉实恒生科技ETF发起联接(QDII)C,指数型-海外股票
027769,国泰海通医疗创新睿选混合发起A,混合型-偏股
027770,国泰海通医疗创新睿选混合发起C,混合型-偏股
027771,鹏华瑞衡鑫诚债券A,债券型-混合二级
027772,鹏华瑞衡鑫诚债券C,债券型-混合二级
027773,中金消费优选股票发起A,股票型
027774,中金消费优选股票发起C,股票型
027775,鹏扬量化选股混合A,混合型-偏股
027776,鹏扬量化选股混合C,混合型-偏股
027777,圆信永丰沣泰C,混合型-偏债
027778,苏新中证800指数增强A,指数型-股票
027779,苏新中证800指数增强C,指数型-股票
027780,国泰海通新能源睿选混合发起A,混合型-偏股
027781,国泰海通新能源睿选混合发起C,混合型-偏股
027782,宝盈中证工业有色金属主题指数发起式A,指数型-股票
027783,宝盈中证工业有色金属主题指数发起式C,指数型-股票
027786,国富港股通核心增益混合A,混合型-偏股
027787,国富港股通核心增益混合C,混合型-偏股
027790,国金智启量化选股股票A,股票型
027791,国金智启量化选股股票C,股票型
027792,汇添富资源精选混合A,混合型-偏股
027793,汇添富资源精选混合C,混合型-偏股
027795,华泰柏瑞中证全指证券公司ETF发起式联接A,指数型-股票
027796,华泰柏瑞中证全指证券公司ETF发起式联接C,指数型-股票
027797,华夏优享回报混合A,混合型-偏股
027798,华夏优享回报混合C,混合型-偏股
027802,工银添裕债券A,债券型-混合二级
027803,工银添裕债券C,债券型-混合二级
027804,南方泓享稳健添利3个月持有债券A,债券型-混合二级
027805,南方泓享稳健添利3个月持有债券C,债券型-混合二级
027806,东方红汇泽债券A,债券型-混合二级
027807,东方红汇泽债券C,债券型-混合二级
027810,光大保德信中证科创创业人工智能指数A,指数型-股票
027811,光大保德信中证科创创业人工智能指数C,指数型-股票
027812,博时恒慧混合A,混合型-偏债
027813,博时恒慧混合C,混合型-偏债
027814,国金添益债券A,债券型-混合二级
027815,国金添益债券C,债券型-混合二级
027822,大成元信合利6个月持有期债券A,债券型-混合二级
027823,大成元信合利6个月持有期债券C,债券型-混合二级
027838,东财汇裕嘉选债券A,债券型-混合二级
027839,东财汇裕嘉选债券C,债券型-混合二级
027846,兴业中证800指数增强A,指数型-股票
027847,兴业中证800指数增强C,指数型-股票
027848,招商瑞华回报6个月持有期混合A,混合型-偏债
027849,招商瑞华回报6个月持有期混合C,混合型-偏债
027850,华安共赢回报混合A,混合型-偏股
027851,华安共赢回报混合C,混合型-偏股
027852,天弘稳健增利债券A,债券型-混合二级
027853,天弘稳健增利债券C,债券型-混合二级
027854,浦银资源精选混合A,混合型-偏股
027855,浦银资源精选混合C,混合型-偏股
027856,永赢润泽增强债券A,债券型-混合二级
027857,永赢润泽增强债券C,债券型-混合二级
027858,易方达国证成长100ETF联接发起式A,指数型-股票
027859,易方达国证成长100ETF联接发起式C,指数型-股票
027860,易方达智享混合A,混合型-偏债
027861,易方达智享混合C,混合型-偏债
027868,华安价值回报混合发起式A,混合型-偏股
027869,华安价值回报混合发起式C,混合型-偏股
027872,中航祥益债券A,债券型-混合二级
027873,中航祥益债券C,债券型-混合二级
027874,富国和信回报3个月持有期混合A,混合型-偏债
027875,富国和信回报3个月持有期混合C,混合型-偏债
027882,中信保诚三得益债券D,债券型-混合二级
027883,农银瑞盈债券A,债券型-混合二级
027884,农银瑞盈债券C,债券型-混合二级
027885,中金恒新90天持有债券发起C,债券型-混合二级
027886,国泰农盈债券A,债券型-混合二级
027887,国泰农盈债券C,债券型-混合二级
027890,摩根中证科创创业人工智能ETF发起式联接A,指数型-股票
027891,摩根中证科创创业人工智能ETF发起式联接C,指数型-股票
027894,华宝安裕债券A,债券型-混合二级
027895,华宝安裕债券C,债券型-混合二级
027897,永赢景气机遇慧选混合发起A,混合型-偏股
027898,永赢景气机遇慧选混合发起C,混合型-偏股
027899,创金合信泰利6个月持有期债券A,债券型-混合二级
027900,创金合信泰利6个月持有期债券C,债券型-混合二级
027905,万家资源主题混合发起式A,混合型-偏股
027906,万家资源主题混合发起式C,混合型-偏股
027909,汇添富睿启量化选股混合,混合型-偏股
027912,财通可持续混合C,混合型-偏股
027913,大成稳丰3个月持有期债券A,债券型-混合一级
027914,大成稳丰3个月持有期债券C,债券型-混合一级
027916,国泰新材料甄选混合发起A,混合型-偏股
027917,国泰新材料甄选混合发起C,混合型-偏股
027921,招商资源严选混合发起式A,混合型-偏股
027922,招商资源严选混合发起式C,混合型-偏股
027925,安信量化沪深300增强Y,指数型-股票
027926,博时稳睿增益6个月持有期混合A,混合型-偏债
027927,博时稳睿增益6个月持有期混合C,混合型-偏债
027930,易方达稳和120天滚动债券A,债券型-混合一级
027931,易方达稳和120天滚动债券C,债券型-混合一级
027933,宏利稳健合利债券A,债券型-混合二级
027934,宏利稳健合利债券C,债券型-混合二级
027939,财通科创主题灵活配置混合(LOF)C,混合型-灵活
027941,上银慧泽双利债券A,债券型-混合二级
027942,上银慧泽双利债券C,债券型-混合二级
027943,景顺长城沪深300指数增强Y,指数型-股票
027948,富国鸿利增强债券A,债券型-混合二级
027949,富国鸿利增强债券C,债券型-混合二级
027950,惠升和利双鑫债券A,债券型-混合二级
027951,惠升和利双鑫债券C,债券型-混合二级
027952,兴业福泰90天持有期债券A,债券型-混合一级
027953,兴业福泰90天持有期债券C,债券型-混合一级
027954,广发招成债券A,债券型-混合二级
027955,广发招成债券C,债券型-混合二级
027956,长盛新兴成长混合C,混合型-灵活
027963,国泰资源甄选混合发起A,混合型-偏股
027964,国泰资源甄选混合发起C,混合型-偏股
027967,平安中证农业主题指数发起式A,指数型-股票
027968,平安中证农业主题指数发起式C,指数型-股票
027970,海富通均衡优势混合A,混合型-偏股
027971,海富通均衡优势混合C,混合型-偏股
027972,金鹰丰誉混合A,混合型-偏债
027973,金鹰丰誉混合B,混合型-偏债
027974,金鹰丰誉混合C,混合型-偏债
027977,万家中证金融科技主题指数A,指数型-股票
027978,万家中证金融科技主题指数C,指数型-股票
027985,汇安启明混合A,混合型-偏股
027986,汇安启明混合C,混合型-偏股
027987,嘉实中证800指数增强A,指数型-股票
027988,嘉实中证800指数增强C,指数型-股票
027991,融通互联网传媒灵活配置混合C,混合型-灵活
027992,前海开源恒生港股通科技主题ETF发起式联接A,指数型-股票
027993,前海开源恒生港股通科技主题ETF发起式联接C,指数型-股票
028041,宏利港股数字经济混合发起(QDII)A,QDII-混合偏股
028042,宏利港股数字经济混合发起(QDII)C,QDII-混合偏股
028053,新华科技创新主题灵活配置混合C,混合型-灵活
028090,天弘国证航天航空行业ETF发起联接A,指数型-股票
028091,天弘国证航天航空行业ETF发起联接C,指数型-股票
028149,国泰上证科创板芯片设计主题ETF发起联接A,指数型-股票
028150,国泰上证科创板芯片设计主题ETF发起联接C,指数型-股票
028152,广发稳致混合A,混合型-偏债
028160,广发稳致混合C,混合型-偏债
028221,摩根恒生生物科技ETF发起式联接A,指数型-股票
028222,摩根恒生生物科技ETF发起式联接C,指数型-股票
028223,永赢承鑫混合A,混合型-偏股
028224,永赢承鑫混合C,混合型-偏股
028225,贝莱德行业轮动量化选股股票A,股票型
028226,贝莱德行业轮动量化选股股票C,股票型
028231,长城资源精选混合发起A,混合型-偏股
028232,长城资源精选混合发起C,混合型-偏股
028242,工银中证A500ETF联接D,指数型-股票
028243,嘉实均衡优选股票A,股票型
028244,嘉实均衡优选股票C,股票型
028247,华夏国证航天航空行业ETF联接A,指数型-股票
028248,华夏国证航天航空行业ETF联接C,指数型-股票
028253,平安瑞升6个月持有混合A,混合型-偏债
028254,平安瑞升6个月持有混合C,混合型-偏债
028255,摩根新能源股票A,股票型
028256,摩根新能源股票C,股票型
028259,万家消费启航混合发起式A,混合型-偏股
028260,万家消费启航混合发起式C,混合型-偏股
028265,新华中小市值优选混合C,混合型-偏股
028281,汇添富金融优选混合发起式A,混合型-偏股
028282,汇添富金融优选混合发起式C,混合型-偏股
028283,东吴瑞欣债券A,债券型-混合二级
028284,东吴瑞欣债券C,债券型-混合二级
028285,联博汇鑫债券A,债券型-混合二级
028286,联博汇鑫债券C,债券型-混合二级
028287,景顺长城景颐聚利六个月持有期债券A,债券型-混合二级
028288,景顺长城景颐聚利六个月持有期债券C,债券型-混合二级
028289,万家卓越领航混合A,混合型-偏股
028290,万家卓越领航混合C,混合型-偏股
028295,民生加银添惠债券A,债券型-混合二级
028296,民生加银添惠债券C,债券型-混合二级
028297,银华启成六个月持有期债券A,债券型-混合二级
028298,银华启成六个月持有期债券C,债券型-混合二级
028311,东吴嘉睿6个月持有混合发起式A,混合型-偏债
028312,东吴嘉睿6个月持有混合发起式C,混合型-偏债
028313,中欧安和180天持有债券A,债券型-混合二级
028314,中欧安和180天持有债券C,债券型-混合二级
028319,华商永利债券A,债券型-混合二级
028320,华商永利债券C,债券型-混合二级
028321,富国稳悦回报混合A,混合型-偏债
028322,富国稳悦回报混合C,混合型-偏债
028326,平安添颐债券A,债券型-混合二级
028327,平安添颐债券C,债券型-混合二级
028332,嘉实多瑞混合A,混合型-偏债
028333,嘉实多瑞混合C,混合型-偏债
028336,长盛同庆中证800指数C,指数型-股票
028344,鹏扬优利债券A,债券型-混合二级
028345,鹏扬优利债券C,债券型-混合二级
028346,长信睿思回报混合发起式,混合型-偏股
028357,平安鼎越混合C,混合型-灵活
028358,中信保诚新旺混合(LOF)E,混合型-灵活
028359,中银稳进增益债券A,债券型-混合二级
028360,中银稳进增益债券C,债券型-混合二级
028363,长信稳健睿利债券发起式A,债券型-混合二级
028364,长信稳健睿利债券发起式C,债券型-混合二级
028365,易方达丰泽债券A,债券型-混合二级
028366,易方达丰泽债券C,债券型-混合二级
028369,易方达新常态混合C,混合型-灵活
028370,华夏上证综合ETF发起式联接A,指数型-股票
028371,华夏上证综合ETF发起式联接C,指数型-股票
028374,泰信资源睿选混合发起式A,混合型-偏股
028375,泰信资源睿选混合发起式C,混合型-偏股
028378,浙商汇金沪港深医疗创新混合型发起式,混合型-偏股
028379,安联中国成长优选混合A,混合型-偏股
028380,安联中国成长优选混合C,混合型-偏股
028381,华夏创业板软件ETF发起式联接A,指数型-股票
028382,华夏创业板软件ETF发起式联接C,指数型-股票
028383,华润元大聚盈混合发起式A,混合型-偏股
028384,华润元大聚盈混合发起式C,混合型-偏股
028385,天弘中证800指数增强A,指数型-股票
028386,天弘中证800指数增强C,指数型-股票
028389,汇添富中证全指电力公用事业ETF发起式联接A,指数型-股票
028390,汇添富中证全指电力公用事业ETF发起式联接C,指数型-股票
028391,天弘慧选增利6个月持有混合A,混合型-偏债
028392,天弘慧选增利6个月持有混合C,混合型-偏债
028393,景顺长城创业板新能源ETF联接A,指数型-股票
028394,景顺长城创业板新能源ETF联接C,指数型-股票
028404,富国中证金融科技主题ETF发起式联接A,指数型-股票
028405,富国中证金融科技主题ETF发起式联接C,指数型-股票
028414,中欧医疗精选混合发起A,混合型-偏股
028415,中欧医疗精选混合发起C,混合型-偏股
028420,中欧消费产业混合发起A,混合型-偏股
028421,中欧消费产业混合发起C,混合型-偏股
028422,宏利科创精选混合A,混合型-偏股
028423,宏利科创精选混合C,混合型-偏股
028430,汇安启程混合A,混合型-偏股
028431,汇安启程混合C,混合型-偏股
028433,南方荣信稳健添利债券A,债券型-混合二级
028434,南方荣信稳健添利债券C,债券型-混合二级
028439,银华中小盘混合C,混合型-偏股
028440,长盛聚益债券A,债券型-混合二级
028443,交银消费研选混合发起A,混合型-偏股
028444,交银消费研选混合发起C,混合型-偏股
028445,华安沣利债券A,债券型-混合二级
028446,华安沣利债券C,债券型-混合二级
028457,长盛聚益债券C,债券型-混合二级
028460,长信创新驱动股票C,股票型
028461,广发优势增长股票C,股票型
028462,财通多策略福享混合(LOF)C,混合型-灵活
028466,长信汇优量化选股混合A,混合型-偏股
028467,长信汇优量化选股混合C,混合型-偏股
028468,银华多元动力灵活配置混合C,混合型-灵活
028469,上银创业板综指增强发起式A,指数型-股票
028470,上银创业板综指增强发起式C,指数型-股票
028475,泰康安泰回报混合C,混合型-偏债
028484,人保中证港股通科技指数A,指数型-股票
028485,人保中证港股通科技指数C,指数型-股票
028486,华夏智远债券A,债券型-混合二级
028487,华夏智远债券C,债券型-混合二级
028488,中信保诚瑞丰6个月混合D,混合型-偏债
028491,长盛环球行业混合(QDII)C,QDII-混合偏股
028492,易方达悦诚6个月持有混合A,混合型-偏债
028493,易方达悦诚6个月持有混合C,混合型-偏债
028520,前海开源中证全指软件开发指数A,指数型-股票
028521,前海开源中证全指软件开发指数C,指数型-股票
028537,南方新兴龙头灵活配置混合C,混合型-灵活
028543,天弘材料新机遇优选混合发起式A,混合型-偏股
028544,天弘材料新机遇优选混合发起式C,混合型-偏股
028549,汇添富成长启航混合发起式A,混合型-偏股
028550,汇添富成长启航混合发起式C,混合型-偏股
028551,招商国证粮食产业指数发起式A,指数型-股票
028552,招商国证粮食产业指数发起式C,指数型-股票
028553,浦银安盛竞争优势混合A,混合型-偏股
028554,浦银安盛竞争优势混合C,混合型-偏股
028564,光大保德信行业轮动混合C,混合型-偏股
028569,天弘成长共赢混合A,混合型-偏股
028570,天弘成长共赢混合C,混合型-偏股
028571,景顺长城中证全指证券公司ETF联接A,指数型-股票
028572,景顺长城中证全指证券公司ETF联接C,指数型-股票
028573,南方启航共赢混合A,混合型-偏股
028574,南方启航共赢混合C,混合型-偏股
028579,鹏华中证全指公用事业ETF发起式联接A,指数型-股票
028580,鹏华中证全指公用事业ETF发起式联接C,指数型-股票
028583,广发中证全指指数增强A,指数型-股票
028584,广发中证全指指数增强C,指数型-股票
028585,华夏国证大盘价值ETF发起式联接A,指数型-股票
028586,华夏国证大盘价值ETF发起式联接C,指数型-股票
028587,永赢嘉鑫增利债券A,债券型-混合二级
028588,永赢嘉鑫增利债券C,债券型-混合二级
028591,汇添富稳利回报债券A,债券型-混合二级
028592,汇添富稳利回报债券C,债券型-混合二级
028593,鹏华瑞衡稳健120天持有期债券A,债券型-混合二级
028594,鹏华瑞衡稳健120天持有期债券C,债券型-混合二级
028597,富国医药健康混合发起式A,混合型-偏股
028598,富国医药健康混合发起式C,混合型-偏股
028605,华商时代甄选混合A,混合型-偏股
028606,华商时代甄选混合C,混合型-偏股
028611,国富标普港股通低波红利指数发起式A,指数型-股票
028612,国富标普港股通低波红利指数发起式C,指数型-股票
028613,广发中证细分化工产业主题指数发起式A,指数型-股票
028614,广发中证细分化工产业主题指数发起式C,指数型-股票
028637,银华科创主题灵活配置混合(LOF)C,混合型-灵活
028638,东方红丰利债券A,债券型-混合二级
028639,东方红丰利债券C,债券型-混合二级
028653,南方益和灵活配置混合C,混合型-灵活
028660,兴银瑞升增利债券发起A,债券型-混合二级
028661,兴银瑞升增利债券发起C,债券型-混合二级
028662,广发恒生A股电网设备ETF发起式联接A,指数型-股票
028663,广发恒生A股电网设备ETF发起式联接C,指数型-股票
028670,易方达中证工业有色金属主题ETF联接发起式A,指数型-股票
028671,易方达中证工业有色金属主题ETF联接发起式C,指数型-股票
028700,招商恒生A股电网设备指数发起式A,指数型-股票
028701,招商恒生A股电网设备指数发起式C,指数型-股票
028717,华泰柏瑞中证电池主题ETF发起式联接A,指数型-股票
028718,华泰柏瑞中证电池主题ETF发起式联接C,指数型-股票
028721,中信建投先进制造研选混合发起式A,混合型-偏股
028722,中信建投先进制造研选混合发起式C,混合型-偏股
028730,易方达创业板新能源ETF联接A,指数型-股票
028731,易方达创业板新能源ETF联接C,指数型-股票
040001,华安创新混合,混合型-平衡
040002,华安中国A股增强指数,指数型-股票
040004,华安宝利配置混合,混合型-偏股
040005,华安宏利混合A,混合型-偏股
040007,华安中小盘成长混合,混合型-偏股
040008,华安策略优选混合A,混合型-偏股
040009,华安稳定收益债券A,债券型-混合一级
040010,华安稳定收益债券B,债券型-混合一级
040011,华安核心优选混合A,混合型-偏股
040012,华安强化收益债券A,债券型-混合二级
040013,华安强化收益债券B,债券型-混合二级
040015,华安动态灵活配置混合A,混合型-灵活
040016,华安行业轮动混合,混合型-偏股
040018,华安香港精选股票(QDII),QDII-普通股票
040019,华安稳固收益债券C,债券型-混合一级
040020,华安升级主题混合A,混合型-偏股
040021,华安大中华升级股票(QDII)A,QDII-普通股票
040022,华安可转债债券A,债券型-混合二级
040023,华安可转债债券B,债券型-混合二级
040025,华安科技动力混合A,混合型-偏股
040026,华安信用四季红债券A,债券型-混合一级
040035,华安逆向策略混合A,混合型-偏股
040036,华安安心收益债券A,债券型-混合二级
040037,华安安心收益债券B,债券型-混合二级
040046,华安纳斯达克100ETF联接(QDII)A,指数型-海外股票
040047,华安纳斯达克100ETF联接(QDII)A美元现钞,指数型-海外股票
040048,华安纳斯达克100ETF联接(QDII)A美元现汇,指数型-海外股票
040180,华安上证180ETF联接A,指数型-股票
040190,华安上证50ETF联接A,指数型-股票
041001,华安创新混合(后端),混合型-平衡
041002,华安中国A股增强指数(后端),指数型-股票
041004,华安宝利配置混合(后端),混合型-偏股
041005,华安宏利混合A(后端),混合型-偏股
041007,华安中小盘成长混合(后端),混合型-偏股
041008,华安策略优选混合A(后端),混合型-偏股
041009,华安稳定收益债券A(后端),债券型-混合一级
041011,华安核心优选混合A(后端),混合型-偏股
050001,博时价值增长混合,混合型-偏股
050002,博时沪深300指数A,指数型-股票
050004,博时精选混合A,混合型-偏股
050006,博时稳定价值债券B,债券型-混合一级
050007,博时平衡配置混合,混合型-平衡
050008,博时第三产业混合,混合型-偏股
050009,博时新兴成长混合,混合型-偏股
050010,博时特许价值混合A,混合型-偏股
050011,博时信用债券A/B,债券型-混合二级
050012,博时策略混合,混合型-灵活
050013,博时上证超大盘ETF联接A,指数型-股票
050014,博时创业成长混合A,混合型-偏股
050015,博时大中华亚太精选,QDII-普通股票
050016,博时宏观回报债券A/B,债券型-混合二级
050018,博时行业轮动混合,混合型-偏股
050019,博时转债增强债券A,债券型-混合二级
050021,博时创业板ETF联接A,指数型-股票
050022,博时回报混合,混合型-灵活
050023,博时天颐债券A,债券型-混合二级
050024,博时上证自然资源ETF联接A,指数型-股票
050025,博时标普500ETF联接A,指数型-海外股票
050026,博时医疗保健行业混合A,混合型-偏股
050106,博时稳定价值债券A,债券型-混合一级
050111,博时信用债券C,债券型-混合二级
050116,博时宏观回报债券C,债券型-混合二级
050119,博时转债增强债券C,债券型-混合二级
050123,博时天颐债券C,债券型-混合二级
050201,博时价值增长贰号混合,混合型-偏股
051001,博时价值增长混合(后端),混合型-偏股
051010,博时特许价值混合A(后端),混合型-偏股
051011,博时信用债券A/B(后端),债券型-混合二级
051014,博时创业成长混合A(后端),混合型-偏股
051016,博时宏观回报债券A/B(后端),债券型-混合二级
051106,博时稳定价值债券A(后端),债券型-混合一级
051201,博时价值增长贰号混合(后端),混合型-偏股
070001,嘉实成长收益混合A,混合型-偏股
070002,嘉实增长混合,混合型-偏股
070003,嘉实稳健混合,混合型-偏股
070005,嘉实债券A,债券型-混合一级
070006,嘉实服务增值行业混合,混合型-灵活
070010,嘉实主题混合,混合型-灵活
070011,嘉实策略混合,混合型-灵活
070012,嘉实海外中国股票混合,QDII-混合偏股
070013,嘉实研究精选混合,混合型-偏股
070015,嘉实多元债券A,债券型-混合二级
070016,嘉实多元债券B,债券型-混合二级
070017,嘉实量化阿尔法混合,混合型-偏股
070018,嘉实回报混合,混合型-灵活
070019,嘉实价值优势混合A,混合型-偏股
070020,嘉实稳固收益债券C,债券型-混合二级
070021,嘉实主题新动力混合,混合型-偏股
070022,嘉实领先成长混合,混合型-偏股
070023,嘉实深证基本面120联接A,指数型-股票
070025,嘉实信用债券A,债券型-混合一级
070026,嘉实信用债券C,债券型-混合一级
070027,嘉实周期优选混合,混合型-偏股
070030,嘉实中创400ETF联接A,指数型-股票
070032,嘉实优化红利混合A,混合型-偏股
070039,嘉实中证500ETF联接C,指数型-股票
070099,嘉实优质企业混合,混合型-偏股
080001,长盛成长价值混合A,混合型-偏股
080002,长盛创新先锋混合A,混合型-灵活
080003,长盛积极配置债券A,债券型-混合二级
080005,长盛量化红利混合A,混合型-偏股
080006,长盛环球行业混合(QDII)A,QDII-混合偏股
080007,长盛同鑫行业配置混合A,混合型-灵活
080008,长盛战略新兴产业混合A,混合型-灵活
080012,长盛电子信息产业混合A,混合型-偏股
080015,长盛中小盘精选混合,混合型-灵活
090001,大成价值增长混合A,混合型-灵活
090002,大成债券A/B,债券型-混合一级
090003,大成蓝筹稳健混合A,混合型-灵活
090004,大成精选增值混合A,混合型-灵活
090006,大成2020生命周期混合A,混合型-偏债
090007,大成策略回报混合A,混合型-偏股
090009,大成行业轮动混合A,混合型-偏股
090010,大成中证红利指数A,指数型-股票
090011,大成核心双动力混合A,混合型-偏股
090012,大成深证成长40ETF联接A,指数型-股票
090013,大成竞争优势混合A,混合型-偏股
090015,大成内需增长混合A,混合型-偏股
090016,大成消费主题混合A,混合型-偏股
090017,大成可转债增强债券A,债券型-混合二级
090018,大成新锐产业混合A,混合型-偏股
090019,大成景恒混合A,混合型-偏股
090020,大成健康产业混合A,混合型-偏股
091001,大成价值增长混合A(后端),混合型-灵活
091002,大成债券A/B(后端),债券型-混合一级
091003,大成蓝筹稳健混合A(后端),混合型-灵活
091006,大成2020生命周期混合A(后端),混合型-偏债
092002,大成债券C,债券型-混合一级
096001,大成标普500等权重指数(QDII)A人民币,指数型-海外股票
100016,富国天源沪港深平衡混合A,混合型-灵活
100017,富国天源沪港深平衡混合A(后端),混合型-灵活
100018,富国天利增长债券A,债券型-混合一级
100019,富国天利增长债券A(后端),债券型-混合一级
100020,富国天益价值混合A,混合型-灵活
100021,富国天益价值混合A(后端),混合型-灵活
100022,富国天瑞强势混合A,混合型-灵活
100023,富国天瑞强势混合A(后端),混合型-灵活
100026,富国天合稳健优选混合,混合型-偏股
100027,富国天合稳健优选混合(后端),混合型-偏股
100029,富国天成红利混合,混合型-灵活
100030,富国天成红利混合(后端),混合型-灵活
100032,富国中证红利指数增强A,指数型-股票
100033,富国中证红利指数增强A(后端),指数型-股票
100035,富国优化增强债券A/B,债券型-混合二级
100036,富国优化增强债券A/B(后端),债券型-混合二级
100037,富国优化增强债券C,债券型-混合二级
100038,富国沪深300指数增强A,指数型-股票
100039,富国通胀通缩主题轮动混合A,混合型-偏股
100050,富国全球债券(QDII)人民币A,QDII-混合债
100051,富国可转债A,债券型-混合二级
100052,富国可转债A(后端),债券型-混合二级
100053,富国上证指数ETF联接A,指数型-股票
100055,富国全球科技互联网股票(QDII)A,QDII-普通股票
100056,富国低碳环保混合,混合型-偏股
100058,富国产业债券A,债券型-混合一级
100059,富国产业债券A(后端),债券型-混合一级
100060,富国高新技术产业混合,混合型-偏股
100061,富国中国中小盘混合(QDII)人民币A,QDII-混合偏股
110001,易方达平稳增长混合,混合型-平衡
110002,易方达策略成长混合,混合型-偏股
110003,易方达上证50增强A,指数型-股票
110005,易方达积极成长混合,混合型-偏股
110007,易方达稳健收益债券A,债券型-混合二级
110008,易方达稳健收益债券B,债券型-混合二级
110009,易方达价值精选混合,混合型-偏股
110010,易方达价值成长混合,混合型-灵活
110011,易方达优质精选混合(QDII),QDII-混合偏股
110012,易方达科汇灵活配置混合,混合型-灵活
110013,易方达科翔混合,混合型-偏股
110015,易方达行业领先混合,混合型-偏股
110017,易方达增强回报债券A,债券型-混合一级
110018,易方达增强回报债券B,债券型-混合一级
110019,易方达深证100ETF联接A,指数型-股票
110020,易方达沪深300ETF联接A,指数型-股票
110021,易方达上证中盘ETF联接A,指数型-股票
110022,易方达消费行业股票,股票型
110023,易方达医疗保健行业混合A,混合型-偏股
110025,易方达资源行业混合,混合型-偏股
110026,易方达创业板ETF联接A,指数型-股票
110027,易方达安心回报债券A,债券型-混合二级
110028,易方达安心回报债券B,债券型-混合二级
110029,易方达科讯混合,混合型-偏股
110030,易方达沪深300量化增强A,指数型-股票
110031,易方达恒生国企ETF联接A,指数型-海外股票
110032,易方达恒生国企ETF联接现汇A,指数型-海外股票
110033,易方达恒生国企ETF联接现钞A,指数型-海外股票
110035,易方达双债增强债券A,债券型-混合一级
110036,易方达双债增强债券C,债券型-混合一级
112002,易方达策略成长二号混合,混合型-偏股
118001,易方达亚洲精选股票,QDII-普通股票
118002,易方达标普消费品指数A,指数型-海外股票
121001,国投瑞银融华债券,混合型-偏债
121002,国投瑞银景气行业混合,混合型-灵活
121003,国投瑞银核心企业混合,混合型-偏股
121005,国投瑞银创新动力混合,混合型-偏股
121006,国投瑞银稳健增长混合,混合型-偏股
121008,国投瑞银成长优选混合,混合型-偏股
121009,国投瑞银稳定增利债券C,债券型-混合一级
121010,国投瑞银瑞源灵活配置混合A,混合型-灵活
121012,国投瑞银优化增强债券A/B,债券型-混合二级
128001,国投瑞银融华债券(后端),混合型-偏债
128002,国投瑞银景气行业混合(后端),混合型-灵活
128005,国投瑞银创新动力混合(后端),混合型-偏股
128006,国投瑞银稳健增长混合(后端),混合型-偏股
128008,国投瑞银成长优选混合(后端),混合型-偏股
128012,国投瑞银优化增强债券A/B(后端),债券型-混合二级
128112,国投瑞银优化增强债券C,债券型-混合二级
150103,银河银泰混合,混合型-偏股
150968,银河研究精选混合A,混合型-偏股
151001,银河稳健混合,混合型-偏股
151002,银河收益混合,混合型-偏债
158000,港股通金融ETF鹏华,指数型-股票
158001,价值ETF嘉实,指数型-股票
158003,港股通医疗ETF嘉实,指数型-股票
158005,工程机械ETF博时,指数型-股票
158006,化工ETF博时,指数型-股票
158008,新能源电池ETF华夏,指数型-股票
158009,航空航天ETF南方,指数型-股票
158010,医疗ETF嘉实,指数型-股票
158011,创业板软件ETF国泰,指数型-股票
158012,云计算ETF南方,指数型-股票
158013,航空航天ETF易方达,指数型-股票
158017,化工ETF易方达,指数型-股票
158019,电池ETF永赢,指数型-股票
158023,红利低波ETF万家,指数型-股票
158027,工业互联网ETF易方达,指数型-股票
158028,稀有金属ETF招商,指数型-股票
159007,华泰柏瑞中证畜牧养殖产业ETF,指数型-股票
159008,景顺长城中证全指证券公司ETF,指数型-股票
159009,易方达创业板新能源ETF,指数型-股票
159010,港股通科技ETF博时,指数型-股票
159011,养殖ETF华安,指数型-股票
159012,鹏华科创创业50ETF,指数型-股票
159013,大成中证工业互联网主题ETF,指数型-股票
159015,恒生港股通科技ETF国联,指数型-股票
159016,证券ETF广发,指数型-股票
159017,工银瑞信国证石油天然气ETF,指数型-股票
159018,广发国证石油天然气ETF,指数型-股票
159019,华宝国证石油天然气ETF,指数型-股票
159020,易方达中证畜牧养殖产业ETF,指数型-股票
159021,华夏国证大盘价值ETF,指数型-股票
159022,富国中证科创创业人工智能ETF,指数型-股票
159023,养殖ETF万家,指数型-股票
159025,家电ETF华安,指数型-股票
159026,南方国证石油天然气ETF,指数型-股票
159027,畜牧养殖ETF大成,指数型-股票
159028,港股汽车ETF天弘,指数型-股票
159029,广发中证有色金属矿业主题ETF,指数型-股票
159030,粮食ETF华夏,指数型-股票
159031,粮食ETF博时,指数型-股票
159032,工业有色ETF易方达,指数型-股票
159033,粮食ETF国泰,指数型-股票
159035,天弘中证软件服务ETF,指数型-股票
159036,软件开发ETF华宝,指数型-股票
159037,价值ETF鹏华,指数型-股票
159038,易方达国证粮食产业ETF,指数型-股票
159039,机器人ETF华安,指数型-股票
159040,港股通互联网ETF鹏华,指数型-股票
159041,农业ETF鹏华,指数型-股票
159042,价值ETF汇添富,指数型-股票
159043,食品ETF华安,指数型-股票
159045,稀有金属ETF大成,指数型-股票
159046,绿电ETF天弘,指数型-股票
159048,机器人ETF大成,指数型-股票
159049,有色ETF工银,指数型-股票
159050,机器人ETF广发,指数型-股票
159051,医疗器械ETF易方达,指数型-股票
159052,新能源电池ETF嘉实,指数型-股票
159053,稀有金属ETF华夏,指数型-股票
159055,稀有金属ETF富国,指数型-股票
159056,医疗器械ETF富国,指数型-股票
159057,医疗器械ETF鹏华,指数型-股票
159058,证券ETF大成,指数型-股票
159059,大成中证全指电力公用事业ETF,指数型-股票
159060,粮食ETF浦银,指数型-股票
159061,绿色电力ETF南方,指数型-股票
159062,稀有金属ETF南方,指数型-股票
159063,粮食ETF南方,指数型-股票
159065,工程机械ETF景顺,指数型-股票
159066,A股ETF建信,指数型-股票
159067,鹏华国证绿色电力ETF,指数型-股票
159068,软件ETF华夏,指数型-股票
159069,华泰柏瑞创业板新能源ETF,指数型-股票
159070,工程机械ETF嘉实,指数型-股票
159071,新能源电池ETF华宝,指数型-股票
159072,粮食ETF景顺,指数型-股票
159073,粮食ETF汇添富,指数型-股票
159075,工业互联网ETF华夏,指数型-股票
159076,创业板新能源ETF华宝,指数型-股票
159077,电池ETF鑫元,指数型-股票
159078,A股ETF富国,指数型-股票
159079,价值ETF兴全,指数型-股票
159082,化工ETF华夏,指数型-股票
159083,红利低波100ETF嘉实,指数型-股票
159085,价值ETF永赢,指数型-股票
159086,金融科技ETF广发,指数型-股票
159087,化工ETF万家,指数型-股票
159091,港股通金融ETF易方达,指数型-股票
159093,化工ETF汇添富,指数型-股票
159095,云计算ETF银华,指数型-股票
159096,价值ETF华夏,指数型-股票
159098,价值ETF招商,指数型-股票
159099,华宝中证云计算50ETF,指数型-股票
159100,巴西ETF华夏,指数型-海外股票
159101,港股通科技ETF华夏,指数型-股票
159102,港股通生物科技ETF华安,指数型-股票
159103,金融科技ETF汇添富,指数型-股票
159105,恒生生物科技ETF易方达,指数型-股票
159106,民企300ETF前海开源,指数型-股票
159107,创业板软件ETF富国,指数型-股票
159108,工业软件ETF博时,指数型-股票
159109,恒生50ETF景顺,指数型-股票
159117,港股通红利低波ETF鹏华,指数型-股票
159118,港股通红利低波ETF华夏,指数型-股票
159119,800现金流ETF招商,指数型-股票
159120,港股通科技ETF国联安,指数型-股票
159121,港股通汽车ETF易方达,指数型-股票
159122,创业板新能源ETF富国,指数型-股票
159123,光伏ETF嘉实,指数型-股票
159125,港股通科技ETF招商,指数型-股票
159126,港股通50ETF南方,指数型-股票
159127,港股通红利ETF南方,指数型-股票
159128,港股科技ETF天弘,指数型-股票
159129,化工ETF嘉实,指数型-股票
159130,恒生生物科技ETF鹏华,指数型-股票
159131,港股通信息技术ETF华宝,指数型-股票
159132,恒生生物科技ETF富国,指数型-股票
159133,化工ETF天弘,指数型-股票
159135,港股通科技ETF前海开源,指数型-股票
159136,A50ETF广发,指数型-股票
159137,港股通医疗ETF华宝,指数型-股票
159138,工程机械ETF易方达,指数型-股票
159139,科创创业人工智能ETF华泰柏瑞,指数型-股票
159140,科创创业人工智能ETF易方达,指数型-股票
159141,科创创业人工智能ETF永赢,指数型-股票
159142,科创创业人工智能ETF景顺,指数型-股票
159143,港股通央企红利ETF平安,指数型-股票
159145,工业软件ETF广发,指数型-股票
159146,电力ETF华宝,指数型-股票
159147,电池ETF南方,指数型-股票
159148,石油ETF富国,指数型-股票
159149,创业板新能源ETF工银,指数型-股票
159150,深证50ETF易方达,指数型-股票
159151,食品ETF华夏,指数型-股票
159152,港股通科技ETF平安,指数型-股票
159153,消费电子ETF鹏华,指数型-股票
159155,电池ETF大成,指数型-股票
159156,电池ETF万家,指数型-股票
159157,有色金属ETF天弘,指数型-股票
159158,电力ETF景顺,指数型-股票
159159,公用事业ETF国投瑞银,指数型-股票
159160,电池ETF东财,指数型-股票
159161,工程机械ETF东财,指数型-股票
159162,工业有色ETF鹏华,指数型-股票
159163,有色ETF泰康,指数型-股票
159165,养殖ETF永赢,指数型-股票
159166,现金流ETF长城,指数型-股票
159167,港股通医疗ETF工银,指数型-股票
159168,有色ETF富国,指数型-股票
159169,恒生生物科技ETF广发,指数型-股票
159170,港股通互联网ETF永赢,指数型-股票
159171,工业有色ETF博时,指数型-股票
159172,养殖ETF汇添富,指数型-股票
159173,南方中证全指农牧渔ETF,指数型-股票
159175,电池ETF易方达,指数型-股票
159176,华宝中证全指家用电器ETF,指数型-股票
159177,鹏华中证工程机械主题ETF,指数型-股票
159178,汇添富国证消费电子主题ETF,指数型-股票
159179,港股通互联网ETF工银,指数型-股票
159180,银华国证工业软件主题ETF,指数型-股票
159181,石油ETF易方达,指数型-股票
159182,南方中证全指家用电器ETF,指数型-股票
159183,新能源车ETF招商,指数型-股票
159185,鹏华中证港股通信息技术综合ETF,指数型-股票
159186,鹏华恒生港股通汽车主题ETF,指数型-股票
159187,创业板新能源ETF景顺,指数型-股票
159188,景顺长城标普中国A股红利100ETF,指数型-股票
159189,石油ETF华夏,指数型-股票
159190,创业板新能源ETF天弘,指数型-股票
159191,港股通科技ETF易方达,指数型-股票
159192,汇添富中证家电龙头ETF,指数型-股票
159193,新能源电池ETF银华,指数型-股票
159195,华安国证石油天然气ETF,指数型-股票
159196,易方达中证港股通信息技术综合ETF,指数型-股票
159197,招商国证石油天然气ETF,指数型-股票
159198,富国中证港股通信息技术综合ETF,指数型-股票
159199,平安国证石油天然气ETF,指数型-股票
159201,自由现金流ETF华夏,指数型-股票
159202,恒生互联网ETF万家,指数型-海外股票
159203,大盘成长ETF博时,指数型-股票
159205,创业板ETF东财,指数型-股票
159206,卫星ETF永赢,指数型-股票
159207,高股息ETF广发,指数型-股票
159208,航空航天ETF万家,指数型-股票
159209,红利质量ETF招商,指数型-股票
159210,港股通汽车ETF汇添富,指数型-股票
159211,深证100ETF富国,指数型-股票
159212,深100ETF南方,指数型-股票
159213,机器人ETF汇添富,指数型-股票
159215,A500ETF平安,指数型-股票
159216,深证100ETF大成,指数型-股票
159217,港股通创新药ETF工银,指数型-股票
159218,卫星ETF招商,指数型-股票
159219,深证100ETF融通,指数型-股票
159220,港股通红利低波ETF华宝,指数型-股票
159221,现金流ETF嘉实,指数型-股票
159222,自由现金流ETF易方达,指数型-股票
159223,现金流ETF永赢,指数型-股票
159225,现金流ETF银华,指数型-股票
159226,中证A500增强ETF国泰,指数型-股票
159227,航空航天ETF华夏,指数型-股票
159228,红利低波ETF长城,指数型-股票
159229,自由现金流ETF广发,指数型-股票
159230,通用航空ETF华夏,指数型-股票
159231,通用航空ETF华宝,指数型-股票
159232,自由现金流ETF南方,指数型-股票
159233,自由现金流ETF平安,指数型-股票
159235,中证现金流ETF大成,指数型-股票
159236,自由现金流ETF工银,指数型-股票
159237,港股汽车ETF工银,指数型-股票
159238,沪深300增强ETF景顺,指数型-股票
159239,港股通汽车ETF富国,指数型-股票
159240,A500增强ETF天弘,指数型-股票
159241,航空航天ETF天弘,指数型-股票
159242,创业板人工智能ETF大成,指数型-股票
159243,创业板人工智能ETF招商,指数型-股票
159245,港股通消费ETF富国,指数型-股票
159246,创业板人工智能ETF富国,指数型-股票
159247,创业板ETF汇添富,指数型-股票
159248,人工智能ETF万家,指数型-股票
159249,A500增强ETF工银,指数型-股票
159251,港股通科技ETF万家,指数型-股票
159253,银行ETF博时,指数型-股票
159255,通用航空ETF易方达,指数型-股票
159256,创业板软件ETF华夏,指数型-股票
159257,航空ETF汇添富,指数型-股票
159258,机器人ETF南方,指数型-股票
159259,成长ETF易方达,指数型-股票
159260,证券ETF博时,指数型-股票
159261,创业板新能源ETF鹏华,指数型-股票
159262,港股通科技ETF广发,指数型-股票
159263,价值ETF易方达,指数型-股票
159265,港股消费ETF鹏华,指数型-股票
159266,港股央企红利ETF永赢,指数型-股票
159267,航天ETF华安,指数型-股票
159268,港股通消费ETF汇添富,指数型-股票
159269,港股通科技ETF南方,指数型-股票
159270,创业板200ETF南方,指数型-股票
159271,恒生ETF鹏华,指数型-股票
159272,机器人ETF富国,指数型-股票
159273,云计算ETF汇添富,指数型-股票
159275,农牧渔ETF华宝,指数型-股票
159276,现金流ETF汇添富,指数型-股票
159277,港股通红利ETF富国,指数型-股票
159278,机器人ETF鹏华,指数型-股票
159279,创业板人工智能ETF华安,指数型-股票
159280,港股通互联网ETF汇添富,指数型-股票
159281,港股央企红利ETF天弘,指数型-股票
159283,通用航空ETF南方,指数型-股票
159285,港股通消费ETF华安,指数型-股票
159286,港股通创新药ETF鹏华,指数型-股票
159287,创业板综ETF博时,指数型-股票
159288,创业板综ETF银华,指数型-股票
159289,创业板综指ETF鹏华,指数型-股票
159290,创业板综指增强ETF东财,指数型-股票
159291,创业板综增强ETF招商,指数型-股票
159292,创业板综增强ETF华宝,指数型-股票
159293,创业板综增强ETF建信,指数型-股票
159295,创业综指ETF西部利得,指数型-股票
159296,A500红利低波ETF华宝,指数型-股票
159297,港股通创新药ETF南方,指数型-股票
159298,创业板50ETF大成,指数型-股票
159299,金融科技ETF易方达,指数型-股票
159300,沪深300ETF富国,指数型-股票
159301,公用事业ETF华夏,指数型-股票
159302,港股高股息ETF银华,指数型-股票
159303,恒生医疗ETF大成,指数型-海外股票
159305,储能电池ETF广发,指数型-股票
159306,汽车零部件ETF平安,指数型-股票
159307,红利低波100ETF博时,指数型-股票
159309,油气ETF汇添富,指数型-股票
159310,芯片ETF天弘,指数型-股票
159311,数字经济ETF易方达,指数型-股票
159312,恒指港股通ETF广发,指数型-股票
159315,黄金股ETF工银,指数型-股票
159316,港股通创新药ETF易方达,指数型-股票
159318,恒指港股通ETF银华,指数型-股票
159320,电网设备ETF广发,指数型-股票
159321,黄金股ETF华安,指数型-股票
159322,黄金股ETF平安,指数型-股票
159323,港股通汽车ETF华夏,指数型-股票
159325,半导体ETF南方,指数型-股票
159326,电网设备ETF华夏,指数型-股票
159327,半导体设备ETF万家,指数型-股票
159328,家电ETF易方达,指数型-股票
159329,沙特ETF南方,指数型-海外股票
159330,沪深300ETF东财,指数型-股票
159331,红利港股ETF国泰,指数型-股票
159332,央企红利ETF富国,指数型-股票
159333,港股央企红利ETF万家,指数型-股票
159335,央企科创ETF融通,指数型-股票
159336,央企红利ETF融通,指数型-股票
159337,中证500ETF东财,指数型-股票
159338,中证A500ETF国泰,指数型-股票
159339,A500ETF银华,指数型-股票
159350,深证50ETF富国,指数型-股票
159351,A500ETF嘉实,指数型-股票
159352,A500ETF南方,指数型-股票
159353,中证A500ETF景顺,指数型-股票
159355,800红利低波ETF华宝,指数型-股票
159356,A500ETF万家,指数型-股票
159357,A500ETF博时,指数型-股票
159358,中证A500ETF大成,指数型-股票
159359,A500ETF华安,指数型-股票
159360,A500ETF天弘,指数型-股票
159361,A500ETF易方达,指数型-股票
159362,A500ETF工银,指数型-股票
159363,创业板人工智能ETF华宝,指数型-股票
159365,恒指港股通ETF富国,指数型-股票
159366,港股医疗ETF永赢,指数型-股票
159367,创业板50ETF华夏,指数型-股票
159368,创业板新能源ETF华夏,指数型-股票
159369,创业板50ETF易方达,指数型-股票
159370,创50ETF工银,指数型-股票
159371,创业板50ETF富国,指数型-股票
159372,创业板50ETF万家,指数型-股票
159373,创业板50ETF嘉实,指数型-股票
159375,创业板50ETF国泰,指数型-股票
159376,A500ETF浦银,指数型-股票
159377,创业板医药ETF国泰,指数型-股票
159378,通用航空ETF永赢,指数型-股票
159379,A500ETF融通,指数型-股票
159380,A500ETF东财,指数型-股票
159381,创业板人工智能ETF华夏,指数型-股票
159382,创业板人工智能ETF南方,指数型-股票
159383,创业板50ETF华泰柏瑞,指数型-股票
159385,数字经济ETF富国,指数型-股票
159386,A500ETF永赢,指数型-股票
159387,创业板新能源ETF国泰,指数型-股票
159388,创业板人工智能ETF国泰,指数型-股票
159389,数字经济ETF嘉实,指数型-股票
159390,中证A50ETF国联,指数型-股票
159391,大盘价值ETF博时,指数型-股票
159392,航空ETF富国,指数型-股票
159393,沪深300ETF万家,指数型-股票
159399,现金流ETF国泰,指数型-股票
159500,中证500ETF富国,指数型-股票
159501,纳指ETF嘉实,指数型-海外股票
159502,标普生物科技ETF嘉实,指数型-海外股票
159505,国证2000ETF博时,指数型-股票
159506,港股通医疗ETF富国,指数型-股票
159507,通信ETF广发,指数型-股票
159508,生物医药ETF华安,指数型-股票
159509,纳指科技ETF景顺,指数型-海外股票
159510,沪深300价值ETF华夏,指数型-股票
159511,通信ETF南方,指数型-股票
159512,汽车ETF广发,指数型-股票
159513,纳斯达克100ETF大成,指数型-海外股票
159515,国企红利ETF鹏扬,指数型-股票
159516,半导体设备ETF国泰,指数型-股票
159517,中证800增强ETF银华,指数型-股票
159518,标普油气ETF嘉实,指数型-海外股票
159519,港股国企ETF国泰,指数型-海外股票
159520,消费龙头ETF工银,指数型-股票
159521,国证2000ETF平安,指数型-股票
159523,沪深300成长ETF华夏,指数型-股票
159525,红利低波ETF富国,指数型-股票
159526,机器人ETF嘉实,指数型-股票
159527,云计算ETF广发,指数型-股票
159528,国企改革ETF富国,指数型-股票
159529,标普消费ETF景顺,指数型-海外股票
159530,机器人ETF易方达,指数型-股票
159531,中证2000ETF南方,指数型-股票
159532,中证2000ETF易方达,指数型-股票
159533,中证2000ETF博时,指数型-股票
159535,中证2000ETF嘉实,指数型-股票
159536,中证2000ETF汇添富,指数型-股票
159537,信创ETF国泰,指数型-股票
159538,信创ETF富国,指数型-股票
159539,信创ETF广发,指数型-股票
159540,信创ETF易方达,指数型-股票
159541,创业板综ETF万家,指数型-股票
159542,工程机械ETF大成,指数型-股票
159543,国证2000ETF工银,指数型-股票
159545,恒生红利低波ETF易方达,指数型-股票
159546,集成电路ETF国泰,指数型-股票
159547,红利低波ETF华夏,指数型-股票
159549,红利低波ETF天弘,指数型-股票
159550,互联网ETF东财,指数型-股票
159551,机器人ETF国泰,指数型-股票
159552,中证2000增强ETF招商,指数型-股票
159553,中证2000增强ETF海富通,指数型-股票
159555,中证2000增强ETF银华,指数型-股票
159556,中证2000增强ETF平安,指数型-股票
159557,恒生医疗ETF嘉实,指数型-海外股票
159558,半导体设备ETF易方达,指数型-股票
159559,机器人ETF景顺,指数型-股票
159560,芯片ETF景顺,指数型-股票
159561,德国ETF嘉实,指数型-海外股票
159562,黄金股ETF华夏,指数型-股票
159563,创业板综ETF华夏,指数型-股票
159565,汽车零部件ETF易方达,指数型-股票
159566,储能电池ETF易方达,指数型-股票
159567,港股创新药ETF银华,指数型-股票
159568,港股互联网ETF博时,指数型-股票
159569,港股红利低波ETF景顺,指数型-股票
159570,港股通创新药ETF汇添富,指数型-股票
159571,创业板200ETF富国,指数型-股票
159572,创业板200ETF易方达,指数型-股票
159573,创业板200ETF华夏,指数型-股票
159575,创业板200ETF银华,指数型-股票
159576,深证100ETF广发,指数型-股票
159577,美国50ETF汇添富,指数型-海外股票
159578,深证主板50ETF南方,指数型-股票
159581,红利ETF万家,指数型-股票
159582,半导体ETF博时,指数型-股票
159583,通信ETF富国,指数型-股票
159586,计算机ETF南方,指数型-股票
159587,粮食ETF广发,指数型-股票
159588,石油ETF景顺,指数型-股票
159589,红利ETF广发,指数型-股票
159590,软件ETF汇添富,指数型-股票
159591,A50ETF富国,指数型-股票
159592,A50ETF银华,指数型-股票
159593,中证A50ETF平安,指数型-股票
159595,中证A50ETF大成,指数型-股票
159596,A50ETF华宝,指数型-股票
159597,创业板成长ETF易方达,指数型-股票
159599,芯片ETF东财,指数型-股票
159601,A50ETF华夏,指数型-股票
159602,中国A50ETF南方,指数型-股票
159603,科创创业ETF天弘,指数型-股票
159605,中概互联ETF广发,指数型-海外股票
159606,中证500成长ETF易方达,指数型-股票
159607,中概互联网ETF嘉实,指数型-海外股票
159608,稀有金属ETF广发,指数型-股票
159609,光伏ETF浦银,指数型-股票
159610,中证500增强ETF景顺,指数型-股票
159611,电力ETF广发,指数型-股票
159612,标普500ETF国泰,指数型-海外股票
159613,信息安全ETF嘉实,指数型-股票
159615,恒生生物科技ETF南方,指数型-海外股票
159616,农牧ETF建信,指数型-股票
159617,中证500价值ETF华夏,指数型-股票
159618,光伏ETF华安,指数型-股票
159619,基建ETF国泰,指数型-股票
159620,中证500成长ETF华夏,指数型-股票
159621,ESGETF国泰,指数型-股票
159622,创新药ETF东财,指数型-股票
159623,成渝经济圈ETF博时,指数型-股票
159625,绿色电力ETF嘉实,指数型-股票
159627,A100ETF华夏,指数型-股票
159628,国证2000ETF万家,指数型-股票
159629,中证1000ETF富国,指数型-股票
159630,A100ETF汇添富,指数型-股票
159631,A100ETF招商,指数型-股票
159632,纳斯达克ETF华安,指数型-海外股票
159633,中证1000ETF易方达,指数型-股票
159635,基建ETF华夏,指数型-股票
159636,港股通科技30ETF工银,指数型-股票
159637,新能源车ETF东财,指数型-股票
159638,高端装备ETF嘉实,指数型-股票
159639,碳中和ETF南方,指数型-股票
159640,碳中和龙头ETF工银,指数型-股票
159641,碳中和ETF招商,指数型-股票
159642,碳中和ETF大成,指数型-股票
159643,疫苗ETF国泰,指数型-股票
159645,疫苗ETF富国,指数型-股票
159647,中药ETF鹏华,指数型-股票
159652,有色ETF汇添富,指数型-股票
159653,ESG300ETF国联安,指数型-股票
159655,标普500ETF华夏,指数型-海外股票
159656,沪深300成长ETF万家,指数型-股票
159657,疫苗ETF鹏华,指数型-股票
159658,数字经济ETF华安,指数型-股票
159659,纳斯达克100ETF招商,指数型-海外股票
159660,纳指ETF汇添富,指数型-海外股票
159661,A100ETF嘉实,指数型-股票
159662,交运ETF南方,指数型-股票
159663,机床ETF华夏,指数型-股票
159665,半导体龙头ETF工银,指数型-股票
159666,交通运输ETF华夏,指数型-股票
159667,工业母机ETF国泰,指数型-股票
159669,绿色电力ETF国泰,指数型-股票
159670,消费50ETF国联安,指数型-股票
159671,稀有金属ETF工银,指数型-股票
159672,消费ETF博时,指数型-股票
159673,沪深300ETF鹏华,指数型-股票
159675,创业板增强ETF嘉实,指数型-股票
159676,创业板增强ETF富国,指数型-股票
159677,中证1000增强ETF银华,指数型-股票
159678,500增强ETF博时,指数型-股票
159679,中证1000增强ETF国泰,指数型-股票
159680,中证1000增强ETF招商,指数型-股票
159681,创业板50ETF鹏华,指数型-股票
159682,创业板50ETF景顺,指数型-股票
159685,1000增强ETF天弘,指数型-股票
159686,A100ETF易方达,指数型-股票
159687,亚太精选ETF南方,指数型-海外股票
159688,恒生互联网ETF华安,指数型-海外股票
159689,消费ETF南方,指数型-股票
159690,有色矿业ETF招商,指数型-股票
159691,港股红利ETF工银,指数型-股票
159692,证券ETF东财,指数型-股票
159695,通信ETF嘉实,指数型-股票
159696,纳指ETF易方达,指数型-海外股票
159697,石油ETF鹏华,指数型-股票
159698,粮食ETF鹏华,指数型-股票
159699,恒生消费ETF广发,指数型-海外股票
159701,物联网ETF招商,指数型-股票
159703,新材料ETF天弘,指数型-股票
159706,深证100ETF华安,指数型-股票
159707,地产ETF华宝,指数型-股票
159708,红利ETF西部利得,指数型-股票
159709,物联网ETF工银,指数型-股票
159711,港股通50ETF华夏,指数型-股票
159712,港股通50ETF国泰,指数型-股票
159713,稀土ETF富国,指数型-股票
159715,稀土ETF易方达,指数型-股票
159716,深证100ETF华宝,指数型-股票
159717,ESGETF鹏华,指数型-股票
159718,港股医药ETF平安,指数型-股票
159719,国企ETF平安,指数型-股票
159720,智能车ETF泰康,指数型-股票
159721,深证100ETF永赢,指数型-股票
159723,科技龙头ETF汇添富,指数型-股票
159725,线上消费ETF工银,指数型-股票
159726,港股通高股息ETF华夏,指数型-股票
159728,在线消费ETF南方,指数型-股票
159729,互联网ETF汇添富,指数型-股票
159730,家电ETF博时,指数型-股票
159731,石化ETF华夏,指数型-股票
159732,消费电子ETF华夏,指数型-股票
159735,港股消费ETF银华,指数型-股票
159736,食品饮料ETF天弘,指数型-股票
159738,云计算ETF华泰柏瑞,指数型-股票
159739,云计算ETF鹏华,指数型-股票
159740,恒生科技ETF大成,指数型-海外股票
159741,恒生科技ETF嘉实,指数型-海外股票
159742,恒生科技ETF博时,指数型-海外股票
159743,湖北ETF博时,指数型-股票
159745,建材ETF国泰,指数型-股票
159747,香港科技ETF南方,指数型-海外股票
159748,创新药ETF富国,指数型-股票
159750,港股科技50ETF招商,指数型-海外股票
159751,港股通科技ETF鹏华,指数型-股票
159752,新能源ETF申万菱信,指数型-股票
159755,电池ETF广发,指数型-股票
159757,电池ETF景顺,指数型-股票
159758,红利质量ETF华夏,指数型-股票
159760,医疗健康ETF泰康,指数型-股票
159761,新材料ETF国泰,指数型-股票
159763,新材料ETF建信,指数型-股票
159766,旅游ETF富国,指数型-股票
159767,电池龙头ETF兴银,指数型-股票
159768,房地产ETF银华,指数型-股票
159770,机器人ETF天弘,指数型-股票
159773,创业板科技ETF华泰柏瑞,指数型-股票
159775,电池ETF建信,指数型-股票
159776,港股医药ETF银华,指数型-股票
159777,创科技ETF国联安,指数型-股票
159778,工业互联网ETF鹏华,指数型-股票
159779,消费电子ETF招商,指数型-股票
159780,科创创业50ETF南方,指数型-股票
159781,科创创业ETF易方达,指数型-股票
159782,双创50ETF银华,指数型-股票
159783,科创创业50ETF华夏,指数型-股票
159786,VRETF银华,指数型-股票
159787,建材ETF易方达,指数型-股票
159788,港股通100ETF易方达,指数型-股票
159790,碳中和ETF华夏,指数型-股票
159791,300ESGETF华夏,指数型-股票
159792,港股通互联网ETF富国,指数型-股票
159793,线上消费ETF平安,指数型-股票
159795,智能汽车ETF汇添富,指数型-股票
159796,电池ETF汇添富,指数型-股票
159797,医疗器械ETF汇添富,指数型-股票
159798,消费ETF易方达,指数型-股票
159800,中证800ETF鹏华,指数型-股票
159801,芯片ETF广发,指数型-股票
159804,创中盘88ETF国寿,指数型-股票
159805,传媒ETF鹏华,指数型-股票
159806,新能源车ETF国泰,指数型-股票
159807,科技ETF易方达,指数型-股票
159808,创100ETF融通,指数型-股票
159810,创业板ETF浦银,指数型-股票
159811,5GETF博时,指数型-股票
159813,半导体ETF鹏华,指数型-股票
159814,创业大盘ETF西部利得,指数型-股票
159819,人工智能ETF易方达,指数型-股票
159820,中证500ETF天弘,指数型-股票
159821,创业板ETF中银证券,指数型-股票
159822,新经济ETF银华,指数型-海外股票
159824,新能源车ETF博时,指数型-股票
159825,农业ETF富国,指数型-股票
159827,农业ETF银华,指数型-股票
159828,医疗ETF国泰,指数型-股票
159835,创新药ETF建信,指数型-股票
159836,创业板300ETF天弘,指数型-股票
159837,生物科技ETF易方达,指数型-股票
159838,医药50ETF博时,指数型-股票
159839,生物医药ETF汇添富,指数型-股票
159840,锂电池ETF工银,指数型-股票
159841,证券ETF天弘,指数型-股票
159842,券商ETF银华,指数型-股票
159843,食品饮料ETF招商,指数型-股票
159845,中证1000ETF华夏,指数型-股票
159847,医疗ETF易方达,指数型-股票
159848,证券ETF国联安,指数型-股票
159849,生物科技ETF招商,指数型-股票
159850,恒生国企ETF华夏,指数型-海外股票
159851,金融科技ETF华宝,指数型-股票
159852,软件ETF嘉实,指数型-股票
159855,影视ETF银华,指数型-股票
159856,互联网龙头ETF工银,指数型-股票
159857,光伏ETF天弘,指数型-股票
159858,创新药ETF南方,指数型-股票
159859,生物医药ETF天弘,指数型-股票
159861,碳中和50ETF国泰,指数型-股票
159862,食品饮料ETF银华,指数型-股票
159863,光伏ETF鹏华,指数型-股票
159864,光伏ETF国泰,指数型-股票
159865,养殖ETF国泰,指数型-股票
159866,日经ETF工银,指数型-海外股票
159867,养殖ETF鹏华,指数型-股票
159869,游戏ETF华夏,指数型-股票
159870,化工ETF鹏华,指数型-股票
159871,有色ETF银华,指数型-股票
159872,智能网联汽车ETF鹏华,指数型-股票
159873,医疗设备ETF天弘,指数型-股票
159875,新能源ETF嘉实,指数型-股票
159876,有色ETF华宝,指数型-股票
159877,医疗ETF南方,指数型-股票
159880,有色ETF鹏华,指数型-股票
159881,有色金属ETF国泰,指数型-股票
159883,医疗器械ETF永赢,指数型-股票
159885,碳中和ETF鹏华,指数型-股票
159886,机械ETF富国,指数型-股票
159887,银行ETF富国,指数型-股票
159888,智能汽车ETF华夏,指数型-股票
159889,智能汽车ETF国泰,指数型-股票
159890,云计算ETF招商,指数型-股票
159891,医疗ETF建信,指数型-股票
159892,恒生医药ETF华夏,指数型-海外股票
159895,物联网ETF易方达,指数型-股票
159896,物联网ETF南方,指数型-股票
159898,医疗器械ETF招商,指数型-股票
159899,软件ETF招商,指数型-股票
159901,深证100ETF易方达,指数型-股票
159902,中小100ETF华夏,指数型-股票
159903,深成ETF南方,指数型-股票
159905,红利ETF工银,指数型-股票
159906,深成长ETF大成,指数型-股票
159907,国证2000ETF广发,指数型-股票
159908,创业板ETF博时,指数型-股票
159909,TMT50ETF招商,指数型-股票
159910,基本面120ETF嘉实,指数型-股票
159912,深300ETF汇添富,指数型-股票
159913,深价值ETF交银,指数型-股票
159915,创业板ETF易方达,指数型-股票
159916,基本面ETF建信,指数型-股票
159918,中创400ETF嘉实,指数型-股票
159919,沪深300ETF嘉实,指数型-股票
159920,恒生ETF华夏,指数型-海外股票
159922,中证500ETF嘉实,指数型-股票
159923,中证A100ETF大成,指数型-股票
159925,沪深300ETF南方,指数型-股票
159928,消费ETF汇添富,指数型-股票
159929,医药ETF汇添富,指数型-股票
159930,能源ETF汇添富,指数型-股票
159931,金融地产ETF汇添富,指数型-股票
159933,金融地产ETF国投瑞银,指数型-股票
159935,中证500ETF景顺,指数型-股票
159936,可选消费ETF广发,指数型-股票
159938,医药ETF广发,指数型-股票
159939,信息技术ETF广发,指数型-股票
159940,金融地产ETF广发,指数型-股票
159941,纳指ETF广发,指数型-海外股票
159943,深证成指ETF大成,指数型-股票
159944,材料ETF广发,指数型-股票
159945,能源ETF广发,指数型-股票
159948,创业板ETF南方,指数型-股票
159949,创业板50ETF华安,指数型-股票
159952,创业板ETF广发,指数型-股票
159954,恒生中国企业ETF南方,指数型-股票
159956,创业板ETF建信,指数型-股票
159957,创业板ETF华夏,指数型-股票
159958,创业板ETF工银,指数型-股票
159959,央企ETF银华,指数型-股票
159960,恒生中国企业ETF平安,指数型-股票
159961,深100ETF方正富邦,指数型-股票
159964,创业板ETF平安,指数型-股票
159965,央视50ETF国联,指数型-股票
159966,创业板价值ETF华夏,指数型-股票
159967,创业板成长ETF华夏,指数型-股票
159968,中证500ETF博时,指数型-股票
159970,深100ETF工银,指数型-股票
159971,创业板ETF富国,指数型-股票
159973,民企ETF弘毅远方,指数型-股票
159974,央企创新ETF富国,指数型-股票
159975,深100ETF招商,指数型-股票
159976,湾创ETF工银,指数型-股票
159977,创业板ETF天弘,指数型-股票
159982,中证500ETF鹏华,指数型-股票
159991,创业板大盘ETF招商,指数型-股票
159992,创新药ETF银华,指数型-股票
159993,证券ETF鹏华,指数型-股票
159994,通信ETF银华,指数型-股票
159995,芯片ETF华夏,指数型-股票
159996,家电ETF国泰,指数型-股票
159997,电子ETF天弘,指数型-股票
159998,计算机ETF天弘,指数型-股票
160105,南方积极配置混合(LOF),混合型-灵活
160106,南方高增长混合(LOF),混合型-偏股
160107,南方高增长混合(LOF)(后端),混合型-偏股
160119,南方中证500ETF联接(LOF)A,指数型-股票
160120,南方中证500ETF联接(LOF)A(后端),指数型-股票
160125,南方香港优选股票,QDII-普通股票
160126,南方香港优选股票(后端),QDII-普通股票
160127,南方新兴消费增长股票(LOF)A,股票型
160133,南方天元新产业股票(LOF),股票型
160135,南方中证高铁产业指数(LOF),指数型-股票
160137,南方中证互联网指数(LOF)A,指数型-股票
160140,南方道琼斯美国精选A,指数型-海外股票
160141,南方道琼斯美国精选C,指数型-海外股票
160142,南方优势产业(LOF),混合型-灵活
160143,南方创业板2年定期开放混合,混合型-偏股
160144,南方新兴消费增长股票(LOF)C,股票型
160211,国泰中小盘成长混合(LOF),混合型-偏股
160212,国泰估值优势混合(LOF)A,混合型-偏股
160213,国泰纳斯达克100指数,指数型-海外股票
160215,国泰价值经典混合(LOF),混合型-灵活
160217,国泰信用互利债券A,债券型-混合一级
160218,国泰国证房地产行业指数A,指数型-股票
160219,国泰国证医药卫生行业指数A,指数型-股票
160220,国泰民益混合(LOF)A,混合型-灵活
160221,国泰国证有色金属行业指数(LOF)A,指数型-股票
160222,国泰国证食品饮料行业(LOF)A,指数型-股票
160223,国泰创业板指数(LOF)A,指数型-股票
160224,国泰中证计算机主题ETF联接A,指数型-股票
160225,国泰国证新能源汽车指数A,指数型-股票
160226,国泰民益混合(LOF)C,混合型-灵活
160311,华夏蓝筹混合(LOF)A,混合型-灵活
160314,华夏行业混合(LOF),混合型-偏股
160322,华夏港股通精选股票发起式(LOF)A,股票型
160323,华夏磐泰混合(LOF)A,混合型-偏债
160324,华夏磐晟混合(LOF),混合型-灵活
160325,华夏创业板两年定开混合,混合型-偏股
160416,华安标普全球石油指数(LOF)A,指数型-海外股票
160418,华安中证银行ETF联接A,指数型-股票
160419,华安中证全指证券公司ETF联接A,指数型-股票
160420,华安创业板50指数A,指数型-股票
160421,华安智增精选混合,混合型-灵活
160422,华安创业板50ETF联接A,指数型-股票
160424,华安创业板50ETF联接C,指数型-股票
160425,华安创业板两年定开混合,混合型-偏股
160505,博时主题行业混合(LOF),混合型-偏股
160512,博时卓越品牌混合(LOF)A,混合型-偏股
160513,博时稳健回报债券(LOF)A,债券型-混合一级
160514,博时稳健回报债券(LOF)C,债券型-混合一级
160516,博时证券公司ETF联接A,指数型-股票
160517,博时中证银行ETF联接A,指数型-股票
160518,博时睿远,混合型-灵活
160526,博时优势企业灵活配置混合A,混合型-灵活
160527,博时研究优选混合(LOF)A,混合型-灵活
160528,博时研究优选混合(LOF)C,混合型-灵活
160529,博时创业板两年定开混合,混合型-偏股
160602,鹏华普天债券A,债券型-混合一级
160603,鹏华普天收益混合,混合型-偏股
160605,鹏华中国50混合,混合型-灵活
160607,鹏华价值优势混合(LOF),混合型-偏股
160608,鹏华普天债券B,债券型-混合一级
160610,鹏华动力增长混合(LOF),混合型-灵活
160611,鹏华优质治理混合(LOF)A,混合型-偏股
160612,鹏华丰收债券B,债券型-混合二级
160613,鹏华盛世创新混合(LOF)A,混合型-偏股
160615,鹏华沪深300ETF联接(LOF)A,指数型-股票
160616,鹏华中证500指数(LOF)A,指数型-股票
160617,鹏华丰润债券(LOF),债券型-混合一级
160618,鹏华丰泽债券(LOF)C,债券型-混合一级
160620,鹏华中证A股资源产业指数(LOF)A,指数型-股票
160621,鹏华丰和债券(LOF)A,债券型-混合二级
160622,鹏华丰利债券(LOF)A,债券型-混合一级
160624,鹏华消费领先混合,混合型-灵活
160625,鹏华中证800证券保险指数(LOF)A,指数型-股票
160626,鹏华中证信息技术指数(LOF)A,指数型-股票
160627,鹏华策略优选灵活配置混合,混合型-灵活
160628,鹏华中证800地产指数(LOF)A,指数型-股票
160629,鹏华中证传媒指数(LOF)A,指数型-股票
160630,鹏华中证国防指数(LOF)A,指数型-股票
160631,鹏华中证银行指数(LOF)A,指数型-股票
160632,鹏华酒A,指数型-股票
160633,鹏华中证全指证券公司指数(LOF)A,指数型-股票
160634,鹏华中证环保产业指数(LOF)A,指数型-股票
160635,鹏华中证医药指数(LOF)A,指数型-股票
160636,鹏华中证移动互联网指数(LOF)A,指数型-股票
160637,鹏华创业板指数(LOF)A,指数型-股票
160638,鹏华中证一带一路主题指数(LOF)A,指数型-股票
160639,鹏华中证高铁产业指数(LOF)A,指数型-股票
160641,鹏华丰锐债券LOF,债券型-混合二级
160642,鹏华增瑞混合(LOF)A,混合型-灵活
160643,鹏华空天军工指数(LOF)A,指数型-股票
160644,鹏华港美互联股票人民币,QDII-普通股票
160646,鹏华中证沪港深科技龙头指数(LOF)A,指数型-股票
160706,嘉实沪深300ETF联接A,指数型-股票
160716,嘉实基本面50指数(LOF)A,指数型-股票
160717,嘉实H股指数(QDII-LOF),指数型-海外股票
160718,嘉实多利收益债券A,债券型-混合二级
160722,嘉实惠泽混合(LOF),混合型-灵活
160724,嘉实沪深300ETF联接C,指数型-股票
160725,嘉实基本面50指数(LOF)C,指数型-股票
160726,嘉实瑞享定期混合,混合型-灵活
160727,嘉实创业板两年定期混合,混合型-偏股
160805,长盛同智优势混合(LOF),混合型-灵活
160806,长盛同庆中证800指数(LOF)A,指数型-股票
160807,长盛沪深300指数(LOF)A,指数型-股票
160812,长盛同益成长回报(LOF),混合型-灵活
160813,长盛同盛成长优选(LOF),混合型-灵活
160910,大成创新成长混合(LOF)A,混合型-灵活
160916,大成优选混合(LOF)A,混合型-偏股
160918,大成中小盘混合(LOF)A,混合型-偏股
160919,大成产业升级股票(LOF)A,股票型
160921,大成多策略混合(LOF)A,混合型-灵活
160924,大成恒生指数(QDII-LOF)A,指数型-海外股票
160925,大成中华沪深港300指数(LOF)A,指数型-股票
160926,大成创业板两年定开混合A,混合型-偏股
161005,富国天惠成长混合(LOF)A,混合型-偏股
161006,富国天惠成长混合(LOF)A(后端),混合型-偏股
161010,富国天丰强化债券(LOF)A,债券型-混合一级
161014,富国汇利回报两年定期开放债券,债券型-混合一级
161015,富国天盈债券(LOF)C,债券型-混合一级
161017,富国中证500指数增强(LOF)A,指数型-股票
161018,富国天丰强化债券(LOF)A(后端),债券型-混合一级
161019,富国新天锋债券(LOF)A,债券型-混合一级
161020,富国新天锋债券(LOF)A(后端),债券型-混合一级
161021,富国中证500指数增强(LOF)A(后端),指数型-股票
161022,富国创业板ETF联接A,指数型-股票
161024,富国中证军工指数(LOF)A,指数型-股票
161025,富国中证移动互联网指数(LOF)A,指数型-股票
161026,富国中证国有企业改革指数(LOF)A,指数型-股票
161027,富国中证全指证券公司指数(LOF)A,指数型-股票
161028,富国中证新能源汽车指数(LOF)A,指数型-股票
161029,富国中证银行指数(LOF)A,指数型-股票
161030,富国中证体育产业指数(LOF)A,指数型-股票
161031,富国中证工业4.0指数(LOF)A,指数型-股票
161032,富国中证煤炭指数(LOF)A,指数型-股票
161033,富国中证智能汽车(LOF)A,指数型-股票
161035,富国中证医药主题指数增强A,指数型-股票
161036,富国中证娱乐主题指数增强(LOF)A,指数型-股票
161037,富国中证高端制造指数增强型(LOF)A,指数型-股票
161038,富国新兴成长量化精选混合(LOF)A,混合型-偏股
161039,富国中证1000指数增强(LOF)A,指数型-股票
161040,富国创业板两年定开混合,混合型-偏股
161115,易方达岁丰添利债券(LOF)A,债券型-混合一级
161118,易方达中小企业100(LOF)A,指数型-股票
161121,易方达中证银行ETF联接(LOF)A,指数型-股票
161122,易方达中证万得生物科技指数(LOF)A,指数型-股票
161123,易方达中证万得并购重组(LOF),指数型-股票
161124,易方达香港小型股指数A,指数型-海外股票
161125,易方达标普500指数人民币A,指数型-海外股票
161126,易方达标普医疗保健人民币A,指数型-海外股票
161127,易方达标普生物科技人民币A,指数型-海外股票
161128,易方达标普信息科技指数(QDII-LOF)A(人民币),指数型-海外股票
161130,易方达纳斯达克100ETF联接(QDII-LOF)A(人民币),指数型-海外股票
161131,易方达科润混合(LOF),混合型-偏股
161132,易方达科顺定开混合,混合型-灵活
161211,国投沪深300金融地产联接,指数型-股票
161212,国投沪深300金融地产联接(后端),指数型-股票
161216,国投瑞银双债债券(LOF)A,债券型-混合一级
161217,国投瑞银中证资源指数(LOF)A,指数型-股票
161218,国投瑞银中证资源指数(LOF)A(后端),指数型-股票
161219,国投瑞银新兴产业混合(LOF)A,混合型-灵活
161220,国投瑞银新兴产业混合(LOF)A(后端),混合型-灵活
161221,国投瑞银双债债券C,债券型-混合一级
161222,国投瑞银瑞利混合(LOF)A,混合型-灵活
161224,国投瑞银新丝路混合(LOF),混合型-灵活
161225,国投瑞银瑞盈混合(LOF)A,混合型-灵活
161227,国投瑞银深证100指数,指数型-股票
161228,国投瑞银深证100指数(后端),指数型-股票
161229,国投瑞银中国价值发现股票,QDII-普通股票
161232,国投瑞银瑞盛混合(LOF)A,混合型-灵活
161233,国投瑞银瑞泰多策略混合A,混合型-灵活
161505,银河通利债券(LOF)A,债券型-混合一级
161506,银河通利债券(LOF)C,债券型-混合一级
161601,融通新蓝筹混合,混合型-偏股
161602,融通新蓝筹混合(后端),混合型-偏股
161604,融通深证100指数A,指数型-股票
161605,融通蓝筹成长混合A/B,混合型-灵活
161606,融通行业景气混合A,混合型-灵活
161607,融通巨潮100指数A(LOF),指数型-股票
161609,融通动力先锋混合A/B,混合型-偏股
161610,融通领先成长混合(LOF)A,混合型-偏股
161611,融通内需驱动混合A,混合型-偏股
161612,融通深证成份指数A,指数型-股票
161613,融通创业板指数A,指数型-股票
161614,融通四季添利债券(LOF)A,债券型-混合一级
161616,融通医疗保健行业混合A/B,混合型-偏股
161617,融通医疗保健行业混合A/B(后端),混合型-偏股
161618,融通岁岁添利定开债A,债券型-混合一级
161619,融通岁岁添利定开债B,债券型-混合一级
161620,融通核心价值混合A,QDII-混合灵活
161624,融通可转债债券A,债券型-混合二级
161625,融通可转债债券C,债券型-混合二级
161626,融通通福债券(LOF)A,债券型-混合一级
161627,融通通福债券(LOF)C,债券型-混合一级
161628,融通中证云计算与大数据主题指数(LOF)A,指数型-股票
161631,融通人工智能指数(LOF)A,指数型-股票
161654,融通深证100指数A(后端),指数型-股票
161655,融通蓝筹成长混合A/B(后端),混合型-灵活
161656,融通行业景气混合A(后端),混合型-灵活
161657,融通巨潮100指数A(LOF)(后端),指数型-股票
161659,融通动力先锋混合A/B(后端),混合型-偏股
161660,融通领先成长混合(LOF)A(后端),混合型-偏股
161661,融通内需驱动混合A(后端),混合型-偏股
161662,融通深证成份指数A(后端),指数型-股票
161663,融通创业板指数A(后端),指数型-股票
161706,招商优质成长混合(LOF),混合型-偏股
161707,招商优质成长混合(LOF)(后端),混合型-偏股
161713,招商信用添利债券(LOF)A,债券型-混合一级
161715,招商大宗商品(LOF),指数型-股票
161716,招商双债增强债券(LOF)C,债券型-混合一级
161720,招商中证全指证券公司指数(LOF)A,指数型-股票
161721,招商沪深300地产等权重指数A,指数型-股票
161722,招商丰泰混合(LOF),混合型-灵活
161723,招商中证银行指数A,指数型-股票
161724,招商中证煤炭等权指数(LOF)A,指数型-股票
161725,招商中证白酒指数(LOF)A,指数型-股票
161726,招商国证生物医药指数(LOF)A,指数型-股票
161727,招商增荣混合(LOF),混合型-灵活
161728,招商瑞智优选混合(LOF),混合型-灵活
161729,招商瑞利灵活配置混合(LOF)A,混合型-灵活
161810,银华内需精选混合(LOF),混合型-偏股
161811,银华沪深300指数A,指数型-股票
161812,银华深证100指数(LOF),指数型-股票
161816,银华中证等权重90指数(LOF),指数型-股票
161818,银华消费主题混合A,混合型-偏股
161831,银华恒生国企指数(QDII-LOF)A,指数型-海外股票
161834,银华鑫锐灵活配置混合(LOF)A,混合型-灵活
161837,银华大盘两年定开混合,混合型-偏股
161838,银华创业板两年定期开放混合,混合型-偏股
161902,万家增强收益债券C,债券型-混合二级
161903,万家行业优选混合(LOF),混合型-偏股
161907,万家中证红利ETF联接A,指数型-股票
161908,万家添利债券(LOF)C,债券型-混合一级
161910,万家新机遇价值驱动A,混合型-灵活
161912,万家社会责任18个月定开A,混合型-偏股
161913,万家社会责任18个月定开C,混合型-偏股
161914,万家创业板2年定期开放混合A,混合型-偏股
161915,万家创业板2年定期开放混合C,混合型-偏股
162006,长城久富混合(LOF)A,混合型-偏股
162102,金鹰中小盘精选混合A,混合型-偏股
162105,金鹰持久增利债券(LOF)C,债券型-混合二级
162107,金鹰先进制造股票(LOF)A,股票型
162108,金鹰元盛债券(LOF)C,债券型-混合一级
162201,宏利成长混合,混合型-灵活
162202,宏利周期混合,混合型-偏股
162203,宏利稳定混合,混合型-偏股
162204,宏利行业精选混合A,混合型-偏股
162205,宏利风险预算混合,混合型-偏债
162207,宏利效率优选混合(LOF),混合型-偏股
162208,宏利首选企业股票A,股票型
162209,宏利市值优选混合A,混合型-偏股
162210,宏利集利债券A,债券型-混合二级
162212,宏利红利先锋混合A,混合型-偏股
162213,宏利沪深300指数增强A,指数型-股票
162214,宏利领先中小盘混合,混合型-偏股
162215,宏利聚利债券(LOF),债券型-混合一级
162216,宏利500指数增强(LOF),指数型-股票
162299,宏利集利债券C,债券型-混合二级
162307,海富通中证A100指数(LOF)A,指数型-股票
162411,华宝标普油气上游股票人民币A,指数型-海外股票
162412,华宝医疗ETF联接A,指数型-股票
162414,华宝新机遇混合(LOF)A,混合型-灵活
162415,华宝标普美国消费人民币A,指数型-海外股票
162509,国联安中证A100指数(LOF),指数型-股票
162511,国联安双佳信用债券(LOF),债券型-混合一级
162605,景顺长城鼎益混合(LOF)A,混合型-偏股
162606,景顺长城鼎益混合(LOF)A(后端),混合型-偏股
162607,景顺长城资源垄断混合(LOF)A,混合型-偏股
162703,广发小盘成长混合(LOF)A,混合型-偏股
162711,广发中证500ETF联接A,指数型-股票
162712,广发聚利债券(LOF)A,债券型-混合一级
162713,广发中证500ETF联接A(后端),指数型-股票
162714,广发深证100ETF联接A,指数型-股票
162717,广发成长新动能混合A,混合型-偏股
162719,广发道琼斯石油指数人民币A,指数型-海外股票
162720,广发创业板两年定开混合,混合型-偏股
163001,长信医疗保健混合(LOF)A,混合型-灵活
163003,长信利鑫债券(LOF)C,债券型-混合一级
163005,长信利众债券(LOF)C,债券型-混合一级
163007,长信利众债券(LOF)A,债券型-混合一级
163008,长信利鑫债券(LOF)A,债券型-混合一级
163109,申万菱信深证成份指数(LOF)A,指数型-股票
163110,申万菱信量化小盘股票(LOF)A,股票型
163111,申万菱信中小企业100指数(LOF)A,指数型-股票
163113,申万菱信中证申万证券行业指数(LOF)A,指数型-股票
163114,申万菱信中证环保产业指数(LOF)A,指数型-股票
163115,申万菱信中证军工指数(LOF)A,指数型-股票
163116,申万中证申万电子行业投资指数(LOF)A,指数型-股票
163118,申万菱信中证申万医药生物指数(LOF)A,指数型-股票
163208,诺安油气能源,QDII-普通股票
163209,诺安创业板指数增强(LOF)A,指数型-股票
163302,大摩资源优选混合(LOF),混合型-灵活
163402,兴全趋势投资混合(LOF),混合型-灵活
163403,兴全趋势投资混合(LOF)(后端),混合型-灵活
163406,兴全合润混合A,混合型-偏股
163407,兴全沪深300指数(LOF)A,指数型-股票
163408,兴全沪深300指数(LOF)A(后端),指数型-股票
163409,兴全绿色投资混合(LOF),混合型-偏股
163410,兴全绿色投资混合(LOF)(后端),混合型-偏股
163411,兴全精选混合,混合型-偏股
163412,兴全轻资产混合(LOF),混合型-偏股
163413,兴全轻资产混合(LOF)(后端),混合型-偏股
163415,兴全商业模式混合(LOF)A,混合型-偏股
163416,兴全商业模式混合(LOF)A(后端),混合型-偏股
163417,兴全合宜混合(LOF)A,混合型-灵活
163418,兴全合兴混合A,混合型-偏股
163503,天治核心成长混合(LOF),混合型-偏股
163801,中银中国混合(LOF)A,混合型-灵活
163803,中银持续增长混合A,混合型-偏股
163804,中银收益混合A,混合型-灵活
163805,中银动态策略混合A,混合型-偏股
163806,中银增利债券A,债券型-混合一级
163807,中银优选灵活配置混合A,混合型-灵活
163808,中银中证A100指数增强,指数型-股票
163809,中银蓝筹混合,混合型-灵活
163810,中银价值混合A,混合型-灵活
163811,中银双利债券A,债券型-混合二级
163812,中银双利债券B,债券型-混合二级
163816,中银转债增强债券A,债券型-混合二级
163817,中银转债增强债券B,债券型-混合二级
163818,中银中小盘成长混合,混合型-偏股
163819,中银信用增利债券(LOF)A,债券型-混合一级
163821,中银沪深300等权重指数,指数型-股票
163822,中银主题策略混合A,混合型-偏股
163823,中银稳健策略混合,混合型-灵活
163825,中银互利半年定开债,债券型-混合一级
163827,中银产业债债券A,债券型-混合二级
164105,华富强化回报债券(LOF),债券型-混合一级
164205,天弘文化新兴产业股票A,股票型
164206,天弘添利债券(LOF)C,债券型-混合一级
164208,天弘丰利债券(LOF)E,债券型-混合一级
164210,天弘同利债券(LOF)C,债券型-混合一级
164212,天弘全球新能源汽车股票(QDII-LOF)A,QDII-普通股票
164304,新华中证环保产业指数,指数型-股票
164401,前海开源中证健康产业指数,指数型-股票
164402,前海开源中航军工指数A,指数型-股票
164403,前海开源沪港深农业混合A,混合型-灵活
164508,国富中证A100指数增强(LOF),指数型-股票
164509,国富恒利债券(LOF)A,债券型-混合一级
164510,国富恒利债券(LOF)C,债券型-混合一级
164606,华泰柏瑞信用增利债(LOF)A,债券型-混合一级
164703,汇添富纯债(LOF)A,债券型-混合一级
164705,汇添富恒生指数(QDII-LOF)A,指数型-海外股票
164808,工银四季收益债券A,债券型-混合一级
164809,工银中证500ETF联接A,指数型-股票
164814,工银双债增强债券,债券型-混合二级
164818,工银传媒指数A,指数型-股票
164824,工银印度基金人民币,QDII-混合偏股
164826,工银创业板两年定开混合A,混合型-偏股
164902,交银信用添利债券(LOF)A,债券型-混合一级
164903,交银信用添利债券(LOF)A(后端),债券型-混合一级
164905,交银国证新能源指数(LOF)A,指数型-股票
164906,交银中证海外中国互联网指数(LOF)A,指数型-海外股票
164908,交银中证环境治理(LOF)A,指数型-股票
165309,建信沪深300指数(LOF),指数型-股票
165310,建信沪深300指数增强(LOF)A,指数型-股票
165311,建信信用增强债券(LOF)A,债券型-混合一级
165312,建信央视财经50指数(LOF),指数型-股票
165313,建信优势动力混合(LOF),混合型-偏股
165314,建信信用增强债券(LOF)C,债券型-混合一级
165508,中信保诚深度价值混合(LOF),混合型-偏股
165509,中信保诚增强收益债券(LOF)A,债券型-混合二级
165511,中信保诚中证500指数(LOF)A,指数型-股票
165512,中信保诚新机遇混合(LOF),混合型-偏股
165515,中信保诚沪深300指数(LOF)A,指数型-股票
165516,中信保诚周期轮动混合(LOF)A,混合型-偏股
165517,中信保诚双盈债券(LOF)A,债券型-混合一级
165519,中信保诚医药指数A,指数型-股票
165520,中信保诚有色指数A,指数型-股票
165521,中信保诚金融指数A,指数型-股票
165522,中信保诚中证TMT(LOF)A,指数型-股票
165523,中信保诚中证信息安全指数(LOF)A,指数型-股票
165524,中信保诚中证智能家居指数(LOF)A,指数型-股票
165525,中信保诚中证基建工程指数(LOF)A,指数型-股票
165526,中信保诚新旺混合(LOF)A,混合型-灵活
165527,中信保诚新旺混合(LOF)C,混合型-灵活
165528,中信保诚鼎利混合(LOF)A,混合型-灵活
165530,中信保诚惠泽A,债券型-混合二级
165531,中信保诚多策略混合(LOF)A,混合型-灵活
166001,中欧新趋势混合A,混合型-偏股
166002,中欧新蓝筹混合A,混合型-偏股
166005,中欧价值发现混合A,混合型-偏股
166006,中欧行业成长混合(LOF)A,混合型-偏股
166007,中欧互通精选混合A,混合型-偏股
166008,中欧增强回报债券(LOF)A,债券型-混合一级
166009,中欧新动力混合(LOF)A,混合型-偏股
166010,中欧鼎利债券A,债券型-混合二级
166011,中欧盛世成长混合(LOF)A,混合型-偏股
166019,中欧价值智选混合A,混合型-灵活
166020,中欧成长优选混合A,混合型-灵活
166023,中欧瑞丰灵活配置混合(LOF)A,混合型-灵活
166024,中欧恒利三年定期开放混合,混合型-偏股
166025,中欧远见两年定开混合A,混合型-偏股
166027,中欧创业板两年定开混合A,混合型-偏股
166105,信澳鑫安债券(LOF)A,债券型-混合二级
166107,信澳量化多因子混合(LOF)A,混合型-偏股
166108,信澳量化多因子混合(LOF)C,混合型-偏股
166109,信澳量化先锋(LOF)A,混合型-偏股
166110,信澳量化先锋(LOF)C,混合型-偏股
166301,华商新趋势优选灵活配置混合,混合型-灵活
166401,浦银稳健增利债券(LOF)C,债券型-混合一级
166801,浙商聚潮新思维混合A,混合型-灵活
166802,浙商沪深300指数增强(LOF)A,指数型-股票
167001,平安鼎泰混合(LOF),混合型-灵活
167002,平安鼎越混合(LOF)A,混合型-灵活
167003,平安鼎弘混合(LOF)A,混合型-偏债
167301,方正富邦中证保险A,指数型-股票
167302,方正富邦大湾区综指(LOF),指数型-股票
167501,安信宝利债券(LOF)D,债券型-混合一级
167503,安信一带一路指数A,指数型-股票
167506,安信深圳科技指数(LOF)A,指数型-股票
167507,安信深圳科技指数(LOF)C,指数型-股票
167508,安信价值发现两年定开混合(LOF),混合型-偏股
167601,国金300指数增强A,指数型-股票
167702,德邦量化优选股票(LOF)A,股票型
167703,德邦量化优选股票(LOF)C,股票型
168002,国寿安保策略精选混合A,混合型-偏股
168101,九泰锐智事件驱动混合(LOF),混合型-灵活
168102,九泰锐富事件驱动混合发起式(LOF)A,混合型-灵活
168103,九泰锐益混合(LOF)A,混合型-灵活
168104,九泰锐丰灵活配置混合(LOF)A,混合型-灵活
168105,九泰泰富灵活配置混合(LOF)A,混合型-灵活
168111,九泰锐丰灵活配置混合(LOF)C,混合型-灵活
168203,国联国证钢铁行业指数(LOF)A,指数型-股票
168204,国联中证煤炭指数(LOF)A,指数型-股票
168301,东海祥龙(LOF)A,混合型-灵活
168401,红土精选混合(LOF)A,混合型-灵活
168501,华银产业升级,混合型-偏股
168601,汇安裕阳三年持有期混合,混合型-偏股
168701,合煦智远金融科技指数(LOF)A,指数型-股票
168702,合煦智远金融科技指数(LOF)C,指数型-股票
169101,东方红睿丰混合,混合型-灵活
169102,东方红睿阳三年持有混合,混合型-偏股
169103,东方红睿轩三年持有混合,混合型-偏股
169104,东方红睿满沪港深混合(LOF)A,混合型-灵活
169105,东方红睿华沪港深混合(LOF)A,混合型-灵活
169106,东方红创新优选定开混合,混合型-偏债
169107,东方红恒阳五年持有混合,混合型-偏股
169108,东方红均衡优选定开混合,混合型-偏债
169109,东方红睿和三年持有混合A,混合型-偏股
169201,浙商鼎盈事件驱动混合,混合型-灵活
180001,银华优势企业混合,混合型-灵活
180010,银华优质增长混合,混合型-偏股
180011,银华优势企业混合(后端),混合型-灵活
180012,银华富裕主题混合A,混合型-偏股
180013,银华领先策略混合,混合型-偏股
180015,银华增强收益债券A,债券型-混合二级
180018,银华和谐主题混合,混合型-灵活
180020,银华成长先锋混合,混合型-灵活
180025,银华信用双利债券A,债券型-混合二级
180026,银华信用双利债券C,债券型-混合二级
180028,银华永祥灵活配置混合,混合型-灵活
180031,银华中小盘混合A,混合型-偏股
200001,长城久恒灵活配置混合A,混合型-灵活
200002,长城久泰沪深300指数A,指数型-股票
200006,长城消费增值混合A,混合型-偏股
200007,长城安心回报混合A,混合型-灵活
200008,长城品牌优选混合A,混合型-偏股
200009,长城稳健增利债券A,债券型-混合二级
200010,长城双动力混合A,混合型-偏股
200012,长城中小盘成长混合A,混合型-偏股
200013,长城积极增利债券A,债券型-混合一级
200015,长城优化升级混合A,混合型-偏股
200016,长城稳健成长混合A,混合型-灵活
200113,长城积极增利债券C,债券型-混合一级
201001,长城久恒灵活配置混合A(后端),混合型-灵活
201002,长城久泰沪深300指数A(后端),指数型-股票
202001,南方稳健成长混合,混合型-偏股
202002,南方稳健成长贰号混合,混合型-偏股
202003,南方绩优成长混合A,混合型-偏股
202004,南方绩优成长混合A(后端),混合型-偏股
202005,南方成份精选混合A,混合型-偏股
202006,南方成份精选混合A(后端),混合型-偏股
202007,南方隆元产业主题混合,混合型-偏股
202008,南方隆元产业主题混合(后端),混合型-偏股
202009,南方盛元红利混合,混合型-偏股
202010,南方盛元红利混合(后端),混合型-偏股
202011,南方优选价值混合A,混合型-偏股
202012,南方优选价值混合A(后端),混合型-偏股
202015,南方沪深300ETF联接A,指数型-股票
202016,南方沪深300ETF联接A(后端),指数型-股票
202017,南方深证成份ETF联接A,指数型-股票
202018,南方深证成份ETF联接A(后端),指数型-股票
202019,南方策略优化混合,混合型-偏股
202020,南方策略优化混合(后端),混合型-偏股
202021,南方小康ETF联接A,指数型-股票
202022,南方小康ETF联接A(后端),指数型-股票
202023,南方优选成长混合A,混合型-灵活
202024,南方优选成长混合A(后端),混合型-灵活
202025,南方上证380ETF联接A,指数型-股票
202026,南方上证380ETF联接A(后端),指数型-股票
202027,南方高端装备混合A,混合型-偏股
202028,南方高端装备混合A(后端),混合型-偏股
202101,南方宝元债券A,债券型-混合二级
202102,南方多利增强债券C,债券型-混合一级
202103,南方多利增强债券A,债券型-混合一级
202105,南方广利回报债券A/B,债券型-混合二级
202106,南方广利回报债券A/B(后端),债券型-混合二级
202107,南方广利回报债券C,债券型-混合二级
202211,南方中证A100ETF联接A,指数型-股票
202212,南方平衡配置混合,混合型-灵活
202213,南方核心竞争混合,混合型-偏股
202801,南方全球精选配置股票(QDII-FOF)A,QDII-普通股票
206001,鹏华弘泰A,混合型-灵活
206002,鹏华精选成长混合A,混合型-偏股
206003,鹏华信用增利债券A,债券型-混合二级
206004,鹏华信用增利债券B,债券型-混合二级
206006,鹏华全球中短债(QDII)人民币A,QDII-混合债
206007,鹏华消费优选混合,混合型-偏股
206008,鹏华丰盛债券B,债券型-混合二级
206009,鹏华新兴产业混合A,混合型-偏股
206012,鹏华价值精选股票,股票型
206013,鹏华宏观灵活配置混合,混合型-灵活
206015,鹏华纯债债券D,债券型-混合一级
206018,鹏华产业债债券A,债券型-混合一级
210001,金鹰成份优选混合,混合型-灵活
210002,金鹰红利价值混合A,混合型-灵活
210003,金鹰行业优势混合A,混合型-偏股
210004,金鹰稳健成长混合,混合型-偏股
210005,金鹰主题优势混合,混合型-偏股
210006,金鹰元禧混合A,混合型-偏债
210007,金鹰技术领先灵活配置混合A,混合型-灵活
210008,金鹰策略配置混合,混合型-偏股
210009,金鹰核心资源混合A,混合型-偏股
210010,金鹰灵活配置混合A,混合型-灵活
210011,金鹰灵活配置混合C,混合型-灵活
210014,金鹰元丰债券A,债券型-混合二级
213001,宝盈鸿利收益灵活配置混合A,混合型-灵活
213002,宝盈泛沿海增长混合,混合型-偏股
213003,宝盈策略增长混合,混合型-偏股
213006,宝盈核心优势混合A,混合型-灵活
213007,宝盈增强收益债券A/B,债券型-混合二级
213008,宝盈资源优选混合,混合型-偏股
213010,宝盈中证A100指数增强A,指数型-股票
213907,宝盈增强收益债券A/B(后端),债券型-混合二级
213908,宝盈资源优选混合(后端),混合型-偏股
213917,宝盈增强收益债券C,债券型-混合二级
217001,招商安泰偏股混合,混合型-偏股
217002,招商安泰平衡混合,混合型-平衡
217003,招商安泰债券A,债券型-混合一级
217005,招商先锋混合,混合型-偏股
217008,招商安本增利债券C,债券型-混合二级
217009,招商核心价值混合,混合型-偏股
217010,招商大盘蓝筹混合,混合型-偏股
217011,招商安心收益债券C,债券型-混合一级
217012,招商行业领先混合A,混合型-偏股
217013,招商中小盘混合,混合型-偏股
217016,招商深证100指数A,指数型-股票
217017,招商上证消费80ETF联接A,指数型-股票
217018,招商安瑞进取债券A,债券型-混合二级
217019,招商深证TMT50ETF联接A,指数型-股票
217020,招商安达灵活配置混合,混合型-灵活
217021,招商优势企业混合A,混合型-偏股
217022,招商产业债券A,债券型-混合一级
217023,招商信用增强债券A,债券型-混合二级
217024,招商安盈债券A,债券型-混合二级
217027,招商央视财经50指数A,指数型-股票
217203,招商安泰债券B,债券型-混合一级
229002,宏利逆向策略混合,混合型-偏股
233001,大摩基础行业混合,混合型-灵活
233005,大摩强收益债券,债券型-混合一级
233006,大摩领先优势混合,混合型-偏股
233007,大摩卓越成长混合,混合型-偏股
233008,大摩消费领航混合,混合型-灵活
233009,大摩多因子策略混合A,混合型-偏股
233010,大摩深证300指数增强,指数型-股票
233011,大摩主题优选混合,混合型-偏股
233012,大摩多元收益债券A,债券型-混合二级
233013,大摩多元收益债券C,债券型-混合二级
233015,大摩量化配置混合A,混合型-偏股
240001,华宝宝康消费品,混合型-平衡
240002,华宝宝康配置混合,混合型-灵活
240003,华宝宝康债券A,债券型-混合一级
240004,华宝动力组合混合A,混合型-偏股
240005,华宝多策略增长A,混合型-偏股
240008,华宝收益增长混合A,混合型-灵活
240009,华宝先进成长混合,混合型-偏股
240010,华宝行业精选混合,混合型-偏股
240011,华宝大盘精选混合,混合型-偏股
240012,华宝增强收益债券A,债券型-混合二级
240013,华宝增强收益债券B,债券型-混合二级
240014,华宝中证A100ETF联接A,指数型-股票
240015,华宝中证A100ETF联接A(后端),指数型-股票
240016,华宝上证180价值ETF联接A,指数型-股票
240017,华宝新兴产业混合,混合型-偏股
240018,华宝可转债债券A,债券型-混合一级
240019,华宝中证银行ETF联接A,指数型-股票
240020,华宝医药生物混合A,混合型-偏股
240022,华宝资源优选混合A,混合型-偏股
241001,华宝海外中国成长混合,QDII-混合偏股
253020,国联安增利债券A,债券型-混合一级
253021,国联安增利债券B,债券型-混合一级
253060,国联安信心增长债券A,债券型-混合二级
253061,国联安信心增长债券B,债券型-混合二级
255010,国联安稳健混合A,混合型-灵活
257010,国联安小盘精选混合,混合型-灵活
257020,国联安精选混合,混合型-偏股
257021,国联安精选混合(后端),混合型-偏股
257030,国联安优势混合,混合型-偏股
257031,国联安优势混合(后端),混合型-偏股
257040,国联安红利混合,混合型-偏股
257041,国联安红利混合(后端),混合型-偏股
257050,国联安主题驱动混合A,混合型-偏股
257060,国联安上证商品ETF联接A,指数型-股票
257070,国联安优选行业混合,混合型-偏股
260101,景顺长城优选混合,混合型-偏股
260103,景顺长城动力平衡混合,混合型-灵活
260104,景顺长城内需增长混合A,混合型-偏股
260108,景顺长城新兴成长混合A,混合型-偏股
260109,景顺长城内需增长贰号混合A,混合型-偏股
260110,景顺长城精选蓝筹混合,混合型-偏股
260111,景顺长城公司治理混合,混合型-偏股
260112,景顺长城能源基建混合A,混合型-偏股
260115,景顺长城中小盘混合A,混合型-偏股
260116,景顺长城核心竞争力混合A,混合型-偏股
260117,景顺长城支柱产业混合A,混合型-偏股
261001,景顺长城稳定收益债券A,债券型-混合一级
261101,景顺长城稳定收益债券C,债券型-混合一级
262001,景顺长城大中华混合(QDII)A人民币,QDII-混合偏股
270001,广发聚富混合,混合型-灵活
270002,广发稳健增长混合A,混合型-平衡
270005,广发聚丰混合A,混合型-偏股
270006,广发策略优选混合,混合型-灵活
270007,广发大盘成长混合,混合型-灵活
270008,广发核心精选混合,混合型-偏股
270009,广发增强债券C,债券型-混合一级
270010,广发沪深300ETF联接A,指数型-股票
270011,广发聚富混合(后端),混合型-灵活
270012,广发稳健增长混合A(后端),混合型-平衡
270015,广发聚丰混合A(后端),混合型-偏股
270016,广发策略优选混合(后端),混合型-灵活
270017,广发大盘成长混合(后端),混合型-灵活
270020,广发沪深300ETF联接A(后端),指数型-股票
270021,广发聚瑞混合A,混合型-偏股
270022,广发内需增长混合A,混合型-灵活
270023,广发全球精选股票(QDII)人民币A,QDII-普通股票
270025,广发行业领先混合A,混合型-偏股
270026,广发国证2000ETF联接A,指数型-股票
270028,广发制造业精选混合A,混合型-偏股
270029,广发聚财信用债券A,债券型-混合一级
270030,广发聚财信用债券B,债券型-混合一级
270036,广发国证2000ETF联接A(后端),指数型-股票
270041,广发消费品精选混合A,混合型-偏股
270042,广发纳斯达克100ETF联接人民币(QDII)A,指数型-海外股票
270044,广发双债添利债券A,债券型-混合一级
270045,广发双债添利债券C,债券型-混合一级
270050,广发新经济混合A,混合型-偏股
288001,华夏经典混合,混合型-偏股
288002,华夏收入混合,混合型-偏股
288102,华夏稳定双利债券C,债券型-混合一级
290002,泰信先行策略混合,混合型-灵活
290003,泰信双息双利债券C,债券型-混合二级
290004,泰信优质生活混合,混合型-偏股
290005,泰信优势增长混合,混合型-灵活
290006,泰信蓝筹精选混合,混合型-偏股
290007,泰信债券增强收益A,债券型-混合一级
290008,泰信发展主题混合,混合型-偏股
290009,泰信债券周期回报A,债券型-混合一级
290010,泰信中证200指数,指数型-股票
290011,泰信中小盘精选混合,混合型-偏股
290012,泰信行业精选混合A,混合型-灵活
290014,泰信现代服务业混合,混合型-偏股
291007,泰信债券增强收益C,债券型-混合一级
310308,申万菱信盛利精选混合A,混合型-偏股
310318,申万菱信沪深300指数增强A,指数型-股票
310328,申万菱信新动力混合A,混合型-偏股
310358,申万菱信新经济混合A,混合型-灵活
310368,申万菱信竞争优势混合A,混合型-偏股
310388,申万菱信消费增长混合A,混合型-偏股
310398,申万菱信沪深300价值指数A,指数型-股票
310508,申万菱信稳益宝债券A,债券型-混合二级
310518,申万菱信可转债债券A,债券型-混合二级
320001,诺安平衡混合A,混合型-偏股
320003,诺安先锋混合A,混合型-偏股
320004,诺安优化收益债券C,债券型-混合一级
320005,诺安价值增长混合A,混合型-偏股
320006,诺安灵活配置混合,混合型-灵活
320007,诺安成长混合A,混合型-偏股
320008,诺安增利债券A,债券型-混合二级
320009,诺安增利债券B,债券型-混合二级
320010,诺安中证A100指数A,指数型-股票
320011,诺安中小盘精选混合A,混合型-偏股
320012,诺安主题精选混合,混合型-偏股
320014,诺安沪深300指数增强A,指数型-股票
320015,诺安行业轮动混合A,混合型-偏股
320016,诺安多策略混合A,混合型-偏股
320018,诺安新动力灵活配置混合A,混合型-灵活
320020,诺安策略精选股票A,股票型
320021,诺安双利债券发起A,债券型-混合二级
320022,诺安研究精选股票A,股票型
340001,兴全可转债混合,混合型-偏债
340006,兴全全球视野股票,股票型
340007,兴全社会责任混合,混合型-偏股
340008,兴全有机增长混合,混合型-灵活
340009,兴全磐稳增利债券A,债券型-混合一级
350001,天治财富增长混合,混合型-灵活
350002,天治低碳经济混合,混合型-灵活
350005,天治中国制造2025,混合型-灵活
350006,天治稳健双盈债券,债券型-混合二级
350007,天治趋势精选混合,混合型-灵活
350008,天治新消费混合,混合型-灵活
350009,天治研究驱动混合A,混合型-灵活
360001,光大量化股票A,股票型
360005,光大红利混合A,混合型-偏股
360006,光大新增长混合A,混合型-偏股
360007,光大优势配置混合A,混合型-偏股
360008,光大增利收益债券A,债券型-混合一级
360009,光大增利收益债券C,债券型-混合一级
360010,光大均衡精选混合A,混合型-偏股
360011,光大动态优选灵活配置混合A,混合型-灵活
360012,光大中小盘混合A,混合型-偏股
360013,光大信用添益债券A,债券型-混合二级
360014,光大信用添益债券C,债券型-混合二级
360016,光大保德信行业轮动混合A,混合型-偏股
370024,摩根核心优选混合A,混合型-偏股
370027,摩根智选30混合A,混合型-偏股
371020,摩根纯债债券A,债券型-混合一级
371120,摩根纯债债券B,债券型-混合一级
372010,摩根强化回报债券A,债券型-混合二级
372110,摩根强化回报债券B,债券型-混合二级
373010,摩根双息平衡混合A,混合型-灵活
373020,摩根双核平衡混合A,混合型-平衡
375010,摩根中国优势混合A,混合型-灵活
376510,摩根大盘蓝筹股票A,股票型
377010,摩根阿尔法混合A,混合型-偏股
377016,摩根亚太优势混合(QDII)A,QDII-混合偏股
377020,摩根内需动力混合A,混合型-偏股
377150,摩根健康品质生活混合A,混合型-偏股
377240,摩根新兴动力混合A,混合型-偏股
377530,摩根行业轮动混合A,混合型-偏股
378006,摩根全球新兴市场混合(QDII),QDII-混合偏股
378010,摩根成长先锋混合A,混合型-偏股
378546,摩根全球天然资源混合(QDII)A,QDII-混合偏股
379010,摩根中小盘混合A,混合型-偏股
380009,中银添利债券发起A,债券型-混合二级
393001,中海优势精选灵活配置混合,混合型-灵活
395001,中海稳健收益债券,债券型-混合一级
395011,中海增强收益债券A,债券型-混合二级
395012,中海增强收益债券C,债券型-混合二级
398001,中海优质成长混合,混合型-灵活
398002,中海优质成长混合(后端),混合型-灵活
398011,中海分红增利混合,混合型-灵活
398012,中海分红增利混合(后端),混合型-灵活
398021,中海能源策略混合,混合型-灵活
398031,中海蓝筹混合A,混合型-灵活
398041,中海量化策略混合,混合型-偏股
398051,中海环保新能源混合,混合型-灵活
398061,中海消费混合A,混合型-偏股
399001,中海上证50指数增强,指数型-股票
399011,中海医疗保健主题股票A,股票型
400001,东方龙混合,混合型-灵活
400003,东方精选混合,混合型-灵活
400004,东方精选混合(后端),混合型-灵活
400007,东方策略成长混合,混合型-偏股
400008,东方策略成长混合(后端),混合型-偏股
400009,东方稳健回报债券A,债券型-混合一级
400011,东方核心动力混合A,混合型-偏股
400012,东方核心动力混合A(后端),混合型-偏股
400013,东方成长收益灵活配置混合A,混合型-灵活
400015,东方新能源汽车混合,混合型-偏股
400016,东方强化收益债券A,债券型-混合二级
400025,东方新兴成长混合,混合型-灵活
400027,东方双债添利债券A,债券型-混合二级
400029,东方双债添利债券C,债券型-混合二级
400032,东方主题精选混合,混合型-灵活
410001,华富竞争力优选混合A,混合型-灵活
410003,华富成长趋势混合A,混合型-偏股
410004,华富收益增强债券A,债券型-混合一级
410005,华富收益增强债券B,债券型-混合一级
410006,华富策略精选混合A,混合型-灵活
410007,华富价值增长混合A,混合型-灵活
410008,华富中证A100ETF联接A,指数型-股票
410009,华富量子生命力混合A,混合型-偏股
410010,华富中小企业100指数增强,指数型-股票
420001,天弘精选混合A,混合型-灵活
420002,天弘永利债券A,债券型-混合二级
420003,天弘永定价值成长混合A,混合型-偏股
420005,天弘周期策略混合A,混合型-偏股
420008,天弘增益回报债券发起式A,债券型-混合二级
420009,天弘安康颐养混合A,混合型-偏债
420102,天弘永利债券B,债券型-混合二级
420108,天弘增益回报债券发起式B,债券型-混合二级
450001,国富中国收益混合A,混合型-平衡
450002,国富弹性市值混合A,混合型-偏股
450003,国富潜力组合混合A,混合型-偏股
450004,国富深化价值混合A,混合型-偏股
450005,国富强化收益债券A,债券型-混合二级
450006,国富强化收益债券C,债券型-混合二级
450007,国富成长动力混合,混合型-偏股
450008,国富沪深300指数增强A,指数型-股票
450009,国富中小盘股票A,股票型
450010,国富策略回报混合A,混合型-灵活
450011,国富研究精选混合A,混合型-偏股
450018,国富恒久信用债券A,债券型-混合一级
450019,国富恒久信用债券C,债券型-混合一级
457001,国富亚洲机会股票(QDII)A,QDII-普通股票
460001,华泰柏瑞盛世中国混合,混合型-偏股
460002,华泰柏瑞积极成长混合,混合型-灵活
460003,华泰柏瑞稳本增利债券B,债券型-混合二级
460005,华泰柏瑞价值增长混合A,混合型-偏股
460007,华泰柏瑞行业领先混合,混合型-偏股
460009,华泰柏瑞量化先行混合A,混合型-偏股
460010,华泰柏瑞亚洲领导企业混合,QDII-混合偏股
460300,华泰柏瑞沪深300ETF联接A,指数型-股票
470006,汇添富医药保健混合,混合型-偏股
470007,汇添富上证综合指数A,指数型-股票
470008,汇添富策略回报混合,混合型-偏股
470009,汇添富民营活力混合,混合型-偏股
470010,汇添富多元收益债券A,债券型-混合二级
470011,汇添富多元收益债券C,债券型-混合二级
470018,汇添富双利债券A,债券型-混合二级
470021,汇添富优选回报混合A,混合型-灵活
470028,汇添富社会责任混合A,混合型-偏股
470058,汇添富可转换债券A,债券型-混合二级
470059,汇添富可转换债券C,债券型-混合二级
470068,汇添富深证300ETF联接A,指数型-股票
470078,汇添富增强收益债券C,债券型-混合一级
470088,汇添富6月红定期开放债券A,债券型-混合二级
470089,汇添富6月红定期开放债券C,债券型-混合二级
470098,汇添富逆向投资混合A,混合型-偏股
470888,汇添富香港优势精选混合(QDII)A,QDII-混合偏股
481001,工银核心价值混合A,混合型-偏股
481004,工银稳健成长混合A,混合型-偏股
481006,工银红利混合,混合型-偏股
481008,工银大盘蓝筹混合,混合型-偏股
481009,工银沪深300指数A,指数型-股票
481010,工银中小盘混合,混合型-偏股
481012,工银深证红利ETF联接A,指数型-股票
481013,工银消费服务混合A,混合型-偏股
481015,工银主题策略混合A,混合型-偏股
481017,工银量化策略混合A,混合型-偏股
483003,工银精选平衡混合,混合型-偏股
485005,工银增强收益债券B,债券型-混合一级
485007,工银添利债券B,债券型-混合一级
485011,工银瑞信双利债券B,债券型-混合二级
485014,工银添颐债券B,债券型-混合二级
485105,工银增强收益债券A,债券型-混合一级
485107,工银添利债券A,债券型-混合一级
485111,工银瑞信双利债券A,债券型-混合二级
485114,工银添颐债券A,债券型-混合二级
485205,工银增强收益债券A(后端),债券型-混合一级
486001,工银全球股票(QDII)人民币,QDII-普通股票
486002,工银全球精选股票(QDII),QDII-普通股票
487016,工银瑞信灵活配置混合A,混合型-灵活
487021,工银优质精选混合A,混合型-灵活
501001,财通多策略精选混合(LOF),混合型-灵活
501005,汇添富中证精准医疗指数(LOF)A,指数型-股票
501006,汇添富中证精准医疗指数(LOF)C,指数型-股票
501007,汇添富中证互联网医疗指数(LOF)A,指数型-股票
501008,汇添富中证互联网医疗指数(LOF)C,指数型-股票
501009,汇添富中证生物科技指数(LOF)A,指数型-股票
501010,汇添富中证生物科技指数(LOF)C,指数型-股票
501011,汇添富中证中药ETF联接(LOF)A,指数型-股票
501012,汇添富中证中药ETF联接(LOF)C,指数型-股票
501015,财通多策略升级混合(LOF)A,混合型-灵活
501016,国泰中证申万证券行业指数(LOF)A,指数型-股票
501017,国泰融丰外延增长混合(LOF)A,混合型-灵活
501019,国泰国证航天军工指数(LOF)A,指数型-股票
501021,华宝港股通标普香港上市中国中小盘指数(LOF)A,指数型-股票
501022,银华鑫盛灵活配置混合(LOF)A,混合型-灵活
501025,鹏华中证香港银行指数(LOF)A,指数型-股票
501026,财通多策略福享混合(LOF)A,混合型-灵活
501028,财通多策略福瑞混合发起式(LOF)A,混合型-偏股
501029,华宝标普中国A股红利机会ETF联接A(LOF),指数型-股票
501030,汇添富中证环境治理指数(LOF)A,指数型-股票
501031,汇添富中证环境治理指数(LOF)C,指数型-股票
501032,财通福盛混合发起(LOF)A,混合型-偏股
501036,汇添富中证500ETF联接(LOF)A,指数型-股票
501037,汇添富中证500ETF联接(LOF)C,指数型-股票
501038,银华明择多策略定期开放混合,混合型-偏股
501043,汇添富沪深300指数(LOF)A,指数型-股票
501045,汇添富沪深300指数(LOF)C,指数型-股票
501046,财通多策略福鑫定开混合,混合型-灵活
501047,汇添富中证全指证券公司ETF联接(LOF)A,指数型-股票
501048,汇添富中证全指证券公司ETF联接(LOF)C,指数型-股票
501049,东方红睿玺三年持有混合A,混合型-偏股
501050,华夏上证50AH优选指数A,指数型-股票
501051,圆信永丰汇利混合(LOF),混合型-偏股
501053,东方红目标优选定开混合,混合型-偏债
501054,东方红睿泽三年持有混合A,混合型-偏股
501057,汇添富中证新能源汽车产业指数(LOF)A,指数型-股票
501058,汇添富中证新能源汽车产业指数(LOF)C,指数型-股票
501059,西部利得国企红利指数增强A,指数型-股票
501060,中金中证优选300指数(LOF)A,指数型-股票
501061,中金中证优选300指数(LOF)C,指数型-股票
501062,南方瑞合定开混合(LOF),混合型-灵活
501063,汇添富悦享两年持有混合,混合型-偏股
501064,国泰价值优选灵活配置混合(LOF)A,混合型-灵活
501065,汇添富经典成长定开混合,混合型-偏股
501066,东方红恒元五年持有混合,混合型-偏股
501070,广发睿阳三年定开混合,混合型-偏股
501071,泓德丰泽混合(LOF)A,混合型-偏股
501073,华安智联混合(LOF)A,混合型-偏债
501075,万家科创主题灵活配置混合(LOF)A,混合型-灵活
501076,鹏华创新动力混合(LOF),混合型-灵活
501077,富国创新企业灵活配置混合(LOF)A,混合型-灵活
501078,广发科创主题灵活配置混合(LOF),混合型-灵活
501079,大成科创主题混合(LOF)A,混合型-偏股
501080,中金科创主题灵活配置混合(LOF),混合型-灵活
501081,中欧科创主题混合(LOF)A,混合型-偏股
501082,博时科创主题灵活配置混合(LOF)A,混合型-灵活
501083,银华科创主题灵活配置混合(LOF)A,混合型-灵活
501085,财通科创主题灵活配置混合(LOF)A,混合型-灵活
501087,交银瑞丰混合(LOF),混合型-偏股
501088,嘉实瑞虹三年定期混合,混合型-偏股
501089,方正富邦消费红利指数增强(LOF),指数型-股票
501090,华宝中证消费龙头ETF联接A,指数型-股票
501091,嘉实欣荣混合(LOF)A,混合型-偏股
501092,交银瑞思混合(LOF),混合型-偏股
501093,华夏翔阳两年定开混合,混合型-偏股
501095,中银证券科技创新混合(LOF),混合型-偏股
501096,国联安科创混合(LOF),混合型-偏股
501097,国寿安保科技创新混合(LOF),混合型-偏股
501098,建信优享科技创新混合(LOF),混合型-偏股
501099,平安新兴产业混合(LOF),混合型-偏股
501186,华夏兴融混合(LOF)A,混合型-灵活
501188,汇添富核心精选混合(LOF),混合型-灵活
501189,嘉实产业优选混合(LOF)A,混合型-灵活
501200,民生加银科技创新混合(LOF),混合型-偏股
501201,红土创新科技创新股票(LOF)A,股票型
501202,华泰紫金创新先锋混合(LOF)C,混合型-偏股
501203,易方达创新未来混合(LOF),混合型-偏股
501205,鹏华创新未来混合(LOF)C,混合型-偏股
501206,汇添富创新未来混合(LOF),混合型-偏股
501207,华夏创新未来混合(LOF),混合型-偏股
501208,中欧创新未来混合(LOF),混合型-偏股
501209,银华富久食品饮料精选混合(LOF)A,混合型-偏股
501219,华夏智胜先锋股票(LOF)A,股票型
501225,景顺长城全球半导体芯片股票A(QDII-LOF)(人民币),QDII-普通股票
501226,长城全球新能源车股票发起式(QDII)A,QDII-普通股票
501227,泓德红利优选混合(LOF)A,混合型-偏股
501301,华宝港股通恒生中国(香港上市)30ETF联接(LOF)A,指数型-股票
501302,南方恒指ETF联接(LOF)A,指数型-股票
501303,广发恒生中型股指数(LOF)A,指数型-股票
501305,汇添富港股红利ETF联接A,指数型-股票
501306,汇添富港股红利ETF联接C,指数型-股票
501307,银河中证沪港深高股息A,指数型-股票
501308,银河中证沪港深高股息C,指数型-股票
501310,华宝沪港深价值指数A,指数型-股票
501311,嘉实港股通新经济指数A,指数型-股票
501312,华宝海外科技股票(QDII-LOF)A,QDII-普通股票
502000,西部利得中证500指数增强(LOF)A,指数型-股票
502003,易方达中证军工(LOF)A,指数型-股票
502006,易方达中证国企改革(LOF)A,指数型-股票
502010,易方达中证全指证券公司指数(LOF)A,指数型-股票
502013,长盛中证申万一带一路指数(LOF),指数型-股票
502023,鹏华国证钢铁行业指数(LOF)A,指数型-股票
502048,易方达上证50指数(LOF)A,指数型-股票
502053,长盛中证证券公司指数(LOF)A,指数型-股票
502056,广发中证医疗ETF联接(LOF)A,指数型-股票
506000,南方科创板3年定开混合,混合型-偏股
506001,万家科创板2年定开混合,混合型-偏股
506002,易方达科创板两年定开混合,混合型-偏股
506003,富国科创板两年定开混合,混合型-偏股
506005,博时科创板三年定开混合,混合型-偏股
506006,汇添富科创板2年定开混合,混合型-偏股
506007,广发科创板两年定开混合,混合型-偏股
506008,长城科创两年定开混合A,混合型-偏股
506009,国泰科创板两年定期开放混合,混合型-偏股
510010,180治理ETF交银,指数型-股票
510020,超大盘ETF博时,指数型-股票
510030,价值ETF华宝,指数型-股票
510040,上证180ETF鹏华,指数型-股票
510050,上证50ETF华夏,指数型-股票
510060,央企ETF工银,指数型-股票
510081,长盛动态精选混合,混合型-灵活
510090,责任ETF建信,指数型-股票
510100,上证50ETF易方达,指数型-股票
510130,上证中盘ETF易方达,指数型-股票
510140,上证综指ETF华夏,指数型-股票
510150,消费ETF招商,指数型-股票
510160,产业升级ETF南方,指数型-股票
510170,大宗商品ETF国联安,指数型-股票
510180,上证180ETF华安,指数型-股票
510190,上证50ETF华安,指数型-股票
510200,上证券商ETF汇安,指数型-股票
510210,上证指数ETF富国,指数型-股票
510230,金融ETF国泰,指数型-股票
510270,国企ETF中银,指数型-股票
510290,上证380ETF南方,指数型-股票
510300,沪深300ETF华泰柏瑞,指数型-股票
510310,沪深300ETF易方达,指数型-股票
510320,沪深300ETF中金,指数型-股票
510330,沪深300ETF华夏,指数型-股票
510350,沪深300ETF工银,指数型-股票
510360,沪深300ETF广发,指数型-股票
510370,沪深300ETF兴业,指数型-股票
510380,沪深300ETF国寿,指数型-股票
510390,沪深300ETF平安,指数型-股票
510410,资源ETF博时,指数型-股票
510500,中证500ETF南方,指数型-股票
510510,中证500ETF广发,指数型-股票
510530,中证500ETF工银,指数型-股票
510550,中证500ETF方正富邦,指数型-股票
510560,中证500ETF国寿,指数型-股票
510570,中证500ETF兴业,指数型-股票
510580,中证500ETF易方达,指数型-股票
510590,中证500ETF平安,指数型-股票
510600,上证50ETF申万菱信,指数型-股票
510630,消费ETF华夏,指数型-股票
510650,金融地产ETF华夏,指数型-股票
510660,医药ETF华夏,指数型-股票
510670,上证180ETF华夏,指数型-股票
510680,上证50ETF万家,指数型-股票
510710,上证50ETF博时,指数型-股票
510720,红利国企ETF国泰,指数型-股票
510760,上证指数ETF国泰,指数型-股票
510770,G60创新ETF申万菱信,指数型-股票
510800,上证50ETF建信,指数型-股票
510810,上海国企ETF汇添富,指数型-股票
510850,上证50ETF工银,指数型-股票
510880,红利ETF华泰柏瑞,指数型-股票
510900,恒生中国企业ETF易方达,指数型-海外股票
510910,上证指数ETF南方,指数型-股票
510950,上证50ETF广发,指数型-股票
510980,上证指数ETF汇添富,指数型-股票
510990,180ESGETF工银,指数型-股票
511081,长盛动态精选混合(后端),混合型-灵活
512000,券商ETF华宝,指数型-股票
512010,医药ETF易方达,指数型-股票
512020,A500ETF鹏华,指数型-股票
512030,中证A50增强ETF易方达,指数型-股票
512040,价值ETF富国,指数型-股票
512050,A500ETF华夏,指数型-股票
512060,A100ETF天弘,指数型-股票
512070,证券保险ETF易方达,指数型-股票
512080,A500ETF中金,指数型-股票
512090,MSCIA股ETF易方达,指数型-股票
512100,中证1000ETF南方,指数型-股票
512120,医药ETF华安,指数型-股票
512130,全指现金流ETF鹏华,指数型-股票
512140,电力ETF华安,指数型-股票
512150,富时A50ETF汇安,指数型-股票
512160,MSCI中国A股ETF南方,指数型-股票
512170,医疗ETF华宝,指数型-股票
512180,MSCIA股ETF建信,指数型-股票
512190,浙商之江凤凰ETF,指数型-股票
512200,房地产ETF南方,指数型-股票
512220,TMTETF景顺,指数型-股票
512240,A50ETF鹏华,指数型-股票
512250,A50ETF招商,指数型-股票
512260,中证500低波动ETF华安,指数型-股票
512290,生物医药ETF国泰,指数型-股票
512330,信息科技ETF南方,指数型-股票
512360,MSCIA股ETF平安,指数型-股票
512370,A500增强ETF华夏,指数型-股票
512380,MSCI中国ETF银华,指数型-股票
512390,中国低波ETF平安,指数型-股票
512400,有色金属ETF南方,指数型-股票
512410,银行ETF广发,指数型-股票
512420,工程机械ETF华安,指数型-股票
512430,家居家电ETF华泰柏瑞,指数型-股票
512450,畜牧养殖ETF广发,指数型-股票
512460,电池ETF华夏,指数型-股票
512480,半导体ETF国联安,指数型-股票
512500,中证500ETF华夏,指数型-股票
512510,中证500ETF华泰柏瑞,指数型-股票
512520,MSCI中国ETF华泰柏瑞,指数型-股票
512530,沪深300红利ETF建信,指数型-股票
512550,富时A50ETF嘉实,指数型-股票
512560,军工ETF易方达,指数型-股票
512570,证券ETF易方达,指数型-股票
512580,环保ETF广发,指数型-股票
512600,消费ETF嘉实,指数型-股票
512620,农业ETF天弘,指数型-股票
512630,卫星ETF广发,指数型-股票
512640,金融地产ETF嘉实,指数型-股票
512650,长三角ETF汇添富,指数型-股票
512660,军工ETF国泰,指数型-股票
512670,国防ETF鹏华,指数型-股票
512680,军工ETF广发,指数型-股票
512690,酒ETF鹏华,指数型-股票
512700,银行ETF南方,指数型-股票
512710,军工龙头ETF富国,指数型-股票
512720,计算机ETF国泰,指数型-股票
512730,银行ETF鹏华,指数型-股票
512750,基本面50ETF嘉实,指数型-股票
512760,芯片ETF国泰,指数型-股票
512770,战略新兴ETF华夏,指数型-股票
512800,银行ETF华宝,指数型-股票
512810,军工ETF华宝,指数型-股票
512820,银行ETF汇添富,指数型-股票
512870,杭州湾区ETF南华,指数型-股票
512880,证券ETF国泰,指数型-股票
512890,红利低波ETF华泰柏瑞,指数型-股票
512900,证券ETF南方,指数型-股票
512910,A100ETF广发,指数型-股票
512930,AI人工智能ETF平安,指数型-股票
512940,有色ETF华安,指数型-股票
512950,央企改革ETF华夏,指数型-股票
512960,央企结构调整ETF博时,指数型-股票
512970,大湾区ETF平安,指数型-股票
512980,传媒ETF广发,指数型-股票
512990,MSCIA股ETF华夏,指数型-股票
513000,日经225ETF易方达,指数型-海外股票
513010,恒生科技ETF易方达,指数型-海外股票
513020,港股科技ETF国泰,指数型-股票
513030,德国ETF华安,指数型-海外股票
513040,港股通互联网ETF易方达,指数型-股票
513050,中概互联网ETF易方达,指数型-海外股票
513060,恒生医疗ETF博时,指数型-海外股票
513070,港股通消费ETF易方达,指数型-股票
513080,法国ETF华安,指数型-海外股票
513090,香港证券ETF易方达,指数型-股票
513100,纳指ETF国泰,指数型-海外股票
513110,纳指ETF华泰柏瑞,指数型-海外股票
513120,港股创新药ETF广发,指数型-海外股票
513130,恒生科技ETF华泰柏瑞,指数型-海外股票
513140,港股通金融ETF华泰柏瑞,指数型-海外股票
513150,港股通科技ETF华泰柏瑞,指数型-股票
513160,港股科技ETF银华,指数型-股票
513170,恒生央企ETF鹏华,指数型-海外股票
513180,恒生科技ETF华夏,指数型-海外股票
513190,港股通金融ETF华夏,指数型-股票
513200,港股通医药ETF易方达,指数型-股票
513210,恒生ETF易方达,指数型-海外股票
513220,中概互联ETF招商,指数型-海外股票
513230,港股通消费ETF华夏,指数型-股票
513240,港股通信息技术ETF华安,指数型-股票
513260,恒生科技ETF汇添富,指数型-海外股票
513280,恒生生物科技ETF汇添富,指数型-海外股票
513290,纳指生物科技ETF汇添富,指数型-海外股票
513300,纳斯达克ETF华夏,指数型-海外股票
513310,中韩半导体ETF华泰柏瑞,指数型-海外股票
513320,港股通新经济ETF易方达,指数型-股票
513330,恒生互联网ETF华夏,指数型-海外股票
513350,标普油气ETF富国,指数型-海外股票
513360,教育ETF博时,指数型-海外股票
513380,恒生科技ETF广发,指数型-海外股票
513390,纳指100ETF博时,指数型-海外股票
513400,道琼斯ETF鹏华,指数型-海外股票
513500,标普500ETF博时,指数型-海外股票
513520,日经ETF华夏,指数型-海外股票
513530,港股通红利ETF华泰柏瑞,指数型-海外股票
513550,港股通50ETF华泰柏瑞,指数型-股票
513560,香港科技ETF兴银,指数型-股票
513580,恒生科技ETF华安,指数型-海外股票
513590,港股通消费ETF鹏华,指数型-股票
513600,恒生指数ETF南方,指数型-股票
513620,港股医疗ETF银华,指数型-股票
513630,港股低波红利ETF摩根,指数型-股票
513650,标普500ETF南方,指数型-海外股票
513660,恒生ETF华夏,指数型-股票
513690,港股红利ETF博时,指数型-股票
513700,港股通医药ETF鹏华,指数型-股票
513720,港股互联网ETF国泰,指数型-股票
513730,东南亚科技ETF华泰柏瑞,指数型-海外股票
513750,港股通非银ETF广发,指数型-股票
513770,港股互联网ETF华宝,指数型-股票
513780,港股创新药ETF景顺,指数型-股票
513800,日本东证指数ETF南方,指数型-海外股票
513810,港股国企ETF华夏,指数型-海外股票
513820,港股通红利ETF汇添富,指数型-股票
513830,港股通高股息ETF嘉实,指数型-股票
513850,美国50ETF易方达,指数型-海外股票
513860,港股通科技ETF海富通,指数型-股票
513870,纳指ETF富国,指数型-海外股票
513880,日经225ETF华安,指数型-海外股票
513890,恒生科技ETF摩根,指数型-海外股票
513900,港股通100ETF华安,指数型-股票
513910,港股通央企红利ETF华夏,指数型-股票
513920,港股通央企红利ETF华安,指数型-股票
513930,恒生生物科技ETF华泰柏瑞,指数型-股票
513950,恒生红利ETF富国,指数型-海外股票
513970,恒生消费ETF景顺,指数型-海外股票
513980,港股科技ETF景顺,指数型-股票
513990,港股通ETF招商,指数型-股票
515000,科技ETF华宝,指数型-股票
515010,证券ETF华夏,指数型-股票
515020,银行ETF华夏,指数型-股票
515030,新能源车ETF华夏,指数型-股票
515040,工业有色ETF华夏,指数型-股票
515050,通信ETF华夏,指数型-股票
515060,房地产ETF华夏,指数型-股票
515070,人工智能ETF华夏,指数型-股票
515080,中证红利ETF招商,指数型-股票
515090,可持续发展ETF博时,指数型-股票
515100,红利低波100ETF景顺,指数型-股票
515110,一带一路ETF易方达,指数型-股票
515120,创新药ETF广发,指数型-股票
515130,沪深300ETF博时,指数型-股票
515150,一带一路ETF富国,指数型-股票
515160,MSCI中国ETF招商,指数型-股票
515170,食品饮料ETF华夏,指数型-股票
515180,红利ETF易方达,指数型-股票
515190,中证500ETF中银证券,指数型-股票
515200,创新100ETF申万菱信,指数型-股票
515210,钢铁ETF国泰,指数型-股票
515220,煤炭ETF国泰,指数型-股票
515230,软件ETF国泰,指数型-股票
515250,智能汽车ETF富国,指数型-股票
515260,电子ETF华宝,指数型-股票
515290,银行ETF天弘,指数型-股票
515293,银行ETF天弘,指数型-股票
515300,300红利低波ETF嘉实,指数型-股票
515310,沪深300ETF汇添富,指数型-股票
515320,电子50ETF华安,指数型-股票
515330,沪深300ETF天弘,指数型-股票
515350,沪深300ETF民生加银,指数型-股票
515360,沪深300ETF方正富邦,指数型-股票
515370,光伏ETF华夏,指数型-股票
515380,沪深300ETF泰康,指数型-股票
515390,沪深300ETF华安,指数型-股票
515400,大数据ETF富国,指数型-股票
515440,A股ETF南方,指数型-股票
515450,红利低波50ETF南方,指数型-股票
515460,红利质量ETF南方,指数型-股票
515480,红利低波100ETF南方,指数型-股票
515530,中证500ETF泰康,指数型-股票
515550,中证500ETF国联,指数型-股票
515560,证券ETF建信,指数型-股票
515580,科技100ETF华泰柏瑞,指数型-股票
515590,500等权ETF前海开源,指数型-股票
515600,央企创新ETF广发,指数型-股票
515630,证券保险ETF鹏华,指数型-股票
515640,家电ETF华夏,指数型-股票
515650,消费50ETF富国,指数型-股票
515660,沪深300ETF国联安,指数型-股票
515680,央企创新ETF嘉实,指数型-股票
515700,新能源车ETF平安,指数型-股票
515710,食品饮料ETF华宝,指数型-股票
515720,金融科技ETF富国,指数型-股票
515730,家居家电ETF永赢,指数型-股票
515750,科技50ETF富国,指数型-股票
515760,浙江国资ETF华夏,指数型-股票
515770,MSCI中国A股ETF摩根,指数型-股票
515790,光伏ETF华泰柏瑞,指数型-股票
515800,中证800ETF汇添富,指数型-股票
515810,中证800ETF易方达,指数型-股票
515840,食品ETF南方,指数型-股票
515850,证券ETF富国,指数型-股票
515860,科技ETF嘉实,指数型-股票
515880,通信ETF国泰,指数型-股票
515890,红利ETF博时,指数型-股票
515900,央企创新ETF博时,指数型-股票
515910,质量ETF中金,指数型-股票
515920,智能消费ETF博时,指数型-股票
515950,医药50ETF富国,指数型-股票
515960,医药ETF嘉实,指数型-股票
515970,工程机械ETF华夏,指数型-股票
515980,人工智能ETF华富,指数型-股票
515990,一带一路ETF汇添富,指数型-股票
516000,大数据ETF华夏,指数型-股票
516010,游戏ETF国泰,指数型-股票
516020,化工ETF华宝,指数型-股票
516050,科技龙头ETF工银,指数型-股票
516060,创新药ETF工银,指数型-股票
516070,低碳ETF易方达,指数型-股票
516080,创新药ETF易方达,指数型-股票
516090,新能源ETF易方达,指数型-股票
516100,金融科技ETF华夏,指数型-股票
516110,汽车ETF国泰,指数型-股票
516120,化工ETF富国,指数型-股票
516130,消费龙头ETF华宝,指数型-股票
516150,稀土ETF嘉实,指数型-股票
516160,新能源ETF南方,指数型-股票
516163,新能源ETF南方,指数型-股票
516180,光伏ETF平安,指数型-股票
516190,传媒ETF华夏,指数型-股票
516200,证券ETF华安,指数型-股票
516210,银行ETF华安,指数型-股票
516220,化工ETF国泰,指数型-股票
516230,光伏ETF招商,指数型-股票
516250,工程机械ETF富国,指数型-股票
516260,物联网ETF华夏,指数型-股票
516270,新能源ETF华安,指数型-股票
516290,光伏ETF汇添富,指数型-股票
516300,中证1000ETF华泰柏瑞,指数型-股票
516310,银行ETF易方达,指数型-股票
516320,高端装备ETF华夏,指数型-股票
516330,物联网ETF华泰柏瑞,指数型-股票
516350,芯片ETF易方达,指数型-股票
516360,新材料ETF华宝,指数型-股票
516370,电力ETF汇添富,指数型-股票
516380,智能电动车ETF华宝,指数型-股票
516390,新能源车ETF汇添富,指数型-股票
516440,工程机械ETF南方,指数型-股票
516460,现金流ETF800鹏华,指数型-股票
516500,生物科技ETF华夏,指数型-股票
516510,云计算ETF易方达,指数型-股票
516520,智能驾驶ETF华泰柏瑞,指数型-股票
516530,物流ETF银华,指数型-股票
516550,农业ETF嘉实,指数型-股票
516560,养老ETF华宝,指数型-股票
516570,化工行业ETF易方达,指数型-股票
516580,新能源ETF博时,指数型-股票
516590,智能汽车ETF易方达,指数型-股票
516600,消费服务ETF工银,指数型-股票
516610,医疗设备ETF大成,指数型-股票
516620,影视ETF国泰,指数型-股票
516630,云计算ETF华夏,指数型-股票
516640,芯片ETF富国,指数型-股票
516650,有色金属ETF华夏,指数型-股票
516660,新能源车ETF华安,指数型-股票
516670,畜牧养殖ETF招商,指数型-股票
516700,大数据ETF华宝,指数型-股票
516710,新材料ETF华夏,指数型-股票
516720,ESGETF浦银,指数型-股票
516730,证券ETF浦银,指数型-股票
516750,建材ETF富国,指数型-股票
516760,养殖ETF平安,指数型-股票
516770,游戏ETF华泰柏瑞,指数型-股票
516780,稀土ETF华泰柏瑞,指数型-股票
516790,医疗ETF华泰柏瑞,指数型-股票
516800,智能制造ETF华宝,指数型-股票
516810,农业ETF华夏,指数型-股票
516820,医疗创新ETF平安,指数型-股票
516830,沪深300ESGETF富国,指数型-股票
516840,汽车ETF南方,指数型-股票
516850,新能源ETF华夏,指数型-股票
516860,金融科技ETF博时,指数型-股票
516880,光伏ETF银华,指数型-股票
516890,新材料ETF平安,指数型-股票
516900,食品饮料ETF华安,指数型-股票
516910,物流ETF富国,指数型-股票
516920,芯片ETF汇添富,指数型-股票
516930,生物科技ETF民生加银,指数型-股票
516950,基建ETF银华,指数型-股票
516960,机械ETF国泰,指数型-股票
516970,基建ETF广发,指数型-股票
516980,证券先锋ETF华富,指数型-股票
517000,沪港深500ETF银华,指数型-股票
517010,沪港深500ETF易方达,指数型-股票
517030,沪港深300ETF易方达,指数型-股票
517050,互联网ETF华泰柏瑞,指数型-股票
517080,沪港深500ETF汇添富,指数型-股票
517090,央企共赢ETF国泰,指数型-股票
517100,沪港深500ETF富国,指数型-股票
517110,创新药ETF国泰,指数型-股票
517120,创新药ETF华泰柏瑞,指数型-股票
517130,云计算ETF嘉实,指数型-股票
517160,长江保护ETF南方,指数型-股票
517170,沪港深500ETF华夏,指数型-股票
517180,中国国企ETF南方,指数型-股票
517200,互联网ETF嘉实,指数型-股票
517230,云计算ETF永赢,指数型-股票
517300,沪港深300ETF国寿,指数型-股票
517330,长江保护ETF易方达,指数型-股票
517350,沪港深科技ETF广发,指数型-股票
517360,沪港深科技ETF华安,指数型-股票
517380,创新药ETF天弘,指数型-股票
517390,云计算ETF天弘,指数型-股票
517400,黄金股ETF国泰,指数型-股票
517520,黄金股ETF永赢,指数型-股票
517550,沪港深消费龙头ETF招商,指数型-股票
517660,物联网ETF天弘,指数型-股票
517770,游戏传媒ETF浦银,指数型-股票
517800,人工智能50ETF方正富邦,指数型-股票
517850,张江ETF汇添富,指数型-股票
517880,品牌消费ETF华泰柏瑞,指数型-股票
517900,银行AH优选ETF招商,指数型-股票
517950,沪深港科技50ETF交银,指数型-股票
517990,沪港深医药ETF招商,指数型-股票
519001,银华价值优选混合,混合型-偏股
519002,华安安信消费混合A,混合型-偏股
519003,海富通收益增长混合,混合型-灵活
519005,海富通股票混合,混合型-偏股
519007,海富通强化回报混合,混合型-灵活
519008,汇添富优势精选混合,混合型-灵活
519009,汇添富优势精选混合(后端),混合型-灵活
519010,汇添富均衡增长混合(后端),混合型-偏股
519011,海富通精选混合,混合型-偏股
519013,海富通风格优势混合,混合型-偏股
519015,海富通精选贰号混合,混合型-偏股
519017,大成积极成长混合A,混合型-偏股
519018,汇添富均衡增长混合,混合型-偏股
519019,大成景阳领先混合A,混合型-偏股
519020,国泰金泰灵活配置混合A,混合型-灵活
519021,国泰金鼎价值混合,混合型-灵活
519022,国泰金泰灵活配置混合C,混合型-灵活
519023,海富通稳健添利债券C,债券型-混合一级
519024,海富通稳健添利债券A,债券型-混合一级
519025,海富通领先成长混合,混合型-偏股
519026,海富通中小盘混合,混合型-偏股
519029,华夏稳增混合,混合型-灵活
519030,海富通稳固收益债券C,债券型-混合二级
519033,海富通国策导向混合A,混合型-偏股
519034,海富通中证500增强A,指数型-股票
519035,富国天博创新主题混合,混合型-偏股
519036,富国天博创新主题混合(后端),混合型-偏股
519039,长盛同德主题混合,混合型-偏股
519050,海富通安颐收益混合A,混合型-灵活
519051,海富通一年定开债A,债券型-混合一级
519056,海富通内需热点混合,混合型-偏股
519060,海富通纯债债券C,债券型-混合一级
519061,海富通纯债债券A,债券型-混合一级
519062,海富通阿尔法对冲混合A,混合型-绝对收益
519066,汇添富蓝筹稳健混合A,混合型-灵活
519067,汇添富蓝筹稳健混合A(后端),混合型-灵活
519068,汇添富成长焦点混合,混合型-偏股
519069,汇添富价值精选混合,混合型-偏股
519070,汇添富价值精选混合(后端),混合型-偏股
519071,汇添富成长焦点混合(后端),混合型-偏股
519078,汇添富增强收益债券A,债券型-混合一级
519087,新华优选分红混合A,混合型-灵活
519088,新华优选分红混合A(后端),混合型-灵活
519089,新华优选成长混合,混合型-偏股
519091,新华泛资源优势混合,混合型-灵活
519093,新华钻石品质企业混合,混合型-偏股
519095,新华行业周期轮换混合A,混合型-偏股
519097,新华中小市值优选混合A,混合型-偏股
519100,长盛中证A100指数,指数型-股票
519110,浦银价值成长混合A,混合型-偏股
519111,浦银优化收益债券A,债券型-混合二级
519112,浦银优化收益债券C,债券型-混合二级
519113,浦银精致生活混合A,混合型-灵活
519115,浦银红利精选混合A,混合型-偏股
519116,浦银沪深300指数增强A,指数型-股票
519120,浦银新兴产业混合A,混合型-灵活
519121,浦银6个月持有期债券A,债券型-混合一级
519122,浦银6个月持有期债券C,债券型-混合一级
519125,浦银消费升级混合A,混合型-灵活
519126,浦银新经济结构混合A,混合型-灵活
519127,浦银盛世A,混合型-灵活
519130,海富通新内需混合A,混合型-灵活
519133,海富通改革驱动混合,混合型-灵活
519136,海富通瑞丰债券型,债券型-混合二级
519137,海富通瑞福债券A,债券型-混合一级
519138,海富通瑞祥一年定开债券,债券型-混合一级
519139,海富通沪港深混合A,混合型-灵活
519150,新华优选消费混合,混合型-偏股
519156,新华行业灵活配置混合A,混合型-灵活
519157,新华行业灵活配置混合C,混合型-灵活
519158,新华趋势领航混合,混合型-偏股
519160,新华安享惠金定期债券A,债券型-混合一级
519161,新华安享惠金定期债券C,债券型-混合一级
519162,新华增怡债券A,债券型-混合二级
519163,新华增怡债券C,债券型-混合二级
519170,浦银增长动力混合A,混合型-灵活
519171,浦银医疗健康混合A,混合型-灵活
519172,浦银睿智精选混合A,混合型-灵活
519173,浦银睿智精选混合C,混合型-灵活
519175,浦银经济带崛起混合A,混合型-灵活
519176,浦银消费升级混合C,混合型-灵活
519177,浦银盛世C,混合型-灵活
519180,万家180指数A,指数型-股票
519181,万家和谐增长混合A,混合型-灵活
519182,万家和谐增长混合A(后端),混合型-灵活
519183,万家双引擎灵活配置混合A,混合型-灵活
519185,万家精选混合A,混合型-偏股
519186,万家稳健增利债券A,债券型-混合一级
519187,万家稳健增利债券C,债券型-混合一级
519188,万家信用恒利债券A,债券型-混合一级
519189,万家信用恒利债券C,债券型-混合一级
519190,万家双利债券A,债券型-混合二级
519191,万家新利灵活配置混合,混合型-灵活
519193,万家消费成长,股票型
519195,万家品质生活混合A,混合型-灵活
519196,万家新兴蓝筹A,混合型-灵活
519197,万家颐达灵活配置混合A,混合型-灵活
519198,万家颐和灵活配置混合A,混合型-灵活
519206,万家年年恒荣A,债券型-混合一级
519207,万家年年恒荣C,债券型-混合一级
519212,万家宏观择时多策略混合A,混合型-灵活
519221,海富通欣益混合C,混合型-灵活
519222,海富通欣益混合A,混合型-灵活
519223,海富通欣荣混合C,混合型-灵活
519224,海富通欣荣混合A,混合型-灵活
519225,海富通集利纯债债券A,债券型-混合一级
519228,海富通欣享灵活配置混合C,混合型-灵活
519229,海富通欣享灵活配置混合A,混合型-灵活
519300,大成沪深300指数A,指数型-股票
519301,大成沪深300指数A(后端),指数型-股票
519324,浦银盛鑫定开债券A,债券型-混合一级
519325,浦银盛鑫定开债券C,债券型-混合一级
519519,华泰柏瑞稳本增利债券A,债券型-混合二级
519601,海富通中国海外混合,QDII-混合偏股
519606,国泰金鑫股票A,股票型
519613,银河君尚混合A,混合型-灵活
519614,银河君尚混合C,混合型-灵活
519615,银河君尚混合I,混合型-灵活
519616,银河君信混合A,混合型-灵活
519617,银河君信混合C,混合型-灵活
519618,银河君信混合I,混合型-灵活
519642,银河智造混合A,混合型-灵活
519644,银河智联混合A,混合型-灵活
519651,银河转型混合A,混合型-灵活
519655,银河服务混合A,混合型-灵活
519656,银河灵活配置混合A,混合型-灵活
519657,银河灵活配置混合C,混合型-灵活
519660,银河增利债券A,债券型-混合二级
519661,银河增利债券C,债券型-混合二级
519664,银河美丽混合A,混合型-偏股
519665,银河美丽混合C,混合型-偏股
519666,银河银信债券B,债券型-混合一级
519667,银河银信债券A,债券型-混合一级
519668,银河成长混合,混合型-偏股
519669,银河领先债券A,债券型-混合一级
519670,银河行业混合A,混合型-偏股
519671,银河沪深300价值指数A,指数型-股票
519672,银河蓝筹混合A,混合型-偏股
519673,银河康乐股票A,股票型
519674,银河创新成长混合A,混合型-偏股
519676,银河强化债券A,债券型-混合二级
519677,银河定投宝,指数型-股票
519678,银河消费混合A,混合型-偏股
519679,银河主题混合A,混合型-偏股
519680,交银增利债券A/B,债券型-混合一级
519681,交银增利债券A/B(后端),债券型-混合一级
519682,交银增利债券C,债券型-混合一级
519683,交银双利债券A/B,债券型-混合二级
519684,交银双利债券A/B(后端),债券型-混合二级
519685,交银双利债券C,债券型-混合二级
519686,交银上证180公司治理联接,指数型-股票
519687,交银上证180公司治理联接(后端),指数型-股票
519688,交银精选混合,混合型-偏股
519689,交银精选混合(后端),混合型-偏股
519690,交银稳健配置混合,混合型-灵活
519691,交银稳健配置混合(后端),混合型-灵活
519692,交银成长混合,混合型-偏股
519693,交银成长混合(后端),混合型-偏股
519694,交银蓝筹混合,混合型-偏股
519695,交银蓝筹混合(后端),混合型-偏股
519696,交银环球精选混合(QDII)A,QDII-混合偏股
519697,交银优势行业混合,混合型-灵活
519698,交银先锋混合A,混合型-偏股
519699,交银先锋混合A(后端),混合型-偏股
519700,交银主题优选混合A,混合型-灵活
519701,交银主题优选混合A(后端),混合型-灵活
519702,交银趋势混合A,混合型-偏股
519703,交银趋势混合A(后端),混合型-偏股
519704,交银先进制造混合A,混合型-偏股
519705,交银先进制造混合A(后端),混合型-偏股
519706,交银深证300价值ETF联接,指数型-股票
519707,交银深证300价值ETF联接(后端),指数型-股票
519710,交银策略回报灵活配置混合,混合型-灵活
519712,交银阿尔法核心混合A,混合型-偏股
519713,交银阿尔法核心混合A(后端),混合型-偏股
519714,交银消费新驱动股票,股票型
519715,交银消费新驱动股票(后端),股票型
519726,交银稳固收益债券A,债券型-混合二级
519727,交银成长30混合,混合型-偏股
519728,交银成长30混合(后端),混合型-偏股
519730,交银定期支付月月丰债券A,债券型-混合二级
519731,交银定期支付月月丰债券C,债券型-混合二级
519732,交银定期支付双息平衡混合,混合型-平衡
519733,交银强化回报债券A/B,债券型-混合二级
519734,交银强化回报债券A/B(后端),债券型-混合二级
519735,交银强化回报债券C,债券型-混合二级
519736,交银新成长混合,混合型-偏股
519737,交银新成长混合(后端),混合型-偏股
519738,交银周期回报灵活配置混合A,混合型-灵活
519739,交银周期回报灵活配置混合A(后端),混合型-灵活
519752,交银新回报灵活配置混合A,混合型-灵活
519753,交银安心收益债券A,债券型-混合二级
519755,交银多策略回报灵活配置混合A,混合型-灵活
519756,交银国企改革灵活配置混合A,混合型-灵活
519759,交银周期回报灵活配置混合C,混合型-灵活
519760,交银新回报灵活配置混合C,混合型-灵活
519761,交银多策略回报灵活配置混合C,混合型-灵活
519766,交银荣鑫灵活配置混合A,混合型-灵活
519767,交银科技创新灵活配置混合A,混合型-灵活
519768,交银优选回报灵活配置混合A,混合型-灵活
519769,交银优选回报灵活配置混合C,混合型-灵活
519770,交银优择回报灵活配置混合A,混合型-灵活
519771,交银优择回报灵活配置混合C,混合型-灵活
519772,交银新生活力灵活配置混合A,混合型-灵活
519773,交银数据产业灵活配置混合A,混合型-灵活
519778,交银经济新动力混合A,混合型-灵活
519779,交银沪港深价值精选混合,混合型-灵活
519908,华夏兴华混合A,混合型-灵活
519909,华安安顺灵活配置混合A,混合型-灵活
519915,富国消费主题混合A,混合型-偏股
519918,华夏兴和混合A,混合型-灵活
519929,长信电子信息量化灵活配置混合A,混合型-灵活
519933,长信利发债券,债券型-混合二级
519935,长信创新驱动股票A,股票型
519937,长信先锐混合A,混合型-偏债
519947,长信利保债券A,债券型-混合二级
519949,长信利信混合A,混合型-灵活
519951,长信利泰灵活配置混合A,混合型-灵活
519956,长信睿进混合C,混合型-灵活
519957,长信睿进混合A,混合型-灵活
519959,长信多利混合A,混合型-灵活
519965,长信量化多策略股票A,股票型
519967,长信利富债券A,债券型-混合二级
519971,长信改革红利混合,混合型-灵活
519975,长信量化中小盘股票A,股票型
519976,长信可转债债券C,债券型-混合二级
519977,长信可转债债券A,债券型-混合二级
519979,长信内需成长混合A,混合型-偏股
519981,长信标普100等权重指数人民币,指数型-海外股票
519983,长信量化先锋混合A,混合型-偏股
519989,长信利丰债券C,债券型-混合二级
519990,长信双利优选混合A(后端),混合型-偏股
519991,长信双利优选混合A,混合型-偏股
519992,长信增利动态策略混合(后端),混合型-偏股
519993,长信增利动态策略混合,混合型-偏股
519994,长信金利趋势混合A(后端),混合型-偏股
519995,长信金利趋势混合A,混合型-偏股
519996,长信银利精选混合A(后端),混合型-偏股
519997,长信银利精选混合A,混合型-偏股
520500,恒生创新药ETF华泰柏瑞,指数型-海外股票
520510,港股通医疗ETF华夏,指数型-股票
520520,恒生消费ETF华泰柏瑞,指数型-海外股票
520530,港股通科技ETF东财,指数型-股票
520550,港股红利低波ETF招商,指数型-股票
520560,香港大盘30ETF华宝,指数型-股票
520570,恒生科技ETF南方,指数型-海外股票
520580,新兴亚洲ETF招商,指数型-海外股票
520590,恒生科技ETF鹏华,指数型-海外股票
520600,港股通汽车ETF广发,指数型-股票
520610,港股红利低波ETF银华,指数型-股票
520620,恒生消费ETF嘉实,指数型-股票
520630,港股通互联网ETF广发,指数型-股票
520650,港股通互联网ETF南方,指数型-股票
520660,港股通央企红利ETF南方,指数型-股票
520670,港股通科技ETF嘉实,指数型-股票
520680,港股通汽车ETF南方,指数型-股票
520690,港股创新药ETF博时,指数型-股票
520700,港股通创新药ETF万家,指数型-股票
520710,港股通信息技术ETF广发,指数型-股票
520720,港股汽车ETF国泰,指数型-股票
520730,港股通汽车ETF万家,指数型-股票
520740,港股通互联网ETF华安,指数型-股票
520750,港股通信息ETF华富,指数型-股票
520760,恒生生物科技ETF摩根,指数型-股票
520770,恒指港股通ETF建信,指数型-股票
520780,港股通汽车ETF华宝,指数型-股票
520790,港股通互联网ETF兴业,指数型-股票
520810,港股通红利ETF易方达,指数型-股票
520820,恒指港股通ETF汇添富,指数型-股票
520830,沙特ETF华泰柏瑞,指数型-海外股票
520840,港股通恒生科技ETF华安,指数型-股票
520850,港股通医疗ETF易方达,指数型-股票
520860,港股通科技ETF富国,指数型-股票
520870,巴西ETF易方达,指数型-海外股票
520880,港股通创新药ETF华宝,指数型-股票
520890,港股通红利低波ETF华泰柏瑞,指数型-股票
520900,港股通红利ETF广发,指数型-股票
520910,港股通互联网ETF华夏,指数型-股票
520920,天弘恒生科技ETF,指数型-海外股票
520930,恒生生物科技ETF国泰,指数型-股票
520940,港股通恒生ETF华安,指数型-股票
520950,港股通50ETF摩根,指数型-股票
520960,恒指港股通ETF嘉实,指数型-股票
520970,港股通创新药ETF嘉实,指数型-股票
520980,港股通科技ETF汇添富,指数型-股票
520990,港股央企红利ETF景顺,指数型-股票
526000,港股通信息技术ETF华夏,指数型-股票
526010,港股通医疗ETF汇添富,指数型-股票
526030,港股通信息技术ETF汇添富,指数型-股票
526050,港股通信息技术ETF招商,指数型-股票
526060,港股通信息技术ETF华泰柏瑞,指数型-股票
526070,恒指港股通ETF博时,指数型-股票
530000,上证50ETF天弘,指数型-股票
530001,建信恒久价值混合,混合型-偏股
530003,建信优选成长混合A,混合型-偏股
530005,建信优化配置混合A,混合型-灵活
530006,建信核心精选混合,混合型-偏股
530008,建信稳定增利债券C,债券型-混合一级
530009,建信收益增强债券A,债券型-混合二级
530010,建信上证社会责任ETF联接,指数型-股票
530011,建信内生动力混合A,混合型-偏股
530012,建信积极配置混合,混合型-平衡
530015,建信深证基本面60ETF联接A,指数型-股票
530016,建信恒稳价值混合,混合型-平衡
530017,建信双息红利债券A,债券型-混合二级
530018,建信深证100指数增强,指数型-股票
530019,建信社会责任混合A,混合型-偏股
530020,建信转债增强债券A,债券型-混合二级
530050,上证50ETF东财,指数型-股票
530060,上证指数ETF易方达,指数型-股票
530080,上证180ETF天弘,指数型-股票
530100,上证580ETF易方达,指数型-股票
530180,上证180ETF易方达,指数型-股票
530280,上证180ETF平安,指数型-股票
530300,上证180ETF华泰柏瑞,指数型-股票
530380,上证380ETF易方达,指数型-股票
530530,上证580ETF华夏,指数型-股票
530580,上证180ETF南方,指数型-股票
530680,上证180ETF兴业,指数型-股票
530800,上证180ETF银华,指数型-股票
530880,红利国企ETF银河,指数型-股票
531008,建信稳定增利债券A,债券型-混合一级
531009,建信收益增强债券C,债券型-混合二级
531017,建信双息红利债券C,债券型-混合二级
531020,建信转债增强债券C,债券型-混合二级
539001,建信纳斯达克100指数(QDII)A人民币,指数型-海外股票
539002,建信新兴市场混合(QDII)A,QDII-混合偏股
539003,建信富时100指数(QDII)A人民币,指数型-海外股票
540001,汇丰晋信2016周期混合A,混合型-偏债
540002,汇丰晋信龙腾混合A,混合型-偏股
540003,汇丰晋信动态策略混合A,混合型-灵活
540004,汇丰晋信2026周期混合,混合型-偏债
540006,汇丰晋信大盘股票A,股票型
540007,汇丰晋信中小盘股票,股票型
540008,汇丰晋信低碳先锋股票A,股票型
540009,汇丰晋信消费红利股票,股票型
540010,汇丰晋信科技先锋股票,股票型
540012,汇丰晋信恒生龙头指数A,指数型-股票
541001,汇丰晋信2016周期混合A(后端),混合型-偏债
541002,汇丰晋信龙腾混合A(后端),混合型-偏股
541004,汇丰晋信2026周期混合(后端),混合型-偏债
550001,中信保诚四季红混合A,混合型-灵活
550002,中信保诚精萃成长混合A,混合型-偏股
550003,中信保诚盛世蓝筹混合,混合型-偏股
550004,中信保诚三得益债券A,债券型-混合二级
550005,中信保诚三得益债券B,债券型-混合二级
550008,中信保诚优胜精选混合A,混合型-偏股
550009,中信保诚中小盘混合A,混合型-偏股
550015,中信保诚至远动力混合A,混合型-偏股
550016,中信保诚至远动力混合C,混合型-偏股
550018,中信保诚优质纯债债券A,债券型-混合一级
550019,中信保诚优质纯债债券B,债券型-混合一级
551001,中信保诚四季红混合A(后端),混合型-灵活
560002,益民红利成长混合,混合型-偏股
560003,益民创新优势混合A,混合型-灵活
560006,益民核心增长混合,混合型-灵活
560010,中证1000ETF广发,指数型-股票
560020,红利ETF汇添富,指数型-股票
560030,800价值ETF汇添富,指数型-股票
560050,中国A50ETF汇添富,指数型-股票
560060,碳中和ETF汇添富,指数型-股票
560070,央企红利ETF汇添富,指数型-股票
560080,中药ETF汇添富,指数型-股票
560090,证券ETF汇添富,指数型-股票
560100,中证500增强ETF南方,指数型-股票
560110,中证1000ETF汇添富,指数型-股票
560120,中证500现金流ETF华夏,指数型-股票
560130,食品ETF鹏华,指数型-股票
560150,红利低波ETF泰康,指数型-股票
560160,食品ETF易方达,指数型-股票
560170,央企科技ETF南方,指数型-股票
560180,沪深300ESGETF南方,指数型-股票
560190,公用事业ETF鹏华,指数型-股票
560210,农牧渔ETF景顺,指数型-股票
560220,中证2000ETF广发,指数型-股票
560230,光伏ETF富国,指数型-股票
560250,红利质量ETF富国,指数型-股票
560260,医疗ETF广发,指数型-股票
560270,电力ETF工银,指数型-股票
560280,工程机械ETF广发,指数型-股票
560290,有色ETF景顺,指数型-股票
560300,电信ETF汇添富,指数型-股票
560310,光伏ETF博时,指数型-股票
560320,食品ETF富国,指数型-股票
560330,沪深300价值ETF申万菱信,指数型-股票
560350,中证A50ETF摩根,指数型-股票
560360,软件ETF万家,指数型-股票
560370,红利质量ETF易方达,指数型-股票
560380,A100ETF南方,指数型-股票
560390,电网设备ETF易方达,指数型-股票
560400,证券ETF华泰柏瑞,指数型-股票
560410,电池ETF鹏华,指数型-股票
560420,食品ETF前海开源,指数型-股票
560450,电力ETF天弘,指数型-股票
560460,电力ETF平安,指数型-股票
560470,有色ETF易方达,指数型-股票
560480,电力ETF招商,指数型-股票
560490,工业有色ETF华泰柏瑞,指数型-股票
560500,500质量成长ETF鹏扬,指数型-股票
560510,中证A500ETF泰康,指数型-股票
560520,红利低波100ETF大成,指数型-股票
560530,中证A500ETF摩根,指数型-股票
560550,碳中和ETF广发,指数型-股票
560560,碳中和ETF泰康,指数型-股票
560570,A500红利ETF国联安,指数型-股票
560580,电力ETF南方,指数型-股票
560590,中证1000增强ETF鹏华,指数型-股票
560610,A500ETF招商,指数型-股票
560620,公用事业ETF万家,指数型-股票
560630,机器人ETF万家,指数型-股票
560650,核心50ETF民生加银,指数型-股票
560660,云计算50ETF新华,指数型-股票
560670,银行ETF华泰柏瑞,指数型-股票
560680,消费ETF广发,指数型-股票
560690,电信ETF鹏华,指数型-股票
560700,央企红利ETF广发,指数型-股票
560710,船舶ETF富国,指数型-股票
560720,红利低波100ETF工银,指数型-股票
560730,红利低波ETF国泰海通,指数型-股票
560750,A500ETF申万菱信,指数型-股票
560770,机器人ETF招商,指数型-股票
560780,半导体设备ETF广发,指数型-股票
560790,软件ETF鹏华,指数型-股票
560800,数字经济ETF鹏扬,指数型-股票
560810,央企ESGETF融通,指数型-股票
560820,中证A50ETF新华,指数型-股票
560830,电力ETF华夏,指数型-股票
560850,信创ETF汇添富,指数型-股票
560860,工业有色ETF万家,指数型-股票
560870,工业有色ETF中银,指数型-股票
560880,家电ETF广发,指数型-股票
560900,创新药ETF摩根,指数型-股票
560910,电池ETF华泰柏瑞,指数型-股票
560920,工程机械ETF招商,指数型-股票
560930,电力ETF易方达,指数型-股票
560950,中证500增强ETF汇添富,指数型-股票
560970,工业有色ETF平安,指数型-股票
560980,光伏龙头ETF广发,指数型-股票
560990,科技先锋ETF中金,指数型-股票
561000,沪深300增强ETF华安,指数型-股票
561010,软件ETF华安,指数型-股票
561020,食品ETF招商,指数型-股票
561030,工程机械ETF华泰柏瑞,指数型-股票
561050,稀有金属ETF易方达,指数型-股票
561060,国企红利ETF华安,指数型-股票
561080,全指现金流ETF华安,指数型-股票
561090,A500增强ETF华安,指数型-股票
561100,消费电子ETF富国,指数型-股票
561120,家电ETF富国,指数型-股票
561130,国货ETF富国,指数型-股票
561160,电池ETF富国,指数型-股票
561170,绿色电力ETF富国,指数型-股票
561180,A100ETF富国,指数型-股票
561190,碳中和ETF富国,指数型-股票
561200,中证A100ETF工银,指数型-股票
561220,数字经济ETF工银,指数型-股票
561230,中证A50ETF工银,指数型-股票
561250,稀有金属ETF鹏华,指数型-股票
561260,能源ETF工银,指数型-股票
561280,中证1000增强ETF工银,指数型-股票
561300,沪深300增强ETF国泰,指数型-股票
561310,消电ETF国泰,指数型-股票
561320,交运ETF国泰,指数型-股票
561330,矿业ETF国泰,指数型-股票
561350,中证500ETF国泰,指数型-股票
561360,石油ETF国泰,指数型-股票
561370,中证2000ETF国泰,指数型-股票
561380,电网设备ETF国泰,指数型-股票
561390,稀有金属ETF平安,指数型-股票
561400,畜牧养殖ETF鑫元,指数型-股票
561410,光伏ETF工银,指数型-股票
561420,300现金流ETF汇添富,指数型-股票
561430,红利质量ETF博时,指数型-股票
561450,红利低波50ETF华泰柏瑞,指数型-股票
561460,人工智能ETF天弘,指数型-股票
561470,畜牧养殖ETF天弘,指数型-股票
561490,红利质量ETF财通,指数型-股票
561500,漂亮50ETF华泰柏瑞,指数型-股票
561510,中药ETF华泰柏瑞,指数型-股票
561530,银行ETF银华,指数型-股票
561550,中证500增强ETF华泰柏瑞,指数型-股票
561560,电力ETF华泰柏瑞,指数型-股票
561570,油气ETF华泰柏瑞,指数型-股票
561580,央企红利ETF华泰柏瑞,指数型-股票
561590,中证1000增强ETF华泰柏瑞,指数型-股票
561600,消费电子ETF平安,指数型-股票
561610,绿色电力ETF鑫元,指数型-股票
561620,化工ETF华泰柏瑞,指数型-股票
561630,红利质量ETF华泰柏瑞,指数型-股票
561660,通用航空ETF平安,指数型-股票
561680,A500红利低波ETF平安,指数型-股票
561690,300质量ETF农银,指数型-股票
561700,电力ETF博时,指数型-股票
561730,A股ETF华夏,指数型-股票
561750,A50ETF博时,指数型-股票
561760,油气ETF博时,指数型-股票
561770,A100ETF博时,指数型-股票
561780,1000增强ETF博时,指数型-股票
561790,央企能源ETF博时,指数型-股票
561800,稀有金属ETF华富,指数型-股票
561810,医疗器械ETF华泰柏瑞,指数型-股票
561830,有色ETF国泰海通,指数型-股票
561870,现金流全指ETF华富,指数型-股票
561880,A100ETF华富,指数型-股票
561890,A股ETF易方达,指数型-股票
561900,沪深300ESGETF招商,指数型-股票
561910,电池ETF招商,指数型-股票
561920,疫苗ETF招商,指数型-股票
561930,沪深300ETF招商,指数型-股票
561950,中证500增强ETF招商,指数型-股票
561960,央企回报ETF招商,指数型-股票
561980,半导体设备ETF招商,指数型-股票
561990,沪深300增强ETF招商,指数型-股票
562000,A100ETF华宝,指数型-股票
562010,绿色能源ETF华宝,指数型-股票
562030,信创ETF华宝,指数型-股票
562050,药ETF华宝,指数型-股票
562060,标普A股红利ETF华宝,指数型-股票
562070,沪深300指增ETF华宝,指数型-股票
562080,300现金流ETF华宝,指数型-股票
562170,沪深300现金流ETF易方达,指数型-股票
562180,A500红利低波ETF招商,指数型-股票
562300,碳中和ETF银华,指数型-股票
562310,沪深300成长ETF银华,指数型-股票
562320,沪深300价值ETF银华,指数型-股票
562330,中证500价值ETF银华,指数型-股票
562340,中证500成长ETF银华,指数型-股票
562350,电力ETF银华,指数型-股票
562360,机器人ETF银华,指数型-股票
562380,央企科技ETF银华,指数型-股票
562390,中药ETF银华,指数型-股票
562500,机器人ETF华夏,指数型-股票
562510,旅游ETF华夏,指数型-股票
562520,中证1000成长ETF华夏,指数型-股票
562530,中证1000价值ETF华夏,指数型-股票
562550,绿电ETF华夏,指数型-股票
562560,信息技术ETF华夏,指数型-股票
562570,信创ETF华夏,指数型-股票
562580,可选消费ETF华夏,指数型-股票
562590,半导体设备ETF华夏,指数型-股票
562600,医疗器械ETF华夏,指数型-股票
562660,中证2000ETF华夏,指数型-股票
562700,汽车零部件ETF华夏,指数型-股票
562800,稀有金属ETF嘉实,指数型-股票
562810,上证指数增强ETF嘉实,指数型-股票
562820,集成电路ETF嘉实,指数型-股票
562850,央企能源ETF嘉实,指数型-股票
562860,疫苗ETF嘉实,指数型-股票
562870,证券ETF嘉实,指数型-股票
562880,电池ETF嘉实,指数型-股票
562890,A50ETF嘉实,指数型-股票
562900,农业ETF易方达,指数型-股票
562910,高端制造ETF易方达,指数型-股票
562920,信息安全ETF易方达,指数型-股票
562930,软件ETF易方达,指数型-股票
562950,消费电子ETF易方达,指数型-股票
562960,绿色电力ETF易方达,指数型-股票
562970,光伏ETF易方达,指数型-股票
562990,碳中和ETF易方达,指数型-股票
563000,中国A50ETF易方达,指数型-股票
563010,电信ETF易方达,指数型-股票
563020,红利低波ETF易方达,指数型-股票
563030,中证500增强ETF易方达,指数型-股票
563050,央企科技ETF易方达,指数型-股票
563060,央企50ETF易方达,指数型-股票
563080,中证A50ETF易方达,指数型-股票
563090,上证50增强ETF易方达,指数型-股票
563150,油气ETF银华,指数型-股票
563180,高股息ETF银华,指数型-股票
563200,中证2000ETF富国,指数型-股票
563210,专精特新ETF富国,指数型-股票
563220,A500ETF富国,指数型-股票
563230,卫星ETF富国,指数型-股票
563280,A50增强ETF富国,指数型-股票
563300,中证2000ETF华泰柏瑞,指数型-股票
563320,通用航空ETF华泰柏瑞,指数型-股票
563330,A股ETF华泰柏瑞,指数型-股票
563350,A50ETF华泰柏瑞,指数型-股票
563360,A500ETF华泰柏瑞,指数型-股票
563380,航空航天ETF华泰柏瑞,指数型-股票
563390,全指现金流ETF华泰柏瑞,指数型-股票
563500,A500ETF华宝,指数型-股票
563510,A500红利低波ETF易方达,指数型-股票
563520,沪深300ETF永赢,指数型-股票
563530,卫星ETF易方达,指数型-股票
563550,A500增强ETF摩根,指数型-股票
563560,科技成长ETF兴业,指数型-股票
563570,金融科技ETF兴业,指数型-股票
563580,自由现金流800ETF万家,指数型-股票
563590,A500红利低波动ETF国寿,指数型-股票
563600,A500增强ETF易方达,指数型-股票
563620,全指现金流ETF兴业,指数型-股票
563630,A500增强ETF国联安,指数型-股票
563650,中证A500ETF兴业,指数型-股票
563660,A500ETF银河,指数型-股票
563670,金融科技ETF鹏华,指数型-股票
563680,800现金流ETF汇添富,指数型-股票
563690,红利低波ETF永赢,指数型-股票
563700,红利价值ETF易方达,指数型-股票
563750,中证500ETF汇添富,指数型-股票
563760,全指现金流ETF中银,指数型-股票
563770,全指现金流ETF招商,指数型-股票
563780,现金流全指ETF方正富邦,指数型-股票
563790,卫星ETF鹏华,指数型-股票
563800,A500ETF广发,指数型-股票
563830,全指现金流ETF博时,指数型-股票
563850,食品ETF广发,指数型-股票
563860,中证A500ETF海富通,指数型-股票
563870,通用航空ETF鹏华,指数型-股票
563880,A500ETF汇添富,指数型-股票
563890,国企红利ETF创金合信,指数型-股票
563900,300自由现金流ETF摩根,指数型-股票
563930,上证增强ETF招商,指数型-股票
563960,300质量ETF兴全,指数型-股票
563980,800红利低波ETF鑫元,指数型-股票
563990,800现金流ETF富国,指数型-股票
570001,诺德价值优势混合,混合型-偏股
570005,诺德成长优势混合,混合型-偏股
570006,诺德中小盘混合,混合型-偏股
570008,诺德周期策略混合,混合型-偏股
571002,诺德灵活配置混合,混合型-灵活
573003,诺德增强收益债券,债券型-混合二级
580001,东吴嘉禾优势精选混合A,混合型-灵活
580002,东吴双动力混合A,混合型-偏股
580003,东吴行业轮动混合A,混合型-偏股
580005,东吴进取策略混合A,混合型-灵活
580006,东吴新经济混合A,混合型-偏股
580007,东吴安享量化混合A,混合型-灵活
580008,东吴新产业精选股票A,股票型
580009,东吴多策略混合A,混合型-灵活
581002,东吴双动力混合A(后端),混合型-偏股
582003,东吴配置优化混合A,混合型-灵活
585001,东吴中证新兴指数,指数型-股票
588000,科创50ETF华夏,指数型-股票
588010,科创新材料ETF博时,指数型-股票
588020,科创成长ETF易方达,指数型-股票
588030,科创100ETF博时,指数型-股票
588040,科创50ETF鹏华,指数型-股票
588050,科创50ETF工银,指数型-股票
588060,科创50ETF广发,指数型-股票
588070,科创成长ETF万家,指数型-股票
588080,科创50ETF易方达,指数型-股票
588090,科创50ETF华泰柏瑞,指数型-股票
588100,科创信息ETF嘉实,指数型-股票
588110,科创成长ETF广发,指数型-股票
588120,科创100ETF国泰,指数型-股票
588130,科创医药ETF华夏,指数型-股票
588140,科创200ETF广发,指数型-股票
588150,科创50ETF南方,指数型-股票
588160,科创新材料ETF南方,指数型-股票
588170,科创半导体ETF华夏,指数型-股票
588180,科创50ETF国联安,指数型-股票
588190,科创100ETF银华,指数型-股票
588200,科创芯片ETF嘉实,指数型-股票
588210,科创100ETF易方达,指数型-股票
588220,科创100ETF鹏华,指数型-股票
588230,科创200ETF华泰柏瑞,指数型-股票
588240,科创200ETF鹏华,指数型-股票
588250,科创医药ETF鹏华,指数型-股票
588260,科创信息ETF华安,指数型-股票
588270,科创200ETF易方达,指数型-股票
588280,科创50ETF华安,指数型-股票
588290,科创芯片ETF华安,指数型-股票
588300,科创创业50ETF招商,指数型-股票
588310,科创创业ETF方正富邦,指数型-股票
588320,双创50增强ETF广发,指数型-股票
588330,双创50ETF华宝,指数型-股票
588350,科创创业50ETF鹏扬,指数型-股票
588360,科创创业ETF国泰,指数型-股票
588370,科创50增强ETF南方,指数型-股票
588380,科创创业ETF富国,指数型-股票
588390,科创创业ETF博时,指数型-股票
588400,科创创业ETF嘉实,指数型-股票
588410,科创创业人工智能ETF鹏华,指数型-股票
588420,科创创业人工智能ETF摩根,指数型-股票
588430,科创创业人工智能ETF工银,指数型-股票
588450,科创50增强ETF招商,指数型-股票
588460,科创50增强ETF鹏华,指数型-股票
588470,科创创业人工智能ETF华安,指数型-股票
588480,科创创业人工智能ETF中金,指数型-股票
588500,科创100增强ETF易方达,指数型-股票
588510,科创创业人工智能ETF华夏,指数型-股票
588520,科创增强ETF永赢,指数型-股票
588530,科创创业人工智能ETF中银证券,指数型-股票
588550,科创综指增强ETF易方达,指数型-股票
588660,科创创业50ETF兴银,指数型-股票
588670,科创综指增强ETF嘉实,指数型-股票
588680,科创100增强ETF广发,指数型-股票
588690,科创增强ETF银华,指数型-股票
588700,科创医药ETF嘉实,指数型-股票
588710,科创半导体设备ETF华泰柏瑞,指数型-股票
588720,科创50ETF中银,指数型-股票
588730,科创人工智能ETF易方达,指数型-股票
588750,科创芯片ETF汇添富,指数型-股票
588760,科创人工智能ETF广发,指数型-股票
588770,科创信息ETF摩根,指数型-股票
588780,科创芯片设计ETF国联安,指数型-股票
588790,科创AIETF博时,指数型-股票
588800,科创100ETF华夏,指数型-股票
588810,科创芯片ETF富国,指数型-股票
588820,科创200ETF华夏,指数型-股票
588830,科创新能源ETF鹏华,指数型-股票
588840,科创50ETF万家,指数型-股票
588850,科创机械ETF嘉实,指数型-股票
588860,科创医药ETF工银,指数型-股票
588870,科创50ETF汇添富,指数型-股票
588880,科创100ETF华泰柏瑞,指数型-股票
588890,科创芯片ETF南方,指数型-股票
588900,科创100ETF南方,指数型-股票
588910,科创价值ETF建信,指数型-股票
588920,科创芯片ETF鹏华,指数型-股票
588930,科创人工智能ETF银华,指数型-股票
588940,科创50ETF富国,指数型-股票
588950,科创50ETF景顺,指数型-股票
588960,科创新能源ETF富国,指数型-股票
588980,科创100ETF广发,指数型-股票
588990,科创芯片ETF博时,指数型-股票
589000,科创综指ETF华夏,指数型-股票
589010,科创人工智能ETF华夏,指数型-股票
589020,科创半导体设备ETF鹏华,指数型-股票
589030,科创芯片设计ETF易方达,指数型-股票
589050,科创综指ETF兴业,指数型-股票
589060,科创综指ETF东财,指数型-股票
589070,科创芯片设计ETF天弘,指数型-股票
589080,科创综指ETF汇添富,指数型-股票
589090,科创AIETF鹏华,指数型-股票
589100,科创芯片ETF国泰,指数型-股票
589110,科创人工智能ETF国泰,指数型-股票
589120,科创创新药ETF汇添富,指数型-股票
589130,科创芯片ETF易方达,指数型-股票
589150,科创50ETF平安,指数型-股票
589160,科创芯片ETF广发,指数型-股票
589170,科创芯片设计ETF鹏华,指数型-股票
589180,科创新材料ETF汇添富,指数型-股票
589190,科创芯片ETF华宝,指数型-股票
589200,科创200ETF工银,指数型-股票
589210,科创芯片设计ETF广发,指数型-股票
589220,科创200ETF国泰,指数型-股票
589230,科创人工智能ETF南方,指数型-股票
589250,科创芯片设计ETF浦银,指数型-股票
589260,科创芯片设计ETF国泰,指数型-股票
589270,科创100ETF前海开源,指数型-股票
589280,科创增强ETF华宝,指数型-股票
589290,科创芯片设计ETF汇添富,指数型-股票
589300,科创综指ETF嘉实,指数型-股票
589310,科创人工智能ETF鑫元,指数型-股票
589320,科创200ETF嘉实,指数型-股票
589330,科创200ETF东财,指数型-股票
589350,科创芯片设计ETF银华,指数型-股票
589360,科创50ETF国泰,指数型-股票
589380,科创人工智能ETF富国,指数型-股票
589390,科创芯片设计ETF招商,指数型-股票
589400,科创芯片设计ETF富国,指数型-股票
589410,科创人工智能ETF嘉实,指数型-股票
589420,科创芯片设计ETF永赢,指数型-股票
589430,科创芯片设计ETF华宝,指数型-股票
589460,科创200ETF华宝,指数型-股票
589500,科创综指ETF工银,指数型-股票
589520,科创人工智能ETF华宝,指数型-股票
589550,科创价值ETF华夏,指数型-股票
589560,科创人工智能ETF汇添富,指数型-股票
589580,科创综指ETF兴银,指数型-股票
589600,科创综指ETF富国,指数型-股票
589630,科创综指ETF国泰,指数型-股票
589660,科创综指ETF南方,指数型-股票
589680,科创综指ETF鹏华,指数型-股票
589700,科创成长ETF南方,指数型-股票
589720,科创创新药ETF国泰,指数型-股票
589770,科创综指ETF招商,指数型-股票
589780,科创200ETF富国,指数型-股票
589800,科创综指ETF易方达,指数型-股票
589820,科创200ETF建信,指数型-股票
589850,科创50ETF东财,指数型-股票
589860,科创综指ETF天弘,指数型-股票
589880,科创综指ETF建信,指数型-股票
589890,科创综指ETF景顺,指数型-股票
589900,科创综指ETF博时,指数型-股票
589950,科创100ETF富国,指数型-股票
589960,科创新能源ETF易方达,指数型-股票
589980,科创100ETF汇添富,指数型-股票
589990,科创综指ETF华泰柏瑞,指数型-股票
590001,中邮核心优选混合A,混合型-偏股
590002,中邮核心成长混合A,混合型-偏股
590003,中邮核心优势灵活配置混合A,混合型-灵活
590005,中邮核心主题混合A,混合型-偏股
590006,中邮中小盘灵活配置混合A,混合型-灵活
590007,中邮中证500指数增强A,指数型-股票
590008,中邮战略新兴产业混合A,混合型-偏股
590009,中邮稳定收益债券A,债券型-混合一级
590010,中邮稳定收益债券C,债券型-混合一级
610001,信澳领先增长混合A,混合型-偏股
610002,信澳精华配置混合A,混合型-灵活
610004,信澳中小盘混合A,混合型-偏股
610005,信澳红利回报混合A,混合型-偏股
610006,信澳产业升级混合A,混合型-偏股
610007,信澳消费优选混合A,混合型-偏股
610008,信澳信用债债券A,债券型-混合二级
610108,信澳信用债债券C,债券型-混合二级
620001,金元顺安宝石动力混合,混合型-平衡
620002,金元顺安成长动力混合,混合型-灵活
620003,金元顺安丰利债券A,债券型-混合二级
620004,金元顺安价值增长混合,混合型-偏股
620006,金元顺安消费主题混合,混合型-偏股
620007,金元顺安优质精选混合A,混合型-灵活
620009,金元顺安丰祥债券A,债券型-混合一级
630001,华商领先企业混合,混合型-灵活
630002,华商盛世成长混合,混合型-偏股
630003,华商收益增强债券A,债券型-混合一级
630005,华商动态阿尔法混合,混合型-灵活
630006,华商产业升级混合,混合型-偏股
630007,华商稳健双利债券A,债券型-混合二级
630008,华商策略精选混合,混合型-灵活
630009,华商稳定增利债券A,债券型-混合二级
630010,华商价值精选混合,混合型-偏股
630011,华商主题精选混合,混合型-偏股
630015,华商大盘量化精选混合,混合型-灵活
630016,华商价值共享混合发起式,混合型-灵活
630103,华商收益增强债券B,债券型-混合一级
630107,华商稳健双利债券B,债券型-混合二级
630109,华商稳定增利债券C,债券型-混合二级
650001,英大纯债债券A,债券型-混合一级
650002,英大纯债债券C,债券型-混合一级
660001,农银行业成长混合,混合型-偏股
660002,农银恒久增利债券A,债券型-混合一级
660003,农银平衡双利混合,混合型-灵活
660004,农银策略价值混合,混合型-偏股
660005,农银中小盘混合,混合型-偏股
660006,农银大盘蓝筹混合,混合型-偏股
660008,农银沪深300指数A,指数型-股票
660009,农银增强收益债券A,债券型-混合二级
660010,农银策略精选混合,混合型-偏股
660011,农银中证500指数A,指数型-股票
660012,农银消费主题混合A,混合型-偏股
660015,农银行业轮动混合A,混合型-偏股
660102,农银恒久增利债券C,债券型-混合一级
660109,农银增强收益债券C,债券型-混合二级
671010,西部利得策略优选混合A,混合型-偏股
671030,西部利得事件驱动股票A,股票型
673010,西部利得新动向混合A,混合型-灵活
673030,西部利得多策略优选混合C,混合型-灵活
673040,西部利得行业主题优选混合A,混合型-灵活
673043,西部利得行业主题优选混合C,混合型-灵活
673050,西部利得新盈混合A,混合型-灵活
673060,西部利得景瑞灵活配置混合A,混合型-灵活
673071,西部利得新动力混合A,混合型-灵活
673073,西部利得新动力混合C,混合型-灵活
673081,西部利得祥运混合A,混合型-灵活
673083,西部利得祥运混合C,混合型-灵活
673100,西部利得沪深300指数增强A,指数型-股票
673101,西部利得沪深300指数增强C,指数型-股票
673110,西部利得新润混合A,混合型-灵活
673120,西部利得新富混合A,混合型-灵活
673141,西部利得景程混合A,混合型-灵活
673143,西部利得景程混合C,混合型-灵活
675011,西部利得稳健双利债券A,债券型-混合二级
675013,西部利得稳健双利债券C,债券型-混合二级
675041,西部利得合享A,债券型-混合一级
675043,西部利得合享C,债券型-混合一级
675051,西部利得合赢债券A,债券型-混合一级
675053,西部利得合赢债券C,债券型-混合一级
675081,西部利得祥盈债券A,债券型-混合二级
675083,西部利得祥盈债券C,债券型-混合二级
675100,西部利得得尊纯债A,债券型-混合一级
675111,西部利得汇享债券A,债券型-混合一级
675113,西部利得汇享债券C,债券型-混合一级
675121,西部利得汇逸债券A,债券型-混合二级
675123,西部利得汇逸债券C,债券型-混合二级
688888,浙商聚潮产业成长混合A,混合型-偏股
690001,民生加银品牌蓝筹混合A,混合型-灵活
690002,民生增强收益债券A,债券型-混合二级
690003,民生加银精选混合,混合型-偏股
690004,民生加银稳健成长混合,混合型-偏股
690005,民生加银内需增长混合,混合型-偏股
690007,民生加银景气行业混合A,混合型-偏股
690008,民生中证内地资源主题指数A,指数型-股票
690009,民生加银红利回报混合,混合型-灵活
690011,民生加银积极成长混合发起式,混合型-灵活
690202,民生增强收益债券C,债券型-混合二级
700001,平安行业先锋混合,混合型-偏股
700002,平安深证300指数增强,指数型-股票
700003,平安策略先锋混合,混合型-灵活
700004,平安灵活配置混合A,混合型-灵活
700005,平安添利债券A,债券型-混合一级
700006,平安添利债券C,债券型-混合一级
710001,富安达优势成长混合A,混合型-偏股
710002,富安达策略精选混合A,混合型-灵活
710301,富安达增强收益债券A,债券型-混合二级
710302,富安达增强收益债券C,债券型-混合二级
720001,财通价值动量混合A,混合型-灵活
720002,财通可转债债券A,债券型-混合二级
720003,财通收益增强债券A,债券型-混合二级
730001,方正富邦创新动力混合A,混合型-偏股
730002,方正富邦红利精选混合A,混合型-偏股
740001,长安宏观策略混合A,混合型-偏股
740101,长安沪深300非周期A,指数型-股票
750001,安信灵活配置混合A,混合型-灵活
750002,安信目标收益债券A,债券型-混合一级
750003,安信目标收益债券C,债券型-混合一级
750005,安信平稳增长混合发起A,混合型-灵活
762001,国金国鑫发起A,混合型-灵活
770001,德邦优化A,混合型-灵活
880006,招商资管核心优势混合D,混合型-偏股
880007,招商资管智远成长混合A,混合型-偏股
880009,招商资管睿丰三个月持有期债券D,债券型-混合一级
880011,招商资管智远增利债券D,债券型-混合二级
881007,招商资管智远成长混合C,混合型-偏股
881010,招商资管睿丰三个月持有期债券A,债券型-混合一级
881011,招商资管睿丰三个月持有期债券C,债券型-混合一级
881012,招商资管智远增利债券A,债券型-混合二级
881013,招商资管智远增利债券C,债券型-混合二级
890005,长江尊利债券A,债券型-混合二级
890011,长江聚利债券型A,债券型-混合二级
910004,东方红启恒三年持有混合A,混合型-偏股
910005,东方红启兴三年持有混合A,混合型-偏股
910006,东方红启盛三年持有混合A,混合型-偏股
910007,东方红启元三年持有混合A,混合型-灵活
910009,东方红启程三年持有混合A,混合型-偏股
910010,东方红新海混合A,混合型-平衡
910011,东方红启瑞三年持有混合A,混合型-灵活
910017,东方红多元策略混合A,混合型-灵活
910021,东方红启华三年持有混合A,混合型-偏股
910022,东方红启航三年持有混合A,混合型-偏股
910024,东方红启阳三年持有混合A,混合型-偏股
910026,东方红新源三年持有混合A,混合型-平衡
910028,东方红内需增长混合A,混合型-偏股
952004,国泰海通君得明混合A,混合型-偏股
952009,国泰海通君得鑫两年持有混合A,混合型-偏股
952020,国泰海通君得盈债券A,债券型-混合二级
952024,国泰海通君得盛债券A,债券型-混合二级
952035,国泰海通君得诚混合,混合型-偏股
952099,国泰海通君得鑫两年持有混合C,混合型-偏股
952320,国泰海通君得盈债券C,债券型-混合二级
959991,兴证资管金麒麟领先优势一年持有期混合A,混合型-偏股
959993,兴证资管金麒麟领先优势一年持有期混合C,混合型-偏股
960000,汇丰晋信大盘股票H,股票型
960001,广发行业领先混合H,混合型-偏股
960002,华夏回报混合H,混合型-灵活
960003,汇丰晋信动态策略混合H,混合型-灵活
960004,华夏兴华混合H,混合型-灵活
960005,摩根双息平衡混合H,混合型-灵活
960006,摩根行业轮动混合H,混合型-偏股
960007,摩根新兴动力混合H,混合型-偏股
960008,景顺长城核心竞争力混合H,混合型-偏股
960009,广发聚优灵活配置混合H,混合型-灵活
960010,工银核心价值混合H,混合型-偏股
960011,中银持续增长混合H,混合型-偏股
960012,中银收益混合H,混合型-灵活
960013,汇添富价值精选混合O,混合型-偏股
960014,汇添富民营活力混合O,混合型-偏股
960015,汇添富医药保健混合O,混合型-偏股
960018,大成内需增长混合H,混合型-偏股
960019,招商行业领先混合H,混合型-偏股
960020,南方优选价值混合H,混合型-偏股
960021,国富潜力组合混合H,混合型-偏股
960022,博时沪深300指数R,指数型-股票
960023,工银稳健成长混合H,混合型-偏股
960024,嘉实成长收益混合H,混合型-偏股
960025,嘉实研究精选混合H,混合型-偏股
960026,博时特许价值混合R,混合型-偏股
960027,博时信用债券R,债券型-混合二级
960028,建信优选成长混合H,混合型-偏股
960029,建信双息红利债券H,债券型-混合二级
960032,农银行业成长混合H,混合型-偏股
960033,农银消费主题混合H,混合型-偏股
960034,国投瑞银稳定增利债券H,债券型-混合一级
960035,易方达价值成长混合H,混合型-灵活
960036,易方达价值成长混合I,混合型-灵活
960040,南方多利增强债券H,债券型-混合一级
970067,兴证资管金麒麟消费升级混合A,混合型-偏股
970068,兴证资管金麒麟消费升级混合B,混合型-偏股
970069,兴证资管金麒麟消费升级混合C,混合型-偏股
970093,兴证资管金麒麟均衡优选混合A,混合型-偏股
970094,兴证资管金麒麟均衡优选混合B,混合型-偏股
970095,兴证资管金麒麟均衡优选混合C,混合型-偏股
970100,兴证资管金麒麟兴享优选混合A,混合型-偏股
970101,兴证资管金麒麟兴享优选混合B,混合型-偏股
970102,兴证资管金麒麟兴享优选混合C,混合型-偏股
970112,兴证资管金麒麟兴睿优选混合A,混合型-偏股
970113,兴证资管金麒麟兴睿优选混合B,混合型-偏股
970114,兴证资管金麒麟兴睿优选混合C,混合型-偏股
970119,兴证资管金麒麟恒睿致远一年持有期混合A,混合型-偏债
970120,兴证资管金麒麟恒睿致远一年持有期混合B,混合型-偏债
970121,兴证资管金麒麟恒睿致远一年持有期混合C,混合型-偏债
970184,招商资管核心优势混合A,混合型-偏股
970185,招商资管核心优势混合C,混合型-偏股
970204,兴证资管金麒麟兴享增利六个月持有期债券A,债券型-混合二级
970205,兴证资管金麒麟兴享增利六个月持有期债券C,债券型-混合二级
