entry_date,exit_date,side,size,entry_price,exit_price,pnl,pnl_pct,holding_bars,symbol,symbol_name,display_symbol
2016-01-05,2016-02-03,long,28885,1.731,1.42,-8983.24,-17.97,29,000294,000294,000294
2016-01-05,2016-02-03,long,26256,1.9043,1.254,-17074.28,-34.15,29,519698,519698,519698
2016-01-05,2016-02-03,long,48030,1.041,0.884,-7540.71,-15.08,29,001071,001071,001071
2016-01-05,2016-02-03,long,39308,1.272,1.077,-7665.06,-15.33,29,163209,163209,163209
2016-01-05,2016-02-03,long,53078,0.942,0.823,-6316.28,-12.63,29,001227,001227,001227
2016-01-05,2016-02-03,long,51813,0.965,0.816,-7720.14,-15.44,29,001072,001072,001072
2016-01-05,2016-02-03,long,43029,1.162,0.933,-9853.64,-19.71,29,160634,160634,160634
2016-01-05,2016-02-03,long,40387,1.238,1.005,-9410.17,-18.82,29,164304,164304,164304
2016-01-05,2016-02-03,long,38850,1.287,1.12,-6487.95,-12.98,29,519975,519975,519975
2016-01-05,2016-02-03,long,39001,1.282,1.058,-8736.22,-17.47,29,165511,165511,165511
2016-01-05,2016-02-03,long,21978,2.275,1.791,-10637.35,-21.27,29,519113,519113,519113
2016-01-05,2016-02-03,long,42767,1.1691,0.9564,-9096.54,-18.19,29,162107,162107,162107
2016-01-05,2016-02-03,long,18443,2.711,2.122,-10862.93,-21.73,29,519120,519120,519120
2016-01-05,2016-02-03,long,17692,2.826,2.133,-12260.56,-24.52,29,000404,000404,000404
2016-01-05,2016-02-03,long,22036,2.269,1.659,-13441.96,-26.88,29,519983,519983,519983
2016-01-05,2016-02-03,long,41226,1.2128,1.0209,-7911.27,-15.82,29,160224,160224,160224
2016-01-05,2016-02-03,long,24874,2.0101,1.6974,-7778.1,-15.56,29,710001,710001,710001
2016-01-05,2016-02-03,long,30084,1.662,1.348,-9446.38,-18.89,29,200015,200015,200015
2016-01-05,2016-02-03,long,8847,5.651,4.983,-5909.8,-11.82,29,590008,590008,590008
2016-01-05,2016-03-10,long,30799,1.6234,1.4268,-6055.08,-12.11,65,001518,001518,001518
2016-02-03,2016-03-10,long,34838,1.171,1.176,174.19,0.43,36,001379,001379,001379
2016-02-03,2016-03-10,long,24195,1.6861,1.681,-123.39,-0.3,36,510680,510680,510680
2016-02-03,2016-03-10,long,22867,1.784,1.657,-2904.11,-7.12,36,160212,160212,160212
2016-02-03,2016-03-10,long,48034,0.8493,0.7711,-3756.26,-9.21,36,160420,160420,160420
2016-03-10,2016-04-11,long,32059,1.261,1.29,929.71,2.3,32,001115,001115,001115
2016-02-03,2016-04-11,long,43124,0.946,0.984,1638.71,4.02,68,000767,000767,000767
2016-03-10,2016-04-11,long,35153,1.15,1.145,-175.76,-0.43,32,001474,001474,001474
2016-03-10,2016-04-11,long,35430,1.141,1.15,318.87,0.79,32,001547,001547,001547
2016-02-03,2016-05-11,long,35107,1.162,1.158,-140.43,-0.34,98,001314,001314,001314
2016-02-03,2016-05-11,long,31429,1.298,1.364,2074.31,5.08,98,001272,001272,001272
2016-02-03,2016-05-11,long,32428,1.258,1.263,162.14,0.4,98,001289,001289,001289
2016-04-11,2016-05-11,long,45978,0.922,0.816,-4873.67,-11.5,30,160420,160420,160420
2016-02-03,2016-06-13,long,40034,1.019,1.027,320.27,0.79,131,161024,161024,161024
2016-02-03,2016-06-13,long,39695,1.0277,1.0809,2111.77,5.18,131,502010,502010,502010
2016-02-03,2016-06-13,long,40034,1.019,1.0403,852.72,2.09,131,502003,502003,502003
2016-02-03,2016-06-13,long,47107,0.866,0.912,2166.92,5.31,131,160633,160633,160633
2016-02-03,2016-06-13,long,39680,1.0281,1.0563,1118.98,2.74,131,502056,502056,502056
2016-02-03,2016-06-13,long,45971,0.8874,0.9513,2937.55,7.2,131,163116,163116,163116
2016-02-03,2016-06-13,long,40795,1.0,1.041,1672.59,4.1,131,165515,165515,165515
2016-02-03,2016-06-13,long,39607,1.03,1.021,-356.46,-0.87,131,162412,162412,162412
2016-02-03,2016-06-13,long,42717,0.955,0.964,384.45,0.94,131,160637,160637,160637
2016-02-03,2016-06-13,long,29476,1.384,1.4,471.62,1.16,131,001342,001342,001342
2016-06-13,2016-07-12,long,78197,0.533,0.588,4300.83,10.32,29,378546,378546,378546
2016-03-10,2016-07-12,long,26132,1.547,1.582,914.62,2.26,124,001315,001315,001315
2016-05-11,2016-07-12,long,471571,0.086,0.0896,1697.66,4.19,62,001481,001481,001481
2016-06-13,2016-07-12,long,19567,2.13,2.378,4852.62,11.64,29,001887,001887,001887
2016-05-11,2016-07-12,long,72290,0.561,0.6,2819.31,6.95,62,162411,162411,162411
2016-03-10,2016-07-12,long,27651,1.462,1.4975,981.61,2.43,124,001380,001380,001380
2016-06-13,2016-07-12,long,48017,0.868,0.921,2544.9,6.11,29,160416,160416,160416
2016-04-11,2016-07-12,long,35326,1.2,1.192,-282.61,-0.67,92,160629,160629,160629
2016-06-13,2016-07-12,long,49975,0.834,0.881,2348.83,5.64,29,163208,163208,163208
2016-04-11,2016-07-12,long,26796,1.582,1.609,723.49,1.71,92,001903,001903,001903
2016-04-11,2016-07-12,long,30541,1.388,1.405,519.2,1.22,92,002186,002186,002186
2016-07-12,2016-08-10,long,56191,0.7883,0.7379,-2832.03,-6.39,29,398021,398021,398021
2016-07-12,2016-08-10,long,18817,2.354,2.165,-3556.41,-8.03,29,100060,100060,100060
2016-07-12,2016-08-10,long,15353,2.885,2.659,-3469.78,-7.83,29,630011,630011,630011
2016-07-12,2016-08-10,long,79726,0.5556,0.5262,-2343.94,-5.29,29,100022,100022,100022
2016-07-12,2016-08-10,long,17640,2.511,2.334,-3122.28,-7.05,29,398061,398061,398061
2016-07-12,2016-08-10,long,26351,1.681,1.582,-2608.75,-5.89,29,519125,519125,519125
2016-07-12,2016-08-10,long,40608,1.0908,0.9989,-3731.88,-8.43,29,377020,377020,377020
2016-07-12,2016-08-10,long,54331,0.8153,0.7719,-2357.97,-5.32,29,580003,580003,580003
2016-07-12,2016-08-10,long,24432,1.813,1.707,-2589.79,-5.85,29,000586,000586,000586
2016-06-13,2016-08-10,long,33968,1.227,1.333,3600.61,8.64,58,000866,000866,000866
2016-06-13,2016-08-10,long,39283,1.061,1.075,549.96,1.32,58,160225,160225,160225
2016-07-12,2016-08-10,long,25530,1.735,1.673,-1582.86,-3.57,29,210009,210009,210009
2016-08-10,2016-09-08,long,70098,0.598,0.603,350.49,0.84,29,378546,378546,378546
2016-07-12,2016-09-08,long,29695,1.4917,1.5004,258.35,0.58,58,002441,002441,002441
2016-05-11,2016-09-08,long,34632,1.171,1.397,7826.83,19.3,120,168101,168101,168101
2016-08-10,2016-09-08,long,17642,2.376,2.379,52.93,0.13,29,001887,001887,001887
2016-08-10,2016-09-08,long,22557,1.8583,1.8252,-746.64,-1.78,29,180012,180012,180012
2016-08-10,2016-09-08,long,14260,2.9395,2.9583,268.09,0.64,29,110011,110011,110011
2016-08-10,2016-09-08,long,30006,1.397,1.377,-600.12,-1.43,29,110022,110022,110022
2016-06-13,2016-09-08,long,34907,1.194,1.294,3490.7,8.38,87,001302,001302,001302
2016-08-10,2016-09-08,long,72274,0.58,0.649,4986.91,11.9,29,162411,162411,162411
2016-06-13,2016-09-08,long,46989,0.887,0.965,3665.14,8.79,87,161725,161725,161725
2016-08-10,2016-09-08,long,39771,1.054,1.076,874.96,2.09,29,050018,050018,050018
2016-06-13,2016-09-08,long,34878,1.195,1.282,3034.39,7.28,87,002207,002207,002207
2016-05-11,2016-09-08,long,16947,2.393,2.487,1593.02,3.93,120,002059,002059,002059
2016-08-10,2016-09-08,long,35828,1.17,1.197,967.36,2.31,29,001877,001877,001877
2016-09-08,2016-10-17,long,48942,0.871,0.864,-342.59,-0.8,39,457001,457001,457001
2016-09-08,2016-10-17,long,40560,1.051,1.024,-1095.12,-2.57,39,164705,164705,164705
2016-08-10,2016-10-17,long,35828,1.17,1.2227,1888.14,4.5,68,000071,000071,000071
2016-09-08,2016-10-17,long,41076,1.0378,1.0035,-1408.91,-3.31,39,110031,110031,110031
2016-09-08,2016-10-17,long,227233,0.1876,0.1815,-1386.12,-3.25,39,000075,000075,000075
2016-08-10,2016-10-17,long,41877,1.001,1.024,963.17,2.3,68,160635,160635,160635
2016-09-08,2016-10-17,long,41391,1.0299,1.0054,-1014.08,-2.38,39,000948,000948,000948
2016-09-08,2016-10-17,long,227233,0.1876,0.1815,-1386.12,-3.25,39,000076,000076,000076
2016-06-13,2016-10-17,long,18121,2.3,2.35,906.05,2.17,126,002061,002061,002061
2016-09-08,2016-10-17,long,45475,0.9374,0.9048,-1482.48,-3.48,39,161831,161831,161831
2016-09-08,2016-10-17,long,57497,0.7414,0.7182,-1333.93,-3.13,39,160717,160717,160717
2016-09-08,2016-10-17,long,35435,1.203,1.186,-602.4,-1.41,39,161229,161229,161229
2016-09-08,2016-10-17,long,39710,1.0735,1.0357,-1501.04,-3.52,39,510900,510900,510900
2016-09-08,2016-10-17,long,20364,2.0933,2.0421,-1042.64,-2.45,39,513660,513660,513660
2016-08-10,2016-10-17,long,26297,1.594,1.608,368.16,0.88,68,002425,002425,002425
2016-09-08,2016-10-17,long,61513,0.693,0.675,-1107.23,-2.6,39,070012,070012,070012
2016-08-10,2016-10-17,long,35341,1.1861,1.2411,1943.76,4.64,68,159920,159920,159920
2016-09-08,2016-10-17,long,20153,2.1152,2.0603,-1106.4,-2.6,39,513600,513600,513600
2016-09-08,2016-10-17,long,42929,0.993,0.991,-85.86,-0.2,39,000934,000934,000934
2016-11-15,2016-12-14,long,57618,0.7258,0.7109,-858.51,-2.05,29,159945,159945,159945
2016-11-15,2016-12-14,long,38614,1.083,0.992,-3513.87,-8.4,29,110025,110025,110025
2016-11-15,2016-12-14,long,36793,1.1366,1.0343,-3763.92,-9.0,29,160135,160135,160135
2016-11-15,2016-12-14,long,37239,1.123,1.06,-2346.06,-5.61,29,001897,001897,001897
2016-11-15,2016-12-14,long,36619,1.142,1.0572,-3105.29,-7.43,29,410009,410009,410009
2016-11-15,2016-12-14,long,49844,0.839,0.789,-2492.2,-5.96,29,502013,502013,502013
2016-11-15,2016-12-14,long,35380,1.182,1.157,-884.5,-2.12,29,002196,002196,002196
2016-11-15,2016-12-14,long,25222,1.658,1.564,-2370.87,-5.67,29,202019,202019,202019
2016-11-15,2016-12-14,long,30458,1.373,1.291,-2497.56,-5.97,29,240022,240022,240022
2016-11-15,2016-12-14,long,32342,1.293,1.142,-4883.64,-11.68,29,161724,161724,161724
2016-11-15,2016-12-14,long,31874,1.312,1.134,-5673.57,-13.57,29,161032,161032,161032
2016-11-15,2016-12-14,long,15053,2.778,2.665,-1700.99,-4.07,29,519697,519697,519697
2016-11-15,2016-12-14,long,36690,1.1398,1.1186,-777.83,-1.86,29,519191,519191,519191
2016-11-15,2016-12-14,long,47093,0.888,0.787,-4756.39,-11.37,29,168204,168204,168204
2016-11-15,2016-12-14,long,25766,1.623,1.6,-592.62,-1.42,29,002425,002425,002425
2016-12-14,2017-01-12,long,24720,1.6071,1.5843,-563.62,-1.42,29,510060,510060,510060
2016-12-14,2017-01-12,long,37184,1.0684,1.0638,-171.05,-0.43,29,960000,960000,960000
2016-12-14,2017-01-12,long,31858,1.247,1.2172,-949.37,-2.39,29,160716,160716,160716
2016-11-15,2017-01-12,long,17512,2.388,2.345,-753.02,-1.8,58,160512,160512,160512
2016-11-15,2017-01-12,long,34791,1.202,1.186,-556.66,-1.33,58,165525,165525,165525
2016-12-14,2017-01-12,long,46519,0.854,0.841,-604.75,-1.52,29,168203,168203,168203
2016-12-14,2017-01-12,long,15172,2.6184,2.6073,-168.41,-0.42,29,540006,540006,540006
2017-01-12,2017-02-15,long,25056,1.587,1.657,1753.92,4.41,34,270042,270042,270042
2017-01-12,2017-02-15,long,21622,1.839,1.918,1708.14,4.3,34,513100,513100,513100
2016-11-15,2017-02-15,long,26568,1.574,1.532,-1115.86,-2.67,92,210004,210004,210004
2016-12-14,2017-02-15,long,49412,0.804,0.828,1185.89,2.99,63,539003,539003,539003
2016-12-14,2017-02-15,long,55563,0.715,0.686,-1611.33,-4.06,63,162411,162411,162411
2017-01-12,2017-02-15,long,27452,1.4485,1.4895,1125.53,2.83,34,513500,513500,513500
2016-12-14,2017-02-15,long,38758,1.025,0.991,-1317.77,-3.32,63,160416,160416,160416
2016-12-14,2017-02-15,long,40210,0.988,0.951,-1487.77,-3.74,63,163208,163208,163208
2016-12-14,2017-02-15,long,44870,0.8854,0.9011,704.46,1.77,63,050013,050013,050013
2017-01-12,2017-02-15,long,22315,1.7819,1.8306,1086.74,2.73,34,050025,050025,050025
2016-12-14,2017-02-15,long,383474,0.1036,0.1,-1380.51,-3.47,63,001481,001481,001481
2016-12-14,2017-03-16,long,60285,0.659,0.678,1145.42,2.88,92,378546,378546,378546
2017-02-15,2017-03-16,long,48598,0.833,0.837,194.39,0.48,29,502013,502013,502013
2017-02-15,2017-03-16,long,40402,1.002,0.995,-282.81,-0.7,29,502023,502023,502023
2017-02-15,2017-03-16,long,19051,2.1249,2.1628,722.03,1.78,29,540002,540002,540002
2017-01-12,2017-03-16,long,48910,0.813,0.852,1907.49,4.8,63,160638,160638,160638
2017-02-15,2017-03-16,long,42346,0.956,0.973,719.88,1.78,29,001104,001104,001104
2016-11-15,2017-03-16,long,39156,1.068,1.147,3093.32,7.4,121,001662,001662,001662
2017-02-15,2017-03-16,long,45031,0.899,0.894,-225.16,-0.56,29,168203,168203,168203
2016-12-14,2017-03-16,long,33727,1.1779,1.2452,2269.83,5.71,92,202021,202021,202021
2017-02-15,2017-03-16,long,32308,1.253,1.251,-64.62,-0.16,29,165525,165525,165525
2016-11-15,2017-03-16,long,80623,0.5187,0.5687,4031.15,9.64,121,510160,510160,510160
2016-12-14,2017-03-16,long,16707,2.3778,2.4116,564.7,1.42,92,510020,510020,510020
2017-02-15,2017-03-16,long,59885,0.676,0.687,658.74,1.63,29,161217,161217,161217
2017-02-15,2017-04-17,long,35171,1.151,1.172,738.59,1.82,61,050015,050015,050015
2017-03-16,2017-04-17,long,233372,0.1748,0.1707,-956.83,-2.35,32,000927,000927,000927
2017-03-16,2017-04-17,long,46251,0.882,0.852,-1387.53,-3.4,32,000041,000041,000041
2017-03-16,2017-04-17,long,20802,1.961,1.953,-166.42,-0.41,32,513100,513100,513100
2017-03-16,2017-04-17,long,33012,1.2357,1.2295,-204.67,-0.5,32,159941,159941,159941
2017-03-16,2017-04-17,long,28870,1.413,1.403,-288.7,-0.71,32,002230,002230,002230
2017-03-16,2017-04-17,long,33536,1.2164,1.1924,-804.86,-1.97,32,501021,501021,501021
2017-03-16,2017-04-17,long,23968,1.702,1.697,-119.84,-0.29,32,040046,040046,040046
2017-01-12,2017-04-17,long,16721,2.378,2.529,2524.87,6.35,95,160213,160213,160213
2017-03-16,2017-04-17,long,24052,1.696,1.689,-168.36,-0.41,32,270042,270042,270042
2017-03-16,2017-04-17,long,25495,1.6,1.633,841.33,2.06,32,110022,110022,110022
2017-03-16,2017-04-17,long,35349,1.154,1.156,70.7,0.17,32,002851,002851,002851
2017-03-16,2017-05-17,long,28348,1.439,1.449,283.48,0.69,62,241001,241001,241001
2017-04-17,2017-05-17,long,25770,1.582,1.535,-1211.19,-2.97,30,519156,519156,519156
2017-04-17,2017-05-17,long,38717,1.053,1.015,-1471.25,-3.61,30,001811,001811,001811
2017-04-17,2017-05-17,long,31801,1.282,1.279,-95.4,-0.23,30,000974,000974,000974
2017-03-16,2017-05-17,long,19597,2.0816,2.1219,789.76,1.94,62,180012,180012,180012
2017-02-15,2017-05-17,long,34151,1.1854,1.1872,61.47,0.15,91,002533,002533,002533
2017-04-17,2017-05-17,long,16063,2.538,2.603,1044.1,2.56,30,160212,160212,160212
2017-04-17,2017-05-17,long,36995,1.102,1.099,-110.99,-0.27,30,002514,002514,002514
2017-01-12,2017-05-17,long,17258,2.304,2.491,3227.25,8.12,125,519091,519091,519091
2017-04-17,2017-05-17,long,13181,3.093,3.169,1001.76,2.46,30,160211,160211,160211
2017-04-17,2017-05-17,long,41503,0.9823,0.9855,132.81,0.33,30,260103,260103,260103
2017-03-16,2017-05-17,long,35941,1.135,1.177,1509.52,3.7,62,161725,161725,161725
2017-02-15,2017-05-17,long,31333,1.292,1.391,3101.97,7.66,91,001878,001878,001878
2017-04-17,2017-05-17,long,29058,1.403,1.361,-1220.44,-2.99,30,519157,519157,519157
2017-05-17,2017-06-19,long,26606,1.544,1.549,133.03,0.32,33,376510,376510,376510
2017-04-17,2017-06-19,long,26981,1.511,1.624,3048.85,7.48,63,519606,519606,519606
2017-05-17,2017-06-19,long,33453,1.228,1.22,-267.62,-0.65,33,164906,164906,164906
2017-05-17,2017-06-19,long,36290,1.132,1.155,834.67,2.03,33,000989,000989,000989
2017-05-17,2017-06-19,long,32347,1.27,1.282,388.16,0.94,33,000988,000988,000988
2017-04-17,2017-06-19,long,12199,3.3419,3.2878,-659.97,-1.62,63,110011,110011,110011
2017-02-15,2017-06-19,long,25884,1.564,1.588,621.22,1.53,124,002534,002534,002534
2017-05-17,2017-06-19,long,33347,1.2319,1.2682,1210.5,2.95,33,513050,513050,513050
2017-05-17,2017-06-19,long,36290,1.132,1.155,834.67,2.03,33,000990,000990,000990
2017-05-17,2017-06-19,long,19332,2.125,1.864,-5045.65,-12.28,33,000457,000457,000457
2017-05-17,2017-06-19,long,35106,1.1702,1.1672,-105.32,-0.26,33,002871,002871,002871
2017-06-19,2017-07-18,long,32501,1.256,1.241,-487.51,-1.19,29,001048,001048,001048
2017-04-17,2017-07-18,long,30401,1.341,1.326,-456.01,-1.12,92,000892,000892,000892
2017-04-17,2017-07-18,long,30401,1.341,1.32,-638.42,-1.57,92,002028,002028,002028
2017-06-19,2017-07-18,long,28407,1.437,1.45,369.29,0.9,29,169101,169101,169101
2017-05-17,2017-07-18,long,40055,1.0256,0.9029,-4914.75,-11.96,62,160420,160420,160420
2017-06-19,2017-07-18,long,38330,1.065,1.056,-344.97,-0.85,29,162605,162605,162605
2017-06-19,2017-07-18,long,31718,1.287,1.295,253.74,0.62,29,001112,001112,001112
2017-06-19,2017-07-18,long,35998,1.134,1.126,-287.98,-0.71,29,260108,260108,260108
2017-06-19,2017-07-18,long,32605,1.252,1.247,-163.02,-0.4,29,161725,161725,161725
2017-05-17,2017-07-18,long,41324,0.9941,0.8845,-4529.11,-11.03,62,164818,164818,164818
2017-06-19,2017-07-18,long,22173,1.841,1.855,310.42,0.76,29,110022,110022,110022
2017-06-19,2017-07-18,long,15767,2.589,2.558,-488.78,-1.2,29,100056,100056,100056
2017-07-18,2017-08-16,long,24499,1.6182,1.6669,1193.1,3.01,29,165312,165312,165312
2017-07-18,2017-08-16,long,29628,1.3381,1.3884,1490.29,3.76,29,002072,002072,002072
2017-06-19,2017-08-16,long,31645,1.29,1.376,2721.47,6.67,58,002803,002803,002803
2017-07-18,2017-08-16,long,23112,1.7153,1.6823,-762.7,-1.92,29,510650,510650,510650
2017-07-18,2017-08-16,long,22663,1.7493,1.7377,-262.89,-0.66,29,540012,540012,540012
2017-07-18,2017-08-16,long,29575,1.3405,1.3907,1484.67,3.74,29,001281,001281,001281
2017-07-18,2017-08-16,long,33037,1.2,1.191,-297.33,-0.75,29,320010,320010,320010
2017-07-18,2017-08-16,long,32928,1.204,1.182,-724.42,-1.83,29,167301,167301,167301
2017-06-19,2017-08-16,long,32065,1.2731,1.3538,2587.65,6.34,58,169105,169105,169105
2017-07-18,2017-08-16,long,28573,1.3875,1.4112,677.18,1.71,29,040008,040008,040008
2017-07-18,2017-08-16,long,22690,1.7472,1.7346,-285.89,-0.72,29,001149,001149,001149
2017-07-18,2017-08-16,long,8283,4.786,4.668,-977.39,-2.47,29,510030,510030,510030
2017-08-16,2017-09-14,long,14997,2.706,3.017,4664.07,11.49,29,377240,377240,377240
2017-08-16,2017-09-14,long,30838,1.316,1.379,1942.79,4.79,29,000989,000989,000989
2017-05-17,2017-09-14,long,41876,0.981,0.995,586.26,1.43,120,160630,160630,160630
2017-08-16,2017-09-14,long,14964,2.712,3.026,4698.7,11.58,29,960007,960007,960007
2017-05-17,2017-09-14,long,19697,2.0856,2.1622,1508.79,3.67,120,003142,003142,003142
2017-07-18,2017-09-14,long,29581,1.3402,1.4628,3626.63,9.15,58,513050,513050,513050
2017-08-16,2017-09-14,long,30838,1.316,1.379,1942.79,4.79,29,000990,000990,000990
2017-08-16,2017-09-14,long,32476,1.2496,1.2817,1042.48,2.57,29,002671,002671,002671
2017-05-17,2017-09-14,long,18801,2.185,1.768,-7840.02,-19.08,120,001387,001387,001387
2017-08-16,2017-09-14,long,28300,1.434,1.435,28.3,0.07,29,161725,161725,161725
2017-08-16,2017-09-14,long,42234,0.9609,0.9717,456.13,1.12,29,164818,164818,164818
2017-07-18,2017-09-14,long,31665,1.252,1.214,-1203.27,-3.04,58,002778,002778,002778
2017-09-14,2017-10-20,long,28948,1.459,1.344,-3329.02,-7.88,36,160620,160620,160620
2017-09-14,2017-10-20,long,18746,2.253,2.084,-3168.07,-7.5,36,510170,510170,510170
2017-09-14,2017-10-20,long,30687,1.3763,1.2652,-3409.33,-8.07,36,003625,003625,003625
2017-08-16,2017-10-20,long,23677,1.714,1.3643,-8279.85,-20.4,65,004009,004009,004009
2017-09-14,2017-10-20,long,30941,1.365,1.2448,-3719.11,-8.81,36,160221,160221,160221
2017-08-16,2017-10-20,long,32691,1.2414,1.2771,1167.07,2.88,65,003624,003624,003624
2017-08-16,2017-10-20,long,41268,0.9834,0.9843,37.14,0.09,65,160420,160420,160420
2017-09-14,2017-10-20,long,46361,0.911,0.844,-3106.19,-7.35,36,690008,690008,690008
2017-08-16,2017-10-20,long,23623,1.7179,1.3733,-8140.49,-20.06,65,004008,004008,004008
2017-09-14,2017-10-20,long,29932,1.411,1.299,-3352.38,-7.94,36,165520,165520,165520
2017-09-14,2017-10-20,long,30254,1.396,1.222,-5264.2,-12.46,36,161724,161724,161724
2017-09-14,2017-10-20,long,30297,1.394,1.249,-4393.06,-10.4,36,161032,161032,161032
2017-09-14,2017-10-20,long,48054,0.8789,0.8147,-3085.07,-7.3,36,510410,510410,510410
2017-05-17,2017-10-20,long,39807,1.032,1.148,4617.61,11.24,156,161025,161025,161025
2017-06-19,2017-10-20,long,38258,1.067,1.043,-918.19,-2.25,123,161030,161030,161030
2017-07-18,2017-10-20,long,31997,1.239,1.394,4959.53,12.51,94,001740,001740,001740
2017-09-14,2017-11-20,long,16907,2.498,2.496,-33.81,-0.08,67,000404,000404,000404
2017-10-20,2017-11-20,long,46492,0.8412,0.9131,3342.77,8.55,31,398021,398021,398021
2017-10-20,2017-11-20,long,26696,1.465,1.519,1441.58,3.69,31,000073,000073,000073
2017-10-20,2017-11-20,long,20412,1.916,2.072,3184.27,8.14,31,001542,001542,001542
2017-09-14,2017-11-20,long,21065,2.005,1.901,-2190.76,-5.19,67,470028,470028,470028
2017-10-20,2017-11-20,long,12471,3.136,3.244,1346.87,3.44,31,960007,960007,960007
2017-10-20,2017-11-20,long,26038,1.502,1.562,1562.28,3.99,31,169104,169104,169104
2017-08-16,2017-11-20,long,30032,1.3513,1.3922,1228.31,3.03,96,000755,000755,000755
2017-10-20,2017-11-20,long,31073,1.2586,1.2978,1218.06,3.11,31,377020,377020,377020
2017-10-20,2017-11-20,long,30369,1.2878,1.2973,288.51,0.74,31,002671,002671,002671
2017-10-20,2017-11-20,long,16522,2.367,2.523,2577.43,6.59,31,000742,000742,000742
2017-10-20,2017-11-20,long,12503,3.128,3.235,1337.82,3.42,31,377240,377240,377240
2017-10-20,2017-11-20,long,12555,3.115,3.175,753.3,1.93,31,370024,370024,370024
2017-11-20,2017-12-19,long,27737,1.474,1.436,-1054.01,-2.58,29,002666,002666,002666
2017-11-20,2017-12-19,long,35215,1.161,1.102,-2077.68,-5.08,29,001208,001208,001208
2017-11-20,2017-12-19,long,27033,1.5124,1.4711,-1116.46,-2.73,29,001606,001606,001606
2017-11-20,2017-12-19,long,25633,1.595,1.513,-2101.91,-5.14,29,217012,217012,217012
2017-10-20,2017-12-19,long,14642,2.671,2.772,1478.84,3.78,60,398061,398061,398061
2017-11-20,2017-12-19,long,26374,1.5502,1.5212,-764.85,-1.87,29,001287,001287,001287
2017-10-20,2017-12-19,long,17569,2.226,2.3412,2023.95,5.18,60,510630,510630,510630
2017-11-20,2017-12-19,long,30671,1.333,1.302,-950.8,-2.33,29,160632,160632,160632
2017-11-20,2017-12-19,long,40561,1.008,0.989,-770.66,-1.88,29,001076,001076,001076
2017-11-20,2017-12-19,long,22357,1.8287,1.8192,-212.39,-0.52,29,180013,180013,180013
2017-11-20,2017-12-19,long,26442,1.5462,1.517,-772.11,-1.89,29,002036,002036,002036
2017-11-20,2017-12-19,long,9947,4.11,3.817,-2914.47,-7.13,29,340007,340007,340007
2017-12-19,2018-01-16,long,39383,1.014,1.005,-354.45,-0.89,28,001915,001915,001915
2017-12-19,2018-01-16,long,30957,1.29,1.389,3064.74,7.67,28,002624,002624,002624
2017-10-20,2018-01-16,long,29854,1.31,1.437,3791.46,9.69,88,519772,519772,519772
2017-12-19,2018-01-16,long,24343,1.6405,1.6355,-121.72,-0.3,28,100020,100020,100020
2017-12-19,2018-01-16,long,24497,1.6302,1.6622,783.9,1.96,28,163411,163411,163411
2017-12-19,2018-01-16,long,32653,1.223,1.254,1012.24,2.53,28,003119,003119,003119
2017-12-19,2018-01-16,long,24350,1.64,1.698,1412.3,3.54,28,001112,001112,001112
2017-12-19,2018-01-16,long,32680,1.222,1.253,1013.08,2.54,28,003120,003120,003120
2017-12-19,2018-01-16,long,17546,2.276,2.48,3579.38,8.96,28,519664,519664,519664
2017-12-19,2018-01-16,long,25898,1.542,1.614,1864.66,4.67,28,002851,002851,002851
2018-01-16,2018-02-13,long,25826,1.607,1.456,-3899.73,-9.4,28,000431,000431,000431
2017-11-20,2018-02-13,long,24508,1.6682,1.2638,-9911.04,-24.24,85,004223,004223,004223
2017-10-20,2018-02-13,long,27387,1.428,1.5216,2563.42,6.55,116,000248,000248,000248
2017-12-19,2018-02-13,long,39113,1.021,0.85,-6688.32,-16.75,56,161628,161628,161628
2017-10-20,2018-02-13,long,18391,2.1265,2.2698,2635.43,6.74,116,159928,159928,159928
2017-12-19,2018-02-13,long,29757,1.342,1.308,-1011.74,-2.53,56,162605,162605,162605
2017-10-20,2018-02-13,long,31806,1.2296,1.2795,1587.12,4.06,116,160222,160222,160222
2018-01-16,2018-02-13,long,430084,0.0965,0.0817,-6365.24,-15.34,28,001481,001481,001481
2017-12-19,2018-02-13,long,27926,1.43,1.276,-4300.6,-10.77,56,260108,260108,260108
2018-01-16,2018-02-13,long,21855,1.899,1.7,-4349.15,-10.48,28,000854,000854,000854
2018-01-16,2018-03-21,long,31950,1.299,1.226,-2332.35,-5.62,64,002085,002085,002085
2018-01-16,2018-03-21,long,32197,1.289,1.218,-2285.99,-5.51,64,001892,001892,001892
2018-02-13,2018-03-21,long,30830,1.226,1.238,369.96,0.98,36,519056,519056,519056
2017-11-20,2018-03-21,long,17803,2.2965,2.3141,313.33,0.77,121,512600,512600,512600
2018-01-16,2018-03-21,long,11293,3.675,3.437,-2687.73,-6.48,64,000083,000083,000083
2018-02-13,2018-03-21,long,30433,1.242,1.278,1095.59,2.9,36,003119,003119,003119
2018-02-13,2018-03-21,long,30458,1.241,1.278,1126.95,2.98,36,003120,003120,003120
2018-02-13,2018-03-21,long,29599,1.277,1.27,-207.19,-0.55,36,001716,001716,001716
2017-11-20,2018-03-21,long,17766,2.3013,2.201,-1781.93,-4.36,121,002163,002163,002163
2018-02-13,2018-03-21,long,31058,1.217,1.209,-248.46,-0.66,36,001997,001997,001997
2018-01-16,2018-03-21,long,38715,1.072,1.05,-851.73,-2.05,64,001076,001076,001076
2018-01-16,2018-03-21,long,16339,2.54,2.363,-2892.0,-6.97,64,110022,110022,110022
2018-02-13,2018-03-21,long,26979,1.401,1.434,890.31,2.36,36,001725,001725,001725
2018-03-21,2018-04-20,long,59670,0.651,0.641,-596.7,-1.54,30,001227,001227,001227
2018-03-21,2018-04-20,long,21367,1.818,1.738,-1709.36,-4.4,30,399011,399011,399011
2018-03-21,2018-04-20,long,40976,0.948,1.023,3073.2,7.91,30,161628,161628,161628
2018-03-21,2018-04-20,long,31201,1.245,1.158,-2714.49,-6.99,30,004505,004505,004505
2018-03-21,2018-04-20,long,21212,1.8313,1.7858,-965.15,-2.48,30,512010,512010,512010
2018-03-21,2018-04-20,long,45486,0.854,0.843,-500.35,-1.29,30,001171,001171,001171
2018-03-21,2018-04-20,long,10265,3.784,3.741,-441.39,-1.14,30,590008,590008,590008
2018-03-21,2018-04-20,long,190140,0.2043,0.1951,-1749.29,-4.5,30,003720,003720,003720
2018-03-21,2018-05-22,long,30960,1.2547,1.3641,3387.02,8.72,62,004075,004075,004075
2018-04-20,2018-05-22,long,31823,1.224,1.286,1973.03,5.07,32,000924,000924,000924
2018-01-16,2018-05-22,long,33508,1.2386,1.1636,-2513.1,-6.06,126,519225,519225,519225
2018-04-20,2018-05-22,long,44465,0.876,0.883,311.26,0.8,32,519773,519773,519773
2018-03-21,2018-05-22,long,32433,1.1977,1.2129,492.98,1.27,62,003503,003503,003503
2018-01-16,2018-05-22,long,28172,1.4732,1.4515,-611.33,-1.47,126,550016,550016,550016
2018-04-20,2018-05-22,long,29249,1.3317,1.3468,441.66,1.13,32,519698,519698,519698
2018-04-20,2018-05-22,long,56370,0.691,0.662,-1634.73,-4.2,32,001268,001268,001268
2018-04-20,2018-05-22,long,24857,1.567,1.71,3554.55,9.13,32,001717,001717,001717
2018-04-20,2018-05-22,long,35539,1.096,1.103,248.77,0.64,32,519767,519767,519767
2018-04-20,2018-05-22,long,33406,1.166,1.142,-801.74,-2.06,32,001071,001071,001071
2018-03-21,2018-05-22,long,25862,1.502,1.522,517.24,1.33,62,000531,000531,000531
2018-05-22,2018-06-21,long,25212,1.56,1.443,-2949.8,-7.5,30,003095,003095,003095
2018-02-13,2018-06-21,long,37950,0.996,0.897,-3757.05,-9.94,128,164402,164402,164402
2018-02-13,2018-06-21,long,37535,1.007,0.832,-6568.62,-17.38,128,161720,161720,161720
2018-03-21,2018-06-21,long,27926,1.391,1.478,2429.56,6.25,92,001510,001510,001510
2018-05-22,2018-06-21,long,31795,1.237,1.095,-4514.89,-11.48,30,000727,000727,000727
2018-05-22,2018-06-21,long,33272,1.1821,1.0621,-3992.64,-10.15,30,502056,502056,502056
2018-02-13,2018-06-21,long,37685,1.003,0.819,-6934.04,-18.34,128,160639,160639,160639
2018-02-13,2018-06-21,long,37513,1.0076,0.9173,-3387.42,-8.96,128,163115,163115,163115
2018-05-22,2018-06-21,long,36373,1.0813,0.9733,-3928.28,-9.99,30,162412,162412,162412
2018-05-22,2018-06-21,long,29047,1.354,1.247,-3108.03,-7.9,30,000960,000960,000960
2018-05-22,2018-06-21,long,25260,1.557,1.44,-2955.42,-7.51,30,003096,003096,003096
2018-03-21,2018-06-21,long,27667,1.404,1.492,2434.7,6.27,92,001508,001508,001508
2018-06-21,2018-07-19,long,24023,1.497,1.55,1273.22,3.54,28,470006,470006,470006
2018-06-21,2018-07-19,long,30142,1.1931,1.2041,331.56,0.92,28,004877,004877,004877
2018-06-21,2018-07-19,long,30026,1.1977,1.1901,-228.2,-0.63,28,001344,001344,001344
2018-05-22,2018-07-19,long,33616,1.17,1.167,-100.85,-0.26,58,001417,001417,001417
2018-06-21,2018-07-19,long,18375,1.9571,1.9517,-99.23,-0.28,28,512010,512010,512010
2018-06-21,2018-07-19,long,34579,1.04,1.068,968.21,2.69,28,001766,001766,001766
2018-05-22,2018-07-19,long,30458,1.2913,1.2244,-2037.64,-5.18,58,005112,005112,005112
2018-05-22,2018-08-17,long,17589,2.236,1.846,-6859.71,-17.44,87,000220,000220,000220
2018-05-22,2018-08-17,long,28752,1.3679,1.139,-6581.33,-16.73,87,005176,005176,005176
2018-06-21,2018-08-17,long,30081,1.1955,1.0247,-5137.83,-14.29,57,000913,000913,000913
2018-06-21,2018-08-17,long,54488,0.66,0.678,980.78,2.73,57,162411,162411,162411
2018-05-22,2018-08-17,long,30583,1.286,1.054,-7095.26,-18.04,87,161616,161616,161616
2018-04-20,2018-08-17,long,9946,3.916,3.951,348.11,0.89,119,519760,519760,519760
2018-06-21,2018-08-17,long,352574,0.102,0.0984,-1269.27,-3.53,57,001481,001481,001481
2018-07-19,2018-08-17,long,30917,1.1906,1.1794,-346.27,-0.94,29,004243,004243,004243
2018-05-22,2018-08-17,long,29909,1.315,1.1,-6430.43,-16.35,87,002708,002708,002708
2018-08-17,2018-09-17,long,31652,1.0804,1.0661,-452.62,-1.32,31,160140,160140,160140
2018-07-19,2018-09-17,long,36998,0.9949,0.8641,-4839.34,-13.15,60,161123,161123,161123
2018-06-21,2018-09-17,long,37113,0.969,0.903,-2449.46,-6.81,88,165522,165522,165522
2018-07-19,2018-09-17,long,37032,0.994,0.848,-5406.67,-14.69,60,160629,160629,160629
2018-06-21,2018-09-17,long,36884,0.975,0.884,-3356.44,-9.33,88,164905,164905,164905
2018-07-19,2018-09-17,long,36561,1.0068,0.8553,-5538.99,-15.05,60,164818,164818,164818
2018-08-17,2018-09-17,long,31746,1.0772,1.0626,-463.49,-1.36,31,160141,160141,160141
2018-07-19,2018-10-24,long,39657,0.9282,0.8559,-2867.2,-7.79,97,160218,160218,160218
2018-08-17,2018-10-24,long,35218,0.971,0.85,-4261.38,-12.46,68,161028,161028,161028
2018-08-17,2018-10-24,long,35400,0.966,0.874,-3256.8,-9.52,68,161022,161022,161022
2018-09-17,2018-10-24,long,28009,1.1936,1.2023,243.68,0.73,37,005542,005542,005542
2018-08-17,2018-10-24,long,34323,0.9963,0.8606,-4657.63,-13.62,68,160420,160420,160420
2018-07-19,2018-10-24,long,37039,0.9938,0.9396,-2007.51,-5.45,97,161721,161721,161721
2018-06-21,2018-10-24,long,36107,0.996,0.906,-3249.63,-9.04,125,168204,168204,168204
2018-09-17,2018-10-24,long,35755,0.935,0.892,-1537.47,-4.6,37,160637,160637,160637
2018-07-19,2018-11-22,long,37446,0.983,0.987,149.78,0.41,126,160638,160638,160638
2018-06-21,2018-11-22,long,36399,0.988,0.979,-327.59,-0.91,154,167503,167503,167503
2018-09-17,2018-11-22,long,34430,0.971,0.948,-791.89,-2.37,66,161031,161031,161031
2018-08-17,2018-12-21,long,34991,0.9773,0.8793,-3429.12,-10.03,126,160137,160137,160137
2018-08-17,2018-12-21,long,34507,0.991,1.011,690.14,2.02,126,160633,160633,160633
2018-11-22,2018-12-21,long,26926,1.2608,1.161,-2687.21,-7.92,29,005323,005323,005323
2018-08-17,2018-12-21,long,10087,3.39,3.479,897.74,2.63,126,003106,003106,003106
2018-08-17,2018-12-21,long,10078,3.393,3.48,876.79,2.56,126,003105,003105,003105
2018-11-22,2018-12-21,long,26913,1.2614,1.1615,-2688.61,-7.92,29,005324,005324,005324
2018-12-21,2019-01-22,long,35561,0.904,0.922,640.1,1.99,32,161031,161031,161031
2018-09-17,2019-01-22,long,33199,1.007,1.103,3187.1,9.53,127,502053,502053,502053
2018-09-17,2019-01-22,long,34044,0.982,0.961,-714.92,-2.14,127,161030,161030,161030
2018-09-17,2019-01-22,long,34114,0.98,0.908,-2456.21,-7.35,127,165524,165524,165524
2018-09-17,2019-01-22,long,34306,0.9745,0.9341,-1385.96,-4.15,127,163114,163114,163114
2018-10-24,2019-02-27,long,31817,1.005,1.16,4931.64,15.42,126,161024,161024,161024
2018-10-24,2019-02-27,long,27941,1.1444,0.9915,-4272.18,-13.36,126,163113,163113,163113
2018-10-24,2019-02-27,long,28347,1.128,0.993,-3826.84,-11.97,126,161027,161027,161027
2019-01-22,2019-02-27,long,30088,1.0994,1.2863,5623.45,17.0,36,003853,003853,003853
2018-10-24,2019-02-27,long,30969,1.0325,1.2103,5506.29,17.22,126,502003,502003,502003
2018-10-24,2019-02-27,long,31912,1.002,1.164,5169.74,16.17,126,502013,502013,502013
2019-01-22,2019-02-27,long,27069,1.222,1.374,4114.49,12.44,36,003835,003835,003835
2018-10-24,2019-02-27,long,34235,0.934,1.182,8490.28,26.55,126,165523,165523,165523
2018-10-24,2019-02-27,long,31848,1.004,1.186,5796.34,18.13,126,164304,164304,164304
2019-01-22,2019-02-27,long,27129,1.2193,1.2233,108.52,0.33,36,003411,003411,003411
2019-01-22,2019-02-27,long,27874,1.1867,1.1901,94.77,0.29,36,003412,003412,003412
2018-11-22,2019-02-27,long,34395,0.987,1.026,1341.41,3.95,97,168203,168203,168203
2019-01-22,2019-02-27,long,27497,1.203,1.382,4921.96,14.88,36,002168,002168,002168
2018-10-24,2019-02-27,long,28299,1.1299,1.0089,-3424.18,-10.71,126,160419,160419,160419
2019-02-27,2019-03-28,long,34485,1.0158,0.9708,-1551.83,-4.43,29,004070,004070,004070
2019-02-27,2019-03-28,long,31174,1.1237,1.0703,-1664.69,-4.75,29,502010,502010,502010
2019-02-27,2019-03-28,long,22910,1.529,1.548,435.29,1.24,29,161810,161810,161810
2019-02-27,2019-03-28,long,24774,1.414,0.949,-11519.91,-32.89,29,160633,160633,160633
2019-02-27,2019-03-28,long,24092,1.454,0.883,-13756.53,-39.27,29,502053,502053,502053
2019-02-27,2019-03-28,long,33035,1.0604,1.0143,-1522.91,-4.35,29,501016,501016,501016
2018-12-21,2019-03-28,long,35831,0.8972,1.1022,7345.36,22.85,97,160422,160422,160422
2019-02-27,2019-03-28,long,35395,0.9897,0.9405,-1741.43,-4.97,29,512000,512000,512000
2019-02-27,2019-03-28,long,34206,1.0241,0.979,-1542.69,-4.4,29,004069,004069,004069
2019-02-27,2019-03-28,long,35774,0.9792,0.9328,-1659.91,-4.74,29,512570,512570,512570
2019-02-27,2019-03-28,long,34489,1.0157,0.9877,-965.69,-2.76,29,501048,501048,501048
2019-02-27,2019-03-28,long,28002,1.251,1.2207,-848.46,-2.42,29,004496,004496,004496
2019-02-27,2019-03-28,long,28383,1.2342,1.2042,-851.49,-2.43,29,004497,004497,004497
2019-02-27,2019-03-28,long,34957,1.0021,0.9531,-1712.89,-4.89,29,512900,512900,512900
2019-02-27,2019-03-28,long,33719,1.0389,0.9874,-1736.53,-4.96,29,512880,512880,512880
2019-03-28,2019-04-29,long,24672,1.359,1.376,419.42,1.25,32,001178,001178,001178
2019-03-28,2019-04-29,long,24283,1.3808,1.3779,-70.42,-0.21,32,519778,519778,519778
2018-12-21,2019-04-29,long,17848,1.8011,1.804,51.76,0.16,129,003254,003254,003254
2018-12-21,2019-04-29,long,32753,0.9815,1.2486,8748.33,27.21,129,160219,160219,160219
2019-03-28,2019-04-29,long,22503,1.49,1.51,450.06,1.34,32,001278,001278,001278
2019-03-28,2019-04-29,long,29412,1.14,1.137,-88.24,-0.26,32,519727,519727,519727
2019-03-28,2019-04-29,long,21950,1.5275,1.4737,-1180.91,-3.52,32,002407,002407,002407
2019-03-28,2019-04-29,long,22495,1.4905,1.5121,485.89,1.45,32,006216,006216,006216
2018-12-21,2019-04-29,long,17585,1.8281,1.8286,8.79,0.03,129,003255,003255,003255
2018-12-21,2019-04-29,long,30792,1.044,1.032,-369.5,-1.15,129,160632,160632,160632
2019-03-28,2019-04-29,long,22504,1.4899,1.5113,481.59,1.44,32,006217,006217,006217
2019-03-28,2019-04-29,long,22533,1.488,1.534,1036.52,3.09,32,001103,001103,001103
2019-03-28,2019-04-29,long,22533,1.488,1.509,473.19,1.41,32,002360,002360,002360
2019-03-28,2019-05-31,long,19266,1.7403,1.6946,-880.46,-2.63,64,006109,006109,006109
2019-03-28,2019-05-31,long,23780,1.41,1.397,-309.14,-0.92,64,519915,519915,519915
2019-04-29,2019-05-31,long,19686,1.699,1.603,-1889.86,-5.65,32,161810,161810,161810
2019-03-28,2019-05-31,long,24263,1.3819,1.2985,-2023.53,-6.04,64,003516,003516,003516
2019-04-29,2019-05-31,long,30805,1.0858,1.0277,-1789.77,-5.35,32,000755,000755,000755
2019-04-29,2019-05-31,long,11453,2.9204,2.724,-2249.37,-6.73,32,510850,510850,510850
2019-04-29,2019-05-31,long,5279,6.336,6.208,-675.71,-2.02,32,260104,260104,260104
2019-04-29,2019-05-31,long,28686,1.166,1.091,-2151.45,-6.43,32,001707,001707,001707
2019-05-31,2019-07-01,long,22558,1.4245,1.4949,1588.08,4.94,31,003190,003190,003190
2019-05-31,2019-07-01,long,11836,2.7148,2.9911,3270.29,10.18,31,159928,159928,159928
2019-03-28,2019-07-01,long,26409,1.2696,1.5448,7267.76,21.68,95,161725,161725,161725
2019-05-31,2019-07-01,long,20376,1.577,1.604,550.15,1.71,31,002621,002621,002621
2019-04-29,2019-07-01,long,23840,1.403,1.31,-2217.12,-6.63,63,001874,001874,001874
2019-05-31,2019-07-01,long,32376,0.9925,0.9973,155.4,0.48,31,163209,163209,163209
2019-04-29,2019-07-01,long,28060,1.192,1.262,1964.2,5.87,63,260109,260109,260109
2019-04-29,2019-07-01,long,38182,0.876,0.872,-152.73,-0.46,63,000971,000971,000971
2019-04-29,2019-07-01,long,26233,1.275,1.328,1390.35,4.16,63,002079,002079,002079
2019-05-31,2019-07-01,long,25167,1.2768,1.2617,-380.02,-1.18,31,003634,003634,003634
2019-05-31,2019-07-01,long,20273,1.585,1.612,547.37,1.7,31,002697,002697,002697
2019-04-29,2019-07-01,long,24063,1.39,1.351,-938.46,-2.81,63,210005,210005,210005
2019-05-31,2019-07-01,long,22599,1.4219,1.4903,1545.77,4.81,31,003191,003191,003191
2019-03-28,2019-07-01,long,28905,1.16,1.2755,3338.53,9.96,95,005106,005106,005106
2019-03-28,2019-07-01,long,31721,1.057,1.184,4028.57,12.02,95,160127,160127,160127
2019-05-31,2019-07-01,long,11935,2.6923,2.9655,3260.64,10.15,31,512600,512600,512600
2019-04-29,2019-07-01,long,27461,1.218,1.278,1647.66,4.93,63,161818,161818,161818
2019-04-29,2019-07-01,long,17925,1.866,1.936,1254.75,3.75,63,050026,050026,050026
2019-04-29,2019-07-01,long,27506,1.216,1.267,1402.81,4.19,63,001679,001679,001679
2019-07-30,2019-08-28,long,31110,1.084,1.1601,2367.47,7.02,29,005812,005812,005812
2019-07-30,2019-08-28,long,22157,1.522,1.5785,1251.87,3.71,29,003191,003191,003191
2019-07-30,2019-08-28,long,16269,2.0728,2.192,1939.26,5.75,29,003890,003890,003890
2019-07-30,2019-08-28,long,26512,1.272,1.308,954.43,2.83,29,260109,260109,260109
2019-07-30,2019-08-28,long,22054,1.5291,1.5877,1292.36,3.83,29,003190,003190,003190
2019-07-30,2019-08-28,long,28291,1.192,1.254,1754.04,5.2,29,001832,001832,001832
2019-07-30,2019-08-28,long,11638,2.8975,2.9944,1127.72,3.34,29,512600,512600,512600
2019-07-30,2019-08-28,long,11533,2.9239,3.0269,1187.9,3.52,29,159928,159928,159928
2019-07-30,2019-08-28,long,13446,2.508,2.667,2137.91,6.34,29,206007,206007,206007
2019-07-30,2019-08-28,long,16637,2.027,2.077,831.85,2.47,29,580008,580008,580008
2019-07-30,2019-08-28,long,26387,1.278,1.323,1187.41,3.52,29,001382,001382,001382
2019-07-30,2019-08-28,long,4985,6.764,6.976,1056.82,3.13,29,260104,260104,260104
2019-07-30,2019-08-28,long,15920,2.1182,2.24,1939.06,5.75,29,003889,003889,003889
2019-07-30,2019-08-28,long,19292,1.748,1.79,810.26,2.4,29,260108,260108,260108
2019-07-30,2019-08-28,long,17040,1.979,2.095,1976.64,5.86,29,000854,000854,000854
2019-08-28,2019-09-27,long,32875,1.074,1.096,723.25,2.05,30,001915,001915,001915
2019-08-28,2019-09-27,long,40725,0.867,0.887,814.5,2.31,30,000939,000939,000939
2019-08-28,2019-09-27,long,22371,1.5783,1.6359,1288.57,3.65,30,004075,004075,004075
2019-08-28,2019-09-27,long,23150,1.5252,1.6026,1791.81,5.07,30,004851,004851,004851
2019-08-28,2019-09-27,long,22036,1.6023,1.6425,885.85,2.51,30,005176,005176,005176
2019-08-28,2019-09-27,long,24802,1.4236,1.4901,1649.33,4.67,30,000913,000913,000913
2019-08-28,2019-09-27,long,12928,2.731,2.756,323.2,0.92,30,000751,000751,000751
2019-08-28,2019-09-27,long,22045,1.6016,1.7703,3718.99,10.53,30,005911,005911,005911
2019-08-28,2019-09-27,long,27823,1.269,1.327,1613.73,4.57,30,001766,001766,001766
2019-08-28,2019-09-27,long,32699,1.0798,1.1335,1755.94,4.97,30,161903,161903,161903
2019-08-28,2019-09-27,long,23985,1.4721,1.5245,1256.81,3.56,30,006113,006113,006113
2019-07-30,2019-09-27,long,17205,1.96,2.245,4903.43,14.54,59,050026,050026,050026
2019-08-28,2019-09-27,long,25378,1.3913,1.4499,1487.15,4.21,30,005689,005689,005689
2019-07-30,2019-11-04,long,33743,0.9994,1.0202,701.85,2.08,97,163209,163209,163209
2019-09-27,2019-11-04,long,20899,1.7537,1.7655,246.61,0.67,38,519778,519778,519778
2019-09-27,2019-11-04,long,31651,1.158,1.1559,-66.47,-0.18,38,001956,001956,001956
2019-09-27,2019-11-04,long,24755,1.4806,1.5042,584.22,1.59,38,005962,005962,005962
2019-09-27,2019-11-04,long,27991,1.3094,1.2998,-268.71,-0.73,38,006503,006503,006503
2019-09-27,2019-11-04,long,46899,0.7815,0.7872,267.32,0.73,38,001210,001210,001210
2019-07-30,2019-11-04,long,29848,1.1298,1.3362,6160.63,18.27,97,005682,005682,005682
2019-08-28,2019-11-04,long,29738,1.1873,1.3094,3631.01,10.28,68,006502,006502,006502
2019-09-27,2019-11-04,long,24977,1.4674,1.4895,551.99,1.51,38,005963,005963,005963
2019-09-27,2019-11-04,long,20168,1.8173,1.829,235.97,0.64,38,257070,257070,257070
2019-09-27,2019-11-04,long,24631,1.488,1.498,246.31,0.67,38,002482,002482,002482
2019-07-30,2019-11-04,long,5967,5.6507,6.3959,4446.61,13.19,97,960033,960033,960033
2019-09-27,2019-11-04,long,24781,1.479,1.478,-24.78,-0.07,38,519727,519727,519727
2019-09-27,2019-11-04,long,20430,1.794,1.791,-61.29,-0.17,38,000698,000698,000698
2019-09-27,2019-12-03,long,25461,1.4395,1.4016,-964.97,-2.63,67,501046,501046,501046
2019-11-04,2019-12-03,long,26220,1.4078,1.3497,-1523.38,-4.13,29,001984,001984,001984
2019-11-04,2019-12-03,long,29578,1.248,1.2775,872.55,2.36,29,004374,004374,004374
2019-11-04,2019-12-03,long,22495,1.6409,1.5392,-2287.74,-6.2,29,000913,000913,000913
2019-11-04,2019-12-03,long,17002,2.171,2.084,-1479.17,-4.01,29,161810,161810,161810
2019-08-28,2019-12-03,long,31666,1.115,1.193,2469.95,7.0,97,001480,001480,001480
2019-11-04,2019-12-03,long,22057,1.6735,1.6583,-335.27,-0.91,29,003516,003516,003516
2019-11-04,2019-12-03,long,23487,1.5716,1.4848,-2038.67,-5.52,29,005689,005689,005689
2019-07-30,2019-12-03,long,33264,1.0138,1.0298,532.22,1.58,126,004189,004189,004189
2019-09-27,2019-12-03,long,15335,2.39,2.336,-828.09,-2.26,67,720001,720001,720001
2019-11-04,2019-12-03,long,29778,1.2396,1.2686,863.56,2.34,29,004375,004375,004375
2019-11-04,2019-12-03,long,9302,3.9681,3.8411,-1181.35,-3.2,29,510350,510350,510350
2019-12-03,2020-01-02,long,30370,1.219,1.319,3037.0,8.2,30,161611,161611,161611
2019-11-04,2020-01-02,long,10347,3.5675,4.2087,6634.5,17.97,59,519674,519674,519674
2019-12-03,2020-01-02,long,19938,1.8568,2.0251,3355.57,9.06,30,519778,519778,519778
2019-11-04,2020-01-02,long,25786,1.4315,1.6645,6008.14,16.28,59,006879,006879,006879
2019-12-03,2020-01-02,long,30877,1.199,1.3429,4443.2,12.0,30,005496,005496,005496
2019-12-03,2020-01-02,long,23221,1.5943,1.763,3917.38,10.58,30,005962,005962,005962
2019-12-03,2020-01-02,long,31778,1.165,1.285,3813.36,10.3,30,519773,519773,519773
2019-12-03,2020-01-02,long,42849,0.864,0.976,4799.09,12.96,30,519005,519005,519005
2019-12-03,2020-01-02,long,28902,1.2809,1.451,4916.23,13.28,30,003956,003956,003956
2019-12-03,2020-01-02,long,19567,1.892,2.0743,3567.06,9.64,30,162703,162703,162703
2019-09-27,2020-01-02,long,20932,1.751,2.072,6719.17,18.33,97,001071,001071,001071
2019-12-03,2020-01-02,long,23052,1.606,1.777,3941.89,10.65,30,002482,002482,002482
2020-01-02,2020-02-07,long,30874,1.3223,1.4939,5297.98,12.98,36,001644,001644,001644
2019-11-04,2020-02-07,long,19555,1.8876,2.5209,12384.18,33.55,95,005911,005911,005911
2019-12-03,2020-02-07,long,30498,1.2139,1.5205,9350.69,25.26,66,005495,005495,005495
2020-01-02,2020-02-07,long,25238,1.6176,1.9836,9237.11,22.63,36,512760,512760,512760
2020-01-02,2020-02-07,long,32791,1.245,1.4,5082.6,12.45,36,003834,003834,003834
2019-11-04,2020-02-07,long,27092,1.3625,1.8437,13036.67,35.32,95,003745,003745,003745
2020-01-02,2020-02-07,long,29762,1.3717,1.5545,5440.49,13.33,36,540008,540008,540008
2020-01-02,2020-02-07,long,26551,1.5376,1.7763,6337.72,15.52,36,007491,007491,007491
2019-11-04,2020-02-07,long,20204,1.827,2.576,15132.8,41.0,95,000717,000717,000717
2020-01-02,2020-02-07,long,26441,1.544,1.7851,6374.93,15.62,36,007490,007490,007490
2020-01-02,2020-02-07,long,37352,1.093,1.214,4519.59,11.07,36,001790,001790,001790
2020-01-02,2020-02-07,long,34420,1.1861,1.3385,5245.61,12.85,36,005094,005094,005094
2020-01-02,2020-02-07,long,27088,1.5071,1.7653,6994.12,17.13,36,007341,007341,007341
2019-12-03,2020-02-07,long,36797,1.0061,1.2681,9640.81,26.04,66,002560,002560,002560
2019-11-04,2020-02-07,long,22746,1.6228,2.1487,11962.12,32.41,95,002939,002939,002939
2019-11-04,2020-02-07,long,34052,1.084,1.471,13178.12,35.7,95,320007,320007,320007
2020-01-02,2020-02-07,long,26945,1.5151,1.776,7029.95,17.22,36,007340,007340,007340
2020-01-02,2020-02-07,long,30252,1.3495,1.5254,5321.33,13.03,36,001643,001643,001643
2020-01-02,2020-02-07,long,29713,1.374,1.566,5704.9,13.97,36,001740,001740,001740
2020-03-09,2020-04-08,long,9087,5.181,4.9317,-2265.39,-4.81,30,519674,519674,519674
2020-03-09,2020-04-08,long,8560,5.5004,5.2511,-2134.01,-4.53,30,510530,510530,510530
2020-03-09,2020-04-08,long,30382,1.5497,1.31,-7282.57,-15.47,30,001643,001643,001643
2020-03-09,2020-04-08,long,26575,1.7717,1.7377,-903.55,-1.92,30,007301,007301,007301
2020-03-09,2020-04-08,long,26464,1.7791,1.7453,-894.48,-1.9,30,007300,007300,007300
2020-03-09,2020-04-08,long,22272,2.114,2.002,-2494.46,-5.3,30,000522,000522,000522
2020-03-09,2020-04-08,long,20371,2.3112,2.2137,-1986.17,-4.22,30,002939,002939,002939
2020-03-09,2020-04-08,long,31035,1.5171,1.282,-7296.33,-15.5,30,001644,001644,001644
2020-03-09,2020-04-08,long,24154,1.9493,1.9012,-1161.81,-2.47,30,512760,512760,512760
2020-03-09,2020-04-08,long,28867,1.631,1.5125,-3420.74,-7.27,30,001809,001809,001809
2020-03-09,2020-04-08,long,28890,1.6297,1.4041,-6517.58,-13.84,30,161903,161903,161903
2020-03-09,2020-04-08,long,24361,1.9327,1.8183,-2786.9,-5.92,30,003745,003745,003745
2020-03-09,2020-04-08,long,37132,1.268,1.143,-4641.5,-9.86,30,001790,001790,001790
2020-03-09,2020-04-08,long,18072,2.6052,2.4862,-2150.57,-4.57,30,162703,162703,162703
2020-03-09,2020-04-08,long,29818,1.579,1.3331,-7332.25,-15.57,30,540008,540008,540008
2020-03-09,2020-04-08,long,16308,2.887,2.735,-2478.82,-5.26,30,001410,001410,001410
2020-03-09,2020-04-08,long,25843,1.8219,1.775,-1212.04,-2.57,30,512480,512480,512480
2020-04-08,2020-05-09,long,27390,1.606,1.699,2547.27,5.79,31,004569,004569,004569
2020-04-08,2020-05-09,long,25462,1.7276,1.8548,3238.77,7.36,31,410007,410007,410007
2020-04-08,2020-05-09,long,23933,1.838,1.929,2177.9,4.95,31,002264,002264,002264
2020-04-08,2020-05-09,long,16713,2.632,2.877,4094.68,9.31,31,161810,161810,161810
2020-04-08,2020-05-09,long,33426,1.316,1.358,1403.89,3.19,31,398041,398041,398041
2020-04-08,2020-05-09,long,22792,1.93,2.012,1868.94,4.25,31,000362,000362,000362
2020-04-08,2020-05-09,long,22593,1.947,2.029,1852.63,4.21,31,000363,000363,000363
2020-04-08,2020-05-09,long,33000,1.333,1.41,2541.0,5.78,31,001749,001749,001749
2020-04-08,2020-05-09,long,26937,1.633,1.729,2585.95,5.88,31,001869,001869,001869
2020-04-08,2020-06-08,long,29843,1.474,1.766,8714.16,19.81,61,001915,001915,001915
2020-05-09,2020-06-08,long,42697,1.099,2.353,53542.04,114.1,30,000727,000727,000727
2020-04-08,2020-06-08,long,24854,1.7699,2.0335,6551.51,14.89,61,001984,001984,001984
2020-05-09,2020-06-08,long,29405,1.5958,2.5562,28240.56,60.18,30,004851,004851,004851
2020-03-09,2020-06-08,long,42881,1.098,1.094,-171.52,-0.36,91,502023,502023,502023
2020-04-08,2020-06-08,long,21760,2.0215,2.3746,7683.46,17.47,61,006003,006003,006003
2020-04-08,2020-06-08,long,14527,3.028,3.474,6479.04,14.73,61,270050,270050,270050
2020-03-09,2020-06-08,long,26217,1.7959,1.9364,3683.49,7.82,91,005311,005311,005311
2020-04-08,2020-06-08,long,35763,1.23,1.432,7224.13,16.42,61,001171,001171,001171
2020-04-08,2020-06-08,long,17730,2.481,2.865,6808.32,15.48,61,001717,001717,001717
2020-05-09,2020-06-08,long,26175,1.7927,2.6506,22455.53,47.86,30,257070,257070,257070
2020-05-09,2020-06-08,long,42543,1.103,2.058,40628.56,86.58,30,161616,161616,161616
2020-03-09,2020-06-08,long,26711,1.7627,1.8983,3622.01,7.69,91,005312,005312,005312
2020-04-08,2020-06-08,long,21514,2.0446,2.4041,7734.28,17.58,61,006002,006002,006002
2020-07-08,2020-08-06,long,14157,3.921,4.166,3468.47,6.25,29,000294,000294,000294
2020-07-08,2020-08-06,long,19975,2.779,2.9264,2944.32,5.3,29,003230,003230,003230
2020-07-08,2020-08-06,long,41140,1.3493,1.3562,283.87,0.51,29,161725,161725,161725
2020-07-08,2020-08-06,long,18984,2.924,3.106,3455.09,6.22,29,002621,002621,002621
2020-07-08,2020-08-06,long,25586,2.1695,2.2326,1614.48,2.91,29,005827,005827,005827
2020-07-08,2020-08-06,long,33148,1.6746,1.7006,861.85,1.55,29,512690,512690,512690
2020-07-08,2020-08-06,long,20127,2.758,2.9026,2910.36,5.24,29,003231,003231,003231
2020-07-08,2020-08-06,long,18474,3.0048,3.2646,4799.55,8.65,29,004851,004851,004851
2020-07-08,2020-08-06,long,38982,1.424,1.517,3625.33,6.53,29,519714,519714,519714
2020-07-08,2020-08-06,long,24794,2.2388,2.4226,4557.14,8.21,29,005621,005621,005621
2020-07-08,2020-08-06,long,28591,1.9415,2.0787,3922.69,7.07,29,004868,004868,004868
2020-07-08,2020-08-06,long,18991,2.923,3.102,3399.39,6.12,29,002697,002697,002697
2020-07-08,2020-08-06,long,22565,2.46,2.675,4851.47,8.74,29,002079,002079,002079
2020-07-08,2020-08-06,long,33567,1.6537,1.749,3198.94,5.76,29,004986,004986,004986
2020-07-08,2020-08-06,long,22759,2.439,2.832,8944.29,16.11,29,161616,161616,161616
2020-07-08,2020-08-06,long,24365,2.2783,2.4669,4595.24,8.28,29,005620,005620,005620
2020-07-08,2020-08-06,long,19656,2.824,3.043,4304.66,7.75,29,000727,000727,000727
2020-07-08,2020-08-06,long,36479,1.5217,1.6327,4049.17,7.29,29,005004,005004,005004
2020-07-08,2020-08-06,long,12785,4.3417,4.7281,4940.12,8.9,29,510630,510630,510630
2020-07-08,2020-08-06,long,23641,2.348,2.555,4893.69,8.82,29,001679,001679,001679
2020-08-06,2020-09-04,long,19956,2.971,2.884,-1736.17,-2.93,29,000431,000431,000431
2020-08-06,2020-09-04,long,26893,2.2047,2.1379,-1796.45,-3.03,29,004997,004997,004997
2020-08-06,2020-09-04,long,142118,0.4172,0.3995,-2515.49,-4.24,29,000906,000906,000906
2020-08-06,2020-09-04,long,25111,2.3611,2.1208,-6034.17,-10.18,29,512290,512290,512290
2020-08-06,2020-09-04,long,28651,2.0694,1.979,-2590.05,-4.37,29,001558,001558,001558
2020-08-06,2020-09-04,long,35890,1.652,1.489,-5850.07,-9.87,29,460010,460010,460010
2020-08-06,2020-09-04,long,20466,2.897,2.731,-3397.36,-5.73,29,270023,270023,270023
2020-08-06,2020-09-04,long,29136,2.035,1.9455,-2607.67,-4.4,29,001559,001559,001559
2020-08-06,2020-09-04,long,24274,2.4426,2.3742,-1660.34,-2.8,29,000977,000977,000977
2020-08-06,2020-09-04,long,22589,2.6248,2.4142,-4757.24,-8.02,29,501010,501010,501010
2020-08-06,2020-09-04,long,25011,2.3706,2.3059,-1618.21,-2.73,29,002542,002542,002542
2020-08-06,2020-09-04,long,22599,2.6236,2.4139,-4739.01,-7.99,29,501009,501009,501009
2020-08-06,2020-09-04,long,24389,2.431,2.4187,-299.98,-0.51,29,001606,001606,001606
2020-09-04,2020-10-12,long,33153,1.7283,1.7478,646.48,1.13,38,006299,006299,006299
2020-08-06,2020-10-12,long,40947,1.448,1.416,-1310.3,-2.21,67,001475,001475,001475
2020-08-06,2020-10-12,long,15685,3.78,3.9,1882.2,3.17,67,000746,000746,000746
2020-08-06,2020-10-12,long,17516,3.385,3.391,105.1,0.18,67,090018,090018,090018
2020-09-04,2020-10-12,long,33055,1.7334,1.7526,634.66,1.11,38,007193,007193,007193
2020-09-04,2020-10-12,long,31103,1.8422,1.845,87.09,0.15,38,004995,004995,004995
2020-09-04,2020-10-12,long,18149,3.157,3.324,3030.88,5.29,38,570008,570008,570008
2020-09-04,2020-10-12,long,41180,1.3914,1.4143,943.02,1.65,38,001385,001385,001385
2020-09-04,2020-10-12,long,42984,1.333,1.327,-257.9,-0.45,38,001301,001301,001301
2020-09-04,2020-10-12,long,20434,2.804,2.715,-1818.63,-3.17,38,519702,519702,519702
2020-09-04,2020-10-12,long,31358,1.8272,1.8504,727.51,1.27,38,006604,006604,006604
2020-09-04,2020-10-12,long,30794,1.8607,1.8862,785.25,1.37,38,007047,007047,007047
2020-09-04,2020-10-12,long,40345,1.4202,1.4441,964.25,1.68,38,001384,001384,001384
2020-09-04,2020-10-12,long,29500,1.9423,1.9326,-286.15,-0.5,38,512690,512690,512690
2020-08-06,2020-10-12,long,34036,1.742,1.714,-953.01,-1.61,67,004698,004698,004698
2020-10-12,2020-11-10,long,25607,2.274,2.339,1664.45,2.86,29,001576,001576,001576
2020-10-12,2020-11-10,long,15905,3.661,3.678,270.38,0.46,29,001694,001694,001694
2020-10-12,2020-11-10,long,129892,0.4483,0.4389,-1220.98,-2.1,29,000906,000906,000906
2020-10-12,2020-11-10,long,20186,2.8846,2.9999,2327.45,4.0,29,003961,003961,003961
2020-10-12,2020-11-10,long,35978,1.6185,1.6139,-165.5,-0.28,29,005368,005368,005368
2020-09-04,2020-11-10,long,22275,2.5723,2.8408,5980.84,10.44,67,570001,570001,570001
2020-10-12,2020-11-10,long,37972,1.5335,1.483,-1917.59,-3.29,29,004139,004139,004139
2020-10-12,2020-11-10,long,26342,2.2105,2.3389,3382.31,5.81,29,005969,005969,005969
2020-08-06,2020-11-10,long,42503,1.395,1.35,-1912.63,-3.23,96,001300,001300,001300
2020-10-12,2020-11-10,long,20038,2.9059,3.0216,2318.4,3.98,29,003962,003962,003962
2020-10-12,2020-11-10,long,34132,1.706,1.79,2867.09,4.92,29,000793,000793,000793
2020-11-10,2020-12-09,long,27035,2.237,2.2504,362.27,0.6,29,004812,004812,004812
2020-10-12,2020-12-09,long,24384,2.388,2.5244,3325.98,5.71,58,004997,004997,004997
2020-11-10,2020-12-09,long,27080,2.2333,2.2454,327.67,0.54,29,004813,004813,004813
2020-11-10,2020-12-09,long,25720,2.3514,2.3308,-529.83,-0.88,29,005668,005668,005668
2020-10-12,2020-12-09,long,27197,2.141,2.268,3454.02,5.93,58,002132,002132,002132
2020-10-12,2020-12-09,long,25929,2.2457,2.3815,3521.16,6.05,58,005968,005968,005968
2020-10-12,2020-12-09,long,20990,2.7742,2.9151,2957.49,5.08,58,001606,001606,001606
2020-08-06,2020-12-09,long,22005,2.6944,3.0957,8830.61,14.89,125,000336,000336,000336
2020-10-12,2020-12-09,long,41386,1.407,1.43,951.88,1.63,58,001476,001476,001476
2020-10-12,2021-01-08,long,16211,3.592,4.578,15984.05,27.45,88,000263,000263,000263
2020-12-09,2021-01-08,long,62708,0.9776,0.9942,1040.95,1.7,30,160135,160135,160135
2020-11-10,2021-01-08,long,47194,1.2815,1.3999,5587.77,9.24,59,004854,004854,004854
2020-11-10,2021-01-08,long,47275,1.2793,1.397,5564.27,9.2,59,004855,004855,004855
2020-12-09,2021-01-08,long,35714,1.7165,2.1308,14796.31,24.14,30,009067,009067,009067
2020-12-09,2021-01-08,long,159646,0.384,0.4054,3416.42,5.57,30,000593,000593,000593
2020-11-10,2021-01-08,long,30483,1.984,2.431,13625.9,22.53,59,001790,001790,001790
2020-12-09,2021-01-08,long,42720,1.435,1.137,-12730.56,-20.77,30,160632,160632,160632
2020-12-09,2021-01-08,long,39423,1.555,1.878,12733.63,20.77,30,160225,160225,160225
2020-12-09,2021-01-08,long,26468,2.3161,2.8717,14705.62,23.99,30,512690,512690,512690
2020-08-06,2021-01-08,long,31477,1.8836,2.9519,33626.88,56.72,155,002190,002190,002190
2020-12-09,2021-02-08,long,42747,1.4341,1.8116,16136.99,26.32,61,009147,009147,009147
2021-01-08,2021-02-08,long,40490,1.8026,1.6997,-4166.42,-5.71,31,515030,515030,515030
2021-01-08,2021-02-08,long,24118,3.0262,2.8246,-4862.19,-6.66,31,005940,005940,005940
2020-11-10,2021-02-08,long,35025,1.7267,2.2205,17295.34,28.6,90,515700,515700,515700
2020-11-10,2021-02-08,long,33633,1.7982,2.2813,16248.1,26.87,90,501057,501057,501057
2020-11-10,2021-02-08,long,33880,1.7851,2.2633,16201.42,26.79,90,501058,501058,501058
2021-01-08,2021-02-08,long,23696,3.0801,2.8758,-4841.09,-6.63,31,005939,005939,005939
2021-01-08,2021-02-08,long,33512,2.1779,2.1923,482.57,0.66,31,004745,004745,004745
2021-01-08,2021-02-08,long,28301,2.5789,2.4156,-4621.55,-6.33,31,002083,002083,002083
2020-12-09,2021-02-08,long,28903,2.121,2.801,19654.04,32.06,61,003834,003834,003834
2021-01-08,2021-02-08,long,21351,3.4184,3.0732,-7370.37,-10.1,31,540008,540008,540008
2020-11-10,2021-02-08,long,34406,1.7578,2.1676,14099.58,23.31,90,159806,159806,159806
2020-11-10,2021-02-08,long,26286,2.3008,2.9038,15850.46,26.21,90,400015,400015,400015
2021-01-08,2021-02-08,long,30147,2.421,2.59,5094.84,6.98,31,001951,001951,001951
2020-12-09,2021-02-08,long,44202,1.3869,1.6666,12363.3,20.17,61,005669,005669,005669
2021-01-08,2021-02-08,long,28448,2.5656,2.4028,-4631.33,-6.35,31,002084,002084,002084
2021-01-08,2021-02-08,long,31403,2.3242,2.1963,-4016.44,-5.5,31,005928,005928,005928
2021-01-08,2021-02-08,long,30797,2.3699,2.2408,-3975.89,-5.45,31,005927,005927,005927
2021-01-08,2021-02-08,long,22782,3.2037,2.9017,-6880.16,-9.43,31,001643,001643,001643
2021-03-16,2021-04-15,long,19888,3.481,3.324,-3122.42,-4.51,30,000594,000594,000594
2021-03-16,2021-04-15,long,89192,0.7762,0.7877,1025.71,1.48,30,378546,378546,378546
2021-03-16,2021-04-15,long,15907,4.352,4.264,-1399.82,-2.02,30,090018,090018,090018
2021-03-16,2021-04-15,long,68174,1.0155,0.9691,-3163.27,-4.57,30,160135,160135,160135
2021-03-16,2021-04-15,long,70001,0.989,0.949,-2800.04,-4.04,30,160416,160416,160416
2021-03-16,2021-04-15,long,108004,0.641,0.611,-3240.12,-4.68,30,163208,163208,163208
2021-03-16,2021-05-19,long,165585,0.4181,0.4151,-496.76,-0.72,64,007844,007844,007844
2021-04-15,2021-05-19,long,40732,1.6726,1.6987,1063.11,1.56,34,160125,160125,160125
2021-03-16,2021-05-19,long,64841,1.0677,1.1012,2172.17,3.14,64,162719,162719,162719
2021-03-16,2021-05-19,long,164836,0.42,0.4172,-461.54,-0.67,64,162411,162411,162411
2021-03-16,2021-05-19,long,32748,2.114,2.147,1080.68,1.56,64,000433,000433,000433
2021-04-15,2021-05-19,long,50354,1.353,1.4461,4687.96,6.88,34,008763,008763,008763
2021-03-16,2021-05-19,long,1071689,0.0646,0.0649,321.51,0.46,64,001481,001481,001481
2021-03-16,2021-05-19,long,64563,1.0723,1.1043,2066.02,2.98,64,004243,004243,004243
2021-03-16,2021-06-18,long,36807,1.8809,2.3124,15882.22,22.94,94,005297,005297,005297
2021-05-19,2021-06-18,long,31748,2.289,2.342,1682.64,2.32,30,090020,090020,090020
2021-04-15,2021-06-18,long,57541,1.184,1.149,-2013.93,-2.96,64,168203,168203,168203
2021-03-16,2021-06-18,long,43516,1.5909,1.7193,5587.45,8.07,94,008099,008099,008099
2021-03-16,2021-06-18,long,421627,0.1642,0.1754,4722.22,6.82,94,006679,006679,006679
2021-05-19,2021-06-18,long,15292,4.752,4.89,2110.3,2.9,30,010685,010685,010685
2021-05-19,2021-06-18,long,29358,2.4753,2.7463,7956.02,10.95,30,007553,007553,007553
2021-05-19,2021-06-18,long,24408,2.9773,3.3042,7978.98,10.98,30,002408,002408,002408
2021-03-16,2021-06-18,long,45912,1.5079,1.505,-133.14,-0.19,94,515210,515210,515210
2021-05-19,2021-06-18,long,45814,1.5862,1.6827,4421.05,6.08,30,002919,002919,002919
2021-05-19,2021-06-18,long,15254,4.764,4.905,2150.81,2.96,30,001717,001717,001717
2021-05-19,2021-06-18,long,20419,3.559,3.649,1837.71,2.53,30,002708,002708,002708
2021-04-15,2021-06-18,long,45178,1.508,1.4663,-1883.92,-2.77,64,008189,008189,008189
2021-03-16,2021-06-18,long,42735,1.62,1.613,-299.15,-0.43,94,502023,502023,502023
2021-03-16,2021-06-18,long,419837,0.1649,0.1758,4576.22,6.61,94,006680,006680,006680
2021-03-16,2021-06-18,long,35621,1.9435,2.3918,15968.89,23.07,94,005296,005296,005296
2021-03-16,2021-06-18,long,27297,2.5362,2.9335,10845.1,15.67,94,002943,002943,002943
2021-04-15,2021-06-18,long,45340,1.5026,1.4603,-1917.88,-2.82,64,008190,008190,008190
2021-05-19,2021-06-18,long,48444,1.5001,1.5938,4539.2,6.25,30,008279,008279,008279
2021-07-19,2021-08-17,long,50304,1.4575,1.5247,3380.43,4.61,29,011147,011147,011147
2021-07-19,2021-08-17,long,32152,2.2803,2.3666,2774.72,3.78,29,162201,162201,162201
2021-07-19,2021-08-17,long,23246,3.1539,3.288,3117.29,4.25,29,005928,005928,005928
2021-07-19,2021-08-17,long,28914,2.5357,2.6059,2029.76,2.77,29,004925,004925,004925
2021-07-19,2021-08-17,long,19479,3.7639,3.8936,2526.43,3.45,29,002190,002190,002190
2021-07-19,2021-08-17,long,22714,3.2278,3.3668,3157.25,4.31,29,005927,005927,005927
2021-07-19,2021-08-17,long,24839,2.9517,3.1141,4033.85,5.5,29,168401,168401,168401
2021-07-19,2021-08-17,long,50193,1.4607,1.5284,3398.07,4.63,29,011146,011146,011146
2021-07-19,2021-08-17,long,37285,1.9664,1.9986,1200.58,1.64,29,167001,167001,167001
2021-07-19,2021-09-15,long,22517,3.256,3.974,16167.21,22.05,58,000828,000828,000828
2021-07-19,2021-09-15,long,19428,3.7737,4.8159,20247.86,27.62,58,005939,005939,005939
2021-07-19,2021-09-15,long,58087,1.2622,1.516,14742.48,20.11,58,010136,010136,010136
2021-07-19,2021-09-15,long,21452,3.4177,3.8954,10247.62,13.98,58,003567,003567,003567
2021-07-19,2021-09-15,long,19677,3.726,4.448,14206.79,19.38,58,001298,001298,001298
2021-07-19,2021-09-15,long,18061,4.0594,4.9787,16603.48,22.65,58,400015,400015,400015
2021-07-19,2021-09-15,long,57945,1.2653,1.5204,14781.77,20.16,58,010135,010135,010135
2021-08-17,2021-09-15,long,30539,2.548,3.06,15635.97,20.09,29,001245,001245,001245
2021-08-17,2021-09-15,long,19483,3.9938,4.4763,9400.55,12.08,29,006154,006154,006154
2021-09-15,2021-10-25,long,22916,4.0311,3.6349,-9079.32,-9.83,40,005928,005928,005928
2021-07-19,2021-10-25,long,32770,2.2373,2.8383,19694.77,26.86,98,002296,002296,002296
2021-09-15,2021-10-25,long,24687,3.742,3.267,-11726.33,-12.69,40,590003,590003,590003
2021-09-15,2021-10-25,long,22368,4.13,3.7269,-9016.54,-9.76,40,005927,005927,005927
2021-09-15,2021-10-25,long,22105,4.179,3.694,-10720.93,-11.61,40,610006,610006,610006
2021-09-15,2021-10-25,long,46150,2.0017,1.7512,-11560.57,-12.51,40,009652,009652,009652
2021-09-15,2021-10-25,long,45971,2.0095,1.7588,-11524.93,-12.48,40,009651,009651,009651
2021-07-19,2021-10-25,long,27134,2.702,3.3471,17504.14,23.87,98,000689,000689,000689
2021-09-15,2021-10-25,long,18749,4.927,4.399,-9899.47,-10.72,40,610004,610004,610004
2021-07-19,2021-11-23,long,16110,4.551,5.4746,14879.2,20.29,127,000209,000209,000209
2021-10-25,2021-11-23,long,51198,1.6254,1.5967,-1469.38,-1.77,29,012148,012148,012148
2021-09-15,2021-11-23,long,25729,3.5905,3.1405,-11578.05,-12.53,69,167002,167002,167002
2021-08-17,2021-11-23,long,18682,4.165,4.7352,10652.48,13.69,98,006736,006736,006736
2021-10-25,2021-11-23,long,47569,1.7494,1.1668,-27713.7,-33.3,29,159863,159863,159863
2021-10-25,2021-11-23,long,51273,1.623,1.5939,-1492.04,-1.79,29,012149,012149,012149
2021-08-17,2021-11-23,long,37525,2.0736,2.3674,11024.85,14.17,98,009644,009644,009644
2021-08-17,2021-11-23,long,37736,2.062,2.3511,10909.48,14.02,98,009645,009645,009645
2021-10-25,2021-11-23,long,54994,1.5132,1.5061,-390.46,-0.47,29,159857,159857,159857
2021-09-15,2021-11-23,long,35438,2.6068,2.2694,-11956.78,-12.94,69,167001,167001,167001
2021-10-25,2021-11-23,long,23212,3.585,3.554,-719.57,-0.86,29,002258,002258,002258
2021-11-23,2021-12-22,long,45281,1.8261,1.6193,-9364.11,-11.32,29,398021,398021,398021
2021-11-23,2021-12-22,long,58454,1.4146,1.277,-8043.27,-9.73,29,010282,010282,010282
2021-11-23,2021-12-22,long,10004,8.265,8.0905,-1745.7,-2.11,29,660015,660015,660015
2021-11-23,2021-12-22,long,25616,3.228,3.068,-4098.56,-4.96,29,001822,001822,001822
2021-08-17,2021-12-22,long,18856,4.1267,4.5495,7972.32,10.25,127,001704,001704,001704
2021-11-23,2021-12-22,long,26786,3.087,2.934,-4098.26,-4.96,29,001933,001933,001933
2021-08-17,2021-12-22,long,24465,3.1806,3.304,3018.98,3.88,127,007689,007689,007689
2021-10-25,2021-12-22,long,49768,1.6721,1.7185,2309.24,2.77,58,010963,010963,010963
2021-11-23,2021-12-22,long,33486,2.4693,2.4322,-1242.33,-1.5,29,004139,004139,004139
2021-11-23,2021-12-22,long,58699,1.4087,1.2713,-8065.24,-9.75,29,010283,010283,010283
2021-11-23,2021-12-22,long,14508,5.6995,5.6107,-1288.31,-1.56,29,200015,200015,200015
2021-08-17,2021-12-22,long,24636,3.1585,3.2765,2907.05,3.74,127,007690,007690,007690
2021-11-23,2021-12-22,long,55392,1.4928,1.4208,-3988.22,-4.82,29,010676,010676,010676
2021-10-25,2021-12-22,long,27804,2.993,2.814,-4976.92,-5.98,58,001245,001245,001245
2021-11-23,2021-12-22,long,22365,3.6972,3.545,-3403.95,-4.12,29,000689,000689,000689
2021-12-22,2022-01-16,long,43880,1.7913,1.7848,-285.22,-0.36,25,009687,009687,009687
2021-11-23,2022-01-16,long,19905,4.154,3.8,-7046.37,-8.52,54,000729,000729,000729
2021-12-22,2022-01-16,long,71691,1.0964,1.0787,-1268.93,-1.61,25,159855,159855,159855
2021-12-22,2022-01-16,long,71907,1.0931,1.0822,-783.79,-1.0,25,159869,159869,159869
2021-12-22,2022-01-16,long,45356,1.733,1.737,181.42,0.23,25,002085,002085,002085
2021-12-22,2022-01-16,long,69887,1.1247,1.1194,-370.4,-0.47,25,159805,159805,159805
2021-12-22,2022-01-16,long,72225,1.0883,1.077,-816.14,-1.04,25,516010,516010,516010
2021-12-22,2022-01-16,long,43636,1.8013,1.7953,-261.82,-0.33,25,009686,009686,009686
2021-10-25,2022-01-16,long,51531,1.6149,1.5436,-3674.16,-4.42,83,010084,010084,010084
2021-12-22,2022-01-16,long,70149,1.1205,1.1155,-350.75,-0.45,25,012728,012728,012728
2021-12-22,2022-01-16,long,72591,1.0828,1.0739,-646.06,-0.82,25,516770,516770,516770
2021-12-22,2022-01-16,long,70249,1.1189,1.1137,-365.29,-0.46,25,012729,012729,012729
2021-12-22,2022-01-16,long,47870,1.642,1.593,-2345.63,-2.98,25,011230,011230,011230
2021-12-22,2022-01-16,long,46455,1.692,1.4601,-10772.91,-13.71,25,006926,006926,006926
2021-12-22,2022-01-16,long,46659,1.6846,1.4532,-10796.89,-13.74,25,011463,011463,011463
2021-07-19,2022-01-16,long,27646,2.652,3.2853,17508.21,23.88,181,005669,005669,005669
2021-12-22,2022-01-16,long,43838,1.793,1.8893,4221.6,5.37,25,005585,005585,005585
2021-12-22,2022-01-16,long,47649,1.6496,1.6008,-2325.27,-2.96,25,011229,011229,011229
2021-10-25,2022-01-16,long,54068,1.5391,1.496,-2330.33,-2.8,83,010085,010085,010085
2022-07-03,2022-09-29,long,82361,0.9247,0.8354,-7354.84,-9.66,88,970101,970101,970101
2022-07-24,2022-09-29,long,51784,1.4395,1.3833,-2910.26,-3.9,67,959993,959993,959993
2022-07-24,2022-09-29,long,71566,1.0416,1.0175,-1724.74,-2.31,67,970121,970121,970121
2022-07-03,2022-09-29,long,79548,0.9574,0.8612,-7652.52,-10.05,88,970113,970113,970113
2022-07-03,2022-09-29,long,79275,0.9607,0.8678,-7364.65,-9.67,88,970100,970100,970100
2022-07-24,2022-09-29,long,60305,1.2361,1.2088,-1646.33,-2.21,67,970120,970120,970120
2022-07-03,2022-09-29,long,80618,0.9447,0.8332,-8988.91,-11.8,88,970068,970068,970068
2022-07-03,2022-09-29,long,78653,0.9683,0.8694,-7778.78,-10.21,88,970114,970114,970114
2022-07-24,2022-09-29,long,51784,1.4395,1.3833,-2910.26,-3.9,67,959991,959991,959991
2022-07-24,2022-09-29,long,75213,0.9911,0.9692,-1647.16,-2.21,67,970119,970119,970119
2022-07-24,2022-09-29,long,81745,0.9119,0.8726,-3212.58,-4.31,67,970093,970093,970093
2022-07-24,2022-09-29,long,65613,1.1361,1.0872,-3208.48,-4.3,67,970094,970094,970094
2022-07-03,2022-09-29,long,78775,0.9668,0.8527,-8988.23,-11.8,88,970067,970067,970067
2022-07-03,2022-09-29,long,78361,0.9719,0.8743,-7648.03,-10.04,88,970112,970112,970112
2022-07-03,2022-09-29,long,79102,0.9628,0.8481,-9073.0,-11.91,88,970069,970069,970069
2022-07-03,2022-09-29,long,79565,0.9572,0.863,-7495.02,-9.84,88,970102,970102,970102
2022-07-24,2022-09-29,long,82151,0.9074,0.8671,-3310.69,-4.44,67,970095,970095,970095
2022-09-29,2022-11-02,long,30085,2.377,2.376,-30.08,-0.04,34,470021,470021,470021
2022-09-29,2022-11-02,long,30405,2.352,2.35,-60.81,-0.09,34,002418,002418,002418
2022-09-29,2022-11-02,long,32865,2.176,2.15,-854.49,-1.19,34,014834,014834,014834
2022-09-29,2022-11-02,long,26976,2.651,2.5708,-2163.48,-3.03,34,013484,013484,013484
2022-09-29,2022-11-02,long,46486,1.5384,1.5237,-683.34,-0.96,34,001404,001404,001404
2022-09-29,2022-11-02,long,26811,2.6673,2.588,-2126.11,-2.97,34,002296,002296,002296
2022-09-29,2022-11-02,long,49901,1.4331,1.3078,-6252.6,-8.74,34,008084,008084,008084
2022-09-29,2022-11-02,long,46950,1.5232,1.3725,-7075.37,-9.89,34,519005,519005,519005
2022-09-29,2022-11-02,long,43694,1.6367,1.4951,-6187.07,-8.65,34,009652,009652,009652
2022-09-29,2022-11-02,long,32834,2.178,2.153,-820.85,-1.15,34,002420,002420,002420
2022-09-29,2022-11-02,long,61029,1.1718,1.2229,3118.58,4.36,34,161127,161127,161127
2022-09-29,2022-11-02,long,43347,1.6498,1.5076,-6163.94,-8.62,34,009651,009651,009651
2022-09-29,2022-11-02,long,32925,2.172,2.145,-888.98,-1.24,34,014833,014833,014833
2022-09-29,2022-11-02,long,49354,1.449,1.3228,-6228.47,-8.71,34,008085,008085,008085
2022-09-29,2022-12-01,long,38887,1.839,1.7627,-2967.08,-4.15,63,004666,004666,004666
2022-11-02,2022-12-01,long,29602,2.3964,2.4084,355.22,0.5,29,161729,161729,161729
2022-09-29,2022-12-01,long,39115,1.8283,1.5821,-9630.11,-13.47,63,010052,010052,010052
2022-11-02,2022-12-01,long,28151,2.5199,2.4924,-774.15,-1.09,29,005763,005763,005763
2022-09-29,2022-12-01,long,64075,1.1161,1.1264,659.97,0.92,63,014737,014737,014737
2022-11-02,2022-12-01,long,28935,2.4517,2.4264,-732.06,-1.03,29,004616,004616,004616
2022-09-29,2022-12-01,long,63857,1.1199,1.1311,715.2,1.0,63,014736,014736,014736
2022-11-02,2022-12-01,long,61956,1.145,1.102,-2664.11,-3.76,29,163208,163208,163208
2022-11-02,2022-12-01,long,53726,1.3204,1.2963,-1294.8,-1.83,29,009907,009907,009907
2022-12-01,2022-12-30,long,66417,1.0506,0.9922,-3878.75,-5.56,29,378546,378546,378546
2022-11-02,2022-12-30,long,45127,1.572,1.497,-3384.52,-4.77,58,014982,014982,014982
2022-11-02,2022-12-30,long,88102,0.8052,0.7151,-7937.99,-11.19,58,007844,007844,007844
2022-11-02,2022-12-30,long,216611,0.3275,0.3117,-3422.45,-4.82,58,006679,006679,006679
2022-12-01,2022-12-30,long,61505,1.1345,1.0445,-5535.45,-7.93,29,159647,159647,159647
2022-11-02,2022-12-30,long,86840,0.8169,0.726,-7893.76,-11.13,58,162411,162411,162411
2022-11-02,2022-12-30,long,30003,2.3644,2.1712,-5796.58,-8.17,58,162719,162719,162719
2022-11-02,2022-12-30,long,44927,1.579,1.504,-3369.52,-4.75,58,160416,160416,160416
2022-11-02,2022-12-30,long,217808,0.3257,0.3099,-3441.37,-4.85,58,006680,006680,006680
2022-12-01,2022-12-30,long,62024,1.125,0.9953,-8044.51,-11.53,29,010434,010434,010434
2022-12-01,2022-12-30,long,64970,1.074,1.031,-2793.71,-4.0,29,513030,513030,513030
2022-12-01,2022-12-30,long,61380,1.1368,1.0443,-5677.65,-8.14,29,562390,562390,562390
2022-11-02,2022-12-30,long,30173,2.3511,2.158,-5826.41,-8.21,58,004243,004243,004243
2022-09-29,2022-12-30,long,38300,1.8672,1.8803,501.73,0.7,92,159845,159845,159845
2022-12-01,2022-12-30,long,28435,2.4539,2.3783,-2149.69,-3.08,29,005506,005506,005506
2022-12-01,2022-12-30,long,28182,2.4759,2.4,-2139.01,-3.07,29,005505,005505,005505
2022-12-30,2023-02-03,long,88434,0.7411,0.8017,5359.1,8.18,35,011924,011924,011924
2022-12-30,2023-02-03,long,52726,1.243,1.168,-3954.45,-6.03,35,000398,000398,000398
2022-12-30,2023-02-03,long,26128,2.5083,2.7615,6615.61,10.09,35,560010,560010,560010
2022-09-29,2023-02-03,long,28710,2.4909,2.7667,7918.22,11.07,127,512100,512100,512100
2022-12-30,2023-02-03,long,86956,0.7537,0.8086,4773.88,7.28,35,005142,005142,005142
2022-12-30,2023-02-03,long,60138,1.0898,1.1515,3710.51,5.66,35,003993,003993,003993
2022-12-30,2023-02-03,long,87724,0.7471,0.8013,4754.64,7.25,35,005143,005143,005143
2022-12-30,2023-02-03,long,91971,0.7126,0.754,3807.6,5.81,35,159792,159792,159792
2022-12-30,2023-02-03,long,89035,0.7361,0.7959,5324.29,8.12,35,011925,011925,011925
2022-12-30,2023-02-03,long,74552,0.8791,0.9297,3772.33,5.76,35,513770,513770,513770
2022-12-30,2023-03-03,long,64059,1.0231,1.0625,2523.92,3.85,63,008284,008284,008284
2023-02-03,2023-03-03,long,49768,1.4298,1.3,-6459.89,-9.08,28,006603,006603,006603
2023-02-03,2023-03-03,long,74279,0.958,0.843,-8542.08,-12.0,28,470888,470888,470888
2023-02-03,2023-03-03,long,65609,1.0846,0.9937,-5963.86,-8.38,28,513120,513120,513120
2022-12-30,2023-03-03,long,53257,1.2306,1.2343,197.05,0.3,63,159776,159776,159776
2023-02-03,2023-03-03,long,66121,1.0762,0.9934,-5474.82,-7.69,28,513280,513280,513280
2023-02-03,2023-03-03,long,37000,1.9232,1.85,-2708.4,-3.81,28,005970,005970,005970
2022-12-01,2023-03-03,long,147740,0.4723,0.6048,19575.55,28.05,92,513360,513360,513360
2022-12-30,2023-03-03,long,63224,1.0366,1.0269,-613.27,-0.94,63,159615,159615,159615
2023-02-03,2023-03-03,long,106734,0.6667,0.6248,-4472.15,-6.28,28,513700,513700,513700
2023-02-03,2023-03-03,long,69234,1.0278,0.9508,-5331.02,-7.49,28,014425,014425,014425
2023-02-03,2023-03-03,long,69160,1.0289,0.952,-5318.4,-7.47,28,014424,014424,014424
2022-12-30,2023-03-03,long,92989,0.7048,0.6983,-604.43,-0.92,63,159892,159892,159892
2022-12-30,2023-03-03,long,446145,0.1469,0.1537,3033.79,4.63,63,008285,008285,008285
2022-12-30,2023-03-03,long,63840,1.0266,1.0317,325.58,0.5,63,513200,513200,513200
2023-02-03,2023-03-03,long,74333,0.9573,0.8965,-4519.45,-6.35,28,159718,159718,159718
2023-02-03,2023-03-03,long,109526,0.6497,0.6047,-4928.67,-6.93,28,513060,513060,513060
2023-03-03,2023-04-03,long,40102,1.658,1.6364,-866.2,-1.3,31,004805,004805,004805
2023-03-03,2023-04-03,long,42539,1.563,1.594,1318.71,1.98,31,001829,001829,001829
2023-03-03,2023-04-03,long,35016,1.8988,1.8366,-2178.0,-3.28,31,004987,004987,004987
2023-03-03,2023-04-03,long,42474,1.5654,1.5494,-679.58,-1.02,31,006926,006926,006926
2023-03-03,2023-04-03,long,42838,1.5521,1.5228,-1255.15,-1.89,31,009954,009954,009954
2023-03-03,2023-04-03,long,84058,0.791,0.7685,-1891.31,-2.84,31,005142,005142,005142
2023-03-03,2023-04-03,long,42916,1.5493,1.5328,-708.11,-1.06,31,011463,011463,011463
2023-03-03,2023-04-03,long,47948,1.3867,1.3322,-2613.17,-3.93,31,510100,510100,510100
2022-12-01,2023-04-03,long,34927,1.9978,2.0843,3021.19,4.33,123,159629,159629,159629
2022-12-30,2023-04-03,long,34798,1.8834,2.0838,6973.52,10.64,94,159633,159633,159633
2023-03-03,2023-04-03,long,71341,0.932,0.9155,-1177.13,-1.77,31,512690,512690,512690
2023-03-03,2023-04-03,long,23856,2.7871,2.7838,-78.72,-0.12,31,159845,159845,159845
2023-04-03,2023-05-05,long,57382,1.2574,1.1033,-8842.57,-12.26,32,516630,516630,516630
2023-04-03,2023-05-05,long,59350,1.2157,1.0681,-8760.06,-12.14,32,159739,159739,159739
2023-04-03,2023-05-05,long,55712,1.2951,1.1369,-8813.64,-12.22,32,159890,159890,159890
2023-04-03,2023-05-05,long,52960,1.3624,1.2142,-7848.67,-10.88,32,161628,161628,161628
2023-04-03,2023-05-05,long,55116,1.3091,1.1397,-9336.65,-12.94,32,015412,015412,015412
2023-04-03,2023-05-05,long,56866,1.2688,1.1155,-8717.56,-12.08,32,516510,516510,516510
2023-04-03,2023-05-05,long,55285,1.3051,1.1358,-9359.75,-12.97,32,015413,015413,015413
2023-03-03,2023-06-05,long,69608,0.9552,1.541,40776.37,61.33,94,516770,516770,516770
2023-04-03,2023-06-05,long,37211,1.939,2.031,3423.41,4.74,63,001628,001628,001628
2023-05-05,2023-06-05,long,81272,0.9865,0.9593,-2210.6,-2.76,31,004752,004752,004752
2023-03-03,2023-06-05,long,65404,1.0166,1.5962,37908.16,57.01,94,012729,012729,012729
2023-03-03,2023-06-05,long,65327,1.0178,1.6164,39104.74,58.81,94,012768,012768,012768
2023-04-03,2023-06-05,long,81253,0.888,0.9542,5378.95,7.45,63,512980,512980,512980
2023-04-03,2023-06-05,long,59438,1.2139,1.3046,5391.03,7.47,63,159805,159805,159805
2023-05-05,2023-06-05,long,68356,1.1729,1.1437,-1996.0,-2.49,31,010677,010677,010677
2023-03-03,2023-06-05,long,70159,0.9477,1.5322,41007.94,61.68,94,516010,516010,516010
2023-04-03,2023-06-05,long,39996,1.804,2.028,8959.1,12.42,63,003397,003397,003397
2023-03-03,2023-06-05,long,65617,1.0133,1.608,39022.43,58.69,94,012769,012769,012769
2023-03-03,2023-06-05,long,69864,0.9517,1.5513,41890.45,63.0,94,159869,159869,159869
2023-05-05,2023-06-05,long,81545,0.9832,0.9559,-2226.18,-2.78,31,004753,004753,004753
2023-05-05,2023-06-05,long,67945,1.18,1.1508,-1983.99,-2.47,31,164818,164818,164818
2023-05-05,2023-06-05,long,79531,1.0081,1.0126,357.89,0.45,31,159747,159747,159747
2023-05-05,2023-06-05,long,38435,2.086,2.01,-2921.06,-3.64,31,015395,015395,015395
2023-03-03,2023-06-05,long,65077,1.0217,1.6054,37985.44,57.13,94,012728,012728,012728
2023-07-06,2023-08-04,long,22837,3.3883,3.3333,-1256.04,-1.62,29,161128,161128,161128
2023-07-06,2023-08-04,long,57608,1.3432,1.2218,-6993.61,-9.04,29,516770,516770,516770
2023-07-06,2023-08-04,long,51197,1.5114,1.3047,-10582.42,-13.68,29,006888,006888,006888
2023-07-06,2023-08-04,long,46263,1.6726,1.4613,-9775.37,-12.63,29,006718,006718,006718
2023-07-06,2023-08-04,long,26881,2.8786,2.7797,-2658.53,-3.44,29,001323,001323,001323
2023-07-06,2023-08-04,long,54825,1.4114,1.2901,-6650.27,-8.59,29,012729,012729,012729
2023-07-06,2023-08-04,long,54233,1.4268,1.301,-6822.51,-8.82,29,012768,012768,012768
2023-07-06,2023-08-04,long,60514,1.2787,1.2288,-3019.65,-3.9,29,515880,515880,515880
2023-07-06,2023-08-04,long,57988,1.3344,1.2103,-7196.31,-9.3,29,516010,516010,516010
2023-07-06,2023-08-04,long,44957,1.7212,1.5035,-9787.14,-12.65,29,006719,006719,006719
2023-07-06,2023-08-04,long,54527,1.4191,1.2936,-6843.14,-8.84,29,012769,012769,012769
2023-07-06,2023-08-04,long,51194,1.5115,1.3049,-10576.68,-13.67,29,006887,006887,006887
2023-07-06,2023-08-04,long,57382,1.3485,1.2221,-7253.08,-9.37,29,159869,159869,159869
2023-07-06,2023-08-04,long,27042,2.8614,2.7627,-2669.05,-3.45,29,002170,002170,002170
2023-07-06,2023-08-04,long,48651,1.5905,1.5423,-2344.98,-3.03,29,001322,001322,001322
2023-07-06,2023-08-04,long,54496,1.4199,1.2982,-6632.16,-8.57,29,012728,012728,012728
2023-08-04,2023-09-04,long,51309,1.4216,1.4319,528.48,0.72,31,001614,001614,001614
2023-08-04,2023-09-04,long,11338,6.433,6.568,1530.63,2.1,31,160213,160213,160213
2023-08-04,2023-09-04,long,27772,2.6264,2.4918,-3738.11,-5.12,31,159629,159629,159629
2023-07-06,2023-09-04,long,56268,1.3752,1.4154,2261.97,2.92,60,513300,513300,513300
2023-08-04,2023-09-04,long,59509,1.2257,1.1255,-5962.8,-8.17,31,510200,510200,510200
2023-07-06,2023-09-04,long,74225,1.0425,1.1041,4572.26,5.91,60,159747,159747,159747
2023-08-04,2023-10-11,long,60602,1.2036,1.0987,-6357.15,-8.72,68,002174,002174,002174
2023-07-06,2023-10-11,long,60105,1.2874,1.3326,2716.75,3.51,97,017093,017093,017093
2023-07-06,2023-10-11,long,59910,1.2916,1.3384,2803.79,3.62,97,017091,017091,017091
2023-09-04,2023-10-11,long,185163,0.3907,0.3856,-944.33,-1.31,37,000906,000906,000906
2023-08-04,2023-10-11,long,26342,2.769,2.768,-26.34,-0.04,68,270023,270023,270023
2023-08-04,2023-10-11,long,58918,1.238,1.1551,-4884.3,-6.7,68,016199,016199,016199
2023-08-04,2023-10-11,long,59224,1.2316,1.1478,-4962.97,-6.8,68,016202,016202,016202
2023-09-04,2023-10-11,long,56905,1.2713,1.2728,85.36,0.12,37,005698,005698,005698
2023-08-04,2023-10-11,long,61166,1.1925,1.1071,-5223.58,-7.16,68,016200,016200,016200
2023-08-04,2023-10-11,long,61023,1.1953,1.1097,-5223.57,-7.16,68,016201,016201,016201
2023-09-04,2023-11-09,long,57152,1.2658,1.2027,-3606.29,-4.98,66,017622,017622,017622
2023-08-04,2023-11-09,long,93730,0.7782,0.7394,-3636.72,-4.99,97,007844,007844,007844
2023-10-11,2023-11-09,long,212447,0.3312,0.3138,-3696.58,-5.25,29,006679,006679,006679
2023-09-04,2023-11-09,long,57197,1.2648,1.2015,-3620.57,-5.0,66,017623,017623,017623
2023-09-04,2023-11-09,long,29764,2.4305,2.2525,-5297.99,-7.32,66,162719,162719,162719
2023-08-04,2023-11-09,long,92225,0.7909,0.7522,-3569.11,-4.89,97,162411,162411,162411
2023-10-11,2023-11-09,long,214258,0.3284,0.3111,-3706.66,-5.27,29,006680,006680,006680
2023-10-11,2023-11-09,long,28021,2.511,2.523,336.25,0.48,29,001864,001864,001864
2023-10-11,2023-11-09,long,28896,2.435,2.4504,445.0,0.63,29,159629,159629,159629
2023-10-11,2023-11-09,long,44802,1.5705,1.5826,542.1,0.77,29,519185,519185,519185
2023-10-11,2023-11-09,long,32925,2.137,2.1457,286.45,0.41,29,519212,519212,519212
2023-10-11,2023-11-09,long,41292,1.704,1.7109,284.91,0.4,29,519191,519191,519191
2023-10-11,2023-11-09,long,627676,0.1121,0.1048,-4582.03,-6.51,29,001481,001481,001481
2023-09-04,2023-11-09,long,30009,2.4107,2.2328,-5338.6,-7.38,66,004243,004243,004243
2023-10-11,2023-11-09,long,45156,1.5582,1.5694,505.75,0.72,29,015566,015566,015566
2023-10-11,2023-11-09,long,33035,2.1299,2.1376,254.37,0.36,29,017787,017787,017787
2023-11-09,2023-12-08,long,50469,1.369,1.217,-7671.29,-11.1,29,001056,001056,001056
2023-11-09,2023-12-08,long,63323,1.0911,1.0878,-208.97,-0.3,29,009414,009414,009414
2023-08-04,2023-12-08,long,53649,1.3596,1.3414,-976.41,-1.34,126,008729,008729,008729
2023-11-09,2023-12-08,long,52577,1.3141,1.2716,-2234.52,-3.23,29,006603,006603,006603
2023-11-09,2023-12-08,long,93748,0.737,0.669,-6374.86,-9.23,29,470888,470888,470888
2023-11-09,2023-12-08,long,54484,1.2681,1.2063,-3367.11,-4.87,29,018567,018567,018567
2023-08-04,2023-12-08,long,53191,1.3713,1.3314,-2122.32,-2.91,126,008728,008728,008728
2023-11-09,2023-12-08,long,45491,1.5188,1.3753,-6527.96,-9.45,29,010500,010500,010500
2023-11-09,2023-12-08,long,61612,1.1214,1.0594,-3819.94,-5.53,29,015916,015916,015916
2023-11-09,2023-12-08,long,67644,1.0214,0.9093,-7582.89,-10.98,29,159622,159622,159622
2023-11-09,2023-12-08,long,94195,0.7335,0.6389,-8910.85,-12.9,29,013356,013356,013356
2023-11-09,2023-12-08,long,94881,0.7282,0.6341,-8928.3,-12.92,29,013357,013357,013357
2023-11-09,2023-12-08,long,94131,0.734,0.666,-6400.91,-9.26,29,017873,017873,017873
2023-11-09,2023-12-08,long,61393,1.1254,1.0635,-3800.23,-5.5,29,015915,015915,015915
2023-08-04,2023-12-08,long,27860,2.6181,2.4073,-5872.89,-8.05,126,159633,159633,159633
2023-11-09,2023-12-08,long,59235,1.1664,1.0978,-4063.52,-5.88,29,001900,001900,001900
2023-11-09,2023-12-08,long,45011,1.535,1.3904,-6508.59,-9.42,29,007718,007718,007718
2023-11-09,2023-12-08,long,50322,1.373,1.3634,-483.09,-0.7,29,018566,018566,018566
2023-11-09,2024-01-08,long,37786,1.8285,1.6682,-6057.1,-8.77,60,018658,018658,018658
2023-12-08,2024-01-08,long,47848,1.3604,1.1753,-8856.66,-13.61,31,004727,004727,004727
2023-12-08,2024-01-08,long,75165,0.866,0.784,-6163.53,-9.47,31,570006,570006,570006
2023-12-08,2024-01-08,long,39102,1.6647,1.7635,3863.28,5.94,31,519185,519185,519185
2023-12-08,2024-01-08,long,36146,1.8008,1.9149,4124.26,6.34,31,519191,519191,519191
2023-12-08,2024-01-08,long,28794,2.2606,2.4006,4031.16,6.19,31,519212,519212,519212
2023-12-08,2024-01-08,long,39447,1.6501,1.7471,3826.36,5.88,31,015566,015566,015566
2023-12-08,2024-01-08,long,48887,1.3315,1.1506,-8843.66,-13.59,31,004726,004726,004726
2023-12-08,2024-02-06,long,64023,1.0167,0.8375,-11472.92,-17.63,60,017519,017519,017519
2024-01-08,2024-02-06,long,66369,0.9971,0.8198,-11767.22,-17.78,29,017523,017523,017523
2024-01-08,2024-02-06,long,61235,1.0807,0.8886,-11763.24,-17.78,29,018114,018114,018114
2024-01-08,2024-02-06,long,66576,0.994,0.817,-11783.95,-17.81,29,017524,017524,017524
2023-12-08,2024-02-06,long,57984,1.1226,0.9219,-11637.39,-17.88,60,018121,018121,018121
2024-01-08,2024-02-06,long,56315,1.1751,1.0463,-7253.37,-10.96,29,016308,016308,016308
2023-12-08,2024-02-06,long,61536,1.0578,0.8756,-11211.86,-17.22,60,017513,017513,017513
2023-12-08,2024-02-06,long,63992,1.0172,0.8376,-11492.96,-17.66,60,017526,017526,017526
2023-12-08,2024-02-06,long,63816,1.02,0.8403,-11467.74,-17.62,60,017525,017525,017525
2023-12-08,2024-02-06,long,57912,1.124,0.9234,-11617.15,-17.85,60,018120,018120,018120
2024-01-08,2024-02-06,long,65366,1.0124,0.8339,-11667.83,-17.63,29,017520,017520,017520
2023-12-08,2024-02-06,long,60715,1.0721,0.8896,-11080.49,-17.02,60,017517,017517,017517
2023-12-08,2024-02-06,long,56226,1.1577,0.9544,-11430.75,-17.56,60,018112,018112,018112
2023-12-08,2024-02-06,long,61373,1.0606,0.8784,-11182.16,-17.18,60,017512,017512,017512
2023-12-08,2024-02-06,long,60891,1.069,0.8867,-11100.43,-17.05,60,017518,017518,017518
2024-01-08,2024-02-06,long,66609,0.9935,0.8192,-11609.95,-17.54,29,017516,017516,017516
2024-01-08,2024-02-06,long,66409,0.9965,0.8219,-11595.01,-17.52,29,017515,017515,017515
2023-12-08,2024-02-06,long,56343,1.1553,0.952,-11454.53,-17.6,60,018113,018113,018113
2024-01-08,2024-02-06,long,55925,1.1833,1.054,-7231.1,-10.93,29,016307,016307,016307
2024-03-12,2024-04-12,long,32793,1.646,1.6456,-13.12,-0.02,31,162201,162201,162201
2024-03-12,2024-04-12,long,37108,1.4546,1.3812,-2723.73,-5.05,31,006718,006718,006718
2024-03-12,2024-04-12,long,35882,1.5043,1.3704,-4804.6,-8.9,31,001454,001454,001454
2024-03-12,2024-04-12,long,25688,2.1013,1.8034,-7652.46,-14.18,31,008728,008728,008728
2024-03-12,2024-04-12,long,54678,0.9872,0.9524,-1902.79,-3.53,31,017103,017103,017103
2024-03-12,2024-04-12,long,273585,0.1973,0.1817,-4267.93,-7.91,31,003720,003720,003720
2024-03-12,2024-04-12,long,46937,1.15,1.0865,-2980.5,-5.52,31,018956,018956,018956
2024-03-12,2024-04-12,long,35425,1.5237,1.3882,-4800.09,-8.89,31,001453,001453,001453
2024-03-12,2024-04-12,long,36108,1.4949,1.4192,-2733.38,-5.06,31,006719,006719,006719
2024-03-12,2024-04-12,long,25490,2.1176,1.8192,-7606.22,-14.09,31,008729,008729,008729
2024-03-12,2024-04-12,long,57879,0.9326,0.9384,335.7,0.62,31,014807,014807,014807
2024-03-12,2024-04-12,long,54342,0.9933,0.9587,-1880.23,-3.48,31,017102,017102,017102
2024-03-12,2024-04-12,long,24065,2.243,2.057,-4476.09,-8.29,31,012847,012847,012847
2024-03-12,2024-04-12,long,59936,0.9006,0.8701,-1828.05,-3.39,31,015097,015097,015097
2024-03-12,2024-04-12,long,47113,1.1457,1.0819,-3005.81,-5.57,31,018957,018957,018957
2024-03-12,2024-04-12,long,25485,2.118,1.942,-4485.36,-8.31,31,001706,001706,001706
2024-03-12,2024-04-12,long,94915,0.5687,0.5748,578.98,1.07,31,012382,012382,012382
2024-03-12,2024-04-12,long,276104,0.1955,0.18,-4279.61,-7.93,31,012867,012867,012867
2024-03-12,2024-04-12,long,58973,0.9153,0.8849,-1792.78,-3.32,31,015096,015096,015096
2024-04-12,2024-05-16,long,17015,2.9909,3.0196,488.33,0.96,34,005660,005660,005660
2024-04-12,2024-05-16,long,28615,1.7785,1.7117,-1911.48,-3.76,34,005402,005402,005402
2024-04-12,2024-05-16,long,21861,2.3279,2.3096,-400.06,-0.79,34,020199,020199,020199
2024-04-12,2024-05-16,long,21841,2.3301,2.3126,-382.22,-0.75,34,519183,519183,519183
2024-04-12,2024-05-16,long,24813,2.051,2.048,-74.44,-0.15,34,260117,260117,260117
2024-04-12,2024-05-16,long,29796,1.708,1.62,-2622.05,-5.15,34,001302,001302,001302
2024-04-12,2024-05-16,long,17470,2.913,2.9396,464.7,0.91,34,005661,005661,005661
2024-04-12,2024-05-16,long,29008,1.7544,1.6879,-1929.03,-3.79,34,010235,010235,010235
2024-05-16,2024-06-17,long,29156,1.7584,1.5949,-4767.01,-9.3,32,673073,673073,673073
2024-04-12,2024-06-17,long,46883,1.0855,1.1119,1237.71,2.43,66,015110,015110,015110
2024-04-12,2024-06-17,long,41218,1.2347,1.168,-2749.24,-5.4,66,019879,019879,019879
2024-04-12,2024-06-17,long,59032,0.8621,0.8691,413.22,0.81,66,011740,011740,011740
2024-04-12,2024-06-17,long,47460,1.0723,1.0976,1200.74,2.36,66,015111,015111,015111
2024-04-12,2024-06-17,long,60092,0.8469,0.8529,360.55,0.71,66,011741,011741,011741
2024-04-12,2024-06-17,long,39217,1.2977,1.225,-2851.08,-5.6,66,018505,018505,018505
2024-05-16,2024-06-17,long,47462,1.0802,1.0482,-1518.78,-2.96,32,014031,014031,014031
2024-04-12,2024-06-17,long,39135,1.3004,1.2285,-2813.81,-5.53,66,018504,018504,018504
2024-05-16,2024-06-17,long,47035,1.09,0.993,-4562.4,-8.9,32,671010,671010,671010
2024-04-12,2024-06-17,long,56862,0.895,0.855,-2274.48,-4.47,66,015901,015901,015901
2024-05-16,2024-06-17,long,51624,0.9931,1.0668,3804.69,7.42,32,014807,014807,014807
2024-05-16,2024-06-17,long,51954,0.9868,1.0597,3787.45,7.39,32,014808,014808,014808
2024-04-12,2024-06-17,long,56340,0.9033,0.8639,-2219.8,-4.36,66,015900,015900,015900
2024-04-12,2024-06-17,long,37979,1.34,1.1835,-5943.71,-11.68,66,517520,517520,517520
2024-05-16,2024-06-17,long,28619,1.7914,1.6251,-4759.34,-9.28,32,673071,673071,673071
2024-05-16,2024-06-17,long,48085,1.0662,1.034,-1548.34,-3.02,32,014032,014032,014032
2024-05-16,2024-06-17,long,47914,1.07,0.974,-4599.74,-8.97,32,011060,011060,011060
2024-03-12,2024-06-17,long,15014,3.5951,3.5566,-578.04,-1.07,97,159925,159925,159925
2024-06-17,2024-07-15,long,50959,0.964,0.9295,-1758.09,-3.58,28,970185,970185,970185
2024-06-17,2024-07-15,long,48978,1.003,0.9686,-1684.84,-3.43,28,880006,880006,880006
2024-06-17,2024-07-15,long,32097,1.5305,1.4636,-2147.29,-4.37,28,161037,161037,161037
2024-06-17,2024-07-15,long,48332,1.0164,0.9804,-1739.95,-3.54,28,970184,970184,970184
2024-07-15,2024-08-13,long,25643,1.9014,1.9029,38.46,0.08,29,020533,020533,020533
2024-07-15,2024-08-13,long,58233,0.8373,0.7667,-4111.25,-8.43,29,004244,004244,004244
2024-07-15,2024-08-13,long,58302,0.8363,0.7747,-3591.4,-7.37,29,015751,015751,015751
2024-07-15,2024-08-13,long,32823,1.4855,1.3595,-4135.7,-8.48,29,159509,159509,159509
2024-07-15,2024-08-13,long,15600,3.1254,2.7084,-6505.2,-13.34,29,001323,001323,001323
2024-07-15,2024-08-13,long,56808,0.8583,0.7444,-6470.43,-13.27,29,015152,015152,015152
2024-07-15,2024-08-13,long,31109,1.5673,1.5687,43.55,0.09,29,020532,020532,020532
2024-07-15,2024-08-13,long,60599,0.8046,0.7382,-4023.77,-8.25,29,012584,012584,012584
2024-07-15,2024-08-13,long,57791,0.8437,0.7817,-3583.04,-7.35,29,010350,010350,010350
2024-07-15,2024-08-13,long,56303,0.866,0.7513,-6457.95,-13.24,29,580001,580001,580001
2024-07-15,2024-08-13,long,56961,0.856,0.7652,-5172.06,-10.61,29,014191,014191,014191
2024-07-15,2024-08-13,long,57498,0.848,0.7577,-5192.07,-10.65,29,014192,014192,014192
2024-07-15,2024-08-13,long,15726,3.1004,2.6862,-6513.71,-13.36,29,002170,002170,002170
2024-07-15,2024-08-13,long,28036,1.7391,1.5058,-6540.8,-13.41,29,001322,001322,001322
2024-08-13,2024-09-11,long,42305,1.0715,1.0332,-1620.28,-3.57,29,513190,513190,513190
2024-08-13,2024-09-11,long,55382,0.8185,0.7944,-1334.71,-2.94,29,013108,013108,013108
2024-08-13,2024-09-11,long,39925,1.1354,1.0964,-1557.07,-3.43,29,020423,020423,020423
2024-08-13,2024-09-11,long,33363,1.3587,1.3055,-1774.91,-3.92,29,010365,010365,010365
2024-08-13,2024-09-11,long,42238,1.0732,1.0322,-1731.76,-3.82,29,006809,006809,006809
2024-08-13,2024-09-11,long,39854,1.1374,1.0986,-1546.34,-3.41,29,020422,020422,020422
2024-07-15,2024-09-11,long,46547,1.0475,0.9828,-3011.59,-6.18,58,513050,513050,513050
2024-07-15,2024-09-11,long,59295,0.8223,0.7739,-2869.88,-5.89,58,006327,006327,006327
2024-08-13,2024-09-11,long,62585,0.7243,0.6946,-1858.77,-4.1,29,005646,005646,005646
2024-08-13,2024-09-11,long,54477,0.8321,0.8079,-1318.34,-2.91,29,013107,013107,013107
2024-07-15,2024-09-11,long,422884,0.1153,0.1087,-2791.03,-5.72,58,006329,006329,006329
2024-08-13,2024-09-11,long,38777,1.169,1.1233,-1772.11,-3.91,29,501025,501025,501025
2024-08-13,2024-09-11,long,43147,1.0506,1.0101,-1747.45,-3.85,29,006810,006810,006810
2024-07-15,2024-09-11,long,60895,0.8007,0.7531,-2898.6,-5.94,58,006328,006328,006328
2024-08-13,2024-09-11,long,41733,1.0862,1.0159,-2933.83,-6.47,29,513910,513910,513910
2024-07-15,2024-10-18,long,33173,1.4698,1.4001,-2312.16,-4.74,95,020070,020070,020070
2024-09-11,2024-10-18,long,17482,2.519,2.5,-332.16,-0.75,37,000369,000369,000369
2024-09-11,2024-10-18,long,34032,1.294,1.308,476.45,1.08,37,016278,016278,016278
2024-09-11,2024-10-18,long,32669,1.348,1.3623,467.17,1.06,37,160140,160140,160140
2024-09-11,2024-10-18,long,218662,0.2014,0.2016,43.73,0.1,37,005615,005615,005615
2024-09-11,2024-10-18,long,242236,0.1818,0.1838,484.47,1.1,37,000180,000180,000180
2024-09-11,2024-10-18,long,124437,0.3539,0.3508,-385.75,-0.88,37,000370,000370,000370
2024-09-11,2024-10-18,long,125537,0.3508,0.3475,-414.27,-0.94,37,016281,016281,016281
2024-08-13,2024-10-18,long,39332,1.1525,1.2698,4613.64,10.18,66,513730,513730,513730
2024-09-11,2024-10-18,long,218662,0.2014,0.2016,43.73,0.1,37,005614,005614,005614
2024-09-11,2024-10-18,long,30748,1.4322,1.4345,70.72,0.16,37,019495,019495,019495
2024-09-11,2024-10-18,long,17636,2.497,2.477,-352.72,-0.8,37,016280,016280,016280
2024-09-11,2024-10-18,long,242236,0.1818,0.1835,411.8,0.94,37,016279,016279,016279
2024-07-15,2024-10-18,long,33545,1.4535,1.4594,197.92,0.41,95,020069,020069,020069
2024-09-11,2024-10-18,long,30712,1.4339,1.4368,89.06,0.2,37,005613,005613,005613
2024-09-11,2024-10-18,long,34032,1.294,1.31,544.51,1.24,37,000179,000179,000179
2024-09-11,2024-10-18,long,33481,1.3153,1.3289,455.34,1.03,37,160141,160141,160141
2024-10-18,2024-11-18,long,11323,4.002,4.0324,344.22,0.76,31,159300,159300,159300
2024-10-18,2024-11-18,long,40648,1.1148,1.129,577.2,1.27,31,007882,007882,007882
2024-10-18,2024-11-18,long,40431,1.1208,1.1351,578.16,1.28,31,000950,000950,000950
2024-10-18,2024-11-18,long,54426,0.8326,0.8431,571.47,1.26,31,512070,512070,512070
2024-10-18,2024-11-18,long,30605,1.4806,1.5131,994.66,2.2,31,513090,513090,513090
2024-08-13,2024-12-17,long,38118,1.1892,1.5834,15026.12,33.15,126,512200,512200,512200
2024-11-18,2024-12-17,long,38435,1.3002,1.157,-5503.89,-11.01,29,017516,017516,017516
2024-11-18,2024-12-17,long,38221,1.3075,1.1638,-5492.36,-10.99,29,017515,017515,017515
2024-10-18,2024-12-17,long,36883,1.2286,1.3284,3680.92,8.12,60,017513,017513,017513
2024-10-18,2025-01-16,long,32575,1.3911,1.377,-459.31,-1.01,90,159851,159851,159851
2024-09-11,2025-01-16,long,19503,2.258,2.7811,10202.02,23.17,127,510580,510580,510580
2024-11-18,2025-01-16,long,36313,1.3762,1.254,-4437.45,-8.88,59,014275,014275,014275
2024-10-18,2025-01-16,long,37854,1.1971,1.1798,-654.87,-1.45,90,516860,516860,516860
2024-10-18,2025-01-16,long,39872,1.1365,1.1214,-602.07,-1.33,90,516100,516100,516100
2024-11-18,2025-01-16,long,36501,1.3691,1.2465,-4475.02,-8.95,59,014276,014276,014276
2024-10-18,2025-02-21,long,29546,1.5337,1.877,10143.14,22.38,126,021299,021299,021299
2024-10-18,2025-02-21,long,36689,1.2351,1.5642,12074.35,26.65,126,017512,017512,017512
2024-12-17,2025-02-21,long,32948,1.4369,1.6434,6803.76,14.37,66,014283,014283,014283
2025-01-16,2025-02-21,long,34723,1.3115,1.5544,8434.22,18.52,36,017513,017513,017513
2024-10-18,2025-02-21,long,36432,1.2438,1.5566,11395.93,25.15,126,018128,018128,018128
2024-10-18,2025-02-21,long,11536,3.9279,3.9144,-155.74,-0.34,126,510310,510310,510310
2024-10-18,2025-02-21,long,22820,1.9857,1.9631,-515.73,-1.14,126,516160,516160,516160
2024-10-18,2025-02-21,long,36686,1.2352,1.5437,11317.63,24.98,126,018129,018129,018129
2024-10-18,2025-02-21,long,29513,1.5354,1.8807,10190.84,22.49,126,021298,021298,021298
2024-10-18,2025-02-21,long,14285,3.1722,3.4165,3489.83,7.7,126,563330,563330,563330
2024-11-18,2025-03-24,long,20888,2.3924,2.5877,4079.43,8.16,126,516300,516300,516300
2025-02-21,2025-03-24,long,33233,1.6365,1.5523,-2798.22,-5.15,31,005542,005542,005542
2024-12-17,2025-03-24,long,36530,1.296,1.4673,6257.59,13.22,97,015642,015642,015642
2024-12-17,2025-03-24,long,36342,1.3027,1.4766,6319.87,13.35,97,015641,015641,015641
2024-12-17,2025-04-22,long,37425,1.265,1.7474,18053.82,38.13,126,018124,018124,018124
2025-02-21,2025-04-22,long,38997,1.3946,1.1948,-7791.6,-14.33,60,007713,007713,007713
2025-01-16,2025-04-22,long,36817,1.2369,1.4316,7168.27,15.74,96,016530,016530,016530
2025-01-16,2025-04-22,long,27861,1.6345,1.8371,5644.64,12.4,96,021490,021490,021490
2025-02-21,2025-04-22,long,32971,1.6495,1.4661,-6046.88,-11.12,60,019458,019458,019458
2025-01-16,2025-04-22,long,29791,1.5286,1.7342,6125.03,13.45,96,018125,018125,018125
2025-02-21,2025-04-22,long,27733,1.961,1.722,-6628.19,-12.19,60,001765,001765,001765
2025-03-24,2025-04-22,long,41152,1.3249,1.3297,197.53,0.36,29,016244,016244,016244
2025-02-21,2025-04-22,long,39452,1.3785,1.1799,-7835.17,-14.41,60,017968,017968,017968
2025-02-21,2025-04-22,long,28048,1.939,1.703,-6619.33,-12.17,60,001770,001770,001770
2025-01-16,2025-04-22,long,37196,1.2243,1.4149,7089.56,15.57,96,016531,016531,016531
2025-02-21,2025-04-22,long,29091,1.8695,1.5441,-9466.21,-17.41,60,019865,019865,019865
2025-03-24,2025-04-22,long,40706,1.3394,1.3449,223.88,0.41,29,016243,016243,016243
2025-02-21,2025-04-22,long,28873,1.8836,1.5568,-9435.7,-17.35,60,019864,019864,019864
2025-03-24,2025-04-22,long,63911,0.8531,0.7167,-8717.46,-15.99,29,006689,006689,006689
2025-02-21,2025-04-22,long,33379,1.6293,1.3096,-10671.27,-19.62,60,005541,005541,005541
2025-02-21,2025-04-22,long,32715,1.6624,1.479,-5999.93,-11.03,60,019457,019457,019457
2025-01-16,2025-04-22,long,27759,1.6405,1.8467,5723.91,12.57,96,021489,021489,021489
2025-04-22,2025-05-26,long,28984,1.6455,1.716,2043.37,4.28,34,014279,014279,014279
2025-04-22,2025-05-26,long,36584,1.3037,1.3085,175.6,0.37,34,015916,015916,015916
2025-04-22,2025-05-26,long,23256,2.0508,2.0397,-258.14,-0.54,34,006720,006720,006720
2025-04-22,2025-05-26,long,33322,1.4313,1.3628,-2282.56,-4.79,34,022150,022150,022150
2025-04-22,2025-05-26,long,29401,1.6222,1.6911,2025.73,4.25,34,014280,014280,014280
2025-04-22,2025-05-26,long,36266,1.3151,1.3201,181.33,0.38,34,015915,015915,015915
2025-04-22,2025-05-26,long,33162,1.4382,1.3699,-2264.96,-4.75,34,001900,001900,001900
2025-04-22,2025-06-25,long,33997,1.4029,1.5975,6615.82,13.87,64,009414,009414,009414
2025-04-22,2025-06-25,long,23715,2.0111,2.2495,5653.66,11.85,64,016304,016304,016304
2025-04-22,2025-06-25,long,22277,2.1409,2.3201,3992.04,8.37,64,014283,014283,014283
2025-05-26,2025-06-25,long,32176,1.5211,1.5457,791.53,1.62,30,016244,016244,016244
2025-04-22,2025-06-25,long,23461,2.0329,2.2754,5689.29,11.93,64,016303,016303,016303
2025-05-26,2025-06-25,long,31794,1.5394,1.5651,817.11,1.67,30,016243,016243,016243
2025-04-22,2025-06-25,long,34596,1.3786,1.5688,6580.16,13.8,64,010321,010321,010321
2025-05-26,2025-06-25,long,21718,2.2536,2.4665,4623.76,9.45,30,005689,005689,005689
2025-06-25,2025-07-24,long,27723,1.9138,2.2169,8402.84,15.84,29,006603,006603,006603
2025-04-22,2025-07-24,long,29773,1.6019,1.735,3962.79,8.31,93,014939,014939,014939
2025-05-26,2025-07-24,long,40269,1.2154,1.5839,14839.13,30.32,59,011826,011826,011826
2025-06-25,2025-07-24,long,31315,1.6943,1.9402,7700.36,14.51,29,022690,022690,022690
2025-03-24,2025-07-24,long,20252,2.6922,2.8693,3586.63,6.58,122,510100,510100,510100
2025-04-22,2025-07-24,long,29410,1.6217,1.7581,4011.52,8.41,93,014938,014938,014938
2025-06-25,2025-07-24,long,31383,1.6906,1.9353,7679.42,14.47,29,022691,022691,022691
2025-06-25,2025-07-24,long,33402,1.5884,1.8556,8925.01,16.82,29,019916,019916,019916
2025-06-25,2025-07-24,long,33691,1.5748,1.8388,8894.42,16.76,29,019917,019917,019917
2025-06-25,2025-07-24,long,32224,1.6465,1.9222,8884.16,16.74,29,001900,001900,001900
2025-05-26,2025-07-24,long,40946,1.1953,1.5568,14801.98,30.24,59,011827,011827,011827
2025-07-24,2025-08-22,long,45257,1.3452,1.5182,7829.46,12.86,29,008284,008284,008284
2025-07-24,2025-08-22,long,22033,2.763,2.9322,3727.98,6.12,29,006881,006881,006881
2025-05-26,2025-08-22,long,38103,1.2845,1.9715,26176.76,53.48,88,020398,020398,020398
2025-05-26,2025-08-22,long,37727,1.2973,1.9964,26374.95,53.89,88,020397,020397,020397
2025-07-24,2025-08-22,long,325560,0.187,0.2114,7943.66,13.05,29,019036,019036,019036
2025-04-22,2025-08-22,long,50847,0.938,1.503,28728.55,60.23,122,017873,017873,017873
2025-07-24,2025-08-22,long,14414,4.2234,4.462,3439.18,5.65,29,159393,159393,159393
2025-04-22,2025-08-22,long,32487,1.4681,2.2033,23884.44,50.08,122,022286,022286,022286
2025-06-25,2025-08-22,long,33830,1.5683,1.9923,14343.92,27.04,58,015915,015915,015915
2025-07-24,2025-08-22,long,323141,0.1884,0.2129,7916.95,13.0,29,008285,008285,008285
2025-04-22,2025-08-22,long,50257,0.949,1.516,28495.72,59.75,122,470888,470888,470888
2025-07-24,2025-08-22,long,31084,1.9585,2.0109,1628.8,2.68,29,022852,022852,022852
2025-07-24,2025-08-22,long,31194,1.9516,2.0028,1597.13,2.62,29,022853,022853,022853
2025-04-22,2025-08-22,long,32576,1.4641,2.1935,23760.93,49.82,122,022287,022287,022287
2025-07-24,2025-08-22,long,44269,1.3752,1.452,3399.86,5.58,29,001563,001563,001563
2025-06-25,2025-08-22,long,34168,1.5528,1.9713,14299.31,26.95,58,015916,015916,015916
2025-07-24,2025-08-22,long,40686,1.4963,1.536,1615.23,2.65,29,010434,010434,010434
2025-07-24,2025-08-22,long,45602,1.335,1.5077,7875.47,12.94,29,019035,019035,019035
2025-07-24,2025-08-22,long,44584,1.3655,1.4413,3379.47,5.55,29,019200,019200,019200
2025-08-22,2025-09-22,long,37198,1.7705,1.8858,4288.93,6.51,31,011412,011412,011412
2025-08-22,2025-09-22,long,49678,1.3257,1.6231,14774.24,22.43,31,970101,970101,970101
2025-08-22,2025-09-22,long,14005,4.7024,5.1178,5817.68,8.83,31,001438,001438,001438
2025-08-22,2025-09-22,long,38893,1.6933,2.1864,19178.14,29.12,31,014581,014581,014581
2025-08-22,2025-09-22,long,11344,5.8052,6.3191,5829.68,8.85,31,001437,001437,001437
2025-08-22,2025-09-22,long,47793,1.378,1.6872,14777.6,22.44,31,970100,970100,970100
2025-08-22,2025-09-22,long,36537,1.8025,1.9205,4311.37,6.55,31,010115,010115,010115
2025-08-22,2025-09-22,long,33337,1.9755,2.1105,4500.5,6.83,31,011891,011891,011891
2025-08-22,2025-09-22,long,49218,1.3381,1.6372,14721.1,22.35,31,970102,970102,970102
2025-08-22,2025-09-22,long,33865,1.9447,2.0768,4473.57,6.79,31,011892,011892,011892
2025-08-22,2025-09-22,long,38633,1.7047,2.2018,19204.46,29.16,31,000531,000531,000531
2025-08-22,2025-10-29,long,25429,2.5899,3.6142,26046.92,39.55,68,002112,002112,002112
2025-09-22,2025-10-29,long,38385,2.0748,2.2049,4993.89,6.27,37,006888,006888,006888
2025-09-22,2025-10-29,long,68286,1.1663,1.2238,3926.45,4.93,37,010415,010415,010415
2025-08-22,2025-10-29,long,26192,2.5144,3.3134,20927.41,31.78,68,018956,018956,018956
2025-09-22,2025-10-29,long,29929,2.661,2.779,3531.62,4.43,37,002692,002692,002692
2025-09-22,2025-10-29,long,30785,2.587,2.699,3447.92,4.33,37,011120,011120,011120
2025-08-22,2025-10-29,long,30230,2.1786,2.9631,23715.44,36.01,68,515880,515880,515880
2025-09-22,2025-10-29,long,59724,1.3335,1.3823,2914.53,3.66,37,006430,006430,006430
2025-09-22,2025-10-29,long,38296,2.0796,2.2102,5001.46,6.28,37,006887,006887,006887
2025-08-22,2025-10-29,long,24447,2.6939,3.76,26062.95,39.57,68,001412,001412,001412
2025-09-22,2025-10-29,long,69849,1.1402,1.1959,3890.59,4.89,37,010416,010416,010416
2025-08-22,2025-10-29,long,26519,2.4834,3.2688,20828.02,31.63,68,018957,018957,018957
2025-09-22,2025-11-27,long,18922,4.2089,4.1218,-1648.11,-2.07,66,501046,501046,501046
2025-10-29,2025-11-27,long,32620,2.6079,2.2324,-12248.81,-14.4,29,017491,017491,017491
2025-10-29,2025-11-27,long,32035,2.6555,2.2746,-12202.13,-14.34,29,017490,017490,017490
2025-09-22,2025-11-27,long,21897,3.637,3.598,-853.98,-1.07,66,001480,001480,001480
2025-10-29,2025-11-27,long,20409,4.1681,3.5859,-11882.12,-13.97,29,006502,006502,006502
2025-10-29,2025-11-27,long,51680,1.6461,1.4079,-12310.18,-14.47,29,014915,014915,014915
2025-10-29,2025-11-27,long,53175,1.5998,1.3675,-12352.55,-14.52,29,014916,014916,014916
2025-09-22,2025-11-27,long,38051,2.093,2.069,-913.22,-1.15,66,021528,021528,021528
2025-10-29,2025-11-27,long,21569,3.9441,3.3911,-11927.66,-14.02,29,006503,006503,006503
2025-10-29,2025-12-26,long,79616,1.0685,1.0869,1464.93,1.72,58,011900,011900,011900
2025-10-29,2025-12-26,long,35534,2.394,2.448,1918.84,2.26,58,740001,740001,740001
2025-11-27,2025-12-26,long,41792,1.8085,1.8039,-192.24,-0.25,29,018156,018156,018156
2025-11-27,2025-12-26,long,29721,2.543,2.881,10045.7,13.29,29,002692,002692,002692
2025-11-27,2025-12-26,long,30599,2.47,2.796,9975.27,13.2,29,011120,011120,011120
2025-11-27,2025-12-26,long,41426,1.8245,1.8207,-157.42,-0.21,29,018155,018155,018155
2025-08-22,2025-12-26,long,51792,1.2716,1.7503,24792.83,37.65,126,016371,016371,016371
2025-10-29,2025-12-26,long,77874,1.0924,1.1121,1534.12,1.8,58,011899,011899,011899
2025-10-29,2025-12-26,long,36092,2.357,2.408,1840.69,2.16,58,016579,016579,016579
2025-08-22,2025-12-26,long,50864,1.2948,1.7859,24979.31,37.93,126,016370,016370,016370
2025-08-22,2026-01-28,long,25989,2.5341,3.9074,35690.69,54.19,159,022364,022364,022364
2025-12-26,2026-01-28,long,16463,5.1137,5.409,4861.52,5.77,33,005775,005775,005775
2025-12-26,2026-01-28,long,48224,1.7458,1.7518,289.34,0.34,33,002125,002125,002125
2025-12-26,2026-01-28,long,17498,4.8113,5.0856,4799.7,5.7,33,005776,005776,005776
2025-11-27,2026-01-28,long,23876,3.1655,3.6107,10629.6,14.06,62,018956,018956,018956
2025-12-26,2026-01-28,long,24475,3.4398,3.6505,5156.88,6.13,33,004320,004320,004320
2025-12-26,2026-01-28,long,41763,2.0159,2.1411,5228.73,6.21,33,011369,011369,011369
2025-11-27,2026-01-28,long,54579,1.3848,1.606,12072.87,15.97,62,011815,011815,011815
2025-10-29,2026-01-28,long,38423,2.214,2.272,2228.53,2.62,91,021523,021523,021523
2025-11-27,2026-01-28,long,35484,2.13,2.394,9367.78,12.39,62,290014,290014,290014
2025-12-26,2026-01-28,long,49208,1.7109,1.9148,10033.51,11.92,33,014191,014191,014191
2025-08-22,2026-01-28,long,26121,2.5213,3.8775,35425.3,53.79,159,022365,022365,022365
2025-12-26,2026-01-28,long,49090,1.715,1.7201,250.36,0.3,33,018291,018291,018291
2025-12-26,2026-01-28,long,42958,1.9598,2.0803,5176.44,6.15,33,011370,011370,011370
2025-10-29,2026-01-28,long,10009,8.499,8.731,2322.09,2.73,91,720001,720001,720001
2025-11-27,2026-01-28,long,41099,1.839,2.132,12042.01,15.93,62,290008,290008,290008
2025-11-27,2026-01-28,long,24213,3.1215,3.5569,10542.34,13.95,62,018957,018957,018957
2026-01-28,2026-03-06,long,34306,2.5912,2.3102,-9639.99,-10.84,37,561330,561330,561330
2026-01-28,2026-03-06,long,44007,2.02,1.903,-5148.82,-5.79,37,019207,019207,019207
2026-01-28,2026-03-06,long,52187,1.7034,1.595,-5657.07,-6.36,37,016341,016341,016341
2026-01-28,2026-03-06,long,43533,2.042,1.924,-5136.89,-5.78,37,001365,001365,001365
2026-01-28,2026-03-06,long,51186,1.7367,1.6271,-5609.99,-6.31,37,016340,016340,016340
2026-01-28,2026-03-06,long,44505,1.9974,1.7083,-12866.4,-14.47,37,009854,009854,009854
2026-01-28,2026-03-06,long,42507,2.0913,1.7901,-12803.11,-14.4,37,009853,009853,009853
2026-01-28,2026-03-06,long,22459,3.958,3.362,-13385.56,-15.06,37,001302,001302,001302
2026-01-28,2026-03-06,long,47119,1.8866,1.7362,-7086.7,-7.97,37,004321,004321,004321
2026-01-28,2026-03-06,long,41995,2.1168,1.9565,-6731.8,-7.57,37,560860,560860,560860
2026-01-28,2026-03-06,long,49008,1.8139,1.6728,-6915.03,-7.78,37,024195,024195,024195
2026-01-28,2026-03-06,long,48943,1.8163,1.6754,-6896.07,-7.76,37,024194,024194,024194
2026-01-28,2026-03-06,long,33709,2.6371,2.3511,-9640.77,-10.85,37,159690,159690,159690
2026-03-06,2026-04-07,long,53577,1.528,1.4275,-5384.49,-6.58,32,021855,021855,021855
2026-03-06,2026-04-07,long,53732,1.5236,1.4232,-5394.69,-6.59,32,021856,021856,021856
2026-03-06,2026-04-07,long,24878,3.2906,2.9073,-9535.74,-11.65,32,004666,004666,004666
2026-03-06,2026-04-07,long,48504,1.6878,1.5872,-4879.5,-5.96,32,023145,023145,023145
2026-03-06,2026-04-07,long,29764,2.7505,2.429,-9569.13,-11.69,32,010052,010052,010052
2026-01-28,2026-04-07,long,45122,1.9701,1.5658,-18242.82,-20.52,69,159206,159206,159206
2025-12-26,2026-04-07,long,62917,1.3381,1.3349,-201.33,-0.24,102,015790,015790,015790
2026-03-06,2026-04-07,long,45506,1.799,1.6132,-8455.01,-10.33,32,009394,009394,009394
2026-03-06,2026-04-07,long,14629,5.596,4.934,-9684.4,-11.83,32,161810,161810,161810
2026-03-06,2026-04-07,long,48433,1.6903,1.5899,-4862.67,-5.94,32,023144,023144,023144
2026-01-28,2026-04-07,long,42701,2.0818,1.7546,-13971.77,-15.72,69,018656,018656,018656
2026-03-06,2026-04-07,long,47588,1.7203,1.6144,-5039.57,-6.16,32,561360,561360,561360
2026-01-28,2026-04-07,long,43973,2.0216,1.6183,-17734.31,-19.95,69,159218,159218,159218
2026-01-28,2026-04-07,long,11618,7.651,6.4495,-13959.03,-15.7,69,519095,519095,519095
2025-12-26,2026-04-07,long,62059,1.3566,1.3548,-111.71,-0.13,102,015789,015789,015789
2026-03-06,2026-04-07,long,51004,1.6051,1.5131,-4692.37,-5.73,32,561570,561570,561570
2026-04-07,2026-05-11,long,60827,1.2185,1.4087,11569.3,15.61,34,005328,005328,005328
2026-03-06,2026-05-11,long,50252,1.6291,1.4586,-8567.97,-10.47,66,561760,561760,561760
2026-04-07,2026-05-11,long,47065,1.5748,2.0779,23678.4,31.95,34,016874,016874,016874
2026-04-07,2026-05-11,long,46292,1.6011,2.1136,23724.65,32.01,34,016873,016873,016873
2026-04-07,2026-05-11,long,46845,1.5822,2.1442,26326.89,35.52,34,010416,010416,010416
2026-04-07,2026-05-11,long,27856,2.6607,3.5604,25062.04,33.81,34,011369,011369,011369
2026-04-07,2026-05-11,long,32198,2.3019,2.9441,20677.56,27.9,34,020722,020722,020722
2026-04-07,2026-05-11,long,32513,2.2796,2.9143,20636.0,27.84,34,020723,020723,020723
2026-04-07,2026-05-11,long,43052,1.7216,2.3153,25559.97,34.49,34,002862,002862,002862
2026-03-06,2026-05-11,long,50625,1.6171,1.447,-8611.31,-10.52,66,563150,563150,563150
2026-04-07,2026-05-11,long,45726,1.6209,2.1974,26361.04,35.57,34,010415,010415,010415
2026-04-07,2026-05-11,long,26916,2.7537,3.4026,17465.79,23.56,34,168002,168002,168002
2026-03-06,2026-05-11,long,48367,1.6926,1.512,-8735.08,-10.67,66,159309,159309,159309
2026-04-07,2026-05-11,long,32733,2.2643,3.1012,27394.25,36.96,34,011452,011452,011452
2026-04-07,2026-05-11,long,18121,4.09,6.348,40917.22,55.21,34,004320,004320,004320
2026-04-07,2026-05-11,long,11384,6.5104,9.194,30550.1,41.22,34,006265,006265,006265
2026-04-07,2026-05-11,long,32101,2.3089,3.1632,27423.88,37.0,34,008528,008528,008528
2026-04-07,2026-05-11,long,37536,1.9746,2.4389,17427.96,23.51,34,022124,022124,022124
2026-04-07,2026-05-11,long,28701,2.5824,3.4536,25004.31,33.74,34,011370,011370,011370
2026-06-09,2026-07-09,long,36335,2.5663,2.5718,199.84,0.21,30,010415,010415,010415
2026-06-09,2026-07-09,long,17510,5.3253,5.5408,3773.4,4.05,30,017491,017491,017491
2026-06-09,2026-07-09,long,18191,5.126,5.245,2164.73,2.32,30,005903,005903,005903
2026-06-09,2026-07-09,long,17583,5.303,5.426,2162.71,2.32,30,001170,001170,001170
2026-06-09,2026-07-09,long,17113,5.4489,5.6731,3836.73,4.11,30,017490,017490,017490
2026-06-09,2026-07-09,long,11158,8.357,8.807,5021.1,5.38,30,001480,001480,001480
2026-06-09,2026-07-09,long,21944,4.2493,4.3861,3001.94,3.22,30,011369,011369,011369
2026-06-09,2026-07-09,long,43114,2.1628,2.1204,-1828.03,-1.96,30,008984,008984,008984
2026-06-09,2026-07-09,long,11103,8.3984,8.6825,3154.36,3.38,30,006502,006502,006502
2026-06-09,2026-07-09,long,18480,5.0458,5.1612,2132.59,2.29,30,015576,015576,015576
2026-06-09,2026-07-09,long,22632,4.12,4.2506,2955.74,3.17,30,011370,011370,011370
2026-06-09,2026-07-09,long,17764,5.249,5.37,2149.44,2.31,30,017612,017612,017612
2026-06-09,2026-07-09,long,19450,4.794,5.051,4998.65,5.36,30,021528,021528,021528
2026-06-09,2026-07-09,long,11790,7.9087,8.1709,3091.34,3.32,30,006503,006503,006503
2026-06-09,2026-07-09,long,37252,2.5031,2.5074,160.18,0.17,30,010416,010416,010416
2026-06-09,2026-07-09,long,41127,2.2673,2.2243,-1768.46,-1.9,30,008983,008983,008983
2026-06-09,2026-07-09,long,34201,2.7264,2.7608,1176.51,1.26,30,014023,014023,014023
2026-06-09,2026-08-07,long,9070,10.2804,9.2718,-9148.0,-9.81,59,501046,501046,501046
2026-07-09,2026-08-07,long,31807,2.9903,2.0089,-31215.39,-32.82,29,018815,018815,018815
2026-07-09,2026-08-07,long,38241,2.4872,1.9301,-21304.06,-22.4,29,024423,024423,024423
2026-07-09,2026-08-07,long,32323,2.9426,1.9758,-31249.88,-32.86,29,018816,018816,018816
2026-06-09,2026-08-07,long,27525,3.3877,3.0451,-9430.06,-10.11,59,014915,014915,014915
2026-06-09,2026-08-07,long,28457,3.2767,2.9416,-9535.94,-10.23,59,014916,014916,014916
2026-07-09,2026-08-07,long,22922,4.1493,3.0796,-24519.66,-25.78,29,002163,002163,002163
2026-07-09,2026-08-07,long,22713,4.1876,3.1088,-24502.78,-25.76,29,001198,001198,001198
2026-07-09,2026-08-07,long,38405,2.4766,1.9213,-21326.3,-22.42,29,024424,024424,024424
2026-07-09,2026-08-14,long,22637,4.2016,1.0532,-71270.33,-74.93,36,588710,588710,588710
2026-07-09,2026-08-14,long,21782,4.3666,3.4451,-20072.11,-21.1,36,005844,005844,005844
2026-07-09,2026-08-14,long,22062,4.3112,3.3999,-20105.1,-21.14,36,017811,017811,017811
2026-07-09,2026-08-14,long,14380,6.614,5.133,-21296.78,-22.39,36,000742,000742,000742
2026-07-09,2026-08-14,long,14583,6.522,5.06,-21320.35,-22.42,36,014989,014989,014989
2026-07-09,2026-08-14,long,41334,2.3011,1.8133,-20162.73,-21.2,36,010912,010912,010912
2026-07-09,2026-08-14,long,16938,5.6154,4.4335,-20019.02,-21.05,36,005819,005819,005819
2026-07-09,2026-08-14,long,42448,2.2407,1.7648,-20201.0,-21.24,36,010913,010913,010913
2026-07-09,2026-08-14,long,17360,5.4787,4.3231,-20061.22,-21.09,36,015585,015585,015585
2026-07-09,2026-08-14,long,23731,4.0079,3.2188,-18726.13,-19.69,36,013840,013840,013840
2026-07-09,2026-08-14,long,23950,3.9712,3.1887,-18740.88,-19.7,36,013841,013841,013841
2026-08-07,2026-08-14,long,8479,8.6711,8.4843,-1583.88,-2.15,7,002910,002910,002910
2026-08-07,2026-08-14,long,22678,3.2423,3.179,-1435.52,-1.95,7,021179,021179,021179
2026-08-07,2026-08-14,long,22894,3.2117,3.1486,-1444.61,-1.96,7,021180,021180,021180
2026-08-07,2026-08-14,long,25584,2.874,2.882,204.67,0.28,7,001411,001411,001411
2026-08-07,2026-08-14,long,25936,2.835,2.844,233.42,0.32,7,002051,002051,002051
2026-08-07,2026-08-14,long,14400,5.106,5.1185,180.0,0.24,7,005119,005119,005119
2026-08-07,2026-08-14,long,14757,4.9826,4.9943,172.66,0.23,7,016262,016262,016262
2026-08-07,2026-08-14,long,29601,2.484,2.525,1213.64,1.65,7,162214,162214,162214
2026-08-07,2026-08-14,long,12313,5.9714,5.9926,261.04,0.36,7,002289,002289,002289
